-- CONEXA - Seed CEPI Pelicano
-- Gerado a partir das planilhas XLSX anexadas.
-- Idempotente: pode ser executado mais de uma vez sem duplicar registros principais.
-- Senha padrão dos profissionais: usa a senha hash existente de professor@testepiloto.com.br/coordenador@testepiloto.com.br/secretaria@testepiloto.com.br.
BEGIN;
DO $$
DECLARE
  v_mantenedora_id TEXT;
  v_unit_id TEXT := 'seed_unit_pelicano';
  v_password TEXT;
  v_role_professor TEXT;
  v_role_unidade_administrativo TEXT;
  v_role_unidade_coordenador_pedagogico TEXT;
  v_role_unidade_diretor TEXT;
  v_role_unidade_nutricionista TEXT;
BEGIN
  SELECT id INTO v_mantenedora_id FROM "Mantenedora" WHERE "isActive" = TRUE ORDER BY "createdAt" ASC LIMIT 1;
  IF v_mantenedora_id IS NULL THEN RAISE EXCEPTION 'Nenhuma mantenedora ativa encontrada.'; END IF;
  SELECT password INTO v_password FROM "User" WHERE email IN ('professor@testepiloto.com.br','coordenador@testepiloto.com.br','secretaria@testepiloto.com.br') ORDER BY email LIMIT 1;
  IF v_password IS NULL THEN RAISE EXCEPTION 'Não foi possível localizar senha modelo dos usuários de teste.'; END IF;

  INSERT INTO "Unit" (id,"mantenedoraId",name,code,address,city,state,"zipCode",email,phone,capacity,"ageGroupsServed","isActive","createdAt","updatedAt")
  VALUES (v_unit_id, v_mantenedora_id, 'CEPI Pelicano', 'PELICANO', NULL, 'Brasília', 'DF', NULL, NULL, NULL, 400, '0-5', TRUE, NOW(), NOW())
  ON CONFLICT ("mantenedoraId", code) DO UPDATE SET name=EXCLUDED.name, capacity=EXCLUDED.capacity, "ageGroupsServed"=EXCLUDED."ageGroupsServed", "isActive"=TRUE, "updatedAt"=NOW() RETURNING id INTO v_unit_id;

  INSERT INTO "Role" (id,"mantenedoraId",name,description,level,type,"isActive","isCustom","createdAt","updatedAt")
  VALUES ('seed_role_' || lower('PROFESSOR') || '_' || v_mantenedora_id, v_mantenedora_id, 'Professor(a)', 'Criado/garantido pelo seed Pelicano', 'PROFESSOR'::"RoleLevel", 'PROFESSOR'::"RoleType", TRUE, FALSE, NOW(), NOW())
  ON CONFLICT ("mantenedoraId", type) DO UPDATE SET name=EXCLUDED.name, "isActive"=TRUE, "updatedAt"=NOW() RETURNING id INTO v_role_professor;
  INSERT INTO "Role" (id,"mantenedoraId",name,description,level,type,"isActive","isCustom","createdAt","updatedAt")
  VALUES ('seed_role_' || lower('UNIDADE_ADMINISTRATIVO') || '_' || v_mantenedora_id, v_mantenedora_id, 'Secretaria / Administrativo da Unidade', 'Criado/garantido pelo seed Pelicano', 'UNIDADE'::"RoleLevel", 'UNIDADE_ADMINISTRATIVO'::"RoleType", TRUE, FALSE, NOW(), NOW())
  ON CONFLICT ("mantenedoraId", type) DO UPDATE SET name=EXCLUDED.name, "isActive"=TRUE, "updatedAt"=NOW() RETURNING id INTO v_role_unidade_administrativo;
  INSERT INTO "Role" (id,"mantenedoraId",name,description,level,type,"isActive","isCustom","createdAt","updatedAt")
  VALUES ('seed_role_' || lower('UNIDADE_COORDENADOR_PEDAGOGICO') || '_' || v_mantenedora_id, v_mantenedora_id, 'Coordenação Pedagógica da Unidade', 'Criado/garantido pelo seed Pelicano', 'UNIDADE'::"RoleLevel", 'UNIDADE_COORDENADOR_PEDAGOGICO'::"RoleType", TRUE, FALSE, NOW(), NOW())
  ON CONFLICT ("mantenedoraId", type) DO UPDATE SET name=EXCLUDED.name, "isActive"=TRUE, "updatedAt"=NOW() RETURNING id INTO v_role_unidade_coordenador_pedagogico;
  INSERT INTO "Role" (id,"mantenedoraId",name,description,level,type,"isActive","isCustom","createdAt","updatedAt")
  VALUES ('seed_role_' || lower('UNIDADE_DIRETOR') || '_' || v_mantenedora_id, v_mantenedora_id, 'Diretor(a) de Unidade', 'Criado/garantido pelo seed Pelicano', 'UNIDADE'::"RoleLevel", 'UNIDADE_DIRETOR'::"RoleType", TRUE, FALSE, NOW(), NOW())
  ON CONFLICT ("mantenedoraId", type) DO UPDATE SET name=EXCLUDED.name, "isActive"=TRUE, "updatedAt"=NOW() RETURNING id INTO v_role_unidade_diretor;
  INSERT INTO "Role" (id,"mantenedoraId",name,description,level,type,"isActive","isCustom","createdAt","updatedAt")
  VALUES ('seed_role_' || lower('UNIDADE_NUTRICIONISTA') || '_' || v_mantenedora_id, v_mantenedora_id, 'Nutricionista da Unidade', 'Criado/garantido pelo seed Pelicano', 'UNIDADE'::"RoleLevel", 'UNIDADE_NUTRICIONISTA'::"RoleType", TRUE, FALSE, NOW(), NOW())
  ON CONFLICT ("mantenedoraId", type) DO UPDATE SET name=EXCLUDED.name, "isActive"=TRUE, "updatedAt"=NOW() RETURNING id INTO v_role_unidade_nutricionista;

  -- Profissional: URSULEY MARIA ALVES DE ANDRADE (Diretora Pedagógica)
  INSERT INTO "User" (id,"mantenedoraId","unitId",email,password,"firstName","lastName",phone,status,"emailVerified","createdAt","updatedAt")
  VALUES ('seed_pelicano_user_suladiretora2025_gmail_com', v_mantenedora_id, v_unit_id, 'suladiretora2025@gmail.com', v_password, 'Ursuley', 'Maria Alves De Andrade', '61981473996', 'ATIVO'::"UserStatus", TRUE, NOW(), NOW())
  ON CONFLICT (email) DO UPDATE SET "mantenedoraId"=EXCLUDED."mantenedoraId", "unitId"=EXCLUDED."unitId", "firstName"=EXCLUDED."firstName", "lastName"=EXCLUDED."lastName", phone=EXCLUDED.phone, status=EXCLUDED.status, "updatedAt"=NOW();
  INSERT INTO "UserRole" (id,"userId","roleId","scopeLevel","isActive","createdAt","updatedAt")
  VALUES ('seed_ur_' || 'suladiretora2025_gmail_com', 'seed_pelicano_user_suladiretora2025_gmail_com', v_role_unidade_diretor, 'UNIDADE'::"RoleLevel", TRUE, NOW(), NOW())
  ON CONFLICT ("userId","roleId") DO UPDATE SET "scopeLevel"=EXCLUDED."scopeLevel", "isActive"=TRUE, "updatedAt"=NOW();
  -- Profissional: MARIA ELENA DE OLIVEIRA (Coordenadora Pedagógica)
  INSERT INTO "User" (id,"mantenedoraId","unitId",email,password,"firstName","lastName",phone,status,"emailVerified","createdAt","updatedAt")
  VALUES ('seed_pelicano_user_coordenacaopelicano_gmail_com', v_mantenedora_id, v_unit_id, 'coordenacaopelicano@gmail.com', v_password, 'Maria', 'Elena De Oliveira', '61998163555', 'ATIVO'::"UserStatus", TRUE, NOW(), NOW())
  ON CONFLICT (email) DO UPDATE SET "mantenedoraId"=EXCLUDED."mantenedoraId", "unitId"=EXCLUDED."unitId", "firstName"=EXCLUDED."firstName", "lastName"=EXCLUDED."lastName", phone=EXCLUDED.phone, status=EXCLUDED.status, "updatedAt"=NOW();
  INSERT INTO "UserRole" (id,"userId","roleId","scopeLevel","isActive","createdAt","updatedAt")
  VALUES ('seed_ur_' || 'coordenacaopelicano_gmail_com', 'seed_pelicano_user_coordenacaopelicano_gmail_com', v_role_unidade_coordenador_pedagogico, 'UNIDADE'::"RoleLevel", TRUE, NOW(), NOW())
  ON CONFLICT ("userId","roleId") DO UPDATE SET "scopeLevel"=EXCLUDED."scopeLevel", "isActive"=TRUE, "updatedAt"=NOW();
  -- Profissional: VANESSA FERREIRA DO NASCIMENTO (Auxiliar de Coordenação)
  INSERT INTO "User" (id,"mantenedoraId","unitId",email,password,"firstName","lastName",phone,status,"emailVerified","createdAt","updatedAt")
  VALUES ('seed_pelicano_user_profnascimento36_gmail_com', v_mantenedora_id, v_unit_id, 'profnascimento36@gmail.com', v_password, 'Vanessa', 'Ferreira Do Nascimento', '61983159219', 'ATIVO'::"UserStatus", TRUE, NOW(), NOW())
  ON CONFLICT (email) DO UPDATE SET "mantenedoraId"=EXCLUDED."mantenedoraId", "unitId"=EXCLUDED."unitId", "firstName"=EXCLUDED."firstName", "lastName"=EXCLUDED."lastName", phone=EXCLUDED.phone, status=EXCLUDED.status, "updatedAt"=NOW();
  INSERT INTO "UserRole" (id,"userId","roleId","scopeLevel","isActive","createdAt","updatedAt")
  VALUES ('seed_ur_' || 'profnascimento36_gmail_com', 'seed_pelicano_user_profnascimento36_gmail_com', v_role_unidade_coordenador_pedagogico, 'UNIDADE'::"RoleLevel", TRUE, NOW(), NOW())
  ON CONFLICT ("userId","roleId") DO UPDATE SET "scopeLevel"=EXCLUDED."scopeLevel", "isActive"=TRUE, "updatedAt"=NOW();
  -- Profissional: Israel Rodrigues Souza (Secretário Escolar)
  INSERT INTO "User" (id,"mantenedoraId","unitId",email,password,"firstName","lastName",phone,status,"emailVerified","createdAt","updatedAt")
  VALUES ('seed_pelicano_user_israelrodriface_gmail_com', v_mantenedora_id, v_unit_id, 'israelrodriface@gmail.com', v_password, 'Israel', 'Rodrigues Souza', '61992678198', 'ATIVO'::"UserStatus", TRUE, NOW(), NOW())
  ON CONFLICT (email) DO UPDATE SET "mantenedoraId"=EXCLUDED."mantenedoraId", "unitId"=EXCLUDED."unitId", "firstName"=EXCLUDED."firstName", "lastName"=EXCLUDED."lastName", phone=EXCLUDED.phone, status=EXCLUDED.status, "updatedAt"=NOW();
  INSERT INTO "UserRole" (id,"userId","roleId","scopeLevel","isActive","createdAt","updatedAt")
  VALUES ('seed_ur_' || 'israelrodriface_gmail_com', 'seed_pelicano_user_israelrodriface_gmail_com', v_role_unidade_administrativo, 'UNIDADE'::"RoleLevel", TRUE, NOW(), NOW())
  ON CONFLICT ("userId","roleId") DO UPDATE SET "scopeLevel"=EXCLUDED."scopeLevel", "isActive"=TRUE, "updatedAt"=NOW();
  -- Profissional: TALITA RODRIGUES DE CARVALHO CASTRO (Auxiliar de Secretaria)
  INSERT INTO "User" (id,"mantenedoraId","unitId",email,password,"firstName","lastName",phone,status,"emailVerified","createdAt","updatedAt")
  VALUES ('seed_pelicano_user_talitasaracalebe_gmail_com', v_mantenedora_id, v_unit_id, 'talitasaracalebe@gmail.com', v_password, 'Talita', 'Rodrigues De Carvalho Castro', '61995095826', 'ATIVO'::"UserStatus", TRUE, NOW(), NOW())
  ON CONFLICT (email) DO UPDATE SET "mantenedoraId"=EXCLUDED."mantenedoraId", "unitId"=EXCLUDED."unitId", "firstName"=EXCLUDED."firstName", "lastName"=EXCLUDED."lastName", phone=EXCLUDED.phone, status=EXCLUDED.status, "updatedAt"=NOW();
  INSERT INTO "UserRole" (id,"userId","roleId","scopeLevel","isActive","createdAt","updatedAt")
  VALUES ('seed_ur_' || 'talitasaracalebe_gmail_com', 'seed_pelicano_user_talitasaracalebe_gmail_com', v_role_unidade_administrativo, 'UNIDADE'::"RoleLevel", TRUE, NOW(), NOW())
  ON CONFLICT ("userId","roleId") DO UPDATE SET "scopeLevel"=EXCLUDED."scopeLevel", "isActive"=TRUE, "updatedAt"=NOW();
  -- Profissional: CASSIA REGINA SOUSA DOS SANTOS FERNANDES (Nutricionista)
  INSERT INTO "User" (id,"mantenedoraId","unitId",email,password,"firstName","lastName",phone,status,"emailVerified","createdAt","updatedAt")
  VALUES ('seed_pelicano_user_nutricassiafernandes_gmail_com', v_mantenedora_id, v_unit_id, 'nutricassiafernandes@gmail.com', v_password, 'Cassia', 'Regina Sousa Dos Santos Fernandes', '61984304808', 'ATIVO'::"UserStatus", TRUE, NOW(), NOW())
  ON CONFLICT (email) DO UPDATE SET "mantenedoraId"=EXCLUDED."mantenedoraId", "unitId"=EXCLUDED."unitId", "firstName"=EXCLUDED."firstName", "lastName"=EXCLUDED."lastName", phone=EXCLUDED.phone, status=EXCLUDED.status, "updatedAt"=NOW();
  INSERT INTO "UserRole" (id,"userId","roleId","scopeLevel","isActive","createdAt","updatedAt")
  VALUES ('seed_ur_' || 'nutricassiafernandes_gmail_com', 'seed_pelicano_user_nutricassiafernandes_gmail_com', v_role_unidade_nutricionista, 'UNIDADE'::"RoleLevel", TRUE, NOW(), NOW())
  ON CONFLICT ("userId","roleId") DO UPDATE SET "scopeLevel"=EXCLUDED."scopeLevel", "isActive"=TRUE, "updatedAt"=NOW();
  -- Profissional: ADA CRISTINA DA SILVA DE SOUSA (Professora)
  INSERT INTO "User" (id,"mantenedoraId","unitId",email,password,"firstName","lastName",phone,status,"emailVerified","createdAt","updatedAt")
  VALUES ('seed_pelicano_user_profadacristina_gmail_com', v_mantenedora_id, v_unit_id, 'profadacristina@gmail.com', v_password, 'Ada', 'Cristina Da Silva De Sousa', '61993862016', 'ATIVO'::"UserStatus", TRUE, NOW(), NOW())
  ON CONFLICT (email) DO UPDATE SET "mantenedoraId"=EXCLUDED."mantenedoraId", "unitId"=EXCLUDED."unitId", "firstName"=EXCLUDED."firstName", "lastName"=EXCLUDED."lastName", phone=EXCLUDED.phone, status=EXCLUDED.status, "updatedAt"=NOW();
  INSERT INTO "UserRole" (id,"userId","roleId","scopeLevel","isActive","createdAt","updatedAt")
  VALUES ('seed_ur_' || 'profadacristina_gmail_com', 'seed_pelicano_user_profadacristina_gmail_com', v_role_professor, 'PROFESSOR'::"RoleLevel", TRUE, NOW(), NOW())
  ON CONFLICT ("userId","roleId") DO UPDATE SET "scopeLevel"=EXCLUDED."scopeLevel", "isActive"=TRUE, "updatedAt"=NOW();
  -- Profissional: ADRIANA CARLA DE MOURA (Professora)
  INSERT INTO "User" (id,"mantenedoraId","unitId",email,password,"firstName","lastName",phone,status,"emailVerified","createdAt","updatedAt")
  VALUES ('seed_pelicano_user_profadrianacarlas2025_gmail_com', v_mantenedora_id, v_unit_id, 'profadrianacarlas2025@gmail.com', v_password, 'Adriana', 'Carla De Moura', '61982503732', 'ATIVO'::"UserStatus", TRUE, NOW(), NOW())
  ON CONFLICT (email) DO UPDATE SET "mantenedoraId"=EXCLUDED."mantenedoraId", "unitId"=EXCLUDED."unitId", "firstName"=EXCLUDED."firstName", "lastName"=EXCLUDED."lastName", phone=EXCLUDED.phone, status=EXCLUDED.status, "updatedAt"=NOW();
  INSERT INTO "UserRole" (id,"userId","roleId","scopeLevel","isActive","createdAt","updatedAt")
  VALUES ('seed_ur_' || 'profadrianacarlas2025_gmail_com', 'seed_pelicano_user_profadrianacarlas2025_gmail_com', v_role_professor, 'PROFESSOR'::"RoleLevel", TRUE, NOW(), NOW())
  ON CONFLICT ("userId","roleId") DO UPDATE SET "scopeLevel"=EXCLUDED."scopeLevel", "isActive"=TRUE, "updatedAt"=NOW();
  -- Profissional: APOLIANA MARIA DOS SANTOS DO NASCIMENTO (Professora)
  INSERT INTO "User" (id,"mantenedoraId","unitId",email,password,"firstName","lastName",phone,status,"emailVerified","createdAt","updatedAt")
  VALUES ('seed_pelicano_user_apollianamaria_gmail_com', v_mantenedora_id, v_unit_id, 'apollianamaria@gmail.com', v_password, 'Apoliana', 'Maria Dos Santos Do Nascimento', '61984851774', 'ATIVO'::"UserStatus", TRUE, NOW(), NOW())
  ON CONFLICT (email) DO UPDATE SET "mantenedoraId"=EXCLUDED."mantenedoraId", "unitId"=EXCLUDED."unitId", "firstName"=EXCLUDED."firstName", "lastName"=EXCLUDED."lastName", phone=EXCLUDED.phone, status=EXCLUDED.status, "updatedAt"=NOW();
  INSERT INTO "UserRole" (id,"userId","roleId","scopeLevel","isActive","createdAt","updatedAt")
  VALUES ('seed_ur_' || 'apollianamaria_gmail_com', 'seed_pelicano_user_apollianamaria_gmail_com', v_role_professor, 'PROFESSOR'::"RoleLevel", TRUE, NOW(), NOW())
  ON CONFLICT ("userId","roleId") DO UPDATE SET "scopeLevel"=EXCLUDED."scopeLevel", "isActive"=TRUE, "updatedAt"=NOW();
  -- Profissional: CLAUDIA MESQUITA DE SOUSA (Professora)
  INSERT INTO "User" (id,"mantenedoraId","unitId",email,password,"firstName","lastName",phone,status,"emailVerified","createdAt","updatedAt")
  VALUES ('seed_pelicano_user_pelicanoclaudia2025_gmail_com', v_mantenedora_id, v_unit_id, 'pelicanoclaudia2025@gmail.com', v_password, 'Claudia', 'Mesquita De Sousa', '61984652800', 'ATIVO'::"UserStatus", TRUE, NOW(), NOW())
  ON CONFLICT (email) DO UPDATE SET "mantenedoraId"=EXCLUDED."mantenedoraId", "unitId"=EXCLUDED."unitId", "firstName"=EXCLUDED."firstName", "lastName"=EXCLUDED."lastName", phone=EXCLUDED.phone, status=EXCLUDED.status, "updatedAt"=NOW();
  INSERT INTO "UserRole" (id,"userId","roleId","scopeLevel","isActive","createdAt","updatedAt")
  VALUES ('seed_ur_' || 'pelicanoclaudia2025_gmail_com', 'seed_pelicano_user_pelicanoclaudia2025_gmail_com', v_role_professor, 'PROFESSOR'::"RoleLevel", TRUE, NOW(), NOW())
  ON CONFLICT ("userId","roleId") DO UPDATE SET "scopeLevel"=EXCLUDED."scopeLevel", "isActive"=TRUE, "updatedAt"=NOW();
  -- Profissional: CLICIANE CARVALHO MUNIZ (Professora)
  INSERT INTO "User" (id,"mantenedoraId","unitId",email,password,"firstName","lastName",phone,status,"emailVerified","createdAt","updatedAt")
  VALUES ('seed_pelicano_user_clicianeprof2026_gmail_com', v_mantenedora_id, v_unit_id, 'clicianeprof2026@gmail.com', v_password, 'Cliciane', 'Carvalho Muniz', '61984030249', 'ATIVO'::"UserStatus", TRUE, NOW(), NOW())
  ON CONFLICT (email) DO UPDATE SET "mantenedoraId"=EXCLUDED."mantenedoraId", "unitId"=EXCLUDED."unitId", "firstName"=EXCLUDED."firstName", "lastName"=EXCLUDED."lastName", phone=EXCLUDED.phone, status=EXCLUDED.status, "updatedAt"=NOW();
  INSERT INTO "UserRole" (id,"userId","roleId","scopeLevel","isActive","createdAt","updatedAt")
  VALUES ('seed_ur_' || 'clicianeprof2026_gmail_com', 'seed_pelicano_user_clicianeprof2026_gmail_com', v_role_professor, 'PROFESSOR'::"RoleLevel", TRUE, NOW(), NOW())
  ON CONFLICT ("userId","roleId") DO UPDATE SET "scopeLevel"=EXCLUDED."scopeLevel", "isActive"=TRUE, "updatedAt"=NOW();
  -- Profissional: DANIELLE NASCIMENTO DOS SANTOS (Professora)
  INSERT INTO "User" (id,"mantenedoraId","unitId",email,password,"firstName","lastName",phone,status,"emailVerified","createdAt","updatedAt")
  VALUES ('seed_pelicano_user_daniprof2026_gmail_com', v_mantenedora_id, v_unit_id, 'daniprof2026@gmail.com', v_password, 'Danielle', 'Nascimento Dos Santos', '61986410365', 'ATIVO'::"UserStatus", TRUE, NOW(), NOW())
  ON CONFLICT (email) DO UPDATE SET "mantenedoraId"=EXCLUDED."mantenedoraId", "unitId"=EXCLUDED."unitId", "firstName"=EXCLUDED."firstName", "lastName"=EXCLUDED."lastName", phone=EXCLUDED.phone, status=EXCLUDED.status, "updatedAt"=NOW();
  INSERT INTO "UserRole" (id,"userId","roleId","scopeLevel","isActive","createdAt","updatedAt")
  VALUES ('seed_ur_' || 'daniprof2026_gmail_com', 'seed_pelicano_user_daniprof2026_gmail_com', v_role_professor, 'PROFESSOR'::"RoleLevel", TRUE, NOW(), NOW())
  ON CONFLICT ("userId","roleId") DO UPDATE SET "scopeLevel"=EXCLUDED."scopeLevel", "isActive"=TRUE, "updatedAt"=NOW();
  -- Profissional: ELZA TORRES DA SILVA (Professora)
  INSERT INTO "User" (id,"mantenedoraId","unitId",email,password,"firstName","lastName",phone,status,"emailVerified","createdAt","updatedAt")
  VALUES ('seed_pelicano_user_professoraelza36_gmail_com', v_mantenedora_id, v_unit_id, 'professoraelza36@gmail.com', v_password, 'Elza', 'Torres Da Silva', '61984722823', 'ATIVO'::"UserStatus", TRUE, NOW(), NOW())
  ON CONFLICT (email) DO UPDATE SET "mantenedoraId"=EXCLUDED."mantenedoraId", "unitId"=EXCLUDED."unitId", "firstName"=EXCLUDED."firstName", "lastName"=EXCLUDED."lastName", phone=EXCLUDED.phone, status=EXCLUDED.status, "updatedAt"=NOW();
  INSERT INTO "UserRole" (id,"userId","roleId","scopeLevel","isActive","createdAt","updatedAt")
  VALUES ('seed_ur_' || 'professoraelza36_gmail_com', 'seed_pelicano_user_professoraelza36_gmail_com', v_role_professor, 'PROFESSOR'::"RoleLevel", TRUE, NOW(), NOW())
  ON CONFLICT ("userId","roleId") DO UPDATE SET "scopeLevel"=EXCLUDED."scopeLevel", "isActive"=TRUE, "updatedAt"=NOW();
  -- Profissional: FRANCILANGIA RODRIGUES DE CARVALHO VIRGOLINO (Professora)
  INSERT INTO "User" (id,"mantenedoraId","unitId",email,password,"firstName","lastName",phone,status,"emailVerified","createdAt","updatedAt")
  VALUES ('seed_pelicano_user_proffrancispelicano_gmail_com', v_mantenedora_id, v_unit_id, 'proffrancispelicano@gmail.com', v_password, 'Francilangia', 'Rodrigues De Carvalho Virgolino', '61993370768', 'ATIVO'::"UserStatus", TRUE, NOW(), NOW())
  ON CONFLICT (email) DO UPDATE SET "mantenedoraId"=EXCLUDED."mantenedoraId", "unitId"=EXCLUDED."unitId", "firstName"=EXCLUDED."firstName", "lastName"=EXCLUDED."lastName", phone=EXCLUDED.phone, status=EXCLUDED.status, "updatedAt"=NOW();
  INSERT INTO "UserRole" (id,"userId","roleId","scopeLevel","isActive","createdAt","updatedAt")
  VALUES ('seed_ur_' || 'proffrancispelicano_gmail_com', 'seed_pelicano_user_proffrancispelicano_gmail_com', v_role_professor, 'PROFESSOR'::"RoleLevel", TRUE, NOW(), NOW())
  ON CONFLICT ("userId","roleId") DO UPDATE SET "scopeLevel"=EXCLUDED."scopeLevel", "isActive"=TRUE, "updatedAt"=NOW();
  -- Profissional: MARIA APARECIDA DA CONCEICAO (Professora)
  INSERT INTO "User" (id,"mantenedoraId","unitId",email,password,"firstName","lastName",phone,status,"emailVerified","createdAt","updatedAt")
  VALUES ('seed_pelicano_user_pedagogamariacida_gmail_com', v_mantenedora_id, v_unit_id, 'pedagogamariacida@gmail.com', v_password, 'Maria', 'Aparecida Da Conceicao', '61995467000', 'ATIVO'::"UserStatus", TRUE, NOW(), NOW())
  ON CONFLICT (email) DO UPDATE SET "mantenedoraId"=EXCLUDED."mantenedoraId", "unitId"=EXCLUDED."unitId", "firstName"=EXCLUDED."firstName", "lastName"=EXCLUDED."lastName", phone=EXCLUDED.phone, status=EXCLUDED.status, "updatedAt"=NOW();
  INSERT INTO "UserRole" (id,"userId","roleId","scopeLevel","isActive","createdAt","updatedAt")
  VALUES ('seed_ur_' || 'pedagogamariacida_gmail_com', 'seed_pelicano_user_pedagogamariacida_gmail_com', v_role_professor, 'PROFESSOR'::"RoleLevel", TRUE, NOW(), NOW())
  ON CONFLICT ("userId","roleId") DO UPDATE SET "scopeLevel"=EXCLUDED."scopeLevel", "isActive"=TRUE, "updatedAt"=NOW();
  -- Profissional: MARIA APARECIDA RODRIGUES DE SOUSA (Professora)
  INSERT INTO "User" (id,"mantenedoraId","unitId",email,password,"firstName","lastName",phone,status,"emailVerified","createdAt","updatedAt")
  VALUES ('seed_pelicano_user_cida_professora89_gmail_com', v_mantenedora_id, v_unit_id, 'cida.professora89@gmail.com', v_password, 'Maria', 'Aparecida Rodrigues De Sousa', '61992256797', 'ATIVO'::"UserStatus", TRUE, NOW(), NOW())
  ON CONFLICT (email) DO UPDATE SET "mantenedoraId"=EXCLUDED."mantenedoraId", "unitId"=EXCLUDED."unitId", "firstName"=EXCLUDED."firstName", "lastName"=EXCLUDED."lastName", phone=EXCLUDED.phone, status=EXCLUDED.status, "updatedAt"=NOW();
  INSERT INTO "UserRole" (id,"userId","roleId","scopeLevel","isActive","createdAt","updatedAt")
  VALUES ('seed_ur_' || 'cida_professora89_gmail_com', 'seed_pelicano_user_cida_professora89_gmail_com', v_role_professor, 'PROFESSOR'::"RoleLevel", TRUE, NOW(), NOW())
  ON CONFLICT ("userId","roleId") DO UPDATE SET "scopeLevel"=EXCLUDED."scopeLevel", "isActive"=TRUE, "updatedAt"=NOW();
  -- Profissional: MIRIAM MONTEIRO ARAUJO (Professora)
  INSERT INTO "User" (id,"mantenedoraId","unitId",email,password,"firstName","lastName",phone,status,"emailVerified","createdAt","updatedAt")
  VALUES ('seed_pelicano_user_professoramiriam8_gmail_com', v_mantenedora_id, v_unit_id, 'professoramiriam8@gmail.com', v_password, 'Miriam', 'Monteiro Araujo', '61985985754', 'ATIVO'::"UserStatus", TRUE, NOW(), NOW())
  ON CONFLICT (email) DO UPDATE SET "mantenedoraId"=EXCLUDED."mantenedoraId", "unitId"=EXCLUDED."unitId", "firstName"=EXCLUDED."firstName", "lastName"=EXCLUDED."lastName", phone=EXCLUDED.phone, status=EXCLUDED.status, "updatedAt"=NOW();
  INSERT INTO "UserRole" (id,"userId","roleId","scopeLevel","isActive","createdAt","updatedAt")
  VALUES ('seed_ur_' || 'professoramiriam8_gmail_com', 'seed_pelicano_user_professoramiriam8_gmail_com', v_role_professor, 'PROFESSOR'::"RoleLevel", TRUE, NOW(), NOW())
  ON CONFLICT ("userId","roleId") DO UPDATE SET "scopeLevel"=EXCLUDED."scopeLevel", "isActive"=TRUE, "updatedAt"=NOW();
  -- Profissional: PRISCILA TAIS ALMEIDA DE PAULA (Professora)
  INSERT INTO "User" (id,"mantenedoraId","unitId",email,password,"firstName","lastName",phone,status,"emailVerified","createdAt","updatedAt")
  VALUES ('seed_pelicano_user_pri_professora2025_gmail_com', v_mantenedora_id, v_unit_id, 'pri.professora2025@gmail.com', v_password, 'Priscila', 'Tais Almeida De Paula', '61983790323', 'ATIVO'::"UserStatus", TRUE, NOW(), NOW())
  ON CONFLICT (email) DO UPDATE SET "mantenedoraId"=EXCLUDED."mantenedoraId", "unitId"=EXCLUDED."unitId", "firstName"=EXCLUDED."firstName", "lastName"=EXCLUDED."lastName", phone=EXCLUDED.phone, status=EXCLUDED.status, "updatedAt"=NOW();
  INSERT INTO "UserRole" (id,"userId","roleId","scopeLevel","isActive","createdAt","updatedAt")
  VALUES ('seed_ur_' || 'pri_professora2025_gmail_com', 'seed_pelicano_user_pri_professora2025_gmail_com', v_role_professor, 'PROFESSOR'::"RoleLevel", TRUE, NOW(), NOW())
  ON CONFLICT ("userId","roleId") DO UPDATE SET "scopeLevel"=EXCLUDED."scopeLevel", "isActive"=TRUE, "updatedAt"=NOW();
  -- Profissional: SABRINA DE OLIVEIRA (Professora)
  INSERT INTO "User" (id,"mantenedoraId","unitId",email,password,"firstName","lastName",phone,status,"emailVerified","createdAt","updatedAt")
  VALUES ('seed_pelicano_user_professorasabrinaolive2025_gmail_com', v_mantenedora_id, v_unit_id, 'professorasabrinaolive2025@gmail.com', v_password, 'Sabrina', 'De Oliveira', '61996162934', 'ATIVO'::"UserStatus", TRUE, NOW(), NOW())
  ON CONFLICT (email) DO UPDATE SET "mantenedoraId"=EXCLUDED."mantenedoraId", "unitId"=EXCLUDED."unitId", "firstName"=EXCLUDED."firstName", "lastName"=EXCLUDED."lastName", phone=EXCLUDED.phone, status=EXCLUDED.status, "updatedAt"=NOW();
  INSERT INTO "UserRole" (id,"userId","roleId","scopeLevel","isActive","createdAt","updatedAt")
  VALUES ('seed_ur_' || 'professorasabrinaolive2025_gmail_com', 'seed_pelicano_user_professorasabrinaolive2025_gmail_com', v_role_professor, 'PROFESSOR'::"RoleLevel", TRUE, NOW(), NOW())
  ON CONFLICT ("userId","roleId") DO UPDATE SET "scopeLevel"=EXCLUDED."scopeLevel", "isActive"=TRUE, "updatedAt"=NOW();
  -- Profissional: SALETE CARDOSO PIRES RODRIGUES (Professora)
  INSERT INTO "User" (id,"mantenedoraId","unitId",email,password,"firstName","lastName",phone,status,"emailVerified","createdAt","updatedAt")
  VALUES ('seed_pelicano_user_saletepires1204_gmail_com', v_mantenedora_id, v_unit_id, 'saletepires1204@gmail.com', v_password, 'Salete', 'Cardoso Pires Rodrigues', '61984676648', 'ATIVO'::"UserStatus", TRUE, NOW(), NOW())
  ON CONFLICT (email) DO UPDATE SET "mantenedoraId"=EXCLUDED."mantenedoraId", "unitId"=EXCLUDED."unitId", "firstName"=EXCLUDED."firstName", "lastName"=EXCLUDED."lastName", phone=EXCLUDED.phone, status=EXCLUDED.status, "updatedAt"=NOW();
  INSERT INTO "UserRole" (id,"userId","roleId","scopeLevel","isActive","createdAt","updatedAt")
  VALUES ('seed_ur_' || 'saletepires1204_gmail_com', 'seed_pelicano_user_saletepires1204_gmail_com', v_role_professor, 'PROFESSOR'::"RoleLevel", TRUE, NOW(), NOW())
  ON CONFLICT ("userId","roleId") DO UPDATE SET "scopeLevel"=EXCLUDED."scopeLevel", "isActive"=TRUE, "updatedAt"=NOW();
  -- Profissional: SHIRLENE SILVA DA HORA SANTOS (Professora)
  INSERT INTO "User" (id,"mantenedoraId","unitId",email,password,"firstName","lastName",phone,status,"emailVerified","createdAt","updatedAt")
  VALUES ('seed_pelicano_user_shirlene_professora2025_gmail_com', v_mantenedora_id, v_unit_id, 'shirlene.professora2025@gmail.com', v_password, 'Shirlene', 'Silva Da Hora Santos', '61985331482', 'ATIVO'::"UserStatus", TRUE, NOW(), NOW())
  ON CONFLICT (email) DO UPDATE SET "mantenedoraId"=EXCLUDED."mantenedoraId", "unitId"=EXCLUDED."unitId", "firstName"=EXCLUDED."firstName", "lastName"=EXCLUDED."lastName", phone=EXCLUDED.phone, status=EXCLUDED.status, "updatedAt"=NOW();
  INSERT INTO "UserRole" (id,"userId","roleId","scopeLevel","isActive","createdAt","updatedAt")
  VALUES ('seed_ur_' || 'shirlene_professora2025_gmail_com', 'seed_pelicano_user_shirlene_professora2025_gmail_com', v_role_professor, 'PROFESSOR'::"RoleLevel", TRUE, NOW(), NOW())
  ON CONFLICT ("userId","roleId") DO UPDATE SET "scopeLevel"=EXCLUDED."scopeLevel", "isActive"=TRUE, "updatedAt"=NOW();
  -- Profissional: SILVIA REGINA DE MORAIS (Professora)
  INSERT INTO "User" (id,"mantenedoraId","unitId",email,password,"firstName","lastName",phone,status,"emailVerified","createdAt","updatedAt")
  VALUES ('seed_pelicano_user_professorasilvia56_gmail_com', v_mantenedora_id, v_unit_id, 'professorasilvia56@gmail.com', v_password, 'Silvia', 'Regina De Morais', '61993765037', 'ATIVO'::"UserStatus", TRUE, NOW(), NOW())
  ON CONFLICT (email) DO UPDATE SET "mantenedoraId"=EXCLUDED."mantenedoraId", "unitId"=EXCLUDED."unitId", "firstName"=EXCLUDED."firstName", "lastName"=EXCLUDED."lastName", phone=EXCLUDED.phone, status=EXCLUDED.status, "updatedAt"=NOW();
  INSERT INTO "UserRole" (id,"userId","roleId","scopeLevel","isActive","createdAt","updatedAt")
  VALUES ('seed_ur_' || 'professorasilvia56_gmail_com', 'seed_pelicano_user_professorasilvia56_gmail_com', v_role_professor, 'PROFESSOR'::"RoleLevel", TRUE, NOW(), NOW())
  ON CONFLICT ("userId","roleId") DO UPDATE SET "scopeLevel"=EXCLUDED."scopeLevel", "isActive"=TRUE, "updatedAt"=NOW();
  -- Profissional: TANIA FERNANDA DOS SANTOS RODRIGUES (Professora)
  INSERT INTO "User" (id,"mantenedoraId","unitId",email,password,"firstName","lastName",phone,status,"emailVerified","createdAt","updatedAt")
  VALUES ('seed_pelicano_user_fernandaprof_gmail_com', v_mantenedora_id, v_unit_id, 'fernandaprof@gmail.com', v_password, 'Tania', 'Fernanda Dos Santos Rodrigues', '61994495618', 'ATIVO'::"UserStatus", TRUE, NOW(), NOW())
  ON CONFLICT (email) DO UPDATE SET "mantenedoraId"=EXCLUDED."mantenedoraId", "unitId"=EXCLUDED."unitId", "firstName"=EXCLUDED."firstName", "lastName"=EXCLUDED."lastName", phone=EXCLUDED.phone, status=EXCLUDED.status, "updatedAt"=NOW();
  INSERT INTO "UserRole" (id,"userId","roleId","scopeLevel","isActive","createdAt","updatedAt")
  VALUES ('seed_ur_' || 'fernandaprof_gmail_com', 'seed_pelicano_user_fernandaprof_gmail_com', v_role_professor, 'PROFESSOR'::"RoleLevel", TRUE, NOW(), NOW())
  ON CONFLICT ("userId","roleId") DO UPDATE SET "scopeLevel"=EXCLUDED."scopeLevel", "isActive"=TRUE, "updatedAt"=NOW();

  -- Turma: I PERÍODO - Cliciane
  INSERT INTO "Classroom" (id,"unitId",name,code,"ageGroupMin","ageGroupMax",capacity,"isActive","createdAt","updatedAt")
  VALUES ('seed_pelicano_class_pel_i_periodo_cliciane', v_unit_id, 'I PERÍODO - Cliciane', 'PEL_I_PERIODO_CLICIANE', 48, 60, 25, TRUE, NOW(), NOW())
  ON CONFLICT ("unitId", code) DO UPDATE SET name=EXCLUDED.name, "ageGroupMin"=EXCLUDED."ageGroupMin", "ageGroupMax"=EXCLUDED."ageGroupMax", capacity=EXCLUDED.capacity, "isActive"=TRUE, "updatedAt"=NOW();
  INSERT INTO "ClassroomTeacher" (id,"classroomId","teacherId",role,"isActive","createdAt","updatedAt")
  VALUES ('seed_ct_' || 'pel_i_periodo_cliciane_seed_pelicano_user_clicianeprof2026_gmail_com', 'seed_pelicano_class_pel_i_periodo_cliciane', 'seed_pelicano_user_clicianeprof2026_gmail_com', 'MAIN'::"ClassroomTeacherRole", TRUE, NOW(), NOW())
  ON CONFLICT ("classroomId","teacherId") DO UPDATE SET role=EXCLUDED.role, "isActive"=TRUE, "updatedAt"=NOW();
  -- Turma: I PERÍODO - Danielle
  INSERT INTO "Classroom" (id,"unitId",name,code,"ageGroupMin","ageGroupMax",capacity,"isActive","createdAt","updatedAt")
  VALUES ('seed_pelicano_class_pel_i_periodo_danielle', v_unit_id, 'I PERÍODO - Danielle', 'PEL_I_PERIODO_DANIELLE', 48, 60, 24, TRUE, NOW(), NOW())
  ON CONFLICT ("unitId", code) DO UPDATE SET name=EXCLUDED.name, "ageGroupMin"=EXCLUDED."ageGroupMin", "ageGroupMax"=EXCLUDED."ageGroupMax", capacity=EXCLUDED.capacity, "isActive"=TRUE, "updatedAt"=NOW();
  INSERT INTO "ClassroomTeacher" (id,"classroomId","teacherId",role,"isActive","createdAt","updatedAt")
  VALUES ('seed_ct_' || 'pel_i_periodo_danielle_seed_pelicano_user_daniprof2026_gmail_com', 'seed_pelicano_class_pel_i_periodo_danielle', 'seed_pelicano_user_daniprof2026_gmail_com', 'MAIN'::"ClassroomTeacherRole", TRUE, NOW(), NOW())
  ON CONFLICT ("classroomId","teacherId") DO UPDATE SET role=EXCLUDED.role, "isActive"=TRUE, "updatedAt"=NOW();
  -- Turma: I PERÍODO - Elza
  INSERT INTO "Classroom" (id,"unitId",name,code,"ageGroupMin","ageGroupMax",capacity,"isActive","createdAt","updatedAt")
  VALUES ('seed_pelicano_class_pel_i_periodo_elza', v_unit_id, 'I PERÍODO - Elza', 'PEL_I_PERIODO_ELZA', 48, 60, 20, TRUE, NOW(), NOW())
  ON CONFLICT ("unitId", code) DO UPDATE SET name=EXCLUDED.name, "ageGroupMin"=EXCLUDED."ageGroupMin", "ageGroupMax"=EXCLUDED."ageGroupMax", capacity=EXCLUDED.capacity, "isActive"=TRUE, "updatedAt"=NOW();
  INSERT INTO "ClassroomTeacher" (id,"classroomId","teacherId",role,"isActive","createdAt","updatedAt")
  VALUES ('seed_ct_' || 'pel_i_periodo_elza_seed_pelicano_user_professoraelza36_gmail_com', 'seed_pelicano_class_pel_i_periodo_elza', 'seed_pelicano_user_professoraelza36_gmail_com', 'MAIN'::"ClassroomTeacherRole", TRUE, NOW(), NOW())
  ON CONFLICT ("classroomId","teacherId") DO UPDATE SET role=EXCLUDED.role, "isActive"=TRUE, "updatedAt"=NOW();
  -- Turma: I PERÍODO - Priscila
  INSERT INTO "Classroom" (id,"unitId",name,code,"ageGroupMin","ageGroupMax",capacity,"isActive","createdAt","updatedAt")
  VALUES ('seed_pelicano_class_pel_i_periodo_priscila', v_unit_id, 'I PERÍODO - Priscila', 'PEL_I_PERIODO_PRISCILA', 48, 60, 23, TRUE, NOW(), NOW())
  ON CONFLICT ("unitId", code) DO UPDATE SET name=EXCLUDED.name, "ageGroupMin"=EXCLUDED."ageGroupMin", "ageGroupMax"=EXCLUDED."ageGroupMax", capacity=EXCLUDED.capacity, "isActive"=TRUE, "updatedAt"=NOW();
  INSERT INTO "ClassroomTeacher" (id,"classroomId","teacherId",role,"isActive","createdAt","updatedAt")
  VALUES ('seed_ct_' || 'pel_i_periodo_priscila_seed_pelicano_user_pri_professora2025_gmail_com', 'seed_pelicano_class_pel_i_periodo_priscila', 'seed_pelicano_user_pri_professora2025_gmail_com', 'MAIN'::"ClassroomTeacherRole", TRUE, NOW(), NOW())
  ON CONFLICT ("classroomId","teacherId") DO UPDATE SET role=EXCLUDED.role, "isActive"=TRUE, "updatedAt"=NOW();
  -- Turma: II PERÍODO
  INSERT INTO "Classroom" (id,"unitId",name,code,"ageGroupMin","ageGroupMax",capacity,"isActive","createdAt","updatedAt")
  VALUES ('seed_pelicano_class_pel_ii_periodo_sem_professora', v_unit_id, 'II PERÍODO', 'PEL_II_PERIODO_SEM_PROFESSORA', 48, 60, 97, TRUE, NOW(), NOW())
  ON CONFLICT ("unitId", code) DO UPDATE SET name=EXCLUDED.name, "ageGroupMin"=EXCLUDED."ageGroupMin", "ageGroupMax"=EXCLUDED."ageGroupMax", capacity=EXCLUDED.capacity, "isActive"=TRUE, "updatedAt"=NOW();
  -- Turma: Maternal 1 - Adriana
  INSERT INTO "Classroom" (id,"unitId",name,code,"ageGroupMin","ageGroupMax",capacity,"isActive","createdAt","updatedAt")
  VALUES ('seed_pelicano_class_pel_maternal_1_adriana', v_unit_id, 'Maternal 1 - Adriana', 'PEL_MATERNAL_1_ADRIANA', 12, 24, 25, TRUE, NOW(), NOW())
  ON CONFLICT ("unitId", code) DO UPDATE SET name=EXCLUDED.name, "ageGroupMin"=EXCLUDED."ageGroupMin", "ageGroupMax"=EXCLUDED."ageGroupMax", capacity=EXCLUDED.capacity, "isActive"=TRUE, "updatedAt"=NOW();
  INSERT INTO "ClassroomTeacher" (id,"classroomId","teacherId",role,"isActive","createdAt","updatedAt")
  VALUES ('seed_ct_' || 'pel_maternal_1_adriana_seed_pelicano_user_profadrianacarlas2025_gmail_com', 'seed_pelicano_class_pel_maternal_1_adriana', 'seed_pelicano_user_profadrianacarlas2025_gmail_com', 'MAIN'::"ClassroomTeacherRole", TRUE, NOW(), NOW())
  ON CONFLICT ("classroomId","teacherId") DO UPDATE SET role=EXCLUDED.role, "isActive"=TRUE, "updatedAt"=NOW();
  -- Turma: Maternal 1 - Apoliana
  INSERT INTO "Classroom" (id,"unitId",name,code,"ageGroupMin","ageGroupMax",capacity,"isActive","createdAt","updatedAt")
  VALUES ('seed_pelicano_class_pel_maternal_1_apoliana', v_unit_id, 'Maternal 1 - Apoliana', 'PEL_MATERNAL_1_APOLIANA', 12, 24, 25, TRUE, NOW(), NOW())
  ON CONFLICT ("unitId", code) DO UPDATE SET name=EXCLUDED.name, "ageGroupMin"=EXCLUDED."ageGroupMin", "ageGroupMax"=EXCLUDED."ageGroupMax", capacity=EXCLUDED.capacity, "isActive"=TRUE, "updatedAt"=NOW();
  INSERT INTO "ClassroomTeacher" (id,"classroomId","teacherId",role,"isActive","createdAt","updatedAt")
  VALUES ('seed_ct_' || 'pel_maternal_1_apoliana_seed_pelicano_user_apollianamaria_gmail_com', 'seed_pelicano_class_pel_maternal_1_apoliana', 'seed_pelicano_user_apollianamaria_gmail_com', 'MAIN'::"ClassroomTeacherRole", TRUE, NOW(), NOW())
  ON CONFLICT ("classroomId","teacherId") DO UPDATE SET role=EXCLUDED.role, "isActive"=TRUE, "updatedAt"=NOW();
  -- Turma: Maternal 1 - Cida
  INSERT INTO "Classroom" (id,"unitId",name,code,"ageGroupMin","ageGroupMax",capacity,"isActive","createdAt","updatedAt")
  VALUES ('seed_pelicano_class_pel_maternal_1_cida', v_unit_id, 'Maternal 1 - Cida', 'PEL_MATERNAL_1_CIDA', 12, 24, 25, TRUE, NOW(), NOW())
  ON CONFLICT ("unitId", code) DO UPDATE SET name=EXCLUDED.name, "ageGroupMin"=EXCLUDED."ageGroupMin", "ageGroupMax"=EXCLUDED."ageGroupMax", capacity=EXCLUDED.capacity, "isActive"=TRUE, "updatedAt"=NOW();
  INSERT INTO "ClassroomTeacher" (id,"classroomId","teacherId",role,"isActive","createdAt","updatedAt")
  VALUES ('seed_ct_' || 'pel_maternal_1_cida_seed_pelicano_user_pedagogamariacida_gmail_com', 'seed_pelicano_class_pel_maternal_1_cida', 'seed_pelicano_user_pedagogamariacida_gmail_com', 'MAIN'::"ClassroomTeacherRole", TRUE, NOW(), NOW())
  ON CONFLICT ("classroomId","teacherId") DO UPDATE SET role=EXCLUDED.role, "isActive"=TRUE, "updatedAt"=NOW();
  -- Turma: Maternal 1 - Fernanda
  INSERT INTO "Classroom" (id,"unitId",name,code,"ageGroupMin","ageGroupMax",capacity,"isActive","createdAt","updatedAt")
  VALUES ('seed_pelicano_class_pel_maternal_1_fernanda', v_unit_id, 'Maternal 1 - Fernanda', 'PEL_MATERNAL_1_FERNANDA', 12, 24, 25, TRUE, NOW(), NOW())
  ON CONFLICT ("unitId", code) DO UPDATE SET name=EXCLUDED.name, "ageGroupMin"=EXCLUDED."ageGroupMin", "ageGroupMax"=EXCLUDED."ageGroupMax", capacity=EXCLUDED.capacity, "isActive"=TRUE, "updatedAt"=NOW();
  INSERT INTO "ClassroomTeacher" (id,"classroomId","teacherId",role,"isActive","createdAt","updatedAt")
  VALUES ('seed_ct_' || 'pel_maternal_1_fernanda_seed_pelicano_user_fernandaprof_gmail_com', 'seed_pelicano_class_pel_maternal_1_fernanda', 'seed_pelicano_user_fernandaprof_gmail_com', 'MAIN'::"ClassroomTeacherRole", TRUE, NOW(), NOW())
  ON CONFLICT ("classroomId","teacherId") DO UPDATE SET role=EXCLUDED.role, "isActive"=TRUE, "updatedAt"=NOW();
  -- Turma: Maternal 2 - Ada
  INSERT INTO "Classroom" (id,"unitId",name,code,"ageGroupMin","ageGroupMax",capacity,"isActive","createdAt","updatedAt")
  VALUES ('seed_pelicano_class_pel_maternal_2_ada', v_unit_id, 'Maternal 2 - Ada', 'PEL_MATERNAL_2_ADA', 24, 36, 25, TRUE, NOW(), NOW())
  ON CONFLICT ("unitId", code) DO UPDATE SET name=EXCLUDED.name, "ageGroupMin"=EXCLUDED."ageGroupMin", "ageGroupMax"=EXCLUDED."ageGroupMax", capacity=EXCLUDED.capacity, "isActive"=TRUE, "updatedAt"=NOW();
  INSERT INTO "ClassroomTeacher" (id,"classroomId","teacherId",role,"isActive","createdAt","updatedAt")
  VALUES ('seed_ct_' || 'pel_maternal_2_ada_seed_pelicano_user_profadacristina_gmail_com', 'seed_pelicano_class_pel_maternal_2_ada', 'seed_pelicano_user_profadacristina_gmail_com', 'MAIN'::"ClassroomTeacherRole", TRUE, NOW(), NOW())
  ON CONFLICT ("classroomId","teacherId") DO UPDATE SET role=EXCLUDED.role, "isActive"=TRUE, "updatedAt"=NOW();
  -- Turma: Maternal 2 - Miriam
  INSERT INTO "Classroom" (id,"unitId",name,code,"ageGroupMin","ageGroupMax",capacity,"isActive","createdAt","updatedAt")
  VALUES ('seed_pelicano_class_pel_maternal_2_miriam', v_unit_id, 'Maternal 2 - Miriam', 'PEL_MATERNAL_2_MIRIAM', 24, 36, 25, TRUE, NOW(), NOW())
  ON CONFLICT ("unitId", code) DO UPDATE SET name=EXCLUDED.name, "ageGroupMin"=EXCLUDED."ageGroupMin", "ageGroupMax"=EXCLUDED."ageGroupMax", capacity=EXCLUDED.capacity, "isActive"=TRUE, "updatedAt"=NOW();
  INSERT INTO "ClassroomTeacher" (id,"classroomId","teacherId",role,"isActive","createdAt","updatedAt")
  VALUES ('seed_ct_' || 'pel_maternal_2_miriam_seed_pelicano_user_professoramiriam8_gmail_com', 'seed_pelicano_class_pel_maternal_2_miriam', 'seed_pelicano_user_professoramiriam8_gmail_com', 'MAIN'::"ClassroomTeacherRole", TRUE, NOW(), NOW())
  ON CONFLICT ("classroomId","teacherId") DO UPDATE SET role=EXCLUDED.role, "isActive"=TRUE, "updatedAt"=NOW();
  -- Turma: Maternal 2 - Sabrina
  INSERT INTO "Classroom" (id,"unitId",name,code,"ageGroupMin","ageGroupMax",capacity,"isActive","createdAt","updatedAt")
  VALUES ('seed_pelicano_class_pel_maternal_2_sabrina', v_unit_id, 'Maternal 2 - Sabrina', 'PEL_MATERNAL_2_SABRINA', 24, 36, 29, TRUE, NOW(), NOW())
  ON CONFLICT ("unitId", code) DO UPDATE SET name=EXCLUDED.name, "ageGroupMin"=EXCLUDED."ageGroupMin", "ageGroupMax"=EXCLUDED."ageGroupMax", capacity=EXCLUDED.capacity, "isActive"=TRUE, "updatedAt"=NOW();
  INSERT INTO "ClassroomTeacher" (id,"classroomId","teacherId",role,"isActive","createdAt","updatedAt")
  VALUES ('seed_ct_' || 'pel_maternal_2_sabrina_seed_pelicano_user_professorasabrinaolive2025_gmail_com', 'seed_pelicano_class_pel_maternal_2_sabrina', 'seed_pelicano_user_professorasabrinaolive2025_gmail_com', 'MAIN'::"ClassroomTeacherRole", TRUE, NOW(), NOW())
  ON CONFLICT ("classroomId","teacherId") DO UPDATE SET role=EXCLUDED.role, "isActive"=TRUE, "updatedAt"=NOW();
  -- Turma: Maternal 2 - Salete
  INSERT INTO "Classroom" (id,"unitId",name,code,"ageGroupMin","ageGroupMax",capacity,"isActive","createdAt","updatedAt")
  VALUES ('seed_pelicano_class_pel_maternal_2_salete', v_unit_id, 'Maternal 2 - Salete', 'PEL_MATERNAL_2_SALETE', 24, 36, 25, TRUE, NOW(), NOW())
  ON CONFLICT ("unitId", code) DO UPDATE SET name=EXCLUDED.name, "ageGroupMin"=EXCLUDED."ageGroupMin", "ageGroupMax"=EXCLUDED."ageGroupMax", capacity=EXCLUDED.capacity, "isActive"=TRUE, "updatedAt"=NOW();
  INSERT INTO "ClassroomTeacher" (id,"classroomId","teacherId",role,"isActive","createdAt","updatedAt")
  VALUES ('seed_ct_' || 'pel_maternal_2_salete_seed_pelicano_user_saletepires1204_gmail_com', 'seed_pelicano_class_pel_maternal_2_salete', 'seed_pelicano_user_saletepires1204_gmail_com', 'MAIN'::"ClassroomTeacherRole", TRUE, NOW(), NOW())
  ON CONFLICT ("classroomId","teacherId") DO UPDATE SET role=EXCLUDED.role, "isActive"=TRUE, "updatedAt"=NOW();
  -- Turma: Maternal 2 - Shirlene
  INSERT INTO "Classroom" (id,"unitId",name,code,"ageGroupMin","ageGroupMax",capacity,"isActive","createdAt","updatedAt")
  VALUES ('seed_pelicano_class_pel_maternal_2_shirlene', v_unit_id, 'Maternal 2 - Shirlene', 'PEL_MATERNAL_2_SHIRLENE', 24, 36, 25, TRUE, NOW(), NOW())
  ON CONFLICT ("unitId", code) DO UPDATE SET name=EXCLUDED.name, "ageGroupMin"=EXCLUDED."ageGroupMin", "ageGroupMax"=EXCLUDED."ageGroupMax", capacity=EXCLUDED.capacity, "isActive"=TRUE, "updatedAt"=NOW();
  INSERT INTO "ClassroomTeacher" (id,"classroomId","teacherId",role,"isActive","createdAt","updatedAt")
  VALUES ('seed_ct_' || 'pel_maternal_2_shirlene_seed_pelicano_user_shirlene_professora2025_gmail_com', 'seed_pelicano_class_pel_maternal_2_shirlene', 'seed_pelicano_user_shirlene_professora2025_gmail_com', 'MAIN'::"ClassroomTeacherRole", TRUE, NOW(), NOW())
  ON CONFLICT ("classroomId","teacherId") DO UPDATE SET role=EXCLUDED.role, "isActive"=TRUE, "updatedAt"=NOW();

  -- Aluno: ALEX ANTHONY MARTINS NUNES
  INSERT INTO "Child" (id,"mantenedoraId","unitId","firstName","lastName","dateOfBirth",gender,cpf,raca,peso,"bloodType",allergies,"medicalConditions","usoImagem",laudado,nis,"codigoAluno",inscricao,"nomeMae","nomePai","celPai",nacionalidade,naturalidade,"ufNascimento",endereco,cep,"dadosResponsaveis","documentosMatricula","autorizadosRetirada","transporteEscolar","fichaAdministrativa","isActive","createdAt","updatedAt")
  VALUES ('seed_pelicano_child_1295838_alex_anthony_martins_nunes',v_mantenedora_id,v_unit_id,'Alex','Anthony Martins Nunes','2023-11-11 12:00:00','MASCULINO'::"Gender",'019.421.581-49','PARDA','11kg','O+',NULL,NULL,NULL,NULL,NULL,'1295838','262770','Ana Paula','Wallas',NULL,'BRASIL','Brasilia','DF','Parque Estrela - Santo Antonio','72906506','{"mae": {"nome": "Ana Paula", "cpf": null, "telefone": null}, "pai": {"nome": "Wallas", "cpf": "069.404.728-87", "telefone": null}, "responsavelPrincipal": {"nome": "Ana Paula", "cpf": "069.404.728-87", "parentesco": null, "identidade": null, "orgaoExpedidor": null, "telefone": null}, "enderecoResponsavel": null, "cepResponsavel": null, "escolaridade": null, "profissao": null, "numeroDependentes": null, "numeroPessoasCasa": null}'::jsonb,'{"codigoAluno": "1295838", "inscricao": "262770", "censo": null, "beneficio": null, "nis": null, "pisResponsavel": null, "cpfOriginalAluno": "019.421.581-49", "cpfPersistidoNoCampoCpf": "019.421.581-49", "cpfDuplicadoNaPlanilha": false, "serie2024": null, "origemLinhaPlanilha": 2}'::jsonb,'[]'::jsonb,'{"usaTransporteEscolar": null, "nomeTransporte": null}'::jsonb,'{"turmaPlanilha": "Maternal 1", "professoraPlanilha": "Cida", "fonte": "DADOS PARA PLATAFORMA PEDAGÓGICA (1) (1).xlsx / Planilha1", "linhaPlanilha": 2, "raw": {"COD. ALUNO": "1295838", "INSCRIÇÃO": "262770", "NOME": "ALEX ANTHONY MARTINS NUNES", "SEXO": "M", "NASC": "2023-11-11T00:00:00", "NACIONALIDADE": "BRASIL", "NATURALIDADE": "Brasilia", "UF": "DF", "CPF": "019.421.581-49", "RAÇA": "PARDA", "PESO": "11kg", "TIPAGEM SANGUINEA": "O+", "ENDEREÇO": "Parque Estrela - Santo Antonio", "CEP": "72906506", "TURMA": "Maternal 1", "PROFESSORA": "Cida", "MÃE_2": "Ana Paula", "PAI": "Wallas", "CPF_3": "069.404.728-87"}}'::jsonb,TRUE,NOW(),NOW())
  ON CONFLICT (id) DO UPDATE SET "unitId"=v_unit_id, "firstName"=EXCLUDED."firstName", "lastName"=EXCLUDED."lastName", "dateOfBirth"=EXCLUDED."dateOfBirth", gender=EXCLUDED.gender, cpf=EXCLUDED.cpf, raca=EXCLUDED.raca, peso=EXCLUDED.peso, "bloodType"=EXCLUDED."bloodType", allergies=EXCLUDED.allergies, "medicalConditions"=EXCLUDED."medicalConditions", "usoImagem"=EXCLUDED."usoImagem", laudado=EXCLUDED.laudado, nis=EXCLUDED.nis, "codigoAluno"=EXCLUDED."codigoAluno", inscricao=EXCLUDED.inscricao, "nomeMae"=EXCLUDED."nomeMae", "nomePai"=EXCLUDED."nomePai", "celPai"=EXCLUDED."celPai", nacionalidade=EXCLUDED.nacionalidade, naturalidade=EXCLUDED.naturalidade, "ufNascimento"=EXCLUDED."ufNascimento", endereco=EXCLUDED.endereco, cep=EXCLUDED.cep, "dadosResponsaveis"=EXCLUDED."dadosResponsaveis", "documentosMatricula"=EXCLUDED."documentosMatricula", "autorizadosRetirada"=EXCLUDED."autorizadosRetirada", "transporteEscolar"=EXCLUDED."transporteEscolar", "fichaAdministrativa"=EXCLUDED."fichaAdministrativa", "isActive"=TRUE, "updatedAt"=NOW();
  INSERT INTO "Enrollment" (id,"childId","classroomId","enrollmentDate",status,"createdAt","updatedAt")
  VALUES ('seed_enr_' || 'seed_pelicano_child_1295838_alex_anthony_martins_nunes_seed_pelicano_class_pel_maternal_1_cida', 'seed_pelicano_child_1295838_alex_anthony_martins_nunes', 'seed_pelicano_class_pel_maternal_1_cida', '2026-02-01 12:00:00', 'ATIVA'::"EnrollmentStatus", NOW(), NOW())
  ON CONFLICT ("childId","classroomId") DO UPDATE SET status=EXCLUDED.status, "updatedAt"=NOW();
  -- Aluno: ALICE MOURA LIMA
  INSERT INTO "Child" (id,"mantenedoraId","unitId","firstName","lastName","dateOfBirth",gender,cpf,raca,peso,"bloodType",allergies,"medicalConditions","usoImagem",laudado,nis,"codigoAluno",inscricao,"nomeMae","nomePai","celPai",nacionalidade,naturalidade,"ufNascimento",endereco,cep,"dadosResponsaveis","documentosMatricula","autorizadosRetirada","transporteEscolar","fichaAdministrativa","isActive","createdAt","updatedAt")
  VALUES ('seed_pelicano_child_1284505_alice_moura_lima',v_mantenedora_id,v_unit_id,'Alice','Moura Lima','2023-06-25 12:00:00','FEMININO'::"Gender",'120.117.641-73','PARDA',NULL,'AB+',NULL,NULL,NULL,NULL,NULL,'1284505','256227',NULL,NULL,NULL,'BRASIL','Brasilia','DF','Cond São Francisco','07266900','{"mae": {"nome": null, "cpf": null, "telefone": "61995931091"}, "pai": {"nome": null, "cpf": "005.939.083-25", "telefone": null}, "responsavelPrincipal": {"nome": null, "cpf": "005.939.083-25", "parentesco": null, "identidade": null, "orgaoExpedidor": null, "telefone": null}, "enderecoResponsavel": null, "cepResponsavel": null, "escolaridade": "Ensino Fundamental Incompleto", "profissao": null, "numeroDependentes": null, "numeroPessoasCasa": null}'::jsonb,'{"codigoAluno": "1284505", "inscricao": "256227", "censo": null, "beneficio": null, "nis": null, "pisResponsavel": null, "cpfOriginalAluno": "120.117.641-73", "cpfPersistidoNoCampoCpf": "120.117.641-73", "cpfDuplicadoNaPlanilha": false, "serie2024": null, "origemLinhaPlanilha": 3}'::jsonb,'[]'::jsonb,'{"usaTransporteEscolar": null, "nomeTransporte": null}'::jsonb,'{"turmaPlanilha": "Maternal 1", "professoraPlanilha": "Adriana", "fonte": "DADOS PARA PLATAFORMA PEDAGÓGICA (1) (1).xlsx / Planilha1", "linhaPlanilha": 3, "raw": {"COD. ALUNO": "1284505", "INSCRIÇÃO": "256227", "NOME": "ALICE MOURA LIMA", "SEXO": "F", "NASC": "2023-06-25T00:00:00", "NACIONALIDADE": "BRASIL", "NATURALIDADE": "Brasilia", "UF": "DF", "CPF": "120.117.641-73", "RAÇA": "PARDA", "TIPAGEM SANGUINEA": "AB+", "ENDEREÇO": "Cond São Francisco", "CEP": "7266900", "TURMA": "Maternal 1", "PROFESSORA": "Adriana", "CPF_3": "005.939.083-25", "UF_2": "PI", "CEL. MÃE": "61995931091", "ESCOLARIDADE": "Ensino Fundamental Incompleto"}}'::jsonb,TRUE,NOW(),NOW())
  ON CONFLICT (id) DO UPDATE SET "unitId"=v_unit_id, "firstName"=EXCLUDED."firstName", "lastName"=EXCLUDED."lastName", "dateOfBirth"=EXCLUDED."dateOfBirth", gender=EXCLUDED.gender, cpf=EXCLUDED.cpf, raca=EXCLUDED.raca, peso=EXCLUDED.peso, "bloodType"=EXCLUDED."bloodType", allergies=EXCLUDED.allergies, "medicalConditions"=EXCLUDED."medicalConditions", "usoImagem"=EXCLUDED."usoImagem", laudado=EXCLUDED.laudado, nis=EXCLUDED.nis, "codigoAluno"=EXCLUDED."codigoAluno", inscricao=EXCLUDED.inscricao, "nomeMae"=EXCLUDED."nomeMae", "nomePai"=EXCLUDED."nomePai", "celPai"=EXCLUDED."celPai", nacionalidade=EXCLUDED.nacionalidade, naturalidade=EXCLUDED.naturalidade, "ufNascimento"=EXCLUDED."ufNascimento", endereco=EXCLUDED.endereco, cep=EXCLUDED.cep, "dadosResponsaveis"=EXCLUDED."dadosResponsaveis", "documentosMatricula"=EXCLUDED."documentosMatricula", "autorizadosRetirada"=EXCLUDED."autorizadosRetirada", "transporteEscolar"=EXCLUDED."transporteEscolar", "fichaAdministrativa"=EXCLUDED."fichaAdministrativa", "isActive"=TRUE, "updatedAt"=NOW();
  INSERT INTO "Enrollment" (id,"childId","classroomId","enrollmentDate",status,"createdAt","updatedAt")
  VALUES ('seed_enr_' || 'seed_pelicano_child_1284505_alice_moura_lima_seed_pelicano_class_pel_maternal_1_adriana', 'seed_pelicano_child_1284505_alice_moura_lima', 'seed_pelicano_class_pel_maternal_1_adriana', '2026-02-01 12:00:00', 'ATIVA'::"EnrollmentStatus", NOW(), NOW())
  ON CONFLICT ("childId","classroomId") DO UPDATE SET status=EXCLUDED.status, "updatedAt"=NOW();
  -- Aluno: ANA LIVIA ALVES MOURA
  INSERT INTO "Child" (id,"mantenedoraId","unitId","firstName","lastName","dateOfBirth",gender,cpf,raca,peso,"bloodType",allergies,"medicalConditions","usoImagem",laudado,nis,"codigoAluno",inscricao,"nomeMae","nomePai","celPai",nacionalidade,naturalidade,"ufNascimento",endereco,cep,"dadosResponsaveis","documentosMatricula","autorizadosRetirada","transporteEscolar","fichaAdministrativa","isActive","createdAt","updatedAt")
  VALUES ('seed_pelicano_child_1299554_ana_livia_alves_moura',v_mantenedora_id,v_unit_id,'Ana','Livia Alves Moura','2023-12-09 12:00:00','FEMININO'::"Gender",'028.166.281-91','PARDA',NULL,'O+',NULL,NULL,NULL,NULL,NULL,'1299554','264681','Deisiany',NULL,NULL,'BRASIL','Brasilia','DF','Quadra 01 Lote 16','07266900','{"mae": {"nome": "Deisiany", "cpf": null, "telefone": null}, "pai": {"nome": null, "cpf": "051.848.401-76", "telefone": null}, "responsavelPrincipal": {"nome": "Deisiany", "cpf": "051.848.401-76", "parentesco": null, "identidade": null, "orgaoExpedidor": null, "telefone": null}, "enderecoResponsavel": null, "cepResponsavel": null, "escolaridade": null, "profissao": "Dona de Casa", "numeroDependentes": null, "numeroPessoasCasa": null}'::jsonb,'{"codigoAluno": "1299554", "inscricao": "264681", "censo": null, "beneficio": null, "nis": null, "pisResponsavel": null, "cpfOriginalAluno": "028.166.281-91", "cpfPersistidoNoCampoCpf": "028.166.281-91", "cpfDuplicadoNaPlanilha": false, "serie2024": null, "origemLinhaPlanilha": 4}'::jsonb,'[]'::jsonb,'{"usaTransporteEscolar": null, "nomeTransporte": null}'::jsonb,'{"turmaPlanilha": "Maternal 1", "professoraPlanilha": "Fernanda", "fonte": "DADOS PARA PLATAFORMA PEDAGÓGICA (1) (1).xlsx / Planilha1", "linhaPlanilha": 4, "raw": {"COD. ALUNO": "1299554", "INSCRIÇÃO": "264681", "NOME": "ANA LIVIA ALVES MOURA", "SEXO": "F", "NASC": "2023-12-09T00:00:00", "NACIONALIDADE": "BRASIL", "NATURALIDADE": "Brasilia", "UF": "DF", "CPF": "028.166.281-91", "RAÇA": "PARDA", "TIPAGEM SANGUINEA": "O+", "ENDEREÇO": "Quadra 01 Lote 16", "CEP": "7266900", "TURMA": "Maternal 1", "PROFESSORA": "Fernanda", "MÃE": "Deisiany", "CPF_3": "051.848.401-76", "NASCIMENTO": "1994-03-04T00:00:00", "NATURALIDADE_2": "Brasilia", "UF_2": "DF", "PROFISSÃO": "Dona de Casa"}}'::jsonb,TRUE,NOW(),NOW())
  ON CONFLICT (id) DO UPDATE SET "unitId"=v_unit_id, "firstName"=EXCLUDED."firstName", "lastName"=EXCLUDED."lastName", "dateOfBirth"=EXCLUDED."dateOfBirth", gender=EXCLUDED.gender, cpf=EXCLUDED.cpf, raca=EXCLUDED.raca, peso=EXCLUDED.peso, "bloodType"=EXCLUDED."bloodType", allergies=EXCLUDED.allergies, "medicalConditions"=EXCLUDED."medicalConditions", "usoImagem"=EXCLUDED."usoImagem", laudado=EXCLUDED.laudado, nis=EXCLUDED.nis, "codigoAluno"=EXCLUDED."codigoAluno", inscricao=EXCLUDED.inscricao, "nomeMae"=EXCLUDED."nomeMae", "nomePai"=EXCLUDED."nomePai", "celPai"=EXCLUDED."celPai", nacionalidade=EXCLUDED.nacionalidade, naturalidade=EXCLUDED.naturalidade, "ufNascimento"=EXCLUDED."ufNascimento", endereco=EXCLUDED.endereco, cep=EXCLUDED.cep, "dadosResponsaveis"=EXCLUDED."dadosResponsaveis", "documentosMatricula"=EXCLUDED."documentosMatricula", "autorizadosRetirada"=EXCLUDED."autorizadosRetirada", "transporteEscolar"=EXCLUDED."transporteEscolar", "fichaAdministrativa"=EXCLUDED."fichaAdministrativa", "isActive"=TRUE, "updatedAt"=NOW();
  INSERT INTO "Enrollment" (id,"childId","classroomId","enrollmentDate",status,"createdAt","updatedAt")
  VALUES ('seed_enr_' || 'seed_pelicano_child_1299554_ana_livia_alves_moura_seed_pelicano_class_pel_maternal_1_fernanda', 'seed_pelicano_child_1299554_ana_livia_alves_moura', 'seed_pelicano_class_pel_maternal_1_fernanda', '2026-02-01 12:00:00', 'ATIVA'::"EnrollmentStatus", NOW(), NOW())
  ON CONFLICT ("childId","classroomId") DO UPDATE SET status=EXCLUDED.status, "updatedAt"=NOW();
  -- Aluno: ANA LUISA MATIAS LEAL
  INSERT INTO "Child" (id,"mantenedoraId","unitId","firstName","lastName","dateOfBirth",gender,cpf,raca,peso,"bloodType",allergies,"medicalConditions","usoImagem",laudado,nis,"codigoAluno",inscricao,"nomeMae","nomePai","celPai",nacionalidade,naturalidade,"ufNascimento",endereco,cep,"dadosResponsaveis","documentosMatricula","autorizadosRetirada","transporteEscolar","fichaAdministrativa","isActive","createdAt","updatedAt")
  VALUES ('seed_pelicano_child_1298411_ana_luisa_matias_leal',v_mantenedora_id,v_unit_id,'Ana','Luisa Matias Leal','2023-06-03 12:00:00','FEMININO'::"Gender",'128.444.353-19','PARDA','22kg','A+',NULL,NULL,NULL,NULL,NULL,'1298411','264107',NULL,NULL,NULL,'BRASIL','Brasilia','DF','Cond Rossi','07266900','{"mae": {"nome": null, "cpf": null, "telefone": null}, "pai": {"nome": null, "cpf": "041.112.781-08", "telefone": null}, "responsavelPrincipal": {"nome": null, "cpf": "041.112.781-08", "parentesco": null, "identidade": null, "orgaoExpedidor": null, "telefone": null}, "enderecoResponsavel": null, "cepResponsavel": null, "escolaridade": null, "profissao": null, "numeroDependentes": null, "numeroPessoasCasa": null}'::jsonb,'{"codigoAluno": "1298411", "inscricao": "264107", "censo": null, "beneficio": null, "nis": null, "pisResponsavel": null, "cpfOriginalAluno": "128.444.353-19", "cpfPersistidoNoCampoCpf": "128.444.353-19", "cpfDuplicadoNaPlanilha": false, "serie2024": null, "origemLinhaPlanilha": 5}'::jsonb,'[]'::jsonb,'{"usaTransporteEscolar": null, "nomeTransporte": null}'::jsonb,'{"turmaPlanilha": "Maternal 1", "professoraPlanilha": "Apoliana", "fonte": "DADOS PARA PLATAFORMA PEDAGÓGICA (1) (1).xlsx / Planilha1", "linhaPlanilha": 5, "raw": {"COD. ALUNO": "1298411", "INSCRIÇÃO": "264107", "NOME": "ANA LUISA MATIAS LEAL", "SEXO": "F", "NASC": "2023-06-03T00:00:00", "NACIONALIDADE": "BRASIL", "NATURALIDADE": "Brasilia", "UF": "DF", "CPF": "128.444.353-19", "RAÇA": "PARDA", "PESO": "22kg", "TIPAGEM SANGUINEA": "A+", "ENDEREÇO": "Cond Rossi", "CEP": "7266900", "TURMA": "Maternal 1", "PROFESSORA": "Apoliana", "CPF_3": "041.112.781-08", "NATURALIDADE_2": "Brasilia", "UF_2": "DF"}}'::jsonb,TRUE,NOW(),NOW())
  ON CONFLICT (id) DO UPDATE SET "unitId"=v_unit_id, "firstName"=EXCLUDED."firstName", "lastName"=EXCLUDED."lastName", "dateOfBirth"=EXCLUDED."dateOfBirth", gender=EXCLUDED.gender, cpf=EXCLUDED.cpf, raca=EXCLUDED.raca, peso=EXCLUDED.peso, "bloodType"=EXCLUDED."bloodType", allergies=EXCLUDED.allergies, "medicalConditions"=EXCLUDED."medicalConditions", "usoImagem"=EXCLUDED."usoImagem", laudado=EXCLUDED.laudado, nis=EXCLUDED.nis, "codigoAluno"=EXCLUDED."codigoAluno", inscricao=EXCLUDED.inscricao, "nomeMae"=EXCLUDED."nomeMae", "nomePai"=EXCLUDED."nomePai", "celPai"=EXCLUDED."celPai", nacionalidade=EXCLUDED.nacionalidade, naturalidade=EXCLUDED.naturalidade, "ufNascimento"=EXCLUDED."ufNascimento", endereco=EXCLUDED.endereco, cep=EXCLUDED.cep, "dadosResponsaveis"=EXCLUDED."dadosResponsaveis", "documentosMatricula"=EXCLUDED."documentosMatricula", "autorizadosRetirada"=EXCLUDED."autorizadosRetirada", "transporteEscolar"=EXCLUDED."transporteEscolar", "fichaAdministrativa"=EXCLUDED."fichaAdministrativa", "isActive"=TRUE, "updatedAt"=NOW();
  INSERT INTO "Enrollment" (id,"childId","classroomId","enrollmentDate",status,"createdAt","updatedAt")
  VALUES ('seed_enr_' || 'seed_pelicano_child_1298411_ana_luisa_matias_leal_seed_pelicano_class_pel_maternal_1_apoliana', 'seed_pelicano_child_1298411_ana_luisa_matias_leal', 'seed_pelicano_class_pel_maternal_1_apoliana', '2026-02-01 12:00:00', 'ATIVA'::"EnrollmentStatus", NOW(), NOW())
  ON CONFLICT ("childId","classroomId") DO UPDATE SET status=EXCLUDED.status, "updatedAt"=NOW();
  -- Aluno: ANA SOPHIA SOUZA SANTOS
  INSERT INTO "Child" (id,"mantenedoraId","unitId","firstName","lastName","dateOfBirth",gender,cpf,raca,peso,"bloodType",allergies,"medicalConditions","usoImagem",laudado,nis,"codigoAluno",inscricao,"nomeMae","nomePai","celPai",nacionalidade,naturalidade,"ufNascimento",endereco,cep,"dadosResponsaveis","documentosMatricula","autorizadosRetirada","transporteEscolar","fichaAdministrativa","isActive","createdAt","updatedAt")
  VALUES ('seed_pelicano_child_1286470_ana_sophia_souza_santos',v_mantenedora_id,v_unit_id,'Ana','Sophia Souza Santos','2023-05-05 12:00:00','FEMININO'::"Gender",'119.560.911-65','PARDA','16kg','A+',NULL,NULL,NULL,NULL,NULL,'1286470','257182','Ingrid','Jean',NULL,'BRASIL','Brasilia','DF','Cond São Francisco','07266900','{"mae": {"nome": "Ingrid", "cpf": null, "telefone": null}, "pai": {"nome": "Jean", "cpf": "057.720.391-64", "telefone": null}, "responsavelPrincipal": {"nome": "Ingrid", "cpf": "057.720.391-64", "parentesco": null, "identidade": null, "orgaoExpedidor": null, "telefone": null}, "enderecoResponsavel": null, "cepResponsavel": null, "escolaridade": null, "profissao": null, "numeroDependentes": null, "numeroPessoasCasa": null}'::jsonb,'{"codigoAluno": "1286470", "inscricao": "257182", "censo": null, "beneficio": null, "nis": null, "pisResponsavel": null, "cpfOriginalAluno": "119.560.911-65", "cpfPersistidoNoCampoCpf": "119.560.911-65", "cpfDuplicadoNaPlanilha": false, "serie2024": null, "origemLinhaPlanilha": 6}'::jsonb,'[]'::jsonb,'{"usaTransporteEscolar": null, "nomeTransporte": null}'::jsonb,'{"turmaPlanilha": "Maternal 1", "professoraPlanilha": "Cida", "fonte": "DADOS PARA PLATAFORMA PEDAGÓGICA (1) (1).xlsx / Planilha1", "linhaPlanilha": 6, "raw": {"COD. ALUNO": "1286470", "INSCRIÇÃO": "257182", "NOME": "ANA SOPHIA SOUZA SANTOS", "SEXO": "F", "NASC": "2023-05-05T00:00:00", "NACIONALIDADE": "BRASIL", "NATURALIDADE": "Brasilia", "UF": "DF", "CPF": "11956091165", "RAÇA": "PARDA", "PESO": "16kg", "TIPAGEM SANGUINEA": "A+", "ENDEREÇO": "Cond São Francisco", "CEP": "7266900", "TURMA": "Maternal 1", "PROFESSORA": "Cida", "MÃE_2": "Ingrid", "PAI": "Jean", "CPF_3": "057.720.391-64", "NASCIMENTO": "Brasilia", "UF_2": "DF"}}'::jsonb,TRUE,NOW(),NOW())
  ON CONFLICT (id) DO UPDATE SET "unitId"=v_unit_id, "firstName"=EXCLUDED."firstName", "lastName"=EXCLUDED."lastName", "dateOfBirth"=EXCLUDED."dateOfBirth", gender=EXCLUDED.gender, cpf=EXCLUDED.cpf, raca=EXCLUDED.raca, peso=EXCLUDED.peso, "bloodType"=EXCLUDED."bloodType", allergies=EXCLUDED.allergies, "medicalConditions"=EXCLUDED."medicalConditions", "usoImagem"=EXCLUDED."usoImagem", laudado=EXCLUDED.laudado, nis=EXCLUDED.nis, "codigoAluno"=EXCLUDED."codigoAluno", inscricao=EXCLUDED.inscricao, "nomeMae"=EXCLUDED."nomeMae", "nomePai"=EXCLUDED."nomePai", "celPai"=EXCLUDED."celPai", nacionalidade=EXCLUDED.nacionalidade, naturalidade=EXCLUDED.naturalidade, "ufNascimento"=EXCLUDED."ufNascimento", endereco=EXCLUDED.endereco, cep=EXCLUDED.cep, "dadosResponsaveis"=EXCLUDED."dadosResponsaveis", "documentosMatricula"=EXCLUDED."documentosMatricula", "autorizadosRetirada"=EXCLUDED."autorizadosRetirada", "transporteEscolar"=EXCLUDED."transporteEscolar", "fichaAdministrativa"=EXCLUDED."fichaAdministrativa", "isActive"=TRUE, "updatedAt"=NOW();
  INSERT INTO "Enrollment" (id,"childId","classroomId","enrollmentDate",status,"createdAt","updatedAt")
  VALUES ('seed_enr_' || 'seed_pelicano_child_1286470_ana_sophia_souza_santos_seed_pelicano_class_pel_maternal_1_cida', 'seed_pelicano_child_1286470_ana_sophia_souza_santos', 'seed_pelicano_class_pel_maternal_1_cida', '2026-02-01 12:00:00', 'ATIVA'::"EnrollmentStatus", NOW(), NOW())
  ON CONFLICT ("childId","classroomId") DO UPDATE SET status=EXCLUDED.status, "updatedAt"=NOW();
  -- Aluno: ANDRE GUILHERME RAMOS DE SOUSA
  INSERT INTO "Child" (id,"mantenedoraId","unitId","firstName","lastName","dateOfBirth",gender,cpf,raca,peso,"bloodType",allergies,"medicalConditions","usoImagem",laudado,nis,"codigoAluno",inscricao,"nomeMae","nomePai","celPai",nacionalidade,naturalidade,"ufNascimento",endereco,cep,"dadosResponsaveis","documentosMatricula","autorizadosRetirada","transporteEscolar","fichaAdministrativa","isActive","createdAt","updatedAt")
  VALUES ('seed_pelicano_child_1304987_andre_guilherme_ramos_de_sousa',v_mantenedora_id,v_unit_id,'Andre','Guilherme Ramos De Sousa','2024-03-21 12:00:00','MASCULINO'::"Gender",'062.805.011-91','PARDA','15kg','O+',NULL,NULL,NULL,NULL,NULL,'1304987','268408','Carmem',NULL,NULL,'BRASIL','Brasilia','DF','Cond Guarapari','07266900','{"mae": {"nome": "Carmem", "cpf": null, "telefone": null}, "pai": {"nome": null, "cpf": "052.410.771-89", "telefone": null}, "responsavelPrincipal": {"nome": "Carmem", "cpf": "052.410.771-89", "parentesco": null, "identidade": null, "orgaoExpedidor": null, "telefone": null}, "enderecoResponsavel": null, "cepResponsavel": null, "escolaridade": null, "profissao": null, "numeroDependentes": null, "numeroPessoasCasa": null}'::jsonb,'{"codigoAluno": "1304987", "inscricao": "268408", "censo": null, "beneficio": null, "nis": null, "pisResponsavel": null, "cpfOriginalAluno": "062.805.011-91", "cpfPersistidoNoCampoCpf": "062.805.011-91", "cpfDuplicadoNaPlanilha": false, "serie2024": null, "origemLinhaPlanilha": 7}'::jsonb,'[]'::jsonb,'{"usaTransporteEscolar": null, "nomeTransporte": null}'::jsonb,'{"turmaPlanilha": "Maternal 1", "professoraPlanilha": "Apoliana", "fonte": "DADOS PARA PLATAFORMA PEDAGÓGICA (1) (1).xlsx / Planilha1", "linhaPlanilha": 7, "raw": {"COD. ALUNO": "1304987", "INSCRIÇÃO": "268408", "NOME": "ANDRE GUILHERME RAMOS DE SOUSA", "SEXO": "M", "NASC": "2024-03-21T00:00:00", "NACIONALIDADE": "BRASIL", "NATURALIDADE": "Brasilia", "UF": "DF", "CPF": "062.805.011-91", "RAÇA": "PARDA", "PESO": "15kg", "TIPAGEM SANGUINEA": "O+", "ENDEREÇO": "Cond Guarapari", "CEP": "7266900", "TURMA": "Maternal 1", "PROFESSORA": "Apoliana", "MÃE": "Carmem", "CPF_3": "052.410.771-89", "NATURALIDADE_2": "Floriano", "UF_2": "PI"}}'::jsonb,TRUE,NOW(),NOW())
  ON CONFLICT (id) DO UPDATE SET "unitId"=v_unit_id, "firstName"=EXCLUDED."firstName", "lastName"=EXCLUDED."lastName", "dateOfBirth"=EXCLUDED."dateOfBirth", gender=EXCLUDED.gender, cpf=EXCLUDED.cpf, raca=EXCLUDED.raca, peso=EXCLUDED.peso, "bloodType"=EXCLUDED."bloodType", allergies=EXCLUDED.allergies, "medicalConditions"=EXCLUDED."medicalConditions", "usoImagem"=EXCLUDED."usoImagem", laudado=EXCLUDED.laudado, nis=EXCLUDED.nis, "codigoAluno"=EXCLUDED."codigoAluno", inscricao=EXCLUDED.inscricao, "nomeMae"=EXCLUDED."nomeMae", "nomePai"=EXCLUDED."nomePai", "celPai"=EXCLUDED."celPai", nacionalidade=EXCLUDED.nacionalidade, naturalidade=EXCLUDED.naturalidade, "ufNascimento"=EXCLUDED."ufNascimento", endereco=EXCLUDED.endereco, cep=EXCLUDED.cep, "dadosResponsaveis"=EXCLUDED."dadosResponsaveis", "documentosMatricula"=EXCLUDED."documentosMatricula", "autorizadosRetirada"=EXCLUDED."autorizadosRetirada", "transporteEscolar"=EXCLUDED."transporteEscolar", "fichaAdministrativa"=EXCLUDED."fichaAdministrativa", "isActive"=TRUE, "updatedAt"=NOW();
  INSERT INTO "Enrollment" (id,"childId","classroomId","enrollmentDate",status,"createdAt","updatedAt")
  VALUES ('seed_enr_' || 'seed_pelicano_child_1304987_andre_guilherme_ramos_de_sousa_seed_pelicano_class_pel_maternal_1_apolia', 'seed_pelicano_child_1304987_andre_guilherme_ramos_de_sousa', 'seed_pelicano_class_pel_maternal_1_apoliana', '2026-02-01 12:00:00', 'ATIVA'::"EnrollmentStatus", NOW(), NOW())
  ON CONFLICT ("childId","classroomId") DO UPDATE SET status=EXCLUDED.status, "updatedAt"=NOW();
  -- Aluno: ANISHA KAUR GARCIA RAM
  INSERT INTO "Child" (id,"mantenedoraId","unitId","firstName","lastName","dateOfBirth",gender,cpf,raca,peso,"bloodType",allergies,"medicalConditions","usoImagem",laudado,nis,"codigoAluno",inscricao,"nomeMae","nomePai","celPai",nacionalidade,naturalidade,"ufNascimento",endereco,cep,"dadosResponsaveis","documentosMatricula","autorizadosRetirada","transporteEscolar","fichaAdministrativa","isActive","createdAt","updatedAt")
  VALUES ('seed_pelicano_child_1236413_anisha_kaur_garcia_ram',v_mantenedora_id,v_unit_id,'Anisha','Kaur Garcia Ram','2023-07-25 12:00:00','FEMININO'::"Gender",'120.466.101-48','PARDA','11kg','O+',NULL,NULL,NULL,NULL,NULL,'1236413','234316','Juliana',NULL,NULL,'BRASIL','Brasilia','DF','Cond Galileia','07266900','{"mae": {"nome": "Juliana", "cpf": null, "telefone": null}, "pai": {"nome": null, "cpf": null, "telefone": null}, "responsavelPrincipal": {"nome": "Juliana", "cpf": null, "parentesco": null, "identidade": null, "orgaoExpedidor": null, "telefone": null}, "enderecoResponsavel": null, "cepResponsavel": null, "escolaridade": null, "profissao": "Diarista", "numeroDependentes": null, "numeroPessoasCasa": null}'::jsonb,'{"codigoAluno": "1236413", "inscricao": "234316", "censo": null, "beneficio": null, "nis": null, "pisResponsavel": null, "cpfOriginalAluno": "120.466.101-48", "cpfPersistidoNoCampoCpf": "120.466.101-48", "cpfDuplicadoNaPlanilha": false, "serie2024": null, "origemLinhaPlanilha": 8}'::jsonb,'[]'::jsonb,'{"usaTransporteEscolar": null, "nomeTransporte": null}'::jsonb,'{"turmaPlanilha": "Maternal 1", "professoraPlanilha": "Adriana", "fonte": "DADOS PARA PLATAFORMA PEDAGÓGICA (1) (1).xlsx / Planilha1", "linhaPlanilha": 8, "raw": {"COD. ALUNO": "1236413", "INSCRIÇÃO": "234316", "NOME": "ANISHA KAUR GARCIA RAM", "SEXO": "F", "NASC": "2023-07-25T00:00:00", "NACIONALIDADE": "BRASIL", "NATURALIDADE": "Brasilia", "UF": "DF", "CPF": "12046610148", "RAÇA": "PARDA", "PESO": "11kg", "TIPAGEM SANGUINEA": "O+", "ENDEREÇO": "Cond Galileia", "CEP": "7266900", "TURMA": "Maternal 1", "PROFESSORA": "Adriana", "MÃE": "Juliana", "RESPONSÁVEL_2": "Juliana", "NASCIMENTO": "1985-08-11T00:00:00", "NATURALIDADE_2": "Brasilia", "UF_2": "DF", "PROFISSÃO": "Diarista"}}'::jsonb,TRUE,NOW(),NOW())
  ON CONFLICT (id) DO UPDATE SET "unitId"=v_unit_id, "firstName"=EXCLUDED."firstName", "lastName"=EXCLUDED."lastName", "dateOfBirth"=EXCLUDED."dateOfBirth", gender=EXCLUDED.gender, cpf=EXCLUDED.cpf, raca=EXCLUDED.raca, peso=EXCLUDED.peso, "bloodType"=EXCLUDED."bloodType", allergies=EXCLUDED.allergies, "medicalConditions"=EXCLUDED."medicalConditions", "usoImagem"=EXCLUDED."usoImagem", laudado=EXCLUDED.laudado, nis=EXCLUDED.nis, "codigoAluno"=EXCLUDED."codigoAluno", inscricao=EXCLUDED.inscricao, "nomeMae"=EXCLUDED."nomeMae", "nomePai"=EXCLUDED."nomePai", "celPai"=EXCLUDED."celPai", nacionalidade=EXCLUDED.nacionalidade, naturalidade=EXCLUDED.naturalidade, "ufNascimento"=EXCLUDED."ufNascimento", endereco=EXCLUDED.endereco, cep=EXCLUDED.cep, "dadosResponsaveis"=EXCLUDED."dadosResponsaveis", "documentosMatricula"=EXCLUDED."documentosMatricula", "autorizadosRetirada"=EXCLUDED."autorizadosRetirada", "transporteEscolar"=EXCLUDED."transporteEscolar", "fichaAdministrativa"=EXCLUDED."fichaAdministrativa", "isActive"=TRUE, "updatedAt"=NOW();
  INSERT INTO "Enrollment" (id,"childId","classroomId","enrollmentDate",status,"createdAt","updatedAt")
  VALUES ('seed_enr_' || 'seed_pelicano_child_1236413_anisha_kaur_garcia_ram_seed_pelicano_class_pel_maternal_1_adriana', 'seed_pelicano_child_1236413_anisha_kaur_garcia_ram', 'seed_pelicano_class_pel_maternal_1_adriana', '2026-02-01 12:00:00', 'ATIVA'::"EnrollmentStatus", NOW(), NOW())
  ON CONFLICT ("childId","classroomId") DO UPDATE SET status=EXCLUDED.status, "updatedAt"=NOW();
  -- Aluno: ANNA LUIZA OLIVEIRA ROCHA
  INSERT INTO "Child" (id,"mantenedoraId","unitId","firstName","lastName","dateOfBirth",gender,cpf,raca,peso,"bloodType",allergies,"medicalConditions","usoImagem",laudado,nis,"codigoAluno",inscricao,"nomeMae","nomePai","celPai",nacionalidade,naturalidade,"ufNascimento",endereco,cep,"dadosResponsaveis","documentosMatricula","autorizadosRetirada","transporteEscolar","fichaAdministrativa","isActive","createdAt","updatedAt")
  VALUES ('seed_pelicano_child_1215843_anna_luiza_oliveira_rocha',v_mantenedora_id,v_unit_id,'Anna','Luiza Oliveira Rocha','2023-07-15 12:00:00','FEMININO'::"Gender",'120.334.581-05','PARDA','10.2KG','B+',NULL,NULL,NULL,NULL,NULL,'1215843','227027','Valeria',NULL,NULL,'BRASIL','Brasilia','DF','Cond Dom Francisco','07266900','{"mae": {"nome": "Valeria", "cpf": null, "telefone": null}, "pai": {"nome": null, "cpf": "047.597.625-82", "telefone": null}, "responsavelPrincipal": {"nome": "Valeria", "cpf": "047.597.625-82", "parentesco": null, "identidade": null, "orgaoExpedidor": null, "telefone": null}, "enderecoResponsavel": null, "cepResponsavel": null, "escolaridade": null, "profissao": "Diarista", "numeroDependentes": null, "numeroPessoasCasa": null}'::jsonb,'{"codigoAluno": "1215843", "inscricao": "227027", "censo": null, "beneficio": null, "nis": null, "pisResponsavel": null, "cpfOriginalAluno": "120.334.581-05", "cpfPersistidoNoCampoCpf": "120.334.581-05", "cpfDuplicadoNaPlanilha": false, "serie2024": null, "origemLinhaPlanilha": 9}'::jsonb,'[]'::jsonb,'{"usaTransporteEscolar": null, "nomeTransporte": null}'::jsonb,'{"turmaPlanilha": "Maternal 1", "professoraPlanilha": "Fernanda", "fonte": "DADOS PARA PLATAFORMA PEDAGÓGICA (1) (1).xlsx / Planilha1", "linhaPlanilha": 9, "raw": {"COD. ALUNO": "1215843", "INSCRIÇÃO": "227027", "NOME": "ANNA LUIZA OLIVEIRA ROCHA", "SEXO": "F", "NASC": "2023-07-15T00:00:00", "NACIONALIDADE": "BRASIL", "NATURALIDADE": "Brasilia", "UF": "DF", "CPF": "12033458105", "RAÇA": "PARDA", "PESO": "10.2KG", "TIPAGEM SANGUINEA": "B+", "ENDEREÇO": "Cond Dom Francisco", "CEP": "7266900", "TURMA": "Maternal 1", "PROFESSORA": "Fernanda", "MÃE": "Valeria", "CPF_3": "047.597.625-82", "NASCIMENTO": "1990-04-27T00:00:00", "NATURALIDADE_2": "Brasilia", "UF_2": "DF", "PROFISSÃO": "Diarista"}}'::jsonb,TRUE,NOW(),NOW())
  ON CONFLICT (id) DO UPDATE SET "unitId"=v_unit_id, "firstName"=EXCLUDED."firstName", "lastName"=EXCLUDED."lastName", "dateOfBirth"=EXCLUDED."dateOfBirth", gender=EXCLUDED.gender, cpf=EXCLUDED.cpf, raca=EXCLUDED.raca, peso=EXCLUDED.peso, "bloodType"=EXCLUDED."bloodType", allergies=EXCLUDED.allergies, "medicalConditions"=EXCLUDED."medicalConditions", "usoImagem"=EXCLUDED."usoImagem", laudado=EXCLUDED.laudado, nis=EXCLUDED.nis, "codigoAluno"=EXCLUDED."codigoAluno", inscricao=EXCLUDED.inscricao, "nomeMae"=EXCLUDED."nomeMae", "nomePai"=EXCLUDED."nomePai", "celPai"=EXCLUDED."celPai", nacionalidade=EXCLUDED.nacionalidade, naturalidade=EXCLUDED.naturalidade, "ufNascimento"=EXCLUDED."ufNascimento", endereco=EXCLUDED.endereco, cep=EXCLUDED.cep, "dadosResponsaveis"=EXCLUDED."dadosResponsaveis", "documentosMatricula"=EXCLUDED."documentosMatricula", "autorizadosRetirada"=EXCLUDED."autorizadosRetirada", "transporteEscolar"=EXCLUDED."transporteEscolar", "fichaAdministrativa"=EXCLUDED."fichaAdministrativa", "isActive"=TRUE, "updatedAt"=NOW();
  INSERT INTO "Enrollment" (id,"childId","classroomId","enrollmentDate",status,"createdAt","updatedAt")
  VALUES ('seed_enr_' || 'seed_pelicano_child_1215843_anna_luiza_oliveira_rocha_seed_pelicano_class_pel_maternal_1_fernanda', 'seed_pelicano_child_1215843_anna_luiza_oliveira_rocha', 'seed_pelicano_class_pel_maternal_1_fernanda', '2026-02-01 12:00:00', 'ATIVA'::"EnrollmentStatus", NOW(), NOW())
  ON CONFLICT ("childId","classroomId") DO UPDATE SET status=EXCLUDED.status, "updatedAt"=NOW();
  -- Aluno: ANTHONY ALMEIDA VIANA
  INSERT INTO "Child" (id,"mantenedoraId","unitId","firstName","lastName","dateOfBirth",gender,cpf,raca,peso,"bloodType",allergies,"medicalConditions","usoImagem",laudado,nis,"codigoAluno",inscricao,"nomeMae","nomePai","celPai",nacionalidade,naturalidade,"ufNascimento",endereco,cep,"dadosResponsaveis","documentosMatricula","autorizadosRetirada","transporteEscolar","fichaAdministrativa","isActive","createdAt","updatedAt")
  VALUES ('seed_pelicano_child_1209961_anthony_almeida_viana',v_mantenedora_id,v_unit_id,'Anthony','Almeida Viana','2023-10-20 12:00:00','MASCULINO'::"Gender",'012.398.991-49','PARDA','12kg','AB+',NULL,NULL,NULL,NULL,NULL,'1209961','225654','Janaine',NULL,NULL,'BRASIL','Brasilia','DF','Cond São Francisco','07266900','{"mae": {"nome": "Janaine", "cpf": null, "telefone": null}, "pai": {"nome": null, "cpf": "070.837.705-06", "telefone": null}, "responsavelPrincipal": {"nome": "Janaine", "cpf": "070.837.705-06", "parentesco": null, "identidade": null, "orgaoExpedidor": null, "telefone": null}, "enderecoResponsavel": null, "cepResponsavel": null, "escolaridade": null, "profissao": "Serviços Gerais", "numeroDependentes": null, "numeroPessoasCasa": null}'::jsonb,'{"codigoAluno": "1209961", "inscricao": "225654", "censo": null, "beneficio": null, "nis": null, "pisResponsavel": null, "cpfOriginalAluno": "012.398.991-49", "cpfPersistidoNoCampoCpf": "012.398.991-49", "cpfDuplicadoNaPlanilha": false, "serie2024": null, "origemLinhaPlanilha": 10}'::jsonb,'[]'::jsonb,'{"usaTransporteEscolar": null, "nomeTransporte": null}'::jsonb,'{"turmaPlanilha": "Maternal 1", "professoraPlanilha": "Fernanda", "fonte": "DADOS PARA PLATAFORMA PEDAGÓGICA (1) (1).xlsx / Planilha1", "linhaPlanilha": 10, "raw": {"COD. ALUNO": "1209961", "INSCRIÇÃO": "225654", "NOME": "ANTHONY ALMEIDA VIANA", "SEXO": "M", "NASC": "2023-10-20T00:00:00", "NACIONALIDADE": "BRASIL", "NATURALIDADE": "Brasilia", "UF": "DF", "CPF": "012.398.991-49", "RAÇA": "PARDA", "PESO": "12kg", "TIPAGEM SANGUINEA": "AB+", "ENDEREÇO": "Cond São Francisco", "CEP": "7266900", "TURMA": "Maternal 1", "PROFESSORA": "Fernanda", "MÃE": "Janaine", "CPF_3": "070.837.705-06", "NASCIMENTO": "1994-07-03T00:00:00", "NATURALIDADE_2": "Barra", "UF_2": "BA", "PROFISSÃO": "Serviços Gerais"}}'::jsonb,TRUE,NOW(),NOW())
  ON CONFLICT (id) DO UPDATE SET "unitId"=v_unit_id, "firstName"=EXCLUDED."firstName", "lastName"=EXCLUDED."lastName", "dateOfBirth"=EXCLUDED."dateOfBirth", gender=EXCLUDED.gender, cpf=EXCLUDED.cpf, raca=EXCLUDED.raca, peso=EXCLUDED.peso, "bloodType"=EXCLUDED."bloodType", allergies=EXCLUDED.allergies, "medicalConditions"=EXCLUDED."medicalConditions", "usoImagem"=EXCLUDED."usoImagem", laudado=EXCLUDED.laudado, nis=EXCLUDED.nis, "codigoAluno"=EXCLUDED."codigoAluno", inscricao=EXCLUDED.inscricao, "nomeMae"=EXCLUDED."nomeMae", "nomePai"=EXCLUDED."nomePai", "celPai"=EXCLUDED."celPai", nacionalidade=EXCLUDED.nacionalidade, naturalidade=EXCLUDED.naturalidade, "ufNascimento"=EXCLUDED."ufNascimento", endereco=EXCLUDED.endereco, cep=EXCLUDED.cep, "dadosResponsaveis"=EXCLUDED."dadosResponsaveis", "documentosMatricula"=EXCLUDED."documentosMatricula", "autorizadosRetirada"=EXCLUDED."autorizadosRetirada", "transporteEscolar"=EXCLUDED."transporteEscolar", "fichaAdministrativa"=EXCLUDED."fichaAdministrativa", "isActive"=TRUE, "updatedAt"=NOW();
  INSERT INTO "Enrollment" (id,"childId","classroomId","enrollmentDate",status,"createdAt","updatedAt")
  VALUES ('seed_enr_' || 'seed_pelicano_child_1209961_anthony_almeida_viana_seed_pelicano_class_pel_maternal_1_fernanda', 'seed_pelicano_child_1209961_anthony_almeida_viana', 'seed_pelicano_class_pel_maternal_1_fernanda', '2026-02-01 12:00:00', 'ATIVA'::"EnrollmentStatus", NOW(), NOW())
  ON CONFLICT ("childId","classroomId") DO UPDATE SET status=EXCLUDED.status, "updatedAt"=NOW();
  -- Aluno: ANTHONY GAEL PEREIRA AVELINO
  INSERT INTO "Child" (id,"mantenedoraId","unitId","firstName","lastName","dateOfBirth",gender,cpf,raca,peso,"bloodType",allergies,"medicalConditions","usoImagem",laudado,nis,"codigoAluno",inscricao,"nomeMae","nomePai","celPai",nacionalidade,naturalidade,"ufNascimento",endereco,cep,"dadosResponsaveis","documentosMatricula","autorizadosRetirada","transporteEscolar","fichaAdministrativa","isActive","createdAt","updatedAt")
  VALUES ('seed_pelicano_child_1314460_anthony_gael_pereira_avelino',v_mantenedora_id,v_unit_id,'Anthony','Gael Pereira Avelino','2023-07-27 12:00:00','MASCULINO'::"Gender",'120.449.261-13','PARDA','12kg','O+',NULL,NULL,NULL,NULL,NULL,'1314460','274725',NULL,NULL,NULL,'BRASIL','Brasilia','DF','Cond Buritis 1','07266900','{"mae": {"nome": null, "cpf": null, "telefone": null}, "pai": {"nome": null, "cpf": "102.557.591-18", "telefone": null}, "responsavelPrincipal": {"nome": null, "cpf": "102.557.591-18", "parentesco": null, "identidade": null, "orgaoExpedidor": null, "telefone": null}, "enderecoResponsavel": null, "cepResponsavel": null, "escolaridade": null, "profissao": null, "numeroDependentes": null, "numeroPessoasCasa": null}'::jsonb,'{"codigoAluno": "1314460", "inscricao": "274725", "censo": null, "beneficio": null, "nis": null, "pisResponsavel": null, "cpfOriginalAluno": "120.449.261-13", "cpfPersistidoNoCampoCpf": "120.449.261-13", "cpfDuplicadoNaPlanilha": false, "serie2024": null, "origemLinhaPlanilha": 11}'::jsonb,'[]'::jsonb,'{"usaTransporteEscolar": null, "nomeTransporte": null}'::jsonb,'{"turmaPlanilha": "Maternal 1", "professoraPlanilha": "Cida", "fonte": "DADOS PARA PLATAFORMA PEDAGÓGICA (1) (1).xlsx / Planilha1", "linhaPlanilha": 11, "raw": {"COD. ALUNO": "1314460", "INSCRIÇÃO": "274725", "NOME": "ANTHONY GAEL PEREIRA AVELINO", "SEXO": "M", "NASC": "2023-07-27T00:00:00", "NACIONALIDADE": "BRASIL", "NATURALIDADE": "Brasilia", "UF": "DF", "CPF": "12044926113", "RAÇA": "PARDA", "PESO": "12kg", "TIPAGEM SANGUINEA": "O+", "ENDEREÇO": "Cond Buritis 1", "CEP": "7266900", "TURMA": "Maternal 1", "PROFESSORA": "Cida", "CPF_3": "10255759118"}}'::jsonb,TRUE,NOW(),NOW())
  ON CONFLICT (id) DO UPDATE SET "unitId"=v_unit_id, "firstName"=EXCLUDED."firstName", "lastName"=EXCLUDED."lastName", "dateOfBirth"=EXCLUDED."dateOfBirth", gender=EXCLUDED.gender, cpf=EXCLUDED.cpf, raca=EXCLUDED.raca, peso=EXCLUDED.peso, "bloodType"=EXCLUDED."bloodType", allergies=EXCLUDED.allergies, "medicalConditions"=EXCLUDED."medicalConditions", "usoImagem"=EXCLUDED."usoImagem", laudado=EXCLUDED.laudado, nis=EXCLUDED.nis, "codigoAluno"=EXCLUDED."codigoAluno", inscricao=EXCLUDED.inscricao, "nomeMae"=EXCLUDED."nomeMae", "nomePai"=EXCLUDED."nomePai", "celPai"=EXCLUDED."celPai", nacionalidade=EXCLUDED.nacionalidade, naturalidade=EXCLUDED.naturalidade, "ufNascimento"=EXCLUDED."ufNascimento", endereco=EXCLUDED.endereco, cep=EXCLUDED.cep, "dadosResponsaveis"=EXCLUDED."dadosResponsaveis", "documentosMatricula"=EXCLUDED."documentosMatricula", "autorizadosRetirada"=EXCLUDED."autorizadosRetirada", "transporteEscolar"=EXCLUDED."transporteEscolar", "fichaAdministrativa"=EXCLUDED."fichaAdministrativa", "isActive"=TRUE, "updatedAt"=NOW();
  INSERT INTO "Enrollment" (id,"childId","classroomId","enrollmentDate",status,"createdAt","updatedAt")
  VALUES ('seed_enr_' || 'seed_pelicano_child_1314460_anthony_gael_pereira_avelino_seed_pelicano_class_pel_maternal_1_cida', 'seed_pelicano_child_1314460_anthony_gael_pereira_avelino', 'seed_pelicano_class_pel_maternal_1_cida', '2026-02-01 12:00:00', 'ATIVA'::"EnrollmentStatus", NOW(), NOW())
  ON CONFLICT ("childId","classroomId") DO UPDATE SET status=EXCLUDED.status, "updatedAt"=NOW();
  -- Aluno: ANTHONY RODRIGUES AMANCIO
  INSERT INTO "Child" (id,"mantenedoraId","unitId","firstName","lastName","dateOfBirth",gender,cpf,raca,peso,"bloodType",allergies,"medicalConditions","usoImagem",laudado,nis,"codigoAluno",inscricao,"nomeMae","nomePai","celPai",nacionalidade,naturalidade,"ufNascimento",endereco,cep,"dadosResponsaveis","documentosMatricula","autorizadosRetirada","transporteEscolar","fichaAdministrativa","isActive","createdAt","updatedAt")
  VALUES ('seed_pelicano_child_1294633_anthony_rodrigues_amancio',v_mantenedora_id,v_unit_id,'Anthony','Rodrigues Amancio','2023-04-16 12:00:00','MASCULINO'::"Gender",NULL,'PARDA',NULL,NULL,NULL,NULL,NULL,NULL,NULL,'1294633','261935',NULL,NULL,NULL,'BRASIL','Brasilia','DF',NULL,'07266900','{"mae": {"nome": null, "cpf": null, "telefone": null}, "pai": {"nome": null, "cpf": null, "telefone": null}, "responsavelPrincipal": {"nome": null, "cpf": null, "parentesco": null, "identidade": null, "orgaoExpedidor": null, "telefone": null}, "enderecoResponsavel": null, "cepResponsavel": null, "escolaridade": null, "profissao": null, "numeroDependentes": null, "numeroPessoasCasa": null}'::jsonb,'{"codigoAluno": "1294633", "inscricao": "261935", "censo": null, "beneficio": null, "nis": null, "pisResponsavel": null, "cpfOriginalAluno": null, "cpfPersistidoNoCampoCpf": null, "cpfDuplicadoNaPlanilha": false, "serie2024": null, "origemLinhaPlanilha": 12}'::jsonb,'[]'::jsonb,'{"usaTransporteEscolar": null, "nomeTransporte": null}'::jsonb,'{"turmaPlanilha": "Maternal 1", "professoraPlanilha": "Cida", "fonte": "DADOS PARA PLATAFORMA PEDAGÓGICA (1) (1).xlsx / Planilha1", "linhaPlanilha": 12, "raw": {"COD. ALUNO": "1294633", "INSCRIÇÃO": "261935", "NOME": "ANTHONY RODRIGUES AMANCIO", "SEXO": "M", "NASC": "2023-04-16T00:00:00", "NACIONALIDADE": "BRASIL", "NATURALIDADE": "Brasilia", "UF": "DF", "RAÇA": "PARDA", "CEP": "7266900", "TURMA": "Maternal 1", "PROFESSORA": "Cida"}}'::jsonb,TRUE,NOW(),NOW())
  ON CONFLICT (id) DO UPDATE SET "unitId"=v_unit_id, "firstName"=EXCLUDED."firstName", "lastName"=EXCLUDED."lastName", "dateOfBirth"=EXCLUDED."dateOfBirth", gender=EXCLUDED.gender, cpf=EXCLUDED.cpf, raca=EXCLUDED.raca, peso=EXCLUDED.peso, "bloodType"=EXCLUDED."bloodType", allergies=EXCLUDED.allergies, "medicalConditions"=EXCLUDED."medicalConditions", "usoImagem"=EXCLUDED."usoImagem", laudado=EXCLUDED.laudado, nis=EXCLUDED.nis, "codigoAluno"=EXCLUDED."codigoAluno", inscricao=EXCLUDED.inscricao, "nomeMae"=EXCLUDED."nomeMae", "nomePai"=EXCLUDED."nomePai", "celPai"=EXCLUDED."celPai", nacionalidade=EXCLUDED.nacionalidade, naturalidade=EXCLUDED.naturalidade, "ufNascimento"=EXCLUDED."ufNascimento", endereco=EXCLUDED.endereco, cep=EXCLUDED.cep, "dadosResponsaveis"=EXCLUDED."dadosResponsaveis", "documentosMatricula"=EXCLUDED."documentosMatricula", "autorizadosRetirada"=EXCLUDED."autorizadosRetirada", "transporteEscolar"=EXCLUDED."transporteEscolar", "fichaAdministrativa"=EXCLUDED."fichaAdministrativa", "isActive"=TRUE, "updatedAt"=NOW();
  INSERT INTO "Enrollment" (id,"childId","classroomId","enrollmentDate",status,"createdAt","updatedAt")
  VALUES ('seed_enr_' || 'seed_pelicano_child_1294633_anthony_rodrigues_amancio_seed_pelicano_class_pel_maternal_1_cida', 'seed_pelicano_child_1294633_anthony_rodrigues_amancio', 'seed_pelicano_class_pel_maternal_1_cida', '2026-02-01 12:00:00', 'ATIVA'::"EnrollmentStatus", NOW(), NOW())
  ON CONFLICT ("childId","classroomId") DO UPDATE SET status=EXCLUDED.status, "updatedAt"=NOW();
  -- Aluno: ARTHUR MIGUEL SILVA JUNIOR
  INSERT INTO "Child" (id,"mantenedoraId","unitId","firstName","lastName","dateOfBirth",gender,cpf,raca,peso,"bloodType",allergies,"medicalConditions","usoImagem",laudado,nis,"codigoAluno",inscricao,"nomeMae","nomePai","celPai",nacionalidade,naturalidade,"ufNascimento",endereco,cep,"dadosResponsaveis","documentosMatricula","autorizadosRetirada","transporteEscolar","fichaAdministrativa","isActive","createdAt","updatedAt")
  VALUES ('seed_pelicano_child_1292479_arthur_miguel_silva_junior',v_mantenedora_id,v_unit_id,'Arthur','Miguel Silva Junior','2023-09-30 12:00:00','MASCULINO'::"Gender",'001.499.341-49','PARDA','11.8kg','A+',NULL,NULL,NULL,NULL,NULL,'1292479','260412','Laiza',NULL,NULL,'BRASIL','Brasilia','DF','Cond Salomão','07266900','{"mae": {"nome": "Laiza", "cpf": null, "telefone": null}, "pai": {"nome": null, "cpf": "038.695.881-52", "telefone": null}, "responsavelPrincipal": {"nome": "Laiza", "cpf": "038.695.881-52", "parentesco": null, "identidade": null, "orgaoExpedidor": null, "telefone": null}, "enderecoResponsavel": null, "cepResponsavel": null, "escolaridade": null, "profissao": "Babá", "numeroDependentes": null, "numeroPessoasCasa": null}'::jsonb,'{"codigoAluno": "1292479", "inscricao": "260412", "censo": null, "beneficio": null, "nis": null, "pisResponsavel": null, "cpfOriginalAluno": "001.499.341-49", "cpfPersistidoNoCampoCpf": "001.499.341-49", "cpfDuplicadoNaPlanilha": false, "serie2024": null, "origemLinhaPlanilha": 13}'::jsonb,'[]'::jsonb,'{"usaTransporteEscolar": null, "nomeTransporte": null}'::jsonb,'{"turmaPlanilha": "Maternal 1", "professoraPlanilha": "Fernanda", "fonte": "DADOS PARA PLATAFORMA PEDAGÓGICA (1) (1).xlsx / Planilha1", "linhaPlanilha": 13, "raw": {"COD. ALUNO": "1292479", "INSCRIÇÃO": "260412", "NOME": "ARTHUR MIGUEL SILVA JUNIOR", "SEXO": "M", "NASC": "2023-09-30T00:00:00", "NACIONALIDADE": "BRASIL", "NATURALIDADE": "Brasilia", "UF": "DF", "CPF": "001.499.341-49", "RAÇA": "PARDA", "PESO": "11.8kg", "TIPAGEM SANGUINEA": "A+", "ENDEREÇO": "Cond Salomão", "CEP": "7266900", "TURMA": "Maternal 1", "PROFESSORA": "Fernanda", "MÃE": "Laiza", "CPF_3": "038.695.881-52", "NASCIMENTO": "1991-06-26T00:00:00", "NATURALIDADE_2": "Brasilia", "UF_2": "DF", "PROFISSÃO": "Babá"}}'::jsonb,TRUE,NOW(),NOW())
  ON CONFLICT (id) DO UPDATE SET "unitId"=v_unit_id, "firstName"=EXCLUDED."firstName", "lastName"=EXCLUDED."lastName", "dateOfBirth"=EXCLUDED."dateOfBirth", gender=EXCLUDED.gender, cpf=EXCLUDED.cpf, raca=EXCLUDED.raca, peso=EXCLUDED.peso, "bloodType"=EXCLUDED."bloodType", allergies=EXCLUDED.allergies, "medicalConditions"=EXCLUDED."medicalConditions", "usoImagem"=EXCLUDED."usoImagem", laudado=EXCLUDED.laudado, nis=EXCLUDED.nis, "codigoAluno"=EXCLUDED."codigoAluno", inscricao=EXCLUDED.inscricao, "nomeMae"=EXCLUDED."nomeMae", "nomePai"=EXCLUDED."nomePai", "celPai"=EXCLUDED."celPai", nacionalidade=EXCLUDED.nacionalidade, naturalidade=EXCLUDED.naturalidade, "ufNascimento"=EXCLUDED."ufNascimento", endereco=EXCLUDED.endereco, cep=EXCLUDED.cep, "dadosResponsaveis"=EXCLUDED."dadosResponsaveis", "documentosMatricula"=EXCLUDED."documentosMatricula", "autorizadosRetirada"=EXCLUDED."autorizadosRetirada", "transporteEscolar"=EXCLUDED."transporteEscolar", "fichaAdministrativa"=EXCLUDED."fichaAdministrativa", "isActive"=TRUE, "updatedAt"=NOW();
  INSERT INTO "Enrollment" (id,"childId","classroomId","enrollmentDate",status,"createdAt","updatedAt")
  VALUES ('seed_enr_' || 'seed_pelicano_child_1292479_arthur_miguel_silva_junior_seed_pelicano_class_pel_maternal_1_fernanda', 'seed_pelicano_child_1292479_arthur_miguel_silva_junior', 'seed_pelicano_class_pel_maternal_1_fernanda', '2026-02-01 12:00:00', 'ATIVA'::"EnrollmentStatus", NOW(), NOW())
  ON CONFLICT ("childId","classroomId") DO UPDATE SET status=EXCLUDED.status, "updatedAt"=NOW();
  -- Aluno: AURORA VALENTYNNE AMORIM ISIDORIO
  INSERT INTO "Child" (id,"mantenedoraId","unitId","firstName","lastName","dateOfBirth",gender,cpf,raca,peso,"bloodType",allergies,"medicalConditions","usoImagem",laudado,nis,"codigoAluno",inscricao,"nomeMae","nomePai","celPai",nacionalidade,naturalidade,"ufNascimento",endereco,cep,"dadosResponsaveis","documentosMatricula","autorizadosRetirada","transporteEscolar","fichaAdministrativa","isActive","createdAt","updatedAt")
  VALUES ('seed_pelicano_child_1288107_aurora_valentynne_amorim_isidorio',v_mantenedora_id,v_unit_id,'Aurora','Valentynne Amorim Isidorio','2023-04-22 12:00:00','FEMININO'::"Gender",'119.410.421-55','PARDA','13kg','B+',NULL,NULL,NULL,NULL,NULL,'1288107','258043','Valdenice','Bernardo',NULL,'BRASIL','Brasilia','DF','QR 114 Samambaia','07266900','{"mae": {"nome": "Valdenice", "cpf": null, "telefone": null}, "pai": {"nome": "Bernardo", "cpf": "914.977.523-53", "telefone": null}, "responsavelPrincipal": {"nome": "Valdenice", "cpf": "914.977.523-53", "parentesco": null, "identidade": null, "orgaoExpedidor": null, "telefone": null}, "enderecoResponsavel": null, "cepResponsavel": null, "escolaridade": null, "profissao": null, "numeroDependentes": null, "numeroPessoasCasa": null}'::jsonb,'{"codigoAluno": "1288107", "inscricao": "258043", "censo": null, "beneficio": null, "nis": null, "pisResponsavel": null, "cpfOriginalAluno": "119.410.421-55", "cpfPersistidoNoCampoCpf": "119.410.421-55", "cpfDuplicadoNaPlanilha": false, "serie2024": null, "origemLinhaPlanilha": 14}'::jsonb,'[]'::jsonb,'{"usaTransporteEscolar": null, "nomeTransporte": null}'::jsonb,'{"turmaPlanilha": "Maternal 1", "professoraPlanilha": "Cida", "fonte": "DADOS PARA PLATAFORMA PEDAGÓGICA (1) (1).xlsx / Planilha1", "linhaPlanilha": 14, "raw": {"COD. ALUNO": "1288107", "INSCRIÇÃO": "258043", "NOME": "AURORA VALENTYNNE AMORIM ISIDORIO", "SEXO": "F", "NASC": "2023-04-22T00:00:00", "NACIONALIDADE": "BRASIL", "NATURALIDADE": "Brasilia", "UF": "DF", "CPF": "11941042155", "RAÇA": "PARDA", "PESO": "13kg", "TIPAGEM SANGUINEA": "B+", "ENDEREÇO": "QR 114 Samambaia", "CEP": "7266900", "TURMA": "Maternal 1", "PROFESSORA": "Cida", "MÃE_2": "Valdenice", "PAI": "Bernardo", "CPF_3": "91497752353", "NASCIMENTO": "Monte Alegre", "UF_2": "PI"}}'::jsonb,TRUE,NOW(),NOW())
  ON CONFLICT (id) DO UPDATE SET "unitId"=v_unit_id, "firstName"=EXCLUDED."firstName", "lastName"=EXCLUDED."lastName", "dateOfBirth"=EXCLUDED."dateOfBirth", gender=EXCLUDED.gender, cpf=EXCLUDED.cpf, raca=EXCLUDED.raca, peso=EXCLUDED.peso, "bloodType"=EXCLUDED."bloodType", allergies=EXCLUDED.allergies, "medicalConditions"=EXCLUDED."medicalConditions", "usoImagem"=EXCLUDED."usoImagem", laudado=EXCLUDED.laudado, nis=EXCLUDED.nis, "codigoAluno"=EXCLUDED."codigoAluno", inscricao=EXCLUDED.inscricao, "nomeMae"=EXCLUDED."nomeMae", "nomePai"=EXCLUDED."nomePai", "celPai"=EXCLUDED."celPai", nacionalidade=EXCLUDED.nacionalidade, naturalidade=EXCLUDED.naturalidade, "ufNascimento"=EXCLUDED."ufNascimento", endereco=EXCLUDED.endereco, cep=EXCLUDED.cep, "dadosResponsaveis"=EXCLUDED."dadosResponsaveis", "documentosMatricula"=EXCLUDED."documentosMatricula", "autorizadosRetirada"=EXCLUDED."autorizadosRetirada", "transporteEscolar"=EXCLUDED."transporteEscolar", "fichaAdministrativa"=EXCLUDED."fichaAdministrativa", "isActive"=TRUE, "updatedAt"=NOW();
  INSERT INTO "Enrollment" (id,"childId","classroomId","enrollmentDate",status,"createdAt","updatedAt")
  VALUES ('seed_enr_' || 'seed_pelicano_child_1288107_aurora_valentynne_amorim_isidorio_seed_pelicano_class_pel_maternal_1_cid', 'seed_pelicano_child_1288107_aurora_valentynne_amorim_isidorio', 'seed_pelicano_class_pel_maternal_1_cida', '2026-02-01 12:00:00', 'ATIVA'::"EnrollmentStatus", NOW(), NOW())
  ON CONFLICT ("childId","classroomId") DO UPDATE SET status=EXCLUDED.status, "updatedAt"=NOW();
  -- Aluno: BENICIO DIAS ARAUJO
  INSERT INTO "Child" (id,"mantenedoraId","unitId","firstName","lastName","dateOfBirth",gender,cpf,raca,peso,"bloodType",allergies,"medicalConditions","usoImagem",laudado,nis,"codigoAluno",inscricao,"nomeMae","nomePai","celPai",nacionalidade,naturalidade,"ufNascimento",endereco,cep,"dadosResponsaveis","documentosMatricula","autorizadosRetirada","transporteEscolar","fichaAdministrativa","isActive","createdAt","updatedAt")
  VALUES ('seed_pelicano_child_1296968_benicio_dias_araujo',v_mantenedora_id,v_unit_id,'Benicio','Dias Araujo','2024-02-01 12:00:00','MASCULINO'::"Gender",'043.562.501-25','PARDA','12kg','A+',NULL,NULL,NULL,NULL,NULL,'1296968','263452','Karleane','Geovanes',NULL,'BRASIL','Brasilia','DF','QD 06 Casa 28','07266900','{"mae": {"nome": "Karleane", "cpf": null, "telefone": null}, "pai": {"nome": "Geovanes", "cpf": "607.962.343-96", "telefone": null}, "responsavelPrincipal": {"nome": "Karleane", "cpf": "607.962.343-96", "parentesco": null, "identidade": null, "orgaoExpedidor": null, "telefone": null}, "enderecoResponsavel": null, "cepResponsavel": null, "escolaridade": null, "profissao": "Dona de Casa", "numeroDependentes": null, "numeroPessoasCasa": null}'::jsonb,'{"codigoAluno": "1296968", "inscricao": "263452", "censo": null, "beneficio": null, "nis": null, "pisResponsavel": null, "cpfOriginalAluno": "043.562.501-25", "cpfPersistidoNoCampoCpf": "043.562.501-25", "cpfDuplicadoNaPlanilha": false, "serie2024": null, "origemLinhaPlanilha": 15}'::jsonb,'[]'::jsonb,'{"usaTransporteEscolar": null, "nomeTransporte": null}'::jsonb,'{"turmaPlanilha": "Maternal 1", "professoraPlanilha": "Adriana", "fonte": "DADOS PARA PLATAFORMA PEDAGÓGICA (1) (1).xlsx / Planilha1", "linhaPlanilha": 15, "raw": {"COD. ALUNO": "1296968", "INSCRIÇÃO": "263452", "NOME": "BENICIO DIAS ARAUJO", "SEXO": "M", "NASC": "2024-02-01T00:00:00", "NACIONALIDADE": "BRASIL", "NATURALIDADE": "Brasilia", "UF": "DF", "CPF": "043.562.501-25", "RAÇA": "PARDA", "PESO": "12kg", "TIPAGEM SANGUINEA": "A+", "ENDEREÇO": "QD 06 Casa 28", "CEP": "7266900", "TURMA": "Maternal 1", "PROFESSORA": "Adriana", "MÃE": "Karleane", "PAI": "Geovanes", "RESPONSÁVEL_2": "Karleane", "CPF_3": "607.962.343-96", "NASCIMENTO": "1991-12-04T00:00:00", "NATURALIDADE_2": "Barra da Corda", "UF_2": "MA", "PROFISSÃO": "Dona de Casa"}}'::jsonb,TRUE,NOW(),NOW())
  ON CONFLICT (id) DO UPDATE SET "unitId"=v_unit_id, "firstName"=EXCLUDED."firstName", "lastName"=EXCLUDED."lastName", "dateOfBirth"=EXCLUDED."dateOfBirth", gender=EXCLUDED.gender, cpf=EXCLUDED.cpf, raca=EXCLUDED.raca, peso=EXCLUDED.peso, "bloodType"=EXCLUDED."bloodType", allergies=EXCLUDED.allergies, "medicalConditions"=EXCLUDED."medicalConditions", "usoImagem"=EXCLUDED."usoImagem", laudado=EXCLUDED.laudado, nis=EXCLUDED.nis, "codigoAluno"=EXCLUDED."codigoAluno", inscricao=EXCLUDED.inscricao, "nomeMae"=EXCLUDED."nomeMae", "nomePai"=EXCLUDED."nomePai", "celPai"=EXCLUDED."celPai", nacionalidade=EXCLUDED.nacionalidade, naturalidade=EXCLUDED.naturalidade, "ufNascimento"=EXCLUDED."ufNascimento", endereco=EXCLUDED.endereco, cep=EXCLUDED.cep, "dadosResponsaveis"=EXCLUDED."dadosResponsaveis", "documentosMatricula"=EXCLUDED."documentosMatricula", "autorizadosRetirada"=EXCLUDED."autorizadosRetirada", "transporteEscolar"=EXCLUDED."transporteEscolar", "fichaAdministrativa"=EXCLUDED."fichaAdministrativa", "isActive"=TRUE, "updatedAt"=NOW();
  INSERT INTO "Enrollment" (id,"childId","classroomId","enrollmentDate",status,"createdAt","updatedAt")
  VALUES ('seed_enr_' || 'seed_pelicano_child_1296968_benicio_dias_araujo_seed_pelicano_class_pel_maternal_1_adriana', 'seed_pelicano_child_1296968_benicio_dias_araujo', 'seed_pelicano_class_pel_maternal_1_adriana', '2026-02-01 12:00:00', 'ATIVA'::"EnrollmentStatus", NOW(), NOW())
  ON CONFLICT ("childId","classroomId") DO UPDATE SET status=EXCLUDED.status, "updatedAt"=NOW();
  -- Aluno: BENICIO FERNANDES OLIVEIRA
  INSERT INTO "Child" (id,"mantenedoraId","unitId","firstName","lastName","dateOfBirth",gender,cpf,raca,peso,"bloodType",allergies,"medicalConditions","usoImagem",laudado,nis,"codigoAluno",inscricao,"nomeMae","nomePai","celPai",nacionalidade,naturalidade,"ufNascimento",endereco,cep,"dadosResponsaveis","documentosMatricula","autorizadosRetirada","transporteEscolar","fichaAdministrativa","isActive","createdAt","updatedAt")
  VALUES ('seed_pelicano_child_1307831_benicio_fernandes_oliveira',v_mantenedora_id,v_unit_id,'Benicio','Fernandes Oliveira','2024-01-22 12:00:00','MASCULINO'::"Gender",'040.484.311-53','PARDA','15kg','A+',NULL,NULL,NULL,NULL,NULL,'1307831','270859','Keila',NULL,NULL,'BRASIL','Brasilia','DF','246 Lote 10B','07266900','{"mae": {"nome": "Keila", "cpf": null, "telefone": null}, "pai": {"nome": null, "cpf": null, "telefone": null}, "responsavelPrincipal": {"nome": "Keila", "cpf": null, "parentesco": null, "identidade": "3333498", "orgaoExpedidor": "SSP", "telefone": null}, "enderecoResponsavel": null, "cepResponsavel": null, "escolaridade": "Ensino Médio", "profissao": "Vendedora", "numeroDependentes": null, "numeroPessoasCasa": null}'::jsonb,'{"codigoAluno": "1307831", "inscricao": "270859", "censo": null, "beneficio": null, "nis": null, "pisResponsavel": null, "cpfOriginalAluno": "040.484.311-53", "cpfPersistidoNoCampoCpf": "040.484.311-53", "cpfDuplicadoNaPlanilha": false, "serie2024": null, "origemLinhaPlanilha": 16}'::jsonb,'[]'::jsonb,'{"usaTransporteEscolar": null, "nomeTransporte": null}'::jsonb,'{"turmaPlanilha": "Maternal 1", "professoraPlanilha": "Adriana", "fonte": "DADOS PARA PLATAFORMA PEDAGÓGICA (1) (1).xlsx / Planilha1", "linhaPlanilha": 16, "raw": {"COD. ALUNO": "1307831", "INSCRIÇÃO": "270859", "NOME": "BENICIO FERNANDES OLIVEIRA", "SEXO": "M", "NASC": "2024-01-22T00:00:00", "NACIONALIDADE": "BRASIL", "NATURALIDADE": "Brasilia", "UF": "DF", "CPF": "040.484.311-53", "RAÇA": "PARDA", "PESO": "15kg", "TIPAGEM SANGUINEA": "A+", "ENDEREÇO": "246 Lote 10B", "CEP": "7266900", "TURMA": "Maternal 1", "PROFESSORA": "Adriana", "MÃE": "Keila", "IDENTIDADE RESP": "3333498", "ORG. EXPEDITOR": "SSP", "NASCIMENTO": "1998-01-13T00:00:00", "NATURALIDADE_2": "Brasilia", "UF_2": "DF", "ESCOLARIDADE": "Ensino Médio", "PROFISSÃO": "Vendedora"}}'::jsonb,TRUE,NOW(),NOW())
  ON CONFLICT (id) DO UPDATE SET "unitId"=v_unit_id, "firstName"=EXCLUDED."firstName", "lastName"=EXCLUDED."lastName", "dateOfBirth"=EXCLUDED."dateOfBirth", gender=EXCLUDED.gender, cpf=EXCLUDED.cpf, raca=EXCLUDED.raca, peso=EXCLUDED.peso, "bloodType"=EXCLUDED."bloodType", allergies=EXCLUDED.allergies, "medicalConditions"=EXCLUDED."medicalConditions", "usoImagem"=EXCLUDED."usoImagem", laudado=EXCLUDED.laudado, nis=EXCLUDED.nis, "codigoAluno"=EXCLUDED."codigoAluno", inscricao=EXCLUDED.inscricao, "nomeMae"=EXCLUDED."nomeMae", "nomePai"=EXCLUDED."nomePai", "celPai"=EXCLUDED."celPai", nacionalidade=EXCLUDED.nacionalidade, naturalidade=EXCLUDED.naturalidade, "ufNascimento"=EXCLUDED."ufNascimento", endereco=EXCLUDED.endereco, cep=EXCLUDED.cep, "dadosResponsaveis"=EXCLUDED."dadosResponsaveis", "documentosMatricula"=EXCLUDED."documentosMatricula", "autorizadosRetirada"=EXCLUDED."autorizadosRetirada", "transporteEscolar"=EXCLUDED."transporteEscolar", "fichaAdministrativa"=EXCLUDED."fichaAdministrativa", "isActive"=TRUE, "updatedAt"=NOW();
  INSERT INTO "Enrollment" (id,"childId","classroomId","enrollmentDate",status,"createdAt","updatedAt")
  VALUES ('seed_enr_' || 'seed_pelicano_child_1307831_benicio_fernandes_oliveira_seed_pelicano_class_pel_maternal_1_adriana', 'seed_pelicano_child_1307831_benicio_fernandes_oliveira', 'seed_pelicano_class_pel_maternal_1_adriana', '2026-02-01 12:00:00', 'ATIVA'::"EnrollmentStatus", NOW(), NOW())
  ON CONFLICT ("childId","classroomId") DO UPDATE SET status=EXCLUDED.status, "updatedAt"=NOW();
  -- Aluno: BERNARDO DOS SANTOS
  INSERT INTO "Child" (id,"mantenedoraId","unitId","firstName","lastName","dateOfBirth",gender,cpf,raca,peso,"bloodType",allergies,"medicalConditions","usoImagem",laudado,nis,"codigoAluno",inscricao,"nomeMae","nomePai","celPai",nacionalidade,naturalidade,"ufNascimento",endereco,cep,"dadosResponsaveis","documentosMatricula","autorizadosRetirada","transporteEscolar","fichaAdministrativa","isActive","createdAt","updatedAt")
  VALUES ('seed_pelicano_child_1291403_bernardo_dos_santos',v_mantenedora_id,v_unit_id,'Bernardo','Dos Santos','2023-12-10 12:00:00','MASCULINO'::"Gender",'028.487.591-00','PARDA','13kg','AB+',NULL,NULL,NULL,NULL,NULL,'1291403','259822','Barbara',NULL,NULL,'BRASIL','Brasilia','DF','Cond Galileia','07266900','{"mae": {"nome": "Barbara", "cpf": null, "telefone": null}, "pai": {"nome": null, "cpf": "104.173.801-35", "telefone": null}, "responsavelPrincipal": {"nome": "Barbara", "cpf": "104.173.801-35", "parentesco": null, "identidade": null, "orgaoExpedidor": null, "telefone": null}, "enderecoResponsavel": null, "cepResponsavel": null, "escolaridade": null, "profissao": null, "numeroDependentes": null, "numeroPessoasCasa": null}'::jsonb,'{"codigoAluno": "1291403", "inscricao": "259822", "censo": null, "beneficio": null, "nis": null, "pisResponsavel": null, "cpfOriginalAluno": "028.487.591-00", "cpfPersistidoNoCampoCpf": "028.487.591-00", "cpfDuplicadoNaPlanilha": false, "serie2024": null, "origemLinhaPlanilha": 17}'::jsonb,'[]'::jsonb,'{"usaTransporteEscolar": null, "nomeTransporte": null}'::jsonb,'{"turmaPlanilha": "Maternal 1", "professoraPlanilha": "Apoliana", "fonte": "DADOS PARA PLATAFORMA PEDAGÓGICA (1) (1).xlsx / Planilha1", "linhaPlanilha": 17, "raw": {"COD. ALUNO": "1291403", "INSCRIÇÃO": "259822", "NOME": "BERNARDO DOS SANTOS", "SEXO": "M", "NASC": "2023-12-10T00:00:00", "NACIONALIDADE": "BRASIL", "NATURALIDADE": "Brasilia", "UF": "DF", "CPF": "028.487.591-00", "RAÇA": "PARDA", "PESO": "13kg", "TIPAGEM SANGUINEA": "AB+", "ENDEREÇO": "Cond Galileia", "CEP": "7266900", "TURMA": "Maternal 1", "PROFESSORA": "Apoliana", "MÃE": "Barbara", "CPF_3": "10417380135", "NATURALIDADE_2": "Santo Antonio", "UF_2": "GO"}}'::jsonb,TRUE,NOW(),NOW())
  ON CONFLICT (id) DO UPDATE SET "unitId"=v_unit_id, "firstName"=EXCLUDED."firstName", "lastName"=EXCLUDED."lastName", "dateOfBirth"=EXCLUDED."dateOfBirth", gender=EXCLUDED.gender, cpf=EXCLUDED.cpf, raca=EXCLUDED.raca, peso=EXCLUDED.peso, "bloodType"=EXCLUDED."bloodType", allergies=EXCLUDED.allergies, "medicalConditions"=EXCLUDED."medicalConditions", "usoImagem"=EXCLUDED."usoImagem", laudado=EXCLUDED.laudado, nis=EXCLUDED.nis, "codigoAluno"=EXCLUDED."codigoAluno", inscricao=EXCLUDED.inscricao, "nomeMae"=EXCLUDED."nomeMae", "nomePai"=EXCLUDED."nomePai", "celPai"=EXCLUDED."celPai", nacionalidade=EXCLUDED.nacionalidade, naturalidade=EXCLUDED.naturalidade, "ufNascimento"=EXCLUDED."ufNascimento", endereco=EXCLUDED.endereco, cep=EXCLUDED.cep, "dadosResponsaveis"=EXCLUDED."dadosResponsaveis", "documentosMatricula"=EXCLUDED."documentosMatricula", "autorizadosRetirada"=EXCLUDED."autorizadosRetirada", "transporteEscolar"=EXCLUDED."transporteEscolar", "fichaAdministrativa"=EXCLUDED."fichaAdministrativa", "isActive"=TRUE, "updatedAt"=NOW();
  INSERT INTO "Enrollment" (id,"childId","classroomId","enrollmentDate",status,"createdAt","updatedAt")
  VALUES ('seed_enr_' || 'seed_pelicano_child_1291403_bernardo_dos_santos_seed_pelicano_class_pel_maternal_1_apoliana', 'seed_pelicano_child_1291403_bernardo_dos_santos', 'seed_pelicano_class_pel_maternal_1_apoliana', '2026-02-01 12:00:00', 'ATIVA'::"EnrollmentStatus", NOW(), NOW())
  ON CONFLICT ("childId","classroomId") DO UPDATE SET status=EXCLUDED.status, "updatedAt"=NOW();
  -- Aluno: BERNARDO HENRIQUE GAMA DOS SANTOS
  INSERT INTO "Child" (id,"mantenedoraId","unitId","firstName","lastName","dateOfBirth",gender,cpf,raca,peso,"bloodType",allergies,"medicalConditions","usoImagem",laudado,nis,"codigoAluno",inscricao,"nomeMae","nomePai","celPai",nacionalidade,naturalidade,"ufNascimento",endereco,cep,"dadosResponsaveis","documentosMatricula","autorizadosRetirada","transporteEscolar","fichaAdministrativa","isActive","createdAt","updatedAt")
  VALUES ('seed_pelicano_child_1306411_bernardo_henrique_gama_dos_santos',v_mantenedora_id,v_unit_id,'Bernardo','Henrique Gama Dos Santos','2023-08-14 12:00:00','MASCULINO'::"Gender",'120.628.421-80','PARDA','12.5kg','O+',NULL,NULL,NULL,NULL,NULL,'1306411','269616','Estephany',NULL,NULL,'BRASIL','Brasilia','DF','Cond São Francisco','07266900','{"mae": {"nome": "Estephany", "cpf": null, "telefone": null}, "pai": {"nome": null, "cpf": null, "telefone": null}, "responsavelPrincipal": {"nome": "Estephany", "cpf": null, "parentesco": null, "identidade": "3697831", "orgaoExpedidor": "SSP", "telefone": null}, "enderecoResponsavel": null, "cepResponsavel": null, "escolaridade": null, "profissao": null, "numeroDependentes": null, "numeroPessoasCasa": null}'::jsonb,'{"codigoAluno": "1306411", "inscricao": "269616", "censo": null, "beneficio": null, "nis": null, "pisResponsavel": null, "cpfOriginalAluno": "120.628.421-80", "cpfPersistidoNoCampoCpf": "120.628.421-80", "cpfDuplicadoNaPlanilha": false, "serie2024": null, "origemLinhaPlanilha": 18}'::jsonb,'[]'::jsonb,'{"usaTransporteEscolar": null, "nomeTransporte": null}'::jsonb,'{"turmaPlanilha": "Maternal 1", "professoraPlanilha": "Adriana", "fonte": "DADOS PARA PLATAFORMA PEDAGÓGICA (1) (1).xlsx / Planilha1", "linhaPlanilha": 18, "raw": {"COD. ALUNO": "1306411", "INSCRIÇÃO": "269616", "NOME": "BERNARDO HENRIQUE GAMA DOS SANTOS", "SEXO": "M", "NASC": "2023-08-14T00:00:00", "NACIONALIDADE": "BRASIL", "NATURALIDADE": "Brasilia", "UF": "DF", "CPF": "12062842180", "RAÇA": "PARDA", "PESO": "12.5kg", "TIPAGEM SANGUINEA": "O+", "ENDEREÇO": "Cond São Francisco", "CEP": "7266900", "TURMA": "Maternal 1", "PROFESSORA": "Adriana", "MÃE": "Estephany", "IDENTIDADE RESP": "3697831", "ORG. EXPEDITOR": "SSP", "NASCIMENTO": "2002-08-15T00:00:00", "NATURALIDADE_2": "Serra", "UF_2": "ES"}}'::jsonb,TRUE,NOW(),NOW())
  ON CONFLICT (id) DO UPDATE SET "unitId"=v_unit_id, "firstName"=EXCLUDED."firstName", "lastName"=EXCLUDED."lastName", "dateOfBirth"=EXCLUDED."dateOfBirth", gender=EXCLUDED.gender, cpf=EXCLUDED.cpf, raca=EXCLUDED.raca, peso=EXCLUDED.peso, "bloodType"=EXCLUDED."bloodType", allergies=EXCLUDED.allergies, "medicalConditions"=EXCLUDED."medicalConditions", "usoImagem"=EXCLUDED."usoImagem", laudado=EXCLUDED.laudado, nis=EXCLUDED.nis, "codigoAluno"=EXCLUDED."codigoAluno", inscricao=EXCLUDED.inscricao, "nomeMae"=EXCLUDED."nomeMae", "nomePai"=EXCLUDED."nomePai", "celPai"=EXCLUDED."celPai", nacionalidade=EXCLUDED.nacionalidade, naturalidade=EXCLUDED.naturalidade, "ufNascimento"=EXCLUDED."ufNascimento", endereco=EXCLUDED.endereco, cep=EXCLUDED.cep, "dadosResponsaveis"=EXCLUDED."dadosResponsaveis", "documentosMatricula"=EXCLUDED."documentosMatricula", "autorizadosRetirada"=EXCLUDED."autorizadosRetirada", "transporteEscolar"=EXCLUDED."transporteEscolar", "fichaAdministrativa"=EXCLUDED."fichaAdministrativa", "isActive"=TRUE, "updatedAt"=NOW();
  INSERT INTO "Enrollment" (id,"childId","classroomId","enrollmentDate",status,"createdAt","updatedAt")
  VALUES ('seed_enr_' || 'seed_pelicano_child_1306411_bernardo_henrique_gama_dos_santos_seed_pelicano_class_pel_maternal_1_adr', 'seed_pelicano_child_1306411_bernardo_henrique_gama_dos_santos', 'seed_pelicano_class_pel_maternal_1_adriana', '2026-02-01 12:00:00', 'ATIVA'::"EnrollmentStatus", NOW(), NOW())
  ON CONFLICT ("childId","classroomId") DO UPDATE SET status=EXCLUDED.status, "updatedAt"=NOW();
  -- Aluno: BERNARDO OLIVEIRA DA SILVA
  INSERT INTO "Child" (id,"mantenedoraId","unitId","firstName","lastName","dateOfBirth",gender,cpf,raca,peso,"bloodType",allergies,"medicalConditions","usoImagem",laudado,nis,"codigoAluno",inscricao,"nomeMae","nomePai","celPai",nacionalidade,naturalidade,"ufNascimento",endereco,cep,"dadosResponsaveis","documentosMatricula","autorizadosRetirada","transporteEscolar","fichaAdministrativa","isActive","createdAt","updatedAt")
  VALUES ('seed_pelicano_child_1253217_bernardo_oliveira_da_silva',v_mantenedora_id,v_unit_id,'Bernardo','Oliveira Da Silva','2023-05-14 12:00:00','MASCULINO'::"Gender",'119.659.301-90','PARDA','15kg','O+',NULL,NULL,NULL,NULL,NULL,'1253217','244584','Mikaelle',NULL,NULL,'BRASIL','Brasilia','DF','Cond Buritis 1','07266900','{"mae": {"nome": "Mikaelle", "cpf": null, "telefone": null}, "pai": {"nome": null, "cpf": "053.686.811-67", "telefone": null}, "responsavelPrincipal": {"nome": "Mikaelle", "cpf": "053.686.811-67", "parentesco": null, "identidade": null, "orgaoExpedidor": null, "telefone": null}, "enderecoResponsavel": null, "cepResponsavel": null, "escolaridade": null, "profissao": null, "numeroDependentes": null, "numeroPessoasCasa": null}'::jsonb,'{"codigoAluno": "1253217", "inscricao": "244584", "censo": null, "beneficio": null, "nis": null, "pisResponsavel": null, "cpfOriginalAluno": "119.659.301-90", "cpfPersistidoNoCampoCpf": "119.659.301-90", "cpfDuplicadoNaPlanilha": false, "serie2024": null, "origemLinhaPlanilha": 19}'::jsonb,'[]'::jsonb,'{"usaTransporteEscolar": null, "nomeTransporte": null}'::jsonb,'{"turmaPlanilha": "Maternal 1", "professoraPlanilha": "Apoliana", "fonte": "DADOS PARA PLATAFORMA PEDAGÓGICA (1) (1).xlsx / Planilha1", "linhaPlanilha": 19, "raw": {"COD. ALUNO": "1253217", "INSCRIÇÃO": "244584", "NOME": "BERNARDO OLIVEIRA DA SILVA", "SEXO": "M", "NASC": "2023-05-14T00:00:00", "NACIONALIDADE": "BRASIL", "NATURALIDADE": "Brasilia", "UF": "DF", "CPF": "11965930190", "RAÇA": "PARDA", "PESO": "15kg", "TIPAGEM SANGUINEA": "O+", "ENDEREÇO": "Cond Buritis 1", "CEP": "7266900", "TURMA": "Maternal 1", "PROFESSORA": "Apoliana", "MÃE": "Mikaelle", "CPF_3": "053.686.811-67", "NATURALIDADE_2": "Santo Antonio", "UF_2": "GO"}}'::jsonb,TRUE,NOW(),NOW())
  ON CONFLICT (id) DO UPDATE SET "unitId"=v_unit_id, "firstName"=EXCLUDED."firstName", "lastName"=EXCLUDED."lastName", "dateOfBirth"=EXCLUDED."dateOfBirth", gender=EXCLUDED.gender, cpf=EXCLUDED.cpf, raca=EXCLUDED.raca, peso=EXCLUDED.peso, "bloodType"=EXCLUDED."bloodType", allergies=EXCLUDED.allergies, "medicalConditions"=EXCLUDED."medicalConditions", "usoImagem"=EXCLUDED."usoImagem", laudado=EXCLUDED.laudado, nis=EXCLUDED.nis, "codigoAluno"=EXCLUDED."codigoAluno", inscricao=EXCLUDED.inscricao, "nomeMae"=EXCLUDED."nomeMae", "nomePai"=EXCLUDED."nomePai", "celPai"=EXCLUDED."celPai", nacionalidade=EXCLUDED.nacionalidade, naturalidade=EXCLUDED.naturalidade, "ufNascimento"=EXCLUDED."ufNascimento", endereco=EXCLUDED.endereco, cep=EXCLUDED.cep, "dadosResponsaveis"=EXCLUDED."dadosResponsaveis", "documentosMatricula"=EXCLUDED."documentosMatricula", "autorizadosRetirada"=EXCLUDED."autorizadosRetirada", "transporteEscolar"=EXCLUDED."transporteEscolar", "fichaAdministrativa"=EXCLUDED."fichaAdministrativa", "isActive"=TRUE, "updatedAt"=NOW();
  INSERT INTO "Enrollment" (id,"childId","classroomId","enrollmentDate",status,"createdAt","updatedAt")
  VALUES ('seed_enr_' || 'seed_pelicano_child_1253217_bernardo_oliveira_da_silva_seed_pelicano_class_pel_maternal_1_apoliana', 'seed_pelicano_child_1253217_bernardo_oliveira_da_silva', 'seed_pelicano_class_pel_maternal_1_apoliana', '2026-02-01 12:00:00', 'ATIVA'::"EnrollmentStatus", NOW(), NOW())
  ON CONFLICT ("childId","classroomId") DO UPDATE SET status=EXCLUDED.status, "updatedAt"=NOW();
  -- Aluno: BRYAN VICTOR ALVES DE SOUSA
  INSERT INTO "Child" (id,"mantenedoraId","unitId","firstName","lastName","dateOfBirth",gender,cpf,raca,peso,"bloodType",allergies,"medicalConditions","usoImagem",laudado,nis,"codigoAluno",inscricao,"nomeMae","nomePai","celPai",nacionalidade,naturalidade,"ufNascimento",endereco,cep,"dadosResponsaveis","documentosMatricula","autorizadosRetirada","transporteEscolar","fichaAdministrativa","isActive","createdAt","updatedAt")
  VALUES ('seed_pelicano_child_1305526_bryan_victor_alves_de_sousa',v_mantenedora_id,v_unit_id,'Bryan','Victor Alves De Sousa','2023-09-16 12:00:00','MASCULINO'::"Gender",'120.971.801-40','PARDA','11kg',NULL,NULL,NULL,NULL,NULL,NULL,'1305526','268863','Jessica',NULL,NULL,'BRASIL','Brasilia','DF','Cond Rossi','07266900','{"mae": {"nome": "Jessica", "cpf": null, "telefone": null}, "pai": {"nome": null, "cpf": "028.139.441-57", "telefone": null}, "responsavelPrincipal": {"nome": "Jessica", "cpf": "028.139.441-57", "parentesco": null, "identidade": null, "orgaoExpedidor": null, "telefone": null}, "enderecoResponsavel": null, "cepResponsavel": null, "escolaridade": null, "profissao": null, "numeroDependentes": null, "numeroPessoasCasa": null}'::jsonb,'{"codigoAluno": "1305526", "inscricao": "268863", "censo": null, "beneficio": null, "nis": null, "pisResponsavel": null, "cpfOriginalAluno": "120.971.801-40", "cpfPersistidoNoCampoCpf": "120.971.801-40", "cpfDuplicadoNaPlanilha": false, "serie2024": null, "origemLinhaPlanilha": 20}'::jsonb,'[]'::jsonb,'{"usaTransporteEscolar": null, "nomeTransporte": null}'::jsonb,'{"turmaPlanilha": "Maternal 1", "professoraPlanilha": "Fernanda", "fonte": "DADOS PARA PLATAFORMA PEDAGÓGICA (1) (1).xlsx / Planilha1", "linhaPlanilha": 20, "raw": {"COD. ALUNO": "1305526", "INSCRIÇÃO": "268863", "NOME": "BRYAN VICTOR ALVES DE SOUSA", "SEXO": "M", "NASC": "2023-09-16T00:00:00", "NACIONALIDADE": "BRASIL", "NATURALIDADE": "Brasilia", "UF": "DF", "CPF": "12097180140", "RAÇA": "PARDA", "PESO": "11kg", "ENDEREÇO": "Cond Rossi", "CEP": "7266900", "TURMA": "Maternal 1", "PROFESSORA": "Fernanda", "MÃE": "Jessica", "CPF_3": "028.139.441-57", "NATURALIDADE_2": "Teresina", "UF_2": "PI"}}'::jsonb,TRUE,NOW(),NOW())
  ON CONFLICT (id) DO UPDATE SET "unitId"=v_unit_id, "firstName"=EXCLUDED."firstName", "lastName"=EXCLUDED."lastName", "dateOfBirth"=EXCLUDED."dateOfBirth", gender=EXCLUDED.gender, cpf=EXCLUDED.cpf, raca=EXCLUDED.raca, peso=EXCLUDED.peso, "bloodType"=EXCLUDED."bloodType", allergies=EXCLUDED.allergies, "medicalConditions"=EXCLUDED."medicalConditions", "usoImagem"=EXCLUDED."usoImagem", laudado=EXCLUDED.laudado, nis=EXCLUDED.nis, "codigoAluno"=EXCLUDED."codigoAluno", inscricao=EXCLUDED.inscricao, "nomeMae"=EXCLUDED."nomeMae", "nomePai"=EXCLUDED."nomePai", "celPai"=EXCLUDED."celPai", nacionalidade=EXCLUDED.nacionalidade, naturalidade=EXCLUDED.naturalidade, "ufNascimento"=EXCLUDED."ufNascimento", endereco=EXCLUDED.endereco, cep=EXCLUDED.cep, "dadosResponsaveis"=EXCLUDED."dadosResponsaveis", "documentosMatricula"=EXCLUDED."documentosMatricula", "autorizadosRetirada"=EXCLUDED."autorizadosRetirada", "transporteEscolar"=EXCLUDED."transporteEscolar", "fichaAdministrativa"=EXCLUDED."fichaAdministrativa", "isActive"=TRUE, "updatedAt"=NOW();
  INSERT INTO "Enrollment" (id,"childId","classroomId","enrollmentDate",status,"createdAt","updatedAt")
  VALUES ('seed_enr_' || 'seed_pelicano_child_1305526_bryan_victor_alves_de_sousa_seed_pelicano_class_pel_maternal_1_fernanda', 'seed_pelicano_child_1305526_bryan_victor_alves_de_sousa', 'seed_pelicano_class_pel_maternal_1_fernanda', '2026-02-01 12:00:00', 'ATIVA'::"EnrollmentStatus", NOW(), NOW())
  ON CONFLICT ("childId","classroomId") DO UPDATE SET status=EXCLUDED.status, "updatedAt"=NOW();
  -- Aluno: CAUE DINIZ SOUZA
  INSERT INTO "Child" (id,"mantenedoraId","unitId","firstName","lastName","dateOfBirth",gender,cpf,raca,peso,"bloodType",allergies,"medicalConditions","usoImagem",laudado,nis,"codigoAluno",inscricao,"nomeMae","nomePai","celPai",nacionalidade,naturalidade,"ufNascimento",endereco,cep,"dadosResponsaveis","documentosMatricula","autorizadosRetirada","transporteEscolar","fichaAdministrativa","isActive","createdAt","updatedAt")
  VALUES ('seed_pelicano_child_1268418_caue_diniz_souza',v_mantenedora_id,v_unit_id,'Caue','Diniz Souza','2023-10-16 12:00:00','MASCULINO'::"Gender",'022.214.461-00','PARDA','12.4kg','O+',NULL,NULL,NULL,NULL,NULL,'1268418','251221','Amanda',NULL,NULL,'BRASIL','Brasilia','DF','Cond São Francisco','07266900','{"mae": {"nome": "Amanda", "cpf": null, "telefone": null}, "pai": {"nome": null, "cpf": null, "telefone": null}, "responsavelPrincipal": {"nome": "Amanda", "cpf": null, "parentesco": null, "identidade": "3633666", "orgaoExpedidor": "SSP", "telefone": null}, "enderecoResponsavel": null, "cepResponsavel": null, "escolaridade": "Ensino Médio", "profissao": "Atendente", "numeroDependentes": null, "numeroPessoasCasa": null}'::jsonb,'{"codigoAluno": "1268418", "inscricao": "251221", "censo": null, "beneficio": null, "nis": null, "pisResponsavel": null, "cpfOriginalAluno": "022.214.461-00", "cpfPersistidoNoCampoCpf": "022.214.461-00", "cpfDuplicadoNaPlanilha": false, "serie2024": null, "origemLinhaPlanilha": 21}'::jsonb,'[]'::jsonb,'{"usaTransporteEscolar": null, "nomeTransporte": null}'::jsonb,'{"turmaPlanilha": "Maternal 1", "professoraPlanilha": "Adriana", "fonte": "DADOS PARA PLATAFORMA PEDAGÓGICA (1) (1).xlsx / Planilha1", "linhaPlanilha": 21, "raw": {"COD. ALUNO": "1268418", "INSCRIÇÃO": "251221", "NOME": "CAUE DINIZ SOUZA", "SEXO": "M", "NASC": "2023-10-16T00:00:00", "NACIONALIDADE": "BRASIL", "NATURALIDADE": "Brasilia", "UF": "DF", "CPF": "022.214.461-00", "RAÇA": "PARDA", "PESO": "12.4kg", "TIPAGEM SANGUINEA": "O+", "ENDEREÇO": "Cond São Francisco", "CEP": "7266900", "TURMA": "Maternal 1", "PROFESSORA": "Adriana", "MÃE": "Amanda", "IDENTIDADE RESP": "3633666", "ORG. EXPEDITOR": "SSP", "NASCIMENTO": "1999-12-09T00:00:00", "NATURALIDADE_2": "Brasilia", "UF_2": "DF", "ESCOLARIDADE": "Ensino Médio", "PROFISSÃO": "Atendente"}}'::jsonb,TRUE,NOW(),NOW())
  ON CONFLICT (id) DO UPDATE SET "unitId"=v_unit_id, "firstName"=EXCLUDED."firstName", "lastName"=EXCLUDED."lastName", "dateOfBirth"=EXCLUDED."dateOfBirth", gender=EXCLUDED.gender, cpf=EXCLUDED.cpf, raca=EXCLUDED.raca, peso=EXCLUDED.peso, "bloodType"=EXCLUDED."bloodType", allergies=EXCLUDED.allergies, "medicalConditions"=EXCLUDED."medicalConditions", "usoImagem"=EXCLUDED."usoImagem", laudado=EXCLUDED.laudado, nis=EXCLUDED.nis, "codigoAluno"=EXCLUDED."codigoAluno", inscricao=EXCLUDED.inscricao, "nomeMae"=EXCLUDED."nomeMae", "nomePai"=EXCLUDED."nomePai", "celPai"=EXCLUDED."celPai", nacionalidade=EXCLUDED.nacionalidade, naturalidade=EXCLUDED.naturalidade, "ufNascimento"=EXCLUDED."ufNascimento", endereco=EXCLUDED.endereco, cep=EXCLUDED.cep, "dadosResponsaveis"=EXCLUDED."dadosResponsaveis", "documentosMatricula"=EXCLUDED."documentosMatricula", "autorizadosRetirada"=EXCLUDED."autorizadosRetirada", "transporteEscolar"=EXCLUDED."transporteEscolar", "fichaAdministrativa"=EXCLUDED."fichaAdministrativa", "isActive"=TRUE, "updatedAt"=NOW();
  INSERT INTO "Enrollment" (id,"childId","classroomId","enrollmentDate",status,"createdAt","updatedAt")
  VALUES ('seed_enr_' || 'seed_pelicano_child_1268418_caue_diniz_souza_seed_pelicano_class_pel_maternal_1_adriana', 'seed_pelicano_child_1268418_caue_diniz_souza', 'seed_pelicano_class_pel_maternal_1_adriana', '2026-02-01 12:00:00', 'ATIVA'::"EnrollmentStatus", NOW(), NOW())
  ON CONFLICT ("childId","classroomId") DO UPDATE SET status=EXCLUDED.status, "updatedAt"=NOW();
  -- Aluno: CECILIA REIS DE ARAUJO
  INSERT INTO "Child" (id,"mantenedoraId","unitId","firstName","lastName","dateOfBirth",gender,cpf,raca,peso,"bloodType",allergies,"medicalConditions","usoImagem",laudado,nis,"codigoAluno",inscricao,"nomeMae","nomePai","celPai",nacionalidade,naturalidade,"ufNascimento",endereco,cep,"dadosResponsaveis","documentosMatricula","autorizadosRetirada","transporteEscolar","fichaAdministrativa","isActive","createdAt","updatedAt")
  VALUES ('seed_pelicano_child_1311218_cecilia_reis_de_araujo',v_mantenedora_id,v_unit_id,'Cecilia','Reis De Araujo','2023-06-28 12:00:00','FEMININO'::"Gender",'120.177.911-13','PARDA','13kg','A+',NULL,NULL,NULL,NULL,NULL,'1311218','273938','Vitoria',NULL,NULL,'BRASIL','Brasilia','DF','Cond São Francisco','07266900','{"mae": {"nome": "Vitoria", "cpf": null, "telefone": null}, "pai": {"nome": null, "cpf": "096.986.321-74", "telefone": null}, "responsavelPrincipal": {"nome": "Vitoria", "cpf": "096.986.321-74", "parentesco": null, "identidade": null, "orgaoExpedidor": null, "telefone": null}, "enderecoResponsavel": null, "cepResponsavel": null, "escolaridade": null, "profissao": null, "numeroDependentes": null, "numeroPessoasCasa": null}'::jsonb,'{"codigoAluno": "1311218", "inscricao": "273938", "censo": null, "beneficio": null, "nis": null, "pisResponsavel": null, "cpfOriginalAluno": "120.177.911-13", "cpfPersistidoNoCampoCpf": "120.177.911-13", "cpfDuplicadoNaPlanilha": false, "serie2024": null, "origemLinhaPlanilha": 22}'::jsonb,'[]'::jsonb,'{"usaTransporteEscolar": null, "nomeTransporte": null}'::jsonb,'{"turmaPlanilha": "Maternal 1", "professoraPlanilha": "Fernanda", "fonte": "DADOS PARA PLATAFORMA PEDAGÓGICA (1) (1).xlsx / Planilha1", "linhaPlanilha": 22, "raw": {"COD. ALUNO": "1311218", "INSCRIÇÃO": "273938", "NOME": "CECILIA REIS DE ARAUJO", "SEXO": "F", "NASC": "2023-06-28T00:00:00", "NACIONALIDADE": "BRASIL", "NATURALIDADE": "Brasilia", "UF": "DF", "CPF": "12017791113", "RAÇA": "PARDA", "PESO": "13kg", "TIPAGEM SANGUINEA": "A+", "ENDEREÇO": "Cond São Francisco", "CEP": "7266900", "TURMA": "Maternal 1", "PROFESSORA": "Fernanda", "MÃE": "Vitoria", "CPF_3": "096.986.321-74", "NASCIMENTO": "2003-12-18T00:00:00", "NATURALIDADE_2": "Aguas Lindas", "UF_2": "GO"}}'::jsonb,TRUE,NOW(),NOW())
  ON CONFLICT (id) DO UPDATE SET "unitId"=v_unit_id, "firstName"=EXCLUDED."firstName", "lastName"=EXCLUDED."lastName", "dateOfBirth"=EXCLUDED."dateOfBirth", gender=EXCLUDED.gender, cpf=EXCLUDED.cpf, raca=EXCLUDED.raca, peso=EXCLUDED.peso, "bloodType"=EXCLUDED."bloodType", allergies=EXCLUDED.allergies, "medicalConditions"=EXCLUDED."medicalConditions", "usoImagem"=EXCLUDED."usoImagem", laudado=EXCLUDED.laudado, nis=EXCLUDED.nis, "codigoAluno"=EXCLUDED."codigoAluno", inscricao=EXCLUDED.inscricao, "nomeMae"=EXCLUDED."nomeMae", "nomePai"=EXCLUDED."nomePai", "celPai"=EXCLUDED."celPai", nacionalidade=EXCLUDED.nacionalidade, naturalidade=EXCLUDED.naturalidade, "ufNascimento"=EXCLUDED."ufNascimento", endereco=EXCLUDED.endereco, cep=EXCLUDED.cep, "dadosResponsaveis"=EXCLUDED."dadosResponsaveis", "documentosMatricula"=EXCLUDED."documentosMatricula", "autorizadosRetirada"=EXCLUDED."autorizadosRetirada", "transporteEscolar"=EXCLUDED."transporteEscolar", "fichaAdministrativa"=EXCLUDED."fichaAdministrativa", "isActive"=TRUE, "updatedAt"=NOW();
  INSERT INTO "Enrollment" (id,"childId","classroomId","enrollmentDate",status,"createdAt","updatedAt")
  VALUES ('seed_enr_' || 'seed_pelicano_child_1311218_cecilia_reis_de_araujo_seed_pelicano_class_pel_maternal_1_fernanda', 'seed_pelicano_child_1311218_cecilia_reis_de_araujo', 'seed_pelicano_class_pel_maternal_1_fernanda', '2026-02-01 12:00:00', 'ATIVA'::"EnrollmentStatus", NOW(), NOW())
  ON CONFLICT ("childId","classroomId") DO UPDATE SET status=EXCLUDED.status, "updatedAt"=NOW();
  -- Aluno: DEREK MIGUEL FREIRE DA SILVA
  INSERT INTO "Child" (id,"mantenedoraId","unitId","firstName","lastName","dateOfBirth",gender,cpf,raca,peso,"bloodType",allergies,"medicalConditions","usoImagem",laudado,nis,"codigoAluno",inscricao,"nomeMae","nomePai","celPai",nacionalidade,naturalidade,"ufNascimento",endereco,cep,"dadosResponsaveis","documentosMatricula","autorizadosRetirada","transporteEscolar","fichaAdministrativa","isActive","createdAt","updatedAt")
  VALUES ('seed_pelicano_child_1302658_derek_miguel_freire_da_silva',v_mantenedora_id,v_unit_id,'Derek','Miguel Freire Da Silva','2023-08-24 12:00:00','MASCULINO'::"Gender",'120.761.191-32','PARDA','16kg',NULL,NULL,NULL,NULL,NULL,NULL,'1302658','266683','Mikaelli',NULL,NULL,'BRASIL','Brasilia','DF','Cond Guarapari','07266900','{"mae": {"nome": "Mikaelli", "cpf": null, "telefone": null}, "pai": {"nome": null, "cpf": "079.424.051-84", "telefone": null}, "responsavelPrincipal": {"nome": "Mikaelli", "cpf": "079.424.051-84", "parentesco": null, "identidade": null, "orgaoExpedidor": null, "telefone": null}, "enderecoResponsavel": null, "cepResponsavel": null, "escolaridade": null, "profissao": null, "numeroDependentes": null, "numeroPessoasCasa": null}'::jsonb,'{"codigoAluno": "1302658", "inscricao": "266683", "censo": null, "beneficio": null, "nis": null, "pisResponsavel": null, "cpfOriginalAluno": "120.761.191-32", "cpfPersistidoNoCampoCpf": "120.761.191-32", "cpfDuplicadoNaPlanilha": false, "serie2024": null, "origemLinhaPlanilha": 23}'::jsonb,'[]'::jsonb,'{"usaTransporteEscolar": null, "nomeTransporte": null}'::jsonb,'{"turmaPlanilha": "Maternal 1", "professoraPlanilha": "Apoliana", "fonte": "DADOS PARA PLATAFORMA PEDAGÓGICA (1) (1).xlsx / Planilha1", "linhaPlanilha": 23, "raw": {"COD. ALUNO": "1302658", "INSCRIÇÃO": "266683", "NOME": "DEREK MIGUEL FREIRE DA SILVA", "SEXO": "M", "NASC": "2023-08-24T00:00:00", "NACIONALIDADE": "BRASIL", "NATURALIDADE": "Brasilia", "UF": "DF", "CPF": "12076119132", "RAÇA": "PARDA", "PESO": "16kg", "ENDEREÇO": "Cond Guarapari", "CEP": "7266900", "TURMA": "Maternal 1", "PROFESSORA": "Apoliana", "MÃE": "Mikaelli", "CPF_3": "079.424.051-84"}}'::jsonb,TRUE,NOW(),NOW())
  ON CONFLICT (id) DO UPDATE SET "unitId"=v_unit_id, "firstName"=EXCLUDED."firstName", "lastName"=EXCLUDED."lastName", "dateOfBirth"=EXCLUDED."dateOfBirth", gender=EXCLUDED.gender, cpf=EXCLUDED.cpf, raca=EXCLUDED.raca, peso=EXCLUDED.peso, "bloodType"=EXCLUDED."bloodType", allergies=EXCLUDED.allergies, "medicalConditions"=EXCLUDED."medicalConditions", "usoImagem"=EXCLUDED."usoImagem", laudado=EXCLUDED.laudado, nis=EXCLUDED.nis, "codigoAluno"=EXCLUDED."codigoAluno", inscricao=EXCLUDED.inscricao, "nomeMae"=EXCLUDED."nomeMae", "nomePai"=EXCLUDED."nomePai", "celPai"=EXCLUDED."celPai", nacionalidade=EXCLUDED.nacionalidade, naturalidade=EXCLUDED.naturalidade, "ufNascimento"=EXCLUDED."ufNascimento", endereco=EXCLUDED.endereco, cep=EXCLUDED.cep, "dadosResponsaveis"=EXCLUDED."dadosResponsaveis", "documentosMatricula"=EXCLUDED."documentosMatricula", "autorizadosRetirada"=EXCLUDED."autorizadosRetirada", "transporteEscolar"=EXCLUDED."transporteEscolar", "fichaAdministrativa"=EXCLUDED."fichaAdministrativa", "isActive"=TRUE, "updatedAt"=NOW();
  INSERT INTO "Enrollment" (id,"childId","classroomId","enrollmentDate",status,"createdAt","updatedAt")
  VALUES ('seed_enr_' || 'seed_pelicano_child_1302658_derek_miguel_freire_da_silva_seed_pelicano_class_pel_maternal_1_apoliana', 'seed_pelicano_child_1302658_derek_miguel_freire_da_silva', 'seed_pelicano_class_pel_maternal_1_apoliana', '2026-02-01 12:00:00', 'ATIVA'::"EnrollmentStatus", NOW(), NOW())
  ON CONFLICT ("childId","classroomId") DO UPDATE SET status=EXCLUDED.status, "updatedAt"=NOW();
  -- Aluno: DIOGO ARAUJO VIANA
  INSERT INTO "Child" (id,"mantenedoraId","unitId","firstName","lastName","dateOfBirth",gender,cpf,raca,peso,"bloodType",allergies,"medicalConditions","usoImagem",laudado,nis,"codigoAluno",inscricao,"nomeMae","nomePai","celPai",nacionalidade,naturalidade,"ufNascimento",endereco,cep,"dadosResponsaveis","documentosMatricula","autorizadosRetirada","transporteEscolar","fichaAdministrativa","isActive","createdAt","updatedAt")
  VALUES ('seed_pelicano_child_1208415_diogo_araujo_viana',v_mantenedora_id,v_unit_id,'Diogo','Araujo Viana','2023-05-19 12:00:00','MASCULINO'::"Gender",'119.725.851-50','PARDA','12kg','O+',NULL,NULL,NULL,NULL,NULL,'1208415','224475','Maria Betinau',NULL,NULL,'BRASIL','Brasilia','DF','Cond Galileu','07266900','{"mae": {"nome": "Maria Betinau", "cpf": null, "telefone": null}, "pai": {"nome": null, "cpf": "034.244.701-71", "telefone": null}, "responsavelPrincipal": {"nome": "Maria Betinau", "cpf": "034.244.701-71", "parentesco": null, "identidade": null, "orgaoExpedidor": null, "telefone": null}, "enderecoResponsavel": null, "cepResponsavel": null, "escolaridade": null, "profissao": null, "numeroDependentes": null, "numeroPessoasCasa": null}'::jsonb,'{"codigoAluno": "1208415", "inscricao": "224475", "censo": null, "beneficio": null, "nis": null, "pisResponsavel": null, "cpfOriginalAluno": "119.725.851-50", "cpfPersistidoNoCampoCpf": "119.725.851-50", "cpfDuplicadoNaPlanilha": false, "serie2024": null, "origemLinhaPlanilha": 24}'::jsonb,'[]'::jsonb,'{"usaTransporteEscolar": null, "nomeTransporte": null}'::jsonb,'{"turmaPlanilha": "Maternal 1", "professoraPlanilha": "Cida", "fonte": "DADOS PARA PLATAFORMA PEDAGÓGICA (1) (1).xlsx / Planilha1", "linhaPlanilha": 24, "raw": {"COD. ALUNO": "1208415", "INSCRIÇÃO": "224475", "NOME": "DIOGO ARAUJO VIANA", "SEXO": "M", "NASC": "2023-05-19T00:00:00", "NACIONALIDADE": "BRASIL", "NATURALIDADE": "Brasilia", "UF": "DF", "CPF": "11972585150", "RAÇA": "PARDA", "PESO": "12kg", "TIPAGEM SANGUINEA": "O+", "ENDEREÇO": "Cond Galileu", "CEP": "7266900", "TURMA": "Maternal 1", "PROFESSORA": "Cida", "MÃE_2": "Maria Betinau", "CPF_3": "034.244.701-71"}}'::jsonb,TRUE,NOW(),NOW())
  ON CONFLICT (id) DO UPDATE SET "unitId"=v_unit_id, "firstName"=EXCLUDED."firstName", "lastName"=EXCLUDED."lastName", "dateOfBirth"=EXCLUDED."dateOfBirth", gender=EXCLUDED.gender, cpf=EXCLUDED.cpf, raca=EXCLUDED.raca, peso=EXCLUDED.peso, "bloodType"=EXCLUDED."bloodType", allergies=EXCLUDED.allergies, "medicalConditions"=EXCLUDED."medicalConditions", "usoImagem"=EXCLUDED."usoImagem", laudado=EXCLUDED.laudado, nis=EXCLUDED.nis, "codigoAluno"=EXCLUDED."codigoAluno", inscricao=EXCLUDED.inscricao, "nomeMae"=EXCLUDED."nomeMae", "nomePai"=EXCLUDED."nomePai", "celPai"=EXCLUDED."celPai", nacionalidade=EXCLUDED.nacionalidade, naturalidade=EXCLUDED.naturalidade, "ufNascimento"=EXCLUDED."ufNascimento", endereco=EXCLUDED.endereco, cep=EXCLUDED.cep, "dadosResponsaveis"=EXCLUDED."dadosResponsaveis", "documentosMatricula"=EXCLUDED."documentosMatricula", "autorizadosRetirada"=EXCLUDED."autorizadosRetirada", "transporteEscolar"=EXCLUDED."transporteEscolar", "fichaAdministrativa"=EXCLUDED."fichaAdministrativa", "isActive"=TRUE, "updatedAt"=NOW();
  INSERT INTO "Enrollment" (id,"childId","classroomId","enrollmentDate",status,"createdAt","updatedAt")
  VALUES ('seed_enr_' || 'seed_pelicano_child_1208415_diogo_araujo_viana_seed_pelicano_class_pel_maternal_1_cida', 'seed_pelicano_child_1208415_diogo_araujo_viana', 'seed_pelicano_class_pel_maternal_1_cida', '2026-02-01 12:00:00', 'ATIVA'::"EnrollmentStatus", NOW(), NOW())
  ON CONFLICT ("childId","classroomId") DO UPDATE SET status=EXCLUDED.status, "updatedAt"=NOW();
  -- Aluno: DOMINYK VIEIRA DE OLIVEIRA
  INSERT INTO "Child" (id,"mantenedoraId","unitId","firstName","lastName","dateOfBirth",gender,cpf,raca,peso,"bloodType",allergies,"medicalConditions","usoImagem",laudado,nis,"codigoAluno",inscricao,"nomeMae","nomePai","celPai",nacionalidade,naturalidade,"ufNascimento",endereco,cep,"dadosResponsaveis","documentosMatricula","autorizadosRetirada","transporteEscolar","fichaAdministrativa","isActive","createdAt","updatedAt")
  VALUES ('seed_pelicano_child_1257319_dominyk_vieira_de_oliveira',v_mantenedora_id,v_unit_id,'Dominyk','Vieira De Oliveira','2023-05-24 12:00:00','MASCULINO'::"Gender",'119.770.391-89','PARDA',NULL,NULL,NULL,NULL,NULL,NULL,NULL,'1257319','248195','Maria Antonia',NULL,NULL,'BRASIL','Brasilia','DF','Cond Nova Betania','07266900','{"mae": {"nome": "Maria Antonia", "cpf": null, "telefone": null}, "pai": {"nome": null, "cpf": null, "telefone": null}, "responsavelPrincipal": {"nome": "Maria Antonia", "cpf": null, "parentesco": null, "identidade": "2639387", "orgaoExpedidor": "SSP", "telefone": null}, "enderecoResponsavel": null, "cepResponsavel": null, "escolaridade": null, "profissao": "Vendedora", "numeroDependentes": null, "numeroPessoasCasa": null}'::jsonb,'{"codigoAluno": "1257319", "inscricao": "248195", "censo": null, "beneficio": null, "nis": null, "pisResponsavel": null, "cpfOriginalAluno": "119.770.391-89", "cpfPersistidoNoCampoCpf": "119.770.391-89", "cpfDuplicadoNaPlanilha": false, "serie2024": null, "origemLinhaPlanilha": 25}'::jsonb,'[]'::jsonb,'{"usaTransporteEscolar": null, "nomeTransporte": null}'::jsonb,'{"turmaPlanilha": "Maternal 1", "professoraPlanilha": "Adriana", "fonte": "DADOS PARA PLATAFORMA PEDAGÓGICA (1) (1).xlsx / Planilha1", "linhaPlanilha": 25, "raw": {"COD. ALUNO": "1257319", "INSCRIÇÃO": "248195", "NOME": "DOMINYK VIEIRA DE OLIVEIRA", "SEXO": "M", "NASC": "2023-05-24T00:00:00", "NACIONALIDADE": "BRASIL", "NATURALIDADE": "Brasilia", "UF": "DF", "CPF": "11977039189", "RAÇA": "PARDA", "ENDEREÇO": "Cond Nova Betania", "CEP": "7266900", "TURMA": "Maternal 1", "PROFESSORA": "Adriana", "MÃE": "Maria Antonia", "IDENTIDADE RESP": "2639387", "ORG. EXPEDITOR": "SSP", "PROFISSÃO": "Vendedora"}}'::jsonb,TRUE,NOW(),NOW())
  ON CONFLICT (id) DO UPDATE SET "unitId"=v_unit_id, "firstName"=EXCLUDED."firstName", "lastName"=EXCLUDED."lastName", "dateOfBirth"=EXCLUDED."dateOfBirth", gender=EXCLUDED.gender, cpf=EXCLUDED.cpf, raca=EXCLUDED.raca, peso=EXCLUDED.peso, "bloodType"=EXCLUDED."bloodType", allergies=EXCLUDED.allergies, "medicalConditions"=EXCLUDED."medicalConditions", "usoImagem"=EXCLUDED."usoImagem", laudado=EXCLUDED.laudado, nis=EXCLUDED.nis, "codigoAluno"=EXCLUDED."codigoAluno", inscricao=EXCLUDED.inscricao, "nomeMae"=EXCLUDED."nomeMae", "nomePai"=EXCLUDED."nomePai", "celPai"=EXCLUDED."celPai", nacionalidade=EXCLUDED.nacionalidade, naturalidade=EXCLUDED.naturalidade, "ufNascimento"=EXCLUDED."ufNascimento", endereco=EXCLUDED.endereco, cep=EXCLUDED.cep, "dadosResponsaveis"=EXCLUDED."dadosResponsaveis", "documentosMatricula"=EXCLUDED."documentosMatricula", "autorizadosRetirada"=EXCLUDED."autorizadosRetirada", "transporteEscolar"=EXCLUDED."transporteEscolar", "fichaAdministrativa"=EXCLUDED."fichaAdministrativa", "isActive"=TRUE, "updatedAt"=NOW();
  INSERT INTO "Enrollment" (id,"childId","classroomId","enrollmentDate",status,"createdAt","updatedAt")
  VALUES ('seed_enr_' || 'seed_pelicano_child_1257319_dominyk_vieira_de_oliveira_seed_pelicano_class_pel_maternal_1_adriana', 'seed_pelicano_child_1257319_dominyk_vieira_de_oliveira', 'seed_pelicano_class_pel_maternal_1_adriana', '2026-02-01 12:00:00', 'ATIVA'::"EnrollmentStatus", NOW(), NOW())
  ON CONFLICT ("childId","classroomId") DO UPDATE SET status=EXCLUDED.status, "updatedAt"=NOW();
  -- Aluno: EDUARDO DE PAULA VIEIRA
  INSERT INTO "Child" (id,"mantenedoraId","unitId","firstName","lastName","dateOfBirth",gender,cpf,raca,peso,"bloodType",allergies,"medicalConditions","usoImagem",laudado,nis,"codigoAluno",inscricao,"nomeMae","nomePai","celPai",nacionalidade,naturalidade,"ufNascimento",endereco,cep,"dadosResponsaveis","documentosMatricula","autorizadosRetirada","transporteEscolar","fichaAdministrativa","isActive","createdAt","updatedAt")
  VALUES ('seed_pelicano_child_1265412_eduardo_de_paula_vieira',v_mantenedora_id,v_unit_id,'Eduardo','De Paula Vieira','2024-02-11 12:00:00','MASCULINO'::"Gender",'050.296.191-00','PARDA','11.4kg','A+',NULL,NULL,NULL,NULL,NULL,'1265412','249818','Eldi',NULL,NULL,'BRASIL','Brasilia','DF','Cond Nova Betania 2','07266900','{"mae": {"nome": "Eldi", "cpf": null, "telefone": null}, "pai": {"nome": null, "cpf": "034.796.571-76", "telefone": null}, "responsavelPrincipal": {"nome": "Eldi", "cpf": "034.796.571-76", "parentesco": null, "identidade": "2800183", "orgaoExpedidor": "SSP", "telefone": null}, "enderecoResponsavel": null, "cepResponsavel": null, "escolaridade": null, "profissao": "Autonomo", "numeroDependentes": null, "numeroPessoasCasa": null}'::jsonb,'{"codigoAluno": "1265412", "inscricao": "249818", "censo": null, "beneficio": null, "nis": null, "pisResponsavel": null, "cpfOriginalAluno": "050.296.191-00", "cpfPersistidoNoCampoCpf": "050.296.191-00", "cpfDuplicadoNaPlanilha": false, "serie2024": null, "origemLinhaPlanilha": 26}'::jsonb,'[]'::jsonb,'{"usaTransporteEscolar": null, "nomeTransporte": null}'::jsonb,'{"turmaPlanilha": "Maternal 1", "professoraPlanilha": "Adriana", "fonte": "DADOS PARA PLATAFORMA PEDAGÓGICA (1) (1).xlsx / Planilha1", "linhaPlanilha": 26, "raw": {"COD. ALUNO": "1265412", "INSCRIÇÃO": "249818", "NOME": "EDUARDO DE PAULA VIEIRA", "SEXO": "M", "NASC": "2024-02-11T00:00:00", "NACIONALIDADE": "BRASIL", "NATURALIDADE": "Brasilia", "UF": "DF", "CPF": "050.296.191-00", "RAÇA": "PARDA", "PESO": "11.4kg", "TIPAGEM SANGUINEA": "A+", "ENDEREÇO": "Cond Nova Betania 2", "CEP": "7266900", "TURMA": "Maternal 1", "PROFESSORA": "Adriana", "MÃE": "Eldi", "IDENTIDADE RESP": "2800183", "ORG. EXPEDITOR": "SSP", "CPF_3": "034.796.571-76", "NASCIMENTO": "1991-03-03T00:00:00", "NATURALIDADE_2": "Padre Bernardo", "UF_2": "GO", "PROFISSÃO": "Autonomo"}}'::jsonb,TRUE,NOW(),NOW())
  ON CONFLICT (id) DO UPDATE SET "unitId"=v_unit_id, "firstName"=EXCLUDED."firstName", "lastName"=EXCLUDED."lastName", "dateOfBirth"=EXCLUDED."dateOfBirth", gender=EXCLUDED.gender, cpf=EXCLUDED.cpf, raca=EXCLUDED.raca, peso=EXCLUDED.peso, "bloodType"=EXCLUDED."bloodType", allergies=EXCLUDED.allergies, "medicalConditions"=EXCLUDED."medicalConditions", "usoImagem"=EXCLUDED."usoImagem", laudado=EXCLUDED.laudado, nis=EXCLUDED.nis, "codigoAluno"=EXCLUDED."codigoAluno", inscricao=EXCLUDED.inscricao, "nomeMae"=EXCLUDED."nomeMae", "nomePai"=EXCLUDED."nomePai", "celPai"=EXCLUDED."celPai", nacionalidade=EXCLUDED.nacionalidade, naturalidade=EXCLUDED.naturalidade, "ufNascimento"=EXCLUDED."ufNascimento", endereco=EXCLUDED.endereco, cep=EXCLUDED.cep, "dadosResponsaveis"=EXCLUDED."dadosResponsaveis", "documentosMatricula"=EXCLUDED."documentosMatricula", "autorizadosRetirada"=EXCLUDED."autorizadosRetirada", "transporteEscolar"=EXCLUDED."transporteEscolar", "fichaAdministrativa"=EXCLUDED."fichaAdministrativa", "isActive"=TRUE, "updatedAt"=NOW();
  INSERT INTO "Enrollment" (id,"childId","classroomId","enrollmentDate",status,"createdAt","updatedAt")
  VALUES ('seed_enr_' || 'seed_pelicano_child_1265412_eduardo_de_paula_vieira_seed_pelicano_class_pel_maternal_1_adriana', 'seed_pelicano_child_1265412_eduardo_de_paula_vieira', 'seed_pelicano_class_pel_maternal_1_adriana', '2026-02-01 12:00:00', 'ATIVA'::"EnrollmentStatus", NOW(), NOW())
  ON CONFLICT ("childId","classroomId") DO UPDATE SET status=EXCLUDED.status, "updatedAt"=NOW();
  -- Aluno: ELOA MARIA DE SOUSA ROCHA
  INSERT INTO "Child" (id,"mantenedoraId","unitId","firstName","lastName","dateOfBirth",gender,cpf,raca,peso,"bloodType",allergies,"medicalConditions","usoImagem",laudado,nis,"codigoAluno",inscricao,"nomeMae","nomePai","celPai",nacionalidade,naturalidade,"ufNascimento",endereco,cep,"dadosResponsaveis","documentosMatricula","autorizadosRetirada","transporteEscolar","fichaAdministrativa","isActive","createdAt","updatedAt")
  VALUES ('seed_pelicano_child_1310330_eloa_maria_de_sousa_rocha',v_mantenedora_id,v_unit_id,'Eloa','Maria De Sousa Rocha','2023-05-10 12:00:00','FEMININO'::"Gender",'119.632.681-99','PARDA','18kg','A+',NULL,NULL,NULL,NULL,NULL,'1310330','273067','Edvania',NULL,NULL,'BRASIL','Brasilia','DF','Cond Nova Betania','07266900','{"mae": {"nome": "Edvania", "cpf": null, "telefone": null}, "pai": {"nome": null, "cpf": "056.545.231-00", "telefone": null}, "responsavelPrincipal": {"nome": "Edvania", "cpf": "056.545.231-00", "parentesco": null, "identidade": null, "orgaoExpedidor": null, "telefone": null}, "enderecoResponsavel": null, "cepResponsavel": null, "escolaridade": null, "profissao": "Agente Patrimonial", "numeroDependentes": null, "numeroPessoasCasa": null}'::jsonb,'{"codigoAluno": "1310330", "inscricao": "273067", "censo": null, "beneficio": null, "nis": null, "pisResponsavel": null, "cpfOriginalAluno": "119.632.681-99", "cpfPersistidoNoCampoCpf": "119.632.681-99", "cpfDuplicadoNaPlanilha": false, "serie2024": null, "origemLinhaPlanilha": 27}'::jsonb,'[]'::jsonb,'{"usaTransporteEscolar": null, "nomeTransporte": null}'::jsonb,'{"turmaPlanilha": "Maternal 1", "professoraPlanilha": "Fernanda", "fonte": "DADOS PARA PLATAFORMA PEDAGÓGICA (1) (1).xlsx / Planilha1", "linhaPlanilha": 27, "raw": {"COD. ALUNO": "1310330", "INSCRIÇÃO": "273067", "NOME": "ELOA MARIA DE SOUSA ROCHA", "SEXO": "F", "NASC": "2023-05-10T00:00:00", "NACIONALIDADE": "BRASIL", "NATURALIDADE": "Brasilia", "UF": "DF", "CPF": "11963268199", "RAÇA": "PARDA", "PESO": "18kg", "TIPAGEM SANGUINEA": "A+", "ENDEREÇO": "Cond Nova Betania", "CEP": "7266900", "TURMA": "Maternal 1", "PROFESSORA": "Fernanda", "MÃE": "Edvania", "CPF_3": "056.545.231-00", "NASCIMENTO": "1999-05-15T00:00:00", "NATURALIDADE_2": "Brasilia", "UF_2": "DF", "PROFISSÃO": "Agente Patrimonial"}}'::jsonb,TRUE,NOW(),NOW())
  ON CONFLICT (id) DO UPDATE SET "unitId"=v_unit_id, "firstName"=EXCLUDED."firstName", "lastName"=EXCLUDED."lastName", "dateOfBirth"=EXCLUDED."dateOfBirth", gender=EXCLUDED.gender, cpf=EXCLUDED.cpf, raca=EXCLUDED.raca, peso=EXCLUDED.peso, "bloodType"=EXCLUDED."bloodType", allergies=EXCLUDED.allergies, "medicalConditions"=EXCLUDED."medicalConditions", "usoImagem"=EXCLUDED."usoImagem", laudado=EXCLUDED.laudado, nis=EXCLUDED.nis, "codigoAluno"=EXCLUDED."codigoAluno", inscricao=EXCLUDED.inscricao, "nomeMae"=EXCLUDED."nomeMae", "nomePai"=EXCLUDED."nomePai", "celPai"=EXCLUDED."celPai", nacionalidade=EXCLUDED.nacionalidade, naturalidade=EXCLUDED.naturalidade, "ufNascimento"=EXCLUDED."ufNascimento", endereco=EXCLUDED.endereco, cep=EXCLUDED.cep, "dadosResponsaveis"=EXCLUDED."dadosResponsaveis", "documentosMatricula"=EXCLUDED."documentosMatricula", "autorizadosRetirada"=EXCLUDED."autorizadosRetirada", "transporteEscolar"=EXCLUDED."transporteEscolar", "fichaAdministrativa"=EXCLUDED."fichaAdministrativa", "isActive"=TRUE, "updatedAt"=NOW();
  INSERT INTO "Enrollment" (id,"childId","classroomId","enrollmentDate",status,"createdAt","updatedAt")
  VALUES ('seed_enr_' || 'seed_pelicano_child_1310330_eloa_maria_de_sousa_rocha_seed_pelicano_class_pel_maternal_1_fernanda', 'seed_pelicano_child_1310330_eloa_maria_de_sousa_rocha', 'seed_pelicano_class_pel_maternal_1_fernanda', '2026-02-01 12:00:00', 'ATIVA'::"EnrollmentStatus", NOW(), NOW())
  ON CONFLICT ("childId","classroomId") DO UPDATE SET status=EXCLUDED.status, "updatedAt"=NOW();
  -- Aluno: GABRIEL RODRIGUES MOTA
  INSERT INTO "Child" (id,"mantenedoraId","unitId","firstName","lastName","dateOfBirth",gender,cpf,raca,peso,"bloodType",allergies,"medicalConditions","usoImagem",laudado,nis,"codigoAluno",inscricao,"nomeMae","nomePai","celPai",nacionalidade,naturalidade,"ufNascimento",endereco,cep,"dadosResponsaveis","documentosMatricula","autorizadosRetirada","transporteEscolar","fichaAdministrativa","isActive","createdAt","updatedAt")
  VALUES ('seed_pelicano_child_1289607_gabriel_rodrigues_mota',v_mantenedora_id,v_unit_id,'Gabriel','Rodrigues Mota','2023-06-04 12:00:00','MASCULINO'::"Gender",'119.903.831-81','PARDA','11kg','AB+',NULL,NULL,NULL,NULL,NULL,'1289607','258853','Priscila',NULL,NULL,'BRASIL','Brasilia','DF','Cond Buritis 1','07266900','{"mae": {"nome": "Priscila", "cpf": null, "telefone": null}, "pai": {"nome": null, "cpf": "045.461.691-08", "telefone": null}, "responsavelPrincipal": {"nome": "Priscila", "cpf": "045.461.691-08", "parentesco": null, "identidade": null, "orgaoExpedidor": null, "telefone": null}, "enderecoResponsavel": null, "cepResponsavel": null, "escolaridade": null, "profissao": "Assessora", "numeroDependentes": null, "numeroPessoasCasa": null}'::jsonb,'{"codigoAluno": "1289607", "inscricao": "258853", "censo": null, "beneficio": null, "nis": null, "pisResponsavel": null, "cpfOriginalAluno": "119.903.831-81", "cpfPersistidoNoCampoCpf": "119.903.831-81", "cpfDuplicadoNaPlanilha": false, "serie2024": null, "origemLinhaPlanilha": 28}'::jsonb,'[]'::jsonb,'{"usaTransporteEscolar": null, "nomeTransporte": null}'::jsonb,'{"turmaPlanilha": "Maternal 1", "professoraPlanilha": "Adriana", "fonte": "DADOS PARA PLATAFORMA PEDAGÓGICA (1) (1).xlsx / Planilha1", "linhaPlanilha": 28, "raw": {"COD. ALUNO": "1289607", "INSCRIÇÃO": "258853", "NOME": "GABRIEL RODRIGUES MOTA", "SEXO": "M", "NASC": "2023-06-04T00:00:00", "NACIONALIDADE": "BRASIL", "NATURALIDADE": "Brasilia", "UF": "DF", "CPF": "11990383181", "RAÇA": "PARDA", "PESO": "11kg", "TIPAGEM SANGUINEA": "AB+", "ENDEREÇO": "Cond Buritis 1", "CEP": "7266900", "TURMA": "Maternal 1", "PROFESSORA": "Adriana", "MÃE": "Priscila", "CPF_3": "045.461.691-08", "NASCIMENTO": "1992-01-11T00:00:00", "NATURALIDADE_2": "Brasilia", "UF_2": "DF", "PROFISSÃO": "Assessora"}}'::jsonb,TRUE,NOW(),NOW())
  ON CONFLICT (id) DO UPDATE SET "unitId"=v_unit_id, "firstName"=EXCLUDED."firstName", "lastName"=EXCLUDED."lastName", "dateOfBirth"=EXCLUDED."dateOfBirth", gender=EXCLUDED.gender, cpf=EXCLUDED.cpf, raca=EXCLUDED.raca, peso=EXCLUDED.peso, "bloodType"=EXCLUDED."bloodType", allergies=EXCLUDED.allergies, "medicalConditions"=EXCLUDED."medicalConditions", "usoImagem"=EXCLUDED."usoImagem", laudado=EXCLUDED.laudado, nis=EXCLUDED.nis, "codigoAluno"=EXCLUDED."codigoAluno", inscricao=EXCLUDED.inscricao, "nomeMae"=EXCLUDED."nomeMae", "nomePai"=EXCLUDED."nomePai", "celPai"=EXCLUDED."celPai", nacionalidade=EXCLUDED.nacionalidade, naturalidade=EXCLUDED.naturalidade, "ufNascimento"=EXCLUDED."ufNascimento", endereco=EXCLUDED.endereco, cep=EXCLUDED.cep, "dadosResponsaveis"=EXCLUDED."dadosResponsaveis", "documentosMatricula"=EXCLUDED."documentosMatricula", "autorizadosRetirada"=EXCLUDED."autorizadosRetirada", "transporteEscolar"=EXCLUDED."transporteEscolar", "fichaAdministrativa"=EXCLUDED."fichaAdministrativa", "isActive"=TRUE, "updatedAt"=NOW();
  INSERT INTO "Enrollment" (id,"childId","classroomId","enrollmentDate",status,"createdAt","updatedAt")
  VALUES ('seed_enr_' || 'seed_pelicano_child_1289607_gabriel_rodrigues_mota_seed_pelicano_class_pel_maternal_1_adriana', 'seed_pelicano_child_1289607_gabriel_rodrigues_mota', 'seed_pelicano_class_pel_maternal_1_adriana', '2026-02-01 12:00:00', 'ATIVA'::"EnrollmentStatus", NOW(), NOW())
  ON CONFLICT ("childId","classroomId") DO UPDATE SET status=EXCLUDED.status, "updatedAt"=NOW();
  -- Aluno: GABRIELY DANTAS DA PAIXAO
  INSERT INTO "Child" (id,"mantenedoraId","unitId","firstName","lastName","dateOfBirth",gender,cpf,raca,peso,"bloodType",allergies,"medicalConditions","usoImagem",laudado,nis,"codigoAluno",inscricao,"nomeMae","nomePai","celPai",nacionalidade,naturalidade,"ufNascimento",endereco,cep,"dadosResponsaveis","documentosMatricula","autorizadosRetirada","transporteEscolar","fichaAdministrativa","isActive","createdAt","updatedAt")
  VALUES ('seed_pelicano_child_1198622_gabriely_dantas_da_paixao',v_mantenedora_id,v_unit_id,'Gabriely','Dantas Da Paixao','2023-05-19 12:00:00','FEMININO'::"Gender",'119.717.931-32','PARDA',NULL,'O+',NULL,NULL,NULL,NULL,NULL,'1198622','221753','Fernanda','Arnaldo',NULL,'BRASIL','Brasilia','DF','Cond. Buritis 2','07266900','{"mae": {"nome": "Fernanda", "cpf": null, "telefone": null}, "pai": {"nome": "Arnaldo", "cpf": "053.034.951-59", "telefone": null}, "responsavelPrincipal": {"nome": "Fernanda", "cpf": "053.034.951-59", "parentesco": null, "identidade": null, "orgaoExpedidor": null, "telefone": null}, "enderecoResponsavel": null, "cepResponsavel": null, "escolaridade": null, "profissao": null, "numeroDependentes": null, "numeroPessoasCasa": null}'::jsonb,'{"codigoAluno": "1198622", "inscricao": "221753", "censo": null, "beneficio": null, "nis": null, "pisResponsavel": null, "cpfOriginalAluno": "119.717.931-32", "cpfPersistidoNoCampoCpf": "119.717.931-32", "cpfDuplicadoNaPlanilha": false, "serie2024": null, "origemLinhaPlanilha": 29}'::jsonb,'[]'::jsonb,'{"usaTransporteEscolar": null, "nomeTransporte": null}'::jsonb,'{"turmaPlanilha": "Maternal 1", "professoraPlanilha": "Cida", "fonte": "DADOS PARA PLATAFORMA PEDAGÓGICA (1) (1).xlsx / Planilha1", "linhaPlanilha": 29, "raw": {"COD. ALUNO": "1198622", "INSCRIÇÃO": "221753", "NOME": "GABRIELY DANTAS DA PAIXAO", "SEXO": "F", "NASC": "2023-05-19T00:00:00", "NACIONALIDADE": "BRASIL", "NATURALIDADE": "Brasilia", "UF": "DF", "CPF": "11971793132", "RAÇA": "PARDA", "TIPAGEM SANGUINEA": "O+", "ENDEREÇO": "Cond. Buritis 2", "CEP": "7266900", "TURMA": "Maternal 1", "PROFESSORA": "Cida", "MÃE_2": "Fernanda", "PAI": "Arnaldo", "CPF_3": "053.034.951-59", "NASCIMENTO": "Brasilia", "UF_2": "DF"}}'::jsonb,TRUE,NOW(),NOW())
  ON CONFLICT (id) DO UPDATE SET "unitId"=v_unit_id, "firstName"=EXCLUDED."firstName", "lastName"=EXCLUDED."lastName", "dateOfBirth"=EXCLUDED."dateOfBirth", gender=EXCLUDED.gender, cpf=EXCLUDED.cpf, raca=EXCLUDED.raca, peso=EXCLUDED.peso, "bloodType"=EXCLUDED."bloodType", allergies=EXCLUDED.allergies, "medicalConditions"=EXCLUDED."medicalConditions", "usoImagem"=EXCLUDED."usoImagem", laudado=EXCLUDED.laudado, nis=EXCLUDED.nis, "codigoAluno"=EXCLUDED."codigoAluno", inscricao=EXCLUDED.inscricao, "nomeMae"=EXCLUDED."nomeMae", "nomePai"=EXCLUDED."nomePai", "celPai"=EXCLUDED."celPai", nacionalidade=EXCLUDED.nacionalidade, naturalidade=EXCLUDED.naturalidade, "ufNascimento"=EXCLUDED."ufNascimento", endereco=EXCLUDED.endereco, cep=EXCLUDED.cep, "dadosResponsaveis"=EXCLUDED."dadosResponsaveis", "documentosMatricula"=EXCLUDED."documentosMatricula", "autorizadosRetirada"=EXCLUDED."autorizadosRetirada", "transporteEscolar"=EXCLUDED."transporteEscolar", "fichaAdministrativa"=EXCLUDED."fichaAdministrativa", "isActive"=TRUE, "updatedAt"=NOW();
  INSERT INTO "Enrollment" (id,"childId","classroomId","enrollmentDate",status,"createdAt","updatedAt")
  VALUES ('seed_enr_' || 'seed_pelicano_child_1198622_gabriely_dantas_da_paixao_seed_pelicano_class_pel_maternal_1_cida', 'seed_pelicano_child_1198622_gabriely_dantas_da_paixao', 'seed_pelicano_class_pel_maternal_1_cida', '2026-02-01 12:00:00', 'ATIVA'::"EnrollmentStatus", NOW(), NOW())
  ON CONFLICT ("childId","classroomId") DO UPDATE SET status=EXCLUDED.status, "updatedAt"=NOW();
  -- Aluno: GIOVANNA EMANUELLY MOURA BARROZO DE OLIVEIRA
  INSERT INTO "Child" (id,"mantenedoraId","unitId","firstName","lastName","dateOfBirth",gender,cpf,raca,peso,"bloodType",allergies,"medicalConditions","usoImagem",laudado,nis,"codigoAluno",inscricao,"nomeMae","nomePai","celPai",nacionalidade,naturalidade,"ufNascimento",endereco,cep,"dadosResponsaveis","documentosMatricula","autorizadosRetirada","transporteEscolar","fichaAdministrativa","isActive","createdAt","updatedAt")
  VALUES ('seed_pelicano_child_1240332_giovanna_emanuelly_moura_barrozo_de_oliveira',v_mantenedora_id,v_unit_id,'Giovanna','Emanuelly Moura Barrozo De Oliveira','2023-05-04 12:00:00','FEMININO'::"Gender",'119.565.141-47','PARDA','12kg','O+',NULL,NULL,NULL,NULL,NULL,'1240332','236696','Marlene',NULL,NULL,'BRASIL','Brasilia','DF','Cond Dom Francisco','07266900','{"mae": {"nome": "Marlene", "cpf": null, "telefone": null}, "pai": {"nome": null, "cpf": "042.923.311-62", "telefone": null}, "responsavelPrincipal": {"nome": "Marlene", "cpf": "042.923.311-62", "parentesco": null, "identidade": null, "orgaoExpedidor": null, "telefone": null}, "enderecoResponsavel": null, "cepResponsavel": null, "escolaridade": null, "profissao": null, "numeroDependentes": null, "numeroPessoasCasa": null}'::jsonb,'{"codigoAluno": "1240332", "inscricao": "236696", "censo": null, "beneficio": null, "nis": null, "pisResponsavel": null, "cpfOriginalAluno": "119.565.141-47", "cpfPersistidoNoCampoCpf": "119.565.141-47", "cpfDuplicadoNaPlanilha": false, "serie2024": null, "origemLinhaPlanilha": 30}'::jsonb,'[]'::jsonb,'{"usaTransporteEscolar": null, "nomeTransporte": null}'::jsonb,'{"turmaPlanilha": "Maternal 1", "professoraPlanilha": "Apoliana", "fonte": "DADOS PARA PLATAFORMA PEDAGÓGICA (1) (1).xlsx / Planilha1", "linhaPlanilha": 30, "raw": {"COD. ALUNO": "1240332", "INSCRIÇÃO": "236696", "NOME": "GIOVANNA EMANUELLY MOURA BARROZO DE OLIVEIRA", "SEXO": "F", "NASC": "2023-05-04T00:00:00", "NACIONALIDADE": "BRASIL", "NATURALIDADE": "Brasilia", "UF": "DF", "CPF": "119.565.141-47", "RAÇA": "PARDA", "PESO": "12kg", "TIPAGEM SANGUINEA": "O+", "ENDEREÇO": "Cond Dom Francisco", "CEP": "7266900", "TURMA": "Maternal 1", "PROFESSORA": "Apoliana", "MÃE": "Marlene", "CPF_3": "042.923.311-62", "NATURALIDADE_2": "Brasilia", "UF_2": "DF"}}'::jsonb,TRUE,NOW(),NOW())
  ON CONFLICT (id) DO UPDATE SET "unitId"=v_unit_id, "firstName"=EXCLUDED."firstName", "lastName"=EXCLUDED."lastName", "dateOfBirth"=EXCLUDED."dateOfBirth", gender=EXCLUDED.gender, cpf=EXCLUDED.cpf, raca=EXCLUDED.raca, peso=EXCLUDED.peso, "bloodType"=EXCLUDED."bloodType", allergies=EXCLUDED.allergies, "medicalConditions"=EXCLUDED."medicalConditions", "usoImagem"=EXCLUDED."usoImagem", laudado=EXCLUDED.laudado, nis=EXCLUDED.nis, "codigoAluno"=EXCLUDED."codigoAluno", inscricao=EXCLUDED.inscricao, "nomeMae"=EXCLUDED."nomeMae", "nomePai"=EXCLUDED."nomePai", "celPai"=EXCLUDED."celPai", nacionalidade=EXCLUDED.nacionalidade, naturalidade=EXCLUDED.naturalidade, "ufNascimento"=EXCLUDED."ufNascimento", endereco=EXCLUDED.endereco, cep=EXCLUDED.cep, "dadosResponsaveis"=EXCLUDED."dadosResponsaveis", "documentosMatricula"=EXCLUDED."documentosMatricula", "autorizadosRetirada"=EXCLUDED."autorizadosRetirada", "transporteEscolar"=EXCLUDED."transporteEscolar", "fichaAdministrativa"=EXCLUDED."fichaAdministrativa", "isActive"=TRUE, "updatedAt"=NOW();
  INSERT INTO "Enrollment" (id,"childId","classroomId","enrollmentDate",status,"createdAt","updatedAt")
  VALUES ('seed_enr_' || 'seed_pelicano_child_1240332_giovanna_emanuelly_moura_barrozo_de_oliveira_seed_pelicano_class_pel_mat', 'seed_pelicano_child_1240332_giovanna_emanuelly_moura_barrozo_de_oliveira', 'seed_pelicano_class_pel_maternal_1_apoliana', '2026-02-01 12:00:00', 'ATIVA'::"EnrollmentStatus", NOW(), NOW())
  ON CONFLICT ("childId","classroomId") DO UPDATE SET status=EXCLUDED.status, "updatedAt"=NOW();
  -- Aluno: GIOVANNA SILVA SOARES DOS SANTOS
  INSERT INTO "Child" (id,"mantenedoraId","unitId","firstName","lastName","dateOfBirth",gender,cpf,raca,peso,"bloodType",allergies,"medicalConditions","usoImagem",laudado,nis,"codigoAluno",inscricao,"nomeMae","nomePai","celPai",nacionalidade,naturalidade,"ufNascimento",endereco,cep,"dadosResponsaveis","documentosMatricula","autorizadosRetirada","transporteEscolar","fichaAdministrativa","isActive","createdAt","updatedAt")
  VALUES ('seed_pelicano_child_1306155_giovanna_silva_soares_dos_santos',v_mantenedora_id,v_unit_id,'Giovanna','Silva Soares Dos Santos','2023-06-10 12:00:00','FEMININO'::"Gender",'120.024.691-80','PARDA','16.9kg','O+',NULL,NULL,NULL,NULL,NULL,'1306155','269391','Carla',NULL,NULL,'BRASIL','Brasilia','DF','Cond Buritis 2','07266900','{"mae": {"nome": "Carla", "cpf": null, "telefone": null}, "pai": {"nome": null, "cpf": null, "telefone": null}, "responsavelPrincipal": {"nome": "Carla", "cpf": null, "parentesco": null, "identidade": "3326568", "orgaoExpedidor": "SSP", "telefone": null}, "enderecoResponsavel": null, "cepResponsavel": null, "escolaridade": null, "profissao": "Auxiliar de Limpeza", "numeroDependentes": null, "numeroPessoasCasa": null}'::jsonb,'{"codigoAluno": "1306155", "inscricao": "269391", "censo": null, "beneficio": null, "nis": null, "pisResponsavel": null, "cpfOriginalAluno": "120.024.691-80", "cpfPersistidoNoCampoCpf": "120.024.691-80", "cpfDuplicadoNaPlanilha": false, "serie2024": null, "origemLinhaPlanilha": 31}'::jsonb,'[]'::jsonb,'{"usaTransporteEscolar": null, "nomeTransporte": null}'::jsonb,'{"turmaPlanilha": "Maternal 1", "professoraPlanilha": "Adriana", "fonte": "DADOS PARA PLATAFORMA PEDAGÓGICA (1) (1).xlsx / Planilha1", "linhaPlanilha": 31, "raw": {"COD. ALUNO": "1306155", "INSCRIÇÃO": "269391", "NOME": "GIOVANNA SILVA SOARES DOS SANTOS", "SEXO": "F", "NASC": "2023-06-10T00:00:00", "NACIONALIDADE": "BRASIL", "NATURALIDADE": "Brasilia", "UF": "DF", "CPF": "12002469180", "RAÇA": "PARDA", "PESO": "16.9kg", "TIPAGEM SANGUINEA": "O+", "ENDEREÇO": "Cond Buritis 2", "CEP": "7266900", "TURMA": "Maternal 1", "PROFESSORA": "Adriana", "MÃE": "Carla", "IDENTIDADE RESP": "3326568", "ORG. EXPEDITOR": "SSP", "NASCIMENTO": "1985-08-16T00:00:00", "NATURALIDADE_2": "Brasilia", "UF_2": "DF", "PROFISSÃO": "Auxiliar de Limpeza"}}'::jsonb,TRUE,NOW(),NOW())
  ON CONFLICT (id) DO UPDATE SET "unitId"=v_unit_id, "firstName"=EXCLUDED."firstName", "lastName"=EXCLUDED."lastName", "dateOfBirth"=EXCLUDED."dateOfBirth", gender=EXCLUDED.gender, cpf=EXCLUDED.cpf, raca=EXCLUDED.raca, peso=EXCLUDED.peso, "bloodType"=EXCLUDED."bloodType", allergies=EXCLUDED.allergies, "medicalConditions"=EXCLUDED."medicalConditions", "usoImagem"=EXCLUDED."usoImagem", laudado=EXCLUDED.laudado, nis=EXCLUDED.nis, "codigoAluno"=EXCLUDED."codigoAluno", inscricao=EXCLUDED.inscricao, "nomeMae"=EXCLUDED."nomeMae", "nomePai"=EXCLUDED."nomePai", "celPai"=EXCLUDED."celPai", nacionalidade=EXCLUDED.nacionalidade, naturalidade=EXCLUDED.naturalidade, "ufNascimento"=EXCLUDED."ufNascimento", endereco=EXCLUDED.endereco, cep=EXCLUDED.cep, "dadosResponsaveis"=EXCLUDED."dadosResponsaveis", "documentosMatricula"=EXCLUDED."documentosMatricula", "autorizadosRetirada"=EXCLUDED."autorizadosRetirada", "transporteEscolar"=EXCLUDED."transporteEscolar", "fichaAdministrativa"=EXCLUDED."fichaAdministrativa", "isActive"=TRUE, "updatedAt"=NOW();
  INSERT INTO "Enrollment" (id,"childId","classroomId","enrollmentDate",status,"createdAt","updatedAt")
  VALUES ('seed_enr_' || 'seed_pelicano_child_1306155_giovanna_silva_soares_dos_santos_seed_pelicano_class_pel_maternal_1_adri', 'seed_pelicano_child_1306155_giovanna_silva_soares_dos_santos', 'seed_pelicano_class_pel_maternal_1_adriana', '2026-02-01 12:00:00', 'ATIVA'::"EnrollmentStatus", NOW(), NOW())
  ON CONFLICT ("childId","classroomId") DO UPDATE SET status=EXCLUDED.status, "updatedAt"=NOW();
  -- Aluno: HADASSA CARVALHO TAVARES
  INSERT INTO "Child" (id,"mantenedoraId","unitId","firstName","lastName","dateOfBirth",gender,cpf,raca,peso,"bloodType",allergies,"medicalConditions","usoImagem",laudado,nis,"codigoAluno",inscricao,"nomeMae","nomePai","celPai",nacionalidade,naturalidade,"ufNascimento",endereco,cep,"dadosResponsaveis","documentosMatricula","autorizadosRetirada","transporteEscolar","fichaAdministrativa","isActive","createdAt","updatedAt")
  VALUES ('seed_pelicano_child_1209672_hadassa_carvalho_tavares',v_mantenedora_id,v_unit_id,'Hadassa','Carvalho Tavares','2023-08-05 12:00:00','FEMININO'::"Gender",'120.549.881-89','PARDA','11.5kg','O+',NULL,NULL,NULL,NULL,NULL,'1209672','225394','Eduarda',NULL,NULL,'BRASIL','Brasilia','DF','Cond São Francisco','07266900','{"mae": {"nome": "Eduarda", "cpf": null, "telefone": null}, "pai": {"nome": null, "cpf": "705.245.081-00", "telefone": null}, "responsavelPrincipal": {"nome": "Eduarda", "cpf": "705.245.081-00", "parentesco": null, "identidade": null, "orgaoExpedidor": null, "telefone": null}, "enderecoResponsavel": null, "cepResponsavel": null, "escolaridade": null, "profissao": "Manicure", "numeroDependentes": null, "numeroPessoasCasa": null}'::jsonb,'{"codigoAluno": "1209672", "inscricao": "225394", "censo": null, "beneficio": null, "nis": null, "pisResponsavel": null, "cpfOriginalAluno": "120.549.881-89", "cpfPersistidoNoCampoCpf": "120.549.881-89", "cpfDuplicadoNaPlanilha": false, "serie2024": null, "origemLinhaPlanilha": 32}'::jsonb,'[]'::jsonb,'{"usaTransporteEscolar": null, "nomeTransporte": null}'::jsonb,'{"turmaPlanilha": "Maternal 1", "professoraPlanilha": "Fernanda", "fonte": "DADOS PARA PLATAFORMA PEDAGÓGICA (1) (1).xlsx / Planilha1", "linhaPlanilha": 32, "raw": {"COD. ALUNO": "1209672", "INSCRIÇÃO": "225394", "NOME": "HADASSA CARVALHO TAVARES", "SEXO": "F", "NASC": "2023-08-05T00:00:00", "NACIONALIDADE": "BRASIL", "NATURALIDADE": "Brasilia", "UF": "DF", "CPF": "12054988189", "RAÇA": "PARDA", "PESO": "11.5kg", "TIPAGEM SANGUINEA": "O+", "ENDEREÇO": "Cond São Francisco", "CEP": "7266900", "TURMA": "Maternal 1", "PROFESSORA": "Fernanda", "MÃE": "Eduarda", "CPF_3": "705.245.081.00", "NASCIMENTO": "1998-11-11T00:00:00", "NATURALIDADE_2": "Anapolis", "UF_2": "GO", "PROFISSÃO": "Manicure"}}'::jsonb,TRUE,NOW(),NOW())
  ON CONFLICT (id) DO UPDATE SET "unitId"=v_unit_id, "firstName"=EXCLUDED."firstName", "lastName"=EXCLUDED."lastName", "dateOfBirth"=EXCLUDED."dateOfBirth", gender=EXCLUDED.gender, cpf=EXCLUDED.cpf, raca=EXCLUDED.raca, peso=EXCLUDED.peso, "bloodType"=EXCLUDED."bloodType", allergies=EXCLUDED.allergies, "medicalConditions"=EXCLUDED."medicalConditions", "usoImagem"=EXCLUDED."usoImagem", laudado=EXCLUDED.laudado, nis=EXCLUDED.nis, "codigoAluno"=EXCLUDED."codigoAluno", inscricao=EXCLUDED.inscricao, "nomeMae"=EXCLUDED."nomeMae", "nomePai"=EXCLUDED."nomePai", "celPai"=EXCLUDED."celPai", nacionalidade=EXCLUDED.nacionalidade, naturalidade=EXCLUDED.naturalidade, "ufNascimento"=EXCLUDED."ufNascimento", endereco=EXCLUDED.endereco, cep=EXCLUDED.cep, "dadosResponsaveis"=EXCLUDED."dadosResponsaveis", "documentosMatricula"=EXCLUDED."documentosMatricula", "autorizadosRetirada"=EXCLUDED."autorizadosRetirada", "transporteEscolar"=EXCLUDED."transporteEscolar", "fichaAdministrativa"=EXCLUDED."fichaAdministrativa", "isActive"=TRUE, "updatedAt"=NOW();
  INSERT INTO "Enrollment" (id,"childId","classroomId","enrollmentDate",status,"createdAt","updatedAt")
  VALUES ('seed_enr_' || 'seed_pelicano_child_1209672_hadassa_carvalho_tavares_seed_pelicano_class_pel_maternal_1_fernanda', 'seed_pelicano_child_1209672_hadassa_carvalho_tavares', 'seed_pelicano_class_pel_maternal_1_fernanda', '2026-02-01 12:00:00', 'ATIVA'::"EnrollmentStatus", NOW(), NOW())
  ON CONFLICT ("childId","classroomId") DO UPDATE SET status=EXCLUDED.status, "updatedAt"=NOW();
  -- Aluno: HEITOR SILVA BARBOSA
  INSERT INTO "Child" (id,"mantenedoraId","unitId","firstName","lastName","dateOfBirth",gender,cpf,raca,peso,"bloodType",allergies,"medicalConditions","usoImagem",laudado,nis,"codigoAluno",inscricao,"nomeMae","nomePai","celPai",nacionalidade,naturalidade,"ufNascimento",endereco,cep,"dadosResponsaveis","documentosMatricula","autorizadosRetirada","transporteEscolar","fichaAdministrativa","isActive","createdAt","updatedAt")
  VALUES ('seed_pelicano_child_1283235_heitor_silva_barbosa',v_mantenedora_id,v_unit_id,'Heitor','Silva Barbosa','2023-10-26 12:00:00','MASCULINO'::"Gender",'014.861.101-00','PARDA','17kg','AB+',NULL,NULL,NULL,NULL,NULL,'1283235','255629','Joseane',NULL,NULL,'BRASIL','Brasilia','DF','QD 03 Lote 20','07266900','{"mae": {"nome": "Joseane", "cpf": null, "telefone": null}, "pai": {"nome": null, "cpf": "007.974.371-42", "telefone": null}, "responsavelPrincipal": {"nome": "Joseane", "cpf": "007.974.371-42", "parentesco": null, "identidade": null, "orgaoExpedidor": null, "telefone": null}, "enderecoResponsavel": null, "cepResponsavel": null, "escolaridade": null, "profissao": "Tecnica de Laboratorio", "numeroDependentes": null, "numeroPessoasCasa": null}'::jsonb,'{"codigoAluno": "1283235", "inscricao": "255629", "censo": null, "beneficio": null, "nis": null, "pisResponsavel": null, "cpfOriginalAluno": "014.861.101-00", "cpfPersistidoNoCampoCpf": "014.861.101-00", "cpfDuplicadoNaPlanilha": false, "serie2024": null, "origemLinhaPlanilha": 33}'::jsonb,'[]'::jsonb,'{"usaTransporteEscolar": null, "nomeTransporte": null}'::jsonb,'{"turmaPlanilha": "Maternal 1", "professoraPlanilha": "Adriana", "fonte": "DADOS PARA PLATAFORMA PEDAGÓGICA (1) (1).xlsx / Planilha1", "linhaPlanilha": 33, "raw": {"COD. ALUNO": "1283235", "INSCRIÇÃO": "255629", "NOME": "HEITOR SILVA BARBOSA", "SEXO": "M", "NASC": "2023-10-26T00:00:00", "NACIONALIDADE": "BRASIL", "NATURALIDADE": "Brasilia", "UF": "DF", "CPF": "014.861.101-00", "RAÇA": "PARDA", "PESO": "17kg", "TIPAGEM SANGUINEA": "AB+", "ENDEREÇO": "QD 03 Lote 20", "CEP": "7266900", "TURMA": "Maternal 1", "PROFESSORA": "Adriana", "MÃE": "Joseane", "CPF_3": "007.974.371-42", "NASCIMENTO": "1985-10-23T00:00:00", "NATURALIDADE_2": "Bom Jesus", "UF_2": "BA", "PROFISSÃO": "Tecnica de Laboratorio"}}'::jsonb,TRUE,NOW(),NOW())
  ON CONFLICT (id) DO UPDATE SET "unitId"=v_unit_id, "firstName"=EXCLUDED."firstName", "lastName"=EXCLUDED."lastName", "dateOfBirth"=EXCLUDED."dateOfBirth", gender=EXCLUDED.gender, cpf=EXCLUDED.cpf, raca=EXCLUDED.raca, peso=EXCLUDED.peso, "bloodType"=EXCLUDED."bloodType", allergies=EXCLUDED.allergies, "medicalConditions"=EXCLUDED."medicalConditions", "usoImagem"=EXCLUDED."usoImagem", laudado=EXCLUDED.laudado, nis=EXCLUDED.nis, "codigoAluno"=EXCLUDED."codigoAluno", inscricao=EXCLUDED.inscricao, "nomeMae"=EXCLUDED."nomeMae", "nomePai"=EXCLUDED."nomePai", "celPai"=EXCLUDED."celPai", nacionalidade=EXCLUDED.nacionalidade, naturalidade=EXCLUDED.naturalidade, "ufNascimento"=EXCLUDED."ufNascimento", endereco=EXCLUDED.endereco, cep=EXCLUDED.cep, "dadosResponsaveis"=EXCLUDED."dadosResponsaveis", "documentosMatricula"=EXCLUDED."documentosMatricula", "autorizadosRetirada"=EXCLUDED."autorizadosRetirada", "transporteEscolar"=EXCLUDED."transporteEscolar", "fichaAdministrativa"=EXCLUDED."fichaAdministrativa", "isActive"=TRUE, "updatedAt"=NOW();
  INSERT INTO "Enrollment" (id,"childId","classroomId","enrollmentDate",status,"createdAt","updatedAt")
  VALUES ('seed_enr_' || 'seed_pelicano_child_1283235_heitor_silva_barbosa_seed_pelicano_class_pel_maternal_1_adriana', 'seed_pelicano_child_1283235_heitor_silva_barbosa', 'seed_pelicano_class_pel_maternal_1_adriana', '2026-02-01 12:00:00', 'ATIVA'::"EnrollmentStatus", NOW(), NOW())
  ON CONFLICT ("childId","classroomId") DO UPDATE SET status=EXCLUDED.status, "updatedAt"=NOW();
  -- Aluno: HELENA NUNES FERREIRA DE SOUSA
  INSERT INTO "Child" (id,"mantenedoraId","unitId","firstName","lastName","dateOfBirth",gender,cpf,raca,peso,"bloodType",allergies,"medicalConditions","usoImagem",laudado,nis,"codigoAluno",inscricao,"nomeMae","nomePai","celPai",nacionalidade,naturalidade,"ufNascimento",endereco,cep,"dadosResponsaveis","documentosMatricula","autorizadosRetirada","transporteEscolar","fichaAdministrativa","isActive","createdAt","updatedAt")
  VALUES ('seed_pelicano_child_1301167_helena_nunes_ferreira_de_sousa',v_mantenedora_id,v_unit_id,'Helena','Nunes Ferreira De Sousa','2023-08-24 12:00:00','FEMININO'::"Gender",'120.744.871-00','PARDA','11kg','O+',NULL,NULL,NULL,NULL,NULL,'1301167','265671','Mikaela Nunes',NULL,NULL,'BRASIL','Brasilia','DF','Cond São Francisco','07266900','{"mae": {"nome": "Mikaela Nunes", "cpf": null, "telefone": null}, "pai": {"nome": null, "cpf": "042.917.131-50", "telefone": null}, "responsavelPrincipal": {"nome": "Mikaela Nunes", "cpf": "042.917.131-50", "parentesco": null, "identidade": null, "orgaoExpedidor": null, "telefone": null}, "enderecoResponsavel": null, "cepResponsavel": null, "escolaridade": null, "profissao": null, "numeroDependentes": null, "numeroPessoasCasa": null}'::jsonb,'{"codigoAluno": "1301167", "inscricao": "265671", "censo": null, "beneficio": null, "nis": null, "pisResponsavel": null, "cpfOriginalAluno": "120.744.871-00", "cpfPersistidoNoCampoCpf": "120.744.871-00", "cpfDuplicadoNaPlanilha": false, "serie2024": null, "origemLinhaPlanilha": 34}'::jsonb,'[]'::jsonb,'{"usaTransporteEscolar": null, "nomeTransporte": null}'::jsonb,'{"turmaPlanilha": "Maternal 1", "professoraPlanilha": "Cida", "fonte": "DADOS PARA PLATAFORMA PEDAGÓGICA (1) (1).xlsx / Planilha1", "linhaPlanilha": 34, "raw": {"COD. ALUNO": "1301167", "INSCRIÇÃO": "265671", "NOME": "HELENA NUNES FERREIRA DE SOUSA", "SEXO": "F", "NASC": "2023-08-24T00:00:00", "NACIONALIDADE": "BRASIL", "NATURALIDADE": "Brasilia", "UF": "DF", "CPF": "12074487100", "RAÇA": "PARDA", "PESO": "11kg", "TIPAGEM SANGUINEA": "O+", "ENDEREÇO": "Cond São Francisco", "CEP": "7266900", "TURMA": "Maternal 1", "PROFESSORA": "Cida", "MÃE_2": "Mikaela Nunes", "CPF_3": "042.917.131-50", "NASCIMENTO": "Santo Antonio", "UF_2": "GO"}}'::jsonb,TRUE,NOW(),NOW())
  ON CONFLICT (id) DO UPDATE SET "unitId"=v_unit_id, "firstName"=EXCLUDED."firstName", "lastName"=EXCLUDED."lastName", "dateOfBirth"=EXCLUDED."dateOfBirth", gender=EXCLUDED.gender, cpf=EXCLUDED.cpf, raca=EXCLUDED.raca, peso=EXCLUDED.peso, "bloodType"=EXCLUDED."bloodType", allergies=EXCLUDED.allergies, "medicalConditions"=EXCLUDED."medicalConditions", "usoImagem"=EXCLUDED."usoImagem", laudado=EXCLUDED.laudado, nis=EXCLUDED.nis, "codigoAluno"=EXCLUDED."codigoAluno", inscricao=EXCLUDED.inscricao, "nomeMae"=EXCLUDED."nomeMae", "nomePai"=EXCLUDED."nomePai", "celPai"=EXCLUDED."celPai", nacionalidade=EXCLUDED.nacionalidade, naturalidade=EXCLUDED.naturalidade, "ufNascimento"=EXCLUDED."ufNascimento", endereco=EXCLUDED.endereco, cep=EXCLUDED.cep, "dadosResponsaveis"=EXCLUDED."dadosResponsaveis", "documentosMatricula"=EXCLUDED."documentosMatricula", "autorizadosRetirada"=EXCLUDED."autorizadosRetirada", "transporteEscolar"=EXCLUDED."transporteEscolar", "fichaAdministrativa"=EXCLUDED."fichaAdministrativa", "isActive"=TRUE, "updatedAt"=NOW();
  INSERT INTO "Enrollment" (id,"childId","classroomId","enrollmentDate",status,"createdAt","updatedAt")
  VALUES ('seed_enr_' || 'seed_pelicano_child_1301167_helena_nunes_ferreira_de_sousa_seed_pelicano_class_pel_maternal_1_cida', 'seed_pelicano_child_1301167_helena_nunes_ferreira_de_sousa', 'seed_pelicano_class_pel_maternal_1_cida', '2026-02-01 12:00:00', 'ATIVA'::"EnrollmentStatus", NOW(), NOW())
  ON CONFLICT ("childId","classroomId") DO UPDATE SET status=EXCLUDED.status, "updatedAt"=NOW();
  -- Aluno: HELLENA VIEIRA SANTOS
  INSERT INTO "Child" (id,"mantenedoraId","unitId","firstName","lastName","dateOfBirth",gender,cpf,raca,peso,"bloodType",allergies,"medicalConditions","usoImagem",laudado,nis,"codigoAluno",inscricao,"nomeMae","nomePai","celPai",nacionalidade,naturalidade,"ufNascimento",endereco,cep,"dadosResponsaveis","documentosMatricula","autorizadosRetirada","transporteEscolar","fichaAdministrativa","isActive","createdAt","updatedAt")
  VALUES ('seed_pelicano_child_1304552_hellena_vieira_santos',v_mantenedora_id,v_unit_id,'Hellena','Vieira Santos','2023-12-27 12:00:00','FEMININO'::"Gender",'032.423.071-00','PARDA','13.7kg','O+',NULL,NULL,NULL,NULL,NULL,'1304552','268081','Anatessia',NULL,NULL,'BRASIL','Goiania','GO','Cond Dom Pedro','07266900','{"mae": {"nome": "Anatessia", "cpf": null, "telefone": null}, "pai": {"nome": null, "cpf": "054.101.961-98", "telefone": null}, "responsavelPrincipal": {"nome": "Anatessia", "cpf": "054.101.961-98", "parentesco": null, "identidade": null, "orgaoExpedidor": null, "telefone": null}, "enderecoResponsavel": null, "cepResponsavel": null, "escolaridade": null, "profissao": null, "numeroDependentes": null, "numeroPessoasCasa": null}'::jsonb,'{"codigoAluno": "1304552", "inscricao": "268081", "censo": null, "beneficio": null, "nis": null, "pisResponsavel": null, "cpfOriginalAluno": "032.423.071-00", "cpfPersistidoNoCampoCpf": "032.423.071-00", "cpfDuplicadoNaPlanilha": false, "serie2024": null, "origemLinhaPlanilha": 35}'::jsonb,'[]'::jsonb,'{"usaTransporteEscolar": null, "nomeTransporte": null}'::jsonb,'{"turmaPlanilha": "Maternal 1", "professoraPlanilha": "Apoliana", "fonte": "DADOS PARA PLATAFORMA PEDAGÓGICA (1) (1).xlsx / Planilha1", "linhaPlanilha": 35, "raw": {"COD. ALUNO": "1304552", "INSCRIÇÃO": "268081", "NOME": "HELLENA VIEIRA SANTOS", "SEXO": "F", "NASC": "2023-12-27T00:00:00", "NACIONALIDADE": "BRASIL", "NATURALIDADE": "Goiania", "UF": "GO", "CPF": "032.423.071-00", "RAÇA": "PARDA", "PESO": "13.7kg", "TIPAGEM SANGUINEA": "O+", "ENDEREÇO": "Cond Dom Pedro", "CEP": "7266900", "TURMA": "Maternal 1", "PROFESSORA": "Apoliana", "MÃE": "Anatessia", "CPF_3": "054.101.961-98", "NATURALIDADE_2": "João Lisboa", "UF_2": "MA"}}'::jsonb,TRUE,NOW(),NOW())
  ON CONFLICT (id) DO UPDATE SET "unitId"=v_unit_id, "firstName"=EXCLUDED."firstName", "lastName"=EXCLUDED."lastName", "dateOfBirth"=EXCLUDED."dateOfBirth", gender=EXCLUDED.gender, cpf=EXCLUDED.cpf, raca=EXCLUDED.raca, peso=EXCLUDED.peso, "bloodType"=EXCLUDED."bloodType", allergies=EXCLUDED.allergies, "medicalConditions"=EXCLUDED."medicalConditions", "usoImagem"=EXCLUDED."usoImagem", laudado=EXCLUDED.laudado, nis=EXCLUDED.nis, "codigoAluno"=EXCLUDED."codigoAluno", inscricao=EXCLUDED.inscricao, "nomeMae"=EXCLUDED."nomeMae", "nomePai"=EXCLUDED."nomePai", "celPai"=EXCLUDED."celPai", nacionalidade=EXCLUDED.nacionalidade, naturalidade=EXCLUDED.naturalidade, "ufNascimento"=EXCLUDED."ufNascimento", endereco=EXCLUDED.endereco, cep=EXCLUDED.cep, "dadosResponsaveis"=EXCLUDED."dadosResponsaveis", "documentosMatricula"=EXCLUDED."documentosMatricula", "autorizadosRetirada"=EXCLUDED."autorizadosRetirada", "transporteEscolar"=EXCLUDED."transporteEscolar", "fichaAdministrativa"=EXCLUDED."fichaAdministrativa", "isActive"=TRUE, "updatedAt"=NOW();
  INSERT INTO "Enrollment" (id,"childId","classroomId","enrollmentDate",status,"createdAt","updatedAt")
  VALUES ('seed_enr_' || 'seed_pelicano_child_1304552_hellena_vieira_santos_seed_pelicano_class_pel_maternal_1_apoliana', 'seed_pelicano_child_1304552_hellena_vieira_santos', 'seed_pelicano_class_pel_maternal_1_apoliana', '2026-02-01 12:00:00', 'ATIVA'::"EnrollmentStatus", NOW(), NOW())
  ON CONFLICT ("childId","classroomId") DO UPDATE SET status=EXCLUDED.status, "updatedAt"=NOW();
  -- Aluno: HELOISA GABRIELLY VENTURA DE ANDRADE
  INSERT INTO "Child" (id,"mantenedoraId","unitId","firstName","lastName","dateOfBirth",gender,cpf,raca,peso,"bloodType",allergies,"medicalConditions","usoImagem",laudado,nis,"codigoAluno",inscricao,"nomeMae","nomePai","celPai",nacionalidade,naturalidade,"ufNascimento",endereco,cep,"dadosResponsaveis","documentosMatricula","autorizadosRetirada","transporteEscolar","fichaAdministrativa","isActive","createdAt","updatedAt")
  VALUES ('seed_pelicano_child_1301868_heloisa_gabrielly_ventura_de_andrade',v_mantenedora_id,v_unit_id,'Heloisa','Gabrielly Ventura De Andrade','2023-12-26 12:00:00','FEMININO'::"Gender",'031.711.081-00','PARDA','11kg','O+',NULL,NULL,NULL,NULL,NULL,'1301868','266134','Loslayne',NULL,NULL,'BRASIL','Brasilia','DF','Cond São Francisco','07266900','{"mae": {"nome": "Loslayne", "cpf": null, "telefone": null}, "pai": {"nome": null, "cpf": "065.499.311-42", "telefone": null}, "responsavelPrincipal": {"nome": "Loslayne", "cpf": "065.499.311-42", "parentesco": null, "identidade": null, "orgaoExpedidor": null, "telefone": null}, "enderecoResponsavel": null, "cepResponsavel": null, "escolaridade": null, "profissao": "Manicure", "numeroDependentes": null, "numeroPessoasCasa": null}'::jsonb,'{"codigoAluno": "1301868", "inscricao": "266134", "censo": null, "beneficio": null, "nis": null, "pisResponsavel": null, "cpfOriginalAluno": "031.711.081-00", "cpfPersistidoNoCampoCpf": "031.711.081-00", "cpfDuplicadoNaPlanilha": false, "serie2024": null, "origemLinhaPlanilha": 36}'::jsonb,'[]'::jsonb,'{"usaTransporteEscolar": null, "nomeTransporte": null}'::jsonb,'{"turmaPlanilha": "Maternal 1", "professoraPlanilha": "Fernanda", "fonte": "DADOS PARA PLATAFORMA PEDAGÓGICA (1) (1).xlsx / Planilha1", "linhaPlanilha": 36, "raw": {"COD. ALUNO": "1301868", "INSCRIÇÃO": "266134", "NOME": "HELOISA GABRIELLY VENTURA DE ANDRADE", "SEXO": "F", "NASC": "2023-12-26T00:00:00", "NACIONALIDADE": "BRASIL", "NATURALIDADE": "Brasilia", "UF": "DF", "CPF": "031.711.081-00", "RAÇA": "PARDA", "PESO": "11kg", "TIPAGEM SANGUINEA": "O+", "ENDEREÇO": "Cond São Francisco", "CEP": "7266900", "TURMA": "Maternal 1", "PROFESSORA": "Fernanda", "MÃE": "Loslayne", "CPF_3": "065.499.311-42", "NASCIMENTO": "1994-10-10T00:00:00", "NATURALIDADE_2": "Brasilia", "UF_2": "DF", "PROFISSÃO": "Manicure"}}'::jsonb,TRUE,NOW(),NOW())
  ON CONFLICT (id) DO UPDATE SET "unitId"=v_unit_id, "firstName"=EXCLUDED."firstName", "lastName"=EXCLUDED."lastName", "dateOfBirth"=EXCLUDED."dateOfBirth", gender=EXCLUDED.gender, cpf=EXCLUDED.cpf, raca=EXCLUDED.raca, peso=EXCLUDED.peso, "bloodType"=EXCLUDED."bloodType", allergies=EXCLUDED.allergies, "medicalConditions"=EXCLUDED."medicalConditions", "usoImagem"=EXCLUDED."usoImagem", laudado=EXCLUDED.laudado, nis=EXCLUDED.nis, "codigoAluno"=EXCLUDED."codigoAluno", inscricao=EXCLUDED.inscricao, "nomeMae"=EXCLUDED."nomeMae", "nomePai"=EXCLUDED."nomePai", "celPai"=EXCLUDED."celPai", nacionalidade=EXCLUDED.nacionalidade, naturalidade=EXCLUDED.naturalidade, "ufNascimento"=EXCLUDED."ufNascimento", endereco=EXCLUDED.endereco, cep=EXCLUDED.cep, "dadosResponsaveis"=EXCLUDED."dadosResponsaveis", "documentosMatricula"=EXCLUDED."documentosMatricula", "autorizadosRetirada"=EXCLUDED."autorizadosRetirada", "transporteEscolar"=EXCLUDED."transporteEscolar", "fichaAdministrativa"=EXCLUDED."fichaAdministrativa", "isActive"=TRUE, "updatedAt"=NOW();
  INSERT INTO "Enrollment" (id,"childId","classroomId","enrollmentDate",status,"createdAt","updatedAt")
  VALUES ('seed_enr_' || 'seed_pelicano_child_1301868_heloisa_gabrielly_ventura_de_andrade_seed_pelicano_class_pel_maternal_1_', 'seed_pelicano_child_1301868_heloisa_gabrielly_ventura_de_andrade', 'seed_pelicano_class_pel_maternal_1_fernanda', '2026-02-01 12:00:00', 'ATIVA'::"EnrollmentStatus", NOW(), NOW())
  ON CONFLICT ("childId","classroomId") DO UPDATE SET status=EXCLUDED.status, "updatedAt"=NOW();
  -- Aluno: HELOISA OLIVEIRA DE CARVALHO
  INSERT INTO "Child" (id,"mantenedoraId","unitId","firstName","lastName","dateOfBirth",gender,cpf,raca,peso,"bloodType",allergies,"medicalConditions","usoImagem",laudado,nis,"codigoAluno",inscricao,"nomeMae","nomePai","celPai",nacionalidade,naturalidade,"ufNascimento",endereco,cep,"dadosResponsaveis","documentosMatricula","autorizadosRetirada","transporteEscolar","fichaAdministrativa","isActive","createdAt","updatedAt")
  VALUES ('seed_pelicano_child_1282688_heloisa_oliveira_de_carvalho',v_mantenedora_id,v_unit_id,'Heloisa','Oliveira De Carvalho','2024-02-16 12:00:00','FEMININO'::"Gender",'048.775.431-04','PARDA','13kg','O+',NULL,NULL,NULL,NULL,NULL,'1282688','255408','Fabiola',NULL,NULL,'BRASIL','Brasilia','DF','Cond São Francisco','07266900','{"mae": {"nome": "Fabiola", "cpf": null, "telefone": null}, "pai": {"nome": null, "cpf": "705.880.831-78", "telefone": null}, "responsavelPrincipal": {"nome": "Fabiola", "cpf": "705.880.831-78", "parentesco": null, "identidade": null, "orgaoExpedidor": null, "telefone": null}, "enderecoResponsavel": null, "cepResponsavel": null, "escolaridade": null, "profissao": null, "numeroDependentes": null, "numeroPessoasCasa": null}'::jsonb,'{"codigoAluno": "1282688", "inscricao": "255408", "censo": null, "beneficio": null, "nis": null, "pisResponsavel": null, "cpfOriginalAluno": "048.775.431-04", "cpfPersistidoNoCampoCpf": "048.775.431-04", "cpfDuplicadoNaPlanilha": false, "serie2024": null, "origemLinhaPlanilha": 37}'::jsonb,'[]'::jsonb,'{"usaTransporteEscolar": null, "nomeTransporte": null}'::jsonb,'{"turmaPlanilha": "Maternal 1", "professoraPlanilha": "Cida", "fonte": "DADOS PARA PLATAFORMA PEDAGÓGICA (1) (1).xlsx / Planilha1", "linhaPlanilha": 37, "raw": {"COD. ALUNO": "1282688", "INSCRIÇÃO": "255408", "NOME": "HELOISA OLIVEIRA DE CARVALHO", "SEXO": "F", "NASC": "2024-02-16T00:00:00", "NACIONALIDADE": "BRASIL", "NATURALIDADE": "Brasilia", "UF": "DF", "CPF": "048.775.431-04", "RAÇA": "PARDA", "PESO": "13kg", "TIPAGEM SANGUINEA": "O+", "ENDEREÇO": "Cond São Francisco", "CEP": "7266900", "TURMA": "Maternal 1", "PROFESSORA": "Cida", "MÃE_2": "Fabiola", "CPF_3": "70588083178", "NASCIMENTO": "Santo Antonio", "UF_2": "GO"}}'::jsonb,TRUE,NOW(),NOW())
  ON CONFLICT (id) DO UPDATE SET "unitId"=v_unit_id, "firstName"=EXCLUDED."firstName", "lastName"=EXCLUDED."lastName", "dateOfBirth"=EXCLUDED."dateOfBirth", gender=EXCLUDED.gender, cpf=EXCLUDED.cpf, raca=EXCLUDED.raca, peso=EXCLUDED.peso, "bloodType"=EXCLUDED."bloodType", allergies=EXCLUDED.allergies, "medicalConditions"=EXCLUDED."medicalConditions", "usoImagem"=EXCLUDED."usoImagem", laudado=EXCLUDED.laudado, nis=EXCLUDED.nis, "codigoAluno"=EXCLUDED."codigoAluno", inscricao=EXCLUDED.inscricao, "nomeMae"=EXCLUDED."nomeMae", "nomePai"=EXCLUDED."nomePai", "celPai"=EXCLUDED."celPai", nacionalidade=EXCLUDED.nacionalidade, naturalidade=EXCLUDED.naturalidade, "ufNascimento"=EXCLUDED."ufNascimento", endereco=EXCLUDED.endereco, cep=EXCLUDED.cep, "dadosResponsaveis"=EXCLUDED."dadosResponsaveis", "documentosMatricula"=EXCLUDED."documentosMatricula", "autorizadosRetirada"=EXCLUDED."autorizadosRetirada", "transporteEscolar"=EXCLUDED."transporteEscolar", "fichaAdministrativa"=EXCLUDED."fichaAdministrativa", "isActive"=TRUE, "updatedAt"=NOW();
  INSERT INTO "Enrollment" (id,"childId","classroomId","enrollmentDate",status,"createdAt","updatedAt")
  VALUES ('seed_enr_' || 'seed_pelicano_child_1282688_heloisa_oliveira_de_carvalho_seed_pelicano_class_pel_maternal_1_cida', 'seed_pelicano_child_1282688_heloisa_oliveira_de_carvalho', 'seed_pelicano_class_pel_maternal_1_cida', '2026-02-01 12:00:00', 'ATIVA'::"EnrollmentStatus", NOW(), NOW())
  ON CONFLICT ("childId","classroomId") DO UPDATE SET status=EXCLUDED.status, "updatedAt"=NOW();
  -- Aluno: HELOIZE BARRETO FIRMINO
  INSERT INTO "Child" (id,"mantenedoraId","unitId","firstName","lastName","dateOfBirth",gender,cpf,raca,peso,"bloodType",allergies,"medicalConditions","usoImagem",laudado,nis,"codigoAluno",inscricao,"nomeMae","nomePai","celPai",nacionalidade,naturalidade,"ufNascimento",endereco,cep,"dadosResponsaveis","documentosMatricula","autorizadosRetirada","transporteEscolar","fichaAdministrativa","isActive","createdAt","updatedAt")
  VALUES ('seed_pelicano_child_1291095_heloize_barreto_firmino',v_mantenedora_id,v_unit_id,'Heloize','Barreto Firmino','2023-07-19 12:00:00','FEMININO'::"Gender",'120.385.611-33','PARDA',NULL,'O+',NULL,NULL,NULL,NULL,NULL,'1291095','259676','Luzia','Henrique',NULL,'BRASIL','Brasilia','DF','Cond São Francisco','07266900','{"mae": {"nome": "Luzia", "cpf": null, "telefone": null}, "pai": {"nome": "Henrique", "cpf": "067.022.481-21", "telefone": null}, "responsavelPrincipal": {"nome": "Luzia", "cpf": "067.022.481-21", "parentesco": null, "identidade": null, "orgaoExpedidor": null, "telefone": null}, "enderecoResponsavel": null, "cepResponsavel": null, "escolaridade": null, "profissao": "Uber", "numeroDependentes": null, "numeroPessoasCasa": null}'::jsonb,'{"codigoAluno": "1291095", "inscricao": "259676", "censo": null, "beneficio": null, "nis": null, "pisResponsavel": null, "cpfOriginalAluno": "120.385.611-33", "cpfPersistidoNoCampoCpf": "120.385.611-33", "cpfDuplicadoNaPlanilha": false, "serie2024": null, "origemLinhaPlanilha": 38}'::jsonb,'[]'::jsonb,'{"usaTransporteEscolar": null, "nomeTransporte": null}'::jsonb,'{"turmaPlanilha": "Maternal 1", "professoraPlanilha": "Fernanda", "fonte": "DADOS PARA PLATAFORMA PEDAGÓGICA (1) (1).xlsx / Planilha1", "linhaPlanilha": 38, "raw": {"COD. ALUNO": "1291095", "INSCRIÇÃO": "259676", "NOME": "HELOIZE BARRETO FIRMINO", "SEXO": "F", "NASC": "2023-07-19T00:00:00", "NACIONALIDADE": "BRASIL", "NATURALIDADE": "Brasilia", "UF": "DF", "CPF": "120.385.611-33", "RAÇA": "PARDA", "TIPAGEM SANGUINEA": "O+", "ENDEREÇO": "Cond São Francisco", "CEP": "7266900", "TURMA": "Maternal 1", "PROFESSORA": "Fernanda", "MÃE": "Luzia", "PAI": "Henrique", "CPF_3": "067.022.481-21", "NATURALIDADE_2": "Brasilia", "UF_2": "DF", "PROFISSÃO": "Uber"}}'::jsonb,TRUE,NOW(),NOW())
  ON CONFLICT (id) DO UPDATE SET "unitId"=v_unit_id, "firstName"=EXCLUDED."firstName", "lastName"=EXCLUDED."lastName", "dateOfBirth"=EXCLUDED."dateOfBirth", gender=EXCLUDED.gender, cpf=EXCLUDED.cpf, raca=EXCLUDED.raca, peso=EXCLUDED.peso, "bloodType"=EXCLUDED."bloodType", allergies=EXCLUDED.allergies, "medicalConditions"=EXCLUDED."medicalConditions", "usoImagem"=EXCLUDED."usoImagem", laudado=EXCLUDED.laudado, nis=EXCLUDED.nis, "codigoAluno"=EXCLUDED."codigoAluno", inscricao=EXCLUDED.inscricao, "nomeMae"=EXCLUDED."nomeMae", "nomePai"=EXCLUDED."nomePai", "celPai"=EXCLUDED."celPai", nacionalidade=EXCLUDED.nacionalidade, naturalidade=EXCLUDED.naturalidade, "ufNascimento"=EXCLUDED."ufNascimento", endereco=EXCLUDED.endereco, cep=EXCLUDED.cep, "dadosResponsaveis"=EXCLUDED."dadosResponsaveis", "documentosMatricula"=EXCLUDED."documentosMatricula", "autorizadosRetirada"=EXCLUDED."autorizadosRetirada", "transporteEscolar"=EXCLUDED."transporteEscolar", "fichaAdministrativa"=EXCLUDED."fichaAdministrativa", "isActive"=TRUE, "updatedAt"=NOW();
  INSERT INTO "Enrollment" (id,"childId","classroomId","enrollmentDate",status,"createdAt","updatedAt")
  VALUES ('seed_enr_' || 'seed_pelicano_child_1291095_heloize_barreto_firmino_seed_pelicano_class_pel_maternal_1_fernanda', 'seed_pelicano_child_1291095_heloize_barreto_firmino', 'seed_pelicano_class_pel_maternal_1_fernanda', '2026-02-01 12:00:00', 'ATIVA'::"EnrollmentStatus", NOW(), NOW())
  ON CONFLICT ("childId","classroomId") DO UPDATE SET status=EXCLUDED.status, "updatedAt"=NOW();
  -- Aluno: HENRY NASCIMENTO MARQUES
  INSERT INTO "Child" (id,"mantenedoraId","unitId","firstName","lastName","dateOfBirth",gender,cpf,raca,peso,"bloodType",allergies,"medicalConditions","usoImagem",laudado,nis,"codigoAluno",inscricao,"nomeMae","nomePai","celPai",nacionalidade,naturalidade,"ufNascimento",endereco,cep,"dadosResponsaveis","documentosMatricula","autorizadosRetirada","transporteEscolar","fichaAdministrativa","isActive","createdAt","updatedAt")
  VALUES ('seed_pelicano_child_1244877_henry_nascimento_marques',v_mantenedora_id,v_unit_id,'Henry','Nascimento Marques','2023-08-25 12:00:00','MASCULINO'::"Gender",'120.759.121-14','PARDA','15kg','O+',NULL,NULL,NULL,NULL,NULL,'1244877','238585','Amanda',NULL,NULL,'BRASIL','Brasilia','DF','Cond Nova Betania','07266900','{"mae": {"nome": "Amanda", "cpf": null, "telefone": null}, "pai": {"nome": null, "cpf": "072.936.781-93", "telefone": null}, "responsavelPrincipal": {"nome": "Amanda", "cpf": "072.936.781-93", "parentesco": null, "identidade": null, "orgaoExpedidor": null, "telefone": null}, "enderecoResponsavel": null, "cepResponsavel": null, "escolaridade": null, "profissao": "Assessora", "numeroDependentes": null, "numeroPessoasCasa": null}'::jsonb,'{"codigoAluno": "1244877", "inscricao": "238585", "censo": null, "beneficio": null, "nis": null, "pisResponsavel": null, "cpfOriginalAluno": "120.759.121-14", "cpfPersistidoNoCampoCpf": "120.759.121-14", "cpfDuplicadoNaPlanilha": false, "serie2024": null, "origemLinhaPlanilha": 39}'::jsonb,'[]'::jsonb,'{"usaTransporteEscolar": null, "nomeTransporte": null}'::jsonb,'{"turmaPlanilha": "Maternal 1", "professoraPlanilha": "Fernanda", "fonte": "DADOS PARA PLATAFORMA PEDAGÓGICA (1) (1).xlsx / Planilha1", "linhaPlanilha": 39, "raw": {"COD. ALUNO": "1244877", "INSCRIÇÃO": "238585", "NOME": "HENRY NASCIMENTO MARQUES", "SEXO": "M", "NASC": "2023-08-25T00:00:00", "NACIONALIDADE": "BRASIL", "NATURALIDADE": "Brasilia", "UF": "DF", "CPF": "120.759.121-14", "RAÇA": "PARDA", "PESO": "15kg", "TIPAGEM SANGUINEA": "O+", "ENDEREÇO": "Cond Nova Betania", "CEP": "7266900", "TURMA": "Maternal 1", "PROFESSORA": "Fernanda", "MÃE": "Amanda", "CPF_3": "072.936.781-93", "NASCIMENTO": "2000-10-16T00:00:00", "NATURALIDADE_2": "Brasilia", "UF_2": "DF", "PROFISSÃO": "Assessora"}}'::jsonb,TRUE,NOW(),NOW())
  ON CONFLICT (id) DO UPDATE SET "unitId"=v_unit_id, "firstName"=EXCLUDED."firstName", "lastName"=EXCLUDED."lastName", "dateOfBirth"=EXCLUDED."dateOfBirth", gender=EXCLUDED.gender, cpf=EXCLUDED.cpf, raca=EXCLUDED.raca, peso=EXCLUDED.peso, "bloodType"=EXCLUDED."bloodType", allergies=EXCLUDED.allergies, "medicalConditions"=EXCLUDED."medicalConditions", "usoImagem"=EXCLUDED."usoImagem", laudado=EXCLUDED.laudado, nis=EXCLUDED.nis, "codigoAluno"=EXCLUDED."codigoAluno", inscricao=EXCLUDED.inscricao, "nomeMae"=EXCLUDED."nomeMae", "nomePai"=EXCLUDED."nomePai", "celPai"=EXCLUDED."celPai", nacionalidade=EXCLUDED.nacionalidade, naturalidade=EXCLUDED.naturalidade, "ufNascimento"=EXCLUDED."ufNascimento", endereco=EXCLUDED.endereco, cep=EXCLUDED.cep, "dadosResponsaveis"=EXCLUDED."dadosResponsaveis", "documentosMatricula"=EXCLUDED."documentosMatricula", "autorizadosRetirada"=EXCLUDED."autorizadosRetirada", "transporteEscolar"=EXCLUDED."transporteEscolar", "fichaAdministrativa"=EXCLUDED."fichaAdministrativa", "isActive"=TRUE, "updatedAt"=NOW();
  INSERT INTO "Enrollment" (id,"childId","classroomId","enrollmentDate",status,"createdAt","updatedAt")
  VALUES ('seed_enr_' || 'seed_pelicano_child_1244877_henry_nascimento_marques_seed_pelicano_class_pel_maternal_1_fernanda', 'seed_pelicano_child_1244877_henry_nascimento_marques', 'seed_pelicano_class_pel_maternal_1_fernanda', '2026-02-01 12:00:00', 'ATIVA'::"EnrollmentStatus", NOW(), NOW())
  ON CONFLICT ("childId","classroomId") DO UPDATE SET status=EXCLUDED.status, "updatedAt"=NOW();
  -- Aluno: HERICK WILIAN CAMPELO MENDES
  INSERT INTO "Child" (id,"mantenedoraId","unitId","firstName","lastName","dateOfBirth",gender,cpf,raca,peso,"bloodType",allergies,"medicalConditions","usoImagem",laudado,nis,"codigoAluno",inscricao,"nomeMae","nomePai","celPai",nacionalidade,naturalidade,"ufNascimento",endereco,cep,"dadosResponsaveis","documentosMatricula","autorizadosRetirada","transporteEscolar","fichaAdministrativa","isActive","createdAt","updatedAt")
  VALUES ('seed_pelicano_child_1236431_herick_wilian_campelo_mendes',v_mantenedora_id,v_unit_id,'Herick','Wilian Campelo Mendes','2023-05-18 12:00:00','MASCULINO'::"Gender",'119.726.661-50','PARDA',NULL,'O+',NULL,NULL,NULL,NULL,NULL,'1236431','234323',NULL,NULL,NULL,'BRASIL','Brasilia','DF','Cond Buritis 1','07266900','{"mae": {"nome": null, "cpf": null, "telefone": null}, "pai": {"nome": null, "cpf": "042.157.081-41", "telefone": null}, "responsavelPrincipal": {"nome": null, "cpf": "042.157.081-41", "parentesco": null, "identidade": null, "orgaoExpedidor": null, "telefone": null}, "enderecoResponsavel": null, "cepResponsavel": null, "escolaridade": null, "profissao": null, "numeroDependentes": null, "numeroPessoasCasa": null}'::jsonb,'{"codigoAluno": "1236431", "inscricao": "234323", "censo": null, "beneficio": null, "nis": null, "pisResponsavel": null, "cpfOriginalAluno": "119.726.661-50", "cpfPersistidoNoCampoCpf": "119.726.661-50", "cpfDuplicadoNaPlanilha": false, "serie2024": null, "origemLinhaPlanilha": 40}'::jsonb,'[]'::jsonb,'{"usaTransporteEscolar": null, "nomeTransporte": null}'::jsonb,'{"turmaPlanilha": "Maternal 1", "professoraPlanilha": "Cida", "fonte": "DADOS PARA PLATAFORMA PEDAGÓGICA (1) (1).xlsx / Planilha1", "linhaPlanilha": 40, "raw": {"COD. ALUNO": "1236431", "INSCRIÇÃO": "234323", "NOME": "HERICK WILIAN CAMPELO MENDES", "SEXO": "M", "NASC": "2023-05-18T00:00:00", "NACIONALIDADE": "BRASIL", "NATURALIDADE": "Brasilia", "UF": "DF", "CPF": "11972666150", "RAÇA": "PARDA", "TIPAGEM SANGUINEA": "O+", "ENDEREÇO": "Cond Buritis 1", "CEP": "7266900", "TURMA": "Maternal 1", "PROFESSORA": "Cida", "CPF_3": "042.157.081-41", "NASCIMENTO": "Brasilia", "UF_2": "DF"}}'::jsonb,TRUE,NOW(),NOW())
  ON CONFLICT (id) DO UPDATE SET "unitId"=v_unit_id, "firstName"=EXCLUDED."firstName", "lastName"=EXCLUDED."lastName", "dateOfBirth"=EXCLUDED."dateOfBirth", gender=EXCLUDED.gender, cpf=EXCLUDED.cpf, raca=EXCLUDED.raca, peso=EXCLUDED.peso, "bloodType"=EXCLUDED."bloodType", allergies=EXCLUDED.allergies, "medicalConditions"=EXCLUDED."medicalConditions", "usoImagem"=EXCLUDED."usoImagem", laudado=EXCLUDED.laudado, nis=EXCLUDED.nis, "codigoAluno"=EXCLUDED."codigoAluno", inscricao=EXCLUDED.inscricao, "nomeMae"=EXCLUDED."nomeMae", "nomePai"=EXCLUDED."nomePai", "celPai"=EXCLUDED."celPai", nacionalidade=EXCLUDED.nacionalidade, naturalidade=EXCLUDED.naturalidade, "ufNascimento"=EXCLUDED."ufNascimento", endereco=EXCLUDED.endereco, cep=EXCLUDED.cep, "dadosResponsaveis"=EXCLUDED."dadosResponsaveis", "documentosMatricula"=EXCLUDED."documentosMatricula", "autorizadosRetirada"=EXCLUDED."autorizadosRetirada", "transporteEscolar"=EXCLUDED."transporteEscolar", "fichaAdministrativa"=EXCLUDED."fichaAdministrativa", "isActive"=TRUE, "updatedAt"=NOW();
  INSERT INTO "Enrollment" (id,"childId","classroomId","enrollmentDate",status,"createdAt","updatedAt")
  VALUES ('seed_enr_' || 'seed_pelicano_child_1236431_herick_wilian_campelo_mendes_seed_pelicano_class_pel_maternal_1_cida', 'seed_pelicano_child_1236431_herick_wilian_campelo_mendes', 'seed_pelicano_class_pel_maternal_1_cida', '2026-02-01 12:00:00', 'ATIVA'::"EnrollmentStatus", NOW(), NOW())
  ON CONFLICT ("childId","classroomId") DO UPDATE SET status=EXCLUDED.status, "updatedAt"=NOW();
  -- Aluno: ISAAC DANIEL AMANCIO ALVES DA LUZ
  INSERT INTO "Child" (id,"mantenedoraId","unitId","firstName","lastName","dateOfBirth",gender,cpf,raca,peso,"bloodType",allergies,"medicalConditions","usoImagem",laudado,nis,"codigoAluno",inscricao,"nomeMae","nomePai","celPai",nacionalidade,naturalidade,"ufNascimento",endereco,cep,"dadosResponsaveis","documentosMatricula","autorizadosRetirada","transporteEscolar","fichaAdministrativa","isActive","createdAt","updatedAt")
  VALUES ('seed_pelicano_child_1209714_isaac_daniel_amancio_alves_da_luz',v_mantenedora_id,v_unit_id,'Isaac','Daniel Amancio Alves Da Luz','2023-07-29 12:00:00','MASCULINO'::"Gender",'120.476.811-03','PARDA','12kg','O+',NULL,NULL,NULL,NULL,NULL,'1209714','225427','Danielle',NULL,NULL,'BRASIL','Brasilia','DF','Cond Dom Francisco','07266900','{"mae": {"nome": "Danielle", "cpf": null, "telefone": null}, "pai": {"nome": null, "cpf": "704.342.111-09", "telefone": null}, "responsavelPrincipal": {"nome": "Danielle", "cpf": "704.342.111-09", "parentesco": null, "identidade": null, "orgaoExpedidor": null, "telefone": null}, "enderecoResponsavel": null, "cepResponsavel": null, "escolaridade": null, "profissao": null, "numeroDependentes": null, "numeroPessoasCasa": null}'::jsonb,'{"codigoAluno": "1209714", "inscricao": "225427", "censo": null, "beneficio": null, "nis": null, "pisResponsavel": null, "cpfOriginalAluno": "120.476.811-03", "cpfPersistidoNoCampoCpf": "120.476.811-03", "cpfDuplicadoNaPlanilha": false, "serie2024": null, "origemLinhaPlanilha": 41}'::jsonb,'[]'::jsonb,'{"usaTransporteEscolar": null, "nomeTransporte": null}'::jsonb,'{"turmaPlanilha": "Maternal 1", "professoraPlanilha": "Apoliana", "fonte": "DADOS PARA PLATAFORMA PEDAGÓGICA (1) (1).xlsx / Planilha1", "linhaPlanilha": 41, "raw": {"COD. ALUNO": "1209714", "INSCRIÇÃO": "225427", "NOME": "ISAAC DANIEL AMANCIO ALVES DA LUZ", "SEXO": "M", "NASC": "2023-07-29T00:00:00", "NACIONALIDADE": "BRASIL", "NATURALIDADE": "Brasilia", "UF": "DF", "CPF": "12047681103", "RAÇA": "PARDA", "PESO": "12kg", "TIPAGEM SANGUINEA": "O+", "ENDEREÇO": "Cond Dom Francisco", "CEP": "7266900", "TURMA": "Maternal 1", "PROFESSORA": "Apoliana", "MÃE": "Danielle", "CPF_3": "70434211109", "NATURALIDADE_2": "Brasilia", "UF_2": "DF"}}'::jsonb,TRUE,NOW(),NOW())
  ON CONFLICT (id) DO UPDATE SET "unitId"=v_unit_id, "firstName"=EXCLUDED."firstName", "lastName"=EXCLUDED."lastName", "dateOfBirth"=EXCLUDED."dateOfBirth", gender=EXCLUDED.gender, cpf=EXCLUDED.cpf, raca=EXCLUDED.raca, peso=EXCLUDED.peso, "bloodType"=EXCLUDED."bloodType", allergies=EXCLUDED.allergies, "medicalConditions"=EXCLUDED."medicalConditions", "usoImagem"=EXCLUDED."usoImagem", laudado=EXCLUDED.laudado, nis=EXCLUDED.nis, "codigoAluno"=EXCLUDED."codigoAluno", inscricao=EXCLUDED.inscricao, "nomeMae"=EXCLUDED."nomeMae", "nomePai"=EXCLUDED."nomePai", "celPai"=EXCLUDED."celPai", nacionalidade=EXCLUDED.nacionalidade, naturalidade=EXCLUDED.naturalidade, "ufNascimento"=EXCLUDED."ufNascimento", endereco=EXCLUDED.endereco, cep=EXCLUDED.cep, "dadosResponsaveis"=EXCLUDED."dadosResponsaveis", "documentosMatricula"=EXCLUDED."documentosMatricula", "autorizadosRetirada"=EXCLUDED."autorizadosRetirada", "transporteEscolar"=EXCLUDED."transporteEscolar", "fichaAdministrativa"=EXCLUDED."fichaAdministrativa", "isActive"=TRUE, "updatedAt"=NOW();
  INSERT INTO "Enrollment" (id,"childId","classroomId","enrollmentDate",status,"createdAt","updatedAt")
  VALUES ('seed_enr_' || 'seed_pelicano_child_1209714_isaac_daniel_amancio_alves_da_luz_seed_pelicano_class_pel_maternal_1_apo', 'seed_pelicano_child_1209714_isaac_daniel_amancio_alves_da_luz', 'seed_pelicano_class_pel_maternal_1_apoliana', '2026-02-01 12:00:00', 'ATIVA'::"EnrollmentStatus", NOW(), NOW())
  ON CONFLICT ("childId","classroomId") DO UPDATE SET status=EXCLUDED.status, "updatedAt"=NOW();
  -- Aluno: ISAC DOS ANJOS ANUNCIACAO
  INSERT INTO "Child" (id,"mantenedoraId","unitId","firstName","lastName","dateOfBirth",gender,cpf,raca,peso,"bloodType",allergies,"medicalConditions","usoImagem",laudado,nis,"codigoAluno",inscricao,"nomeMae","nomePai","celPai",nacionalidade,naturalidade,"ufNascimento",endereco,cep,"dadosResponsaveis","documentosMatricula","autorizadosRetirada","transporteEscolar","fichaAdministrativa","isActive","createdAt","updatedAt")
  VALUES ('seed_pelicano_child_1300453_isac_dos_anjos_anunciacao',v_mantenedora_id,v_unit_id,'Isac','Dos Anjos Anunciacao','2023-11-21 12:00:00','MASCULINO'::"Gender",'022.055.481-15','PARDA',NULL,'A+',NULL,NULL,NULL,NULL,NULL,'1300453','265205','Ednalva',NULL,NULL,'BRASIL','Brasilia','DF','Cond Dom Pedro','07266900','{"mae": {"nome": "Ednalva", "cpf": null, "telefone": null}, "pai": {"nome": null, "cpf": "059.823.731-33", "telefone": null}, "responsavelPrincipal": {"nome": "Ednalva", "cpf": "059.823.731-33", "parentesco": null, "identidade": null, "orgaoExpedidor": null, "telefone": null}, "enderecoResponsavel": null, "cepResponsavel": null, "escolaridade": null, "profissao": "Cozinheira", "numeroDependentes": null, "numeroPessoasCasa": null}'::jsonb,'{"codigoAluno": "1300453", "inscricao": "265205", "censo": null, "beneficio": null, "nis": null, "pisResponsavel": null, "cpfOriginalAluno": "022.055.481-15", "cpfPersistidoNoCampoCpf": "022.055.481-15", "cpfDuplicadoNaPlanilha": false, "serie2024": null, "origemLinhaPlanilha": 42}'::jsonb,'[]'::jsonb,'{"usaTransporteEscolar": null, "nomeTransporte": null}'::jsonb,'{"turmaPlanilha": "Maternal 1", "professoraPlanilha": "Fernanda", "fonte": "DADOS PARA PLATAFORMA PEDAGÓGICA (1) (1).xlsx / Planilha1", "linhaPlanilha": 42, "raw": {"COD. ALUNO": "1300453", "INSCRIÇÃO": "265205", "NOME": "ISAC DOS ANJOS ANUNCIACAO", "SEXO": "M", "NASC": "2023-11-21T00:00:00", "NACIONALIDADE": "BRASIL", "NATURALIDADE": "Brasilia", "UF": "DF", "CPF": "022.055.481-15", "RAÇA": "PARDA", "TIPAGEM SANGUINEA": "A+", "ENDEREÇO": "Cond Dom Pedro", "CEP": "7266900", "TURMA": "Maternal 1", "PROFESSORA": "Fernanda", "MÃE": "Ednalva", "CPF_3": "059.823.731-33", "NASCIMENTO": "1995-04-01T00:00:00", "NATURALIDADE_2": "Santo Antonio", "UF_2": "GO", "PROFISSÃO": "Cozinheira"}}'::jsonb,TRUE,NOW(),NOW())
  ON CONFLICT (id) DO UPDATE SET "unitId"=v_unit_id, "firstName"=EXCLUDED."firstName", "lastName"=EXCLUDED."lastName", "dateOfBirth"=EXCLUDED."dateOfBirth", gender=EXCLUDED.gender, cpf=EXCLUDED.cpf, raca=EXCLUDED.raca, peso=EXCLUDED.peso, "bloodType"=EXCLUDED."bloodType", allergies=EXCLUDED.allergies, "medicalConditions"=EXCLUDED."medicalConditions", "usoImagem"=EXCLUDED."usoImagem", laudado=EXCLUDED.laudado, nis=EXCLUDED.nis, "codigoAluno"=EXCLUDED."codigoAluno", inscricao=EXCLUDED.inscricao, "nomeMae"=EXCLUDED."nomeMae", "nomePai"=EXCLUDED."nomePai", "celPai"=EXCLUDED."celPai", nacionalidade=EXCLUDED.nacionalidade, naturalidade=EXCLUDED.naturalidade, "ufNascimento"=EXCLUDED."ufNascimento", endereco=EXCLUDED.endereco, cep=EXCLUDED.cep, "dadosResponsaveis"=EXCLUDED."dadosResponsaveis", "documentosMatricula"=EXCLUDED."documentosMatricula", "autorizadosRetirada"=EXCLUDED."autorizadosRetirada", "transporteEscolar"=EXCLUDED."transporteEscolar", "fichaAdministrativa"=EXCLUDED."fichaAdministrativa", "isActive"=TRUE, "updatedAt"=NOW();
  INSERT INTO "Enrollment" (id,"childId","classroomId","enrollmentDate",status,"createdAt","updatedAt")
  VALUES ('seed_enr_' || 'seed_pelicano_child_1300453_isac_dos_anjos_anunciacao_seed_pelicano_class_pel_maternal_1_fernanda', 'seed_pelicano_child_1300453_isac_dos_anjos_anunciacao', 'seed_pelicano_class_pel_maternal_1_fernanda', '2026-02-01 12:00:00', 'ATIVA'::"EnrollmentStatus", NOW(), NOW())
  ON CONFLICT ("childId","classroomId") DO UPDATE SET status=EXCLUDED.status, "updatedAt"=NOW();
  -- Aluno: ISADORA ALVES DA SILVA
  INSERT INTO "Child" (id,"mantenedoraId","unitId","firstName","lastName","dateOfBirth",gender,cpf,raca,peso,"bloodType",allergies,"medicalConditions","usoImagem",laudado,nis,"codigoAluno",inscricao,"nomeMae","nomePai","celPai",nacionalidade,naturalidade,"ufNascimento",endereco,cep,"dadosResponsaveis","documentosMatricula","autorizadosRetirada","transporteEscolar","fichaAdministrativa","isActive","createdAt","updatedAt")
  VALUES ('seed_pelicano_child_1293116_isadora_alves_da_silva',v_mantenedora_id,v_unit_id,'Isadora','Alves Da Silva','2023-10-10 12:00:00','FEMININO'::"Gender",'008.352.181-04','PARDA','14kg','O+',NULL,NULL,NULL,NULL,NULL,'1293116','260846','Obito - Kelly','Luciano',NULL,'BRASIL','Brasilia','DF','Cond São Francisco','07266900','{"mae": {"nome": "Obito - Kelly", "cpf": null, "telefone": null}, "pai": {"nome": "Luciano", "cpf": "004.239.731-69", "telefone": null}, "responsavelPrincipal": {"nome": "Obito - Kelly", "cpf": "004.239.731-69", "parentesco": null, "identidade": null, "orgaoExpedidor": null, "telefone": null}, "enderecoResponsavel": null, "cepResponsavel": null, "escolaridade": null, "profissao": null, "numeroDependentes": null, "numeroPessoasCasa": null}'::jsonb,'{"codigoAluno": "1293116", "inscricao": "260846", "censo": null, "beneficio": null, "nis": null, "pisResponsavel": null, "cpfOriginalAluno": "008.352.181-04", "cpfPersistidoNoCampoCpf": "008.352.181-04", "cpfDuplicadoNaPlanilha": false, "serie2024": null, "origemLinhaPlanilha": 43}'::jsonb,'[]'::jsonb,'{"usaTransporteEscolar": null, "nomeTransporte": null}'::jsonb,'{"turmaPlanilha": "Maternal 1", "professoraPlanilha": "Cida", "fonte": "DADOS PARA PLATAFORMA PEDAGÓGICA (1) (1).xlsx / Planilha1", "linhaPlanilha": 43, "raw": {"COD. ALUNO": "1293116", "INSCRIÇÃO": "260846", "NOME": "ISADORA ALVES DA SILVA", "SEXO": "F", "NASC": "2023-10-10T00:00:00", "NACIONALIDADE": "BRASIL", "NATURALIDADE": "Brasilia", "UF": "DF", "CPF": "008.352.181-04", "RAÇA": "PARDA", "PESO": "14kg", "TIPAGEM SANGUINEA": "O+", "ENDEREÇO": "Cond São Francisco", "CEP": "7266900", "TURMA": "Maternal 1", "PROFESSORA": "Cida", "MÃE_2": "Obito - Kelly", "PAI": "Luciano", "CPF_3": "004.239-731-69"}}'::jsonb,TRUE,NOW(),NOW())
  ON CONFLICT (id) DO UPDATE SET "unitId"=v_unit_id, "firstName"=EXCLUDED."firstName", "lastName"=EXCLUDED."lastName", "dateOfBirth"=EXCLUDED."dateOfBirth", gender=EXCLUDED.gender, cpf=EXCLUDED.cpf, raca=EXCLUDED.raca, peso=EXCLUDED.peso, "bloodType"=EXCLUDED."bloodType", allergies=EXCLUDED.allergies, "medicalConditions"=EXCLUDED."medicalConditions", "usoImagem"=EXCLUDED."usoImagem", laudado=EXCLUDED.laudado, nis=EXCLUDED.nis, "codigoAluno"=EXCLUDED."codigoAluno", inscricao=EXCLUDED.inscricao, "nomeMae"=EXCLUDED."nomeMae", "nomePai"=EXCLUDED."nomePai", "celPai"=EXCLUDED."celPai", nacionalidade=EXCLUDED.nacionalidade, naturalidade=EXCLUDED.naturalidade, "ufNascimento"=EXCLUDED."ufNascimento", endereco=EXCLUDED.endereco, cep=EXCLUDED.cep, "dadosResponsaveis"=EXCLUDED."dadosResponsaveis", "documentosMatricula"=EXCLUDED."documentosMatricula", "autorizadosRetirada"=EXCLUDED."autorizadosRetirada", "transporteEscolar"=EXCLUDED."transporteEscolar", "fichaAdministrativa"=EXCLUDED."fichaAdministrativa", "isActive"=TRUE, "updatedAt"=NOW();
  INSERT INTO "Enrollment" (id,"childId","classroomId","enrollmentDate",status,"createdAt","updatedAt")
  VALUES ('seed_enr_' || 'seed_pelicano_child_1293116_isadora_alves_da_silva_seed_pelicano_class_pel_maternal_1_cida', 'seed_pelicano_child_1293116_isadora_alves_da_silva', 'seed_pelicano_class_pel_maternal_1_cida', '2026-02-01 12:00:00', 'ATIVA'::"EnrollmentStatus", NOW(), NOW())
  ON CONFLICT ("childId","classroomId") DO UPDATE SET status=EXCLUDED.status, "updatedAt"=NOW();
  -- Aluno: ISADORA LUSTOSA DE SOUSA
  INSERT INTO "Child" (id,"mantenedoraId","unitId","firstName","lastName","dateOfBirth",gender,cpf,raca,peso,"bloodType",allergies,"medicalConditions","usoImagem",laudado,nis,"codigoAluno",inscricao,"nomeMae","nomePai","celPai",nacionalidade,naturalidade,"ufNascimento",endereco,cep,"dadosResponsaveis","documentosMatricula","autorizadosRetirada","transporteEscolar","fichaAdministrativa","isActive","createdAt","updatedAt")
  VALUES ('seed_pelicano_child_1290031_isadora_lustosa_de_sousa',v_mantenedora_id,v_unit_id,'Isadora','Lustosa De Sousa','2023-10-09 12:00:00','FEMININO'::"Gender",'008.661.051-15','PARDA','15kg','O+',NULL,NULL,NULL,NULL,NULL,'1290031','260846','Ana Celia',NULL,NULL,'BRASIL','Brasilia','DF','Cond Buritis 1','07266900','{"mae": {"nome": "Ana Celia", "cpf": null, "telefone": null}, "pai": {"nome": null, "cpf": "008.553.133-52", "telefone": null}, "responsavelPrincipal": {"nome": "Ana Celia", "cpf": "008.553.133-52", "parentesco": null, "identidade": null, "orgaoExpedidor": null, "telefone": null}, "enderecoResponsavel": null, "cepResponsavel": null, "escolaridade": null, "profissao": "Tecnica de Enfermagem", "numeroDependentes": null, "numeroPessoasCasa": null}'::jsonb,'{"codigoAluno": "1290031", "inscricao": "260846", "censo": null, "beneficio": null, "nis": null, "pisResponsavel": null, "cpfOriginalAluno": "008.661.051-15", "cpfPersistidoNoCampoCpf": "008.661.051-15", "cpfDuplicadoNaPlanilha": false, "serie2024": null, "origemLinhaPlanilha": 44}'::jsonb,'[]'::jsonb,'{"usaTransporteEscolar": null, "nomeTransporte": null}'::jsonb,'{"turmaPlanilha": "Maternal 1", "professoraPlanilha": "Fernanda", "fonte": "DADOS PARA PLATAFORMA PEDAGÓGICA (1) (1).xlsx / Planilha1", "linhaPlanilha": 44, "raw": {"COD. ALUNO": "1290031", "INSCRIÇÃO": "260846", "NOME": "ISADORA LUSTOSA DE SOUSA", "SEXO": "F", "NASC": "2023-10-09T00:00:00", "NACIONALIDADE": "BRASIL", "NATURALIDADE": "Brasilia", "UF": "DF", "CPF": "008.661.051-15", "RAÇA": "PARDA", "PESO": "15kg", "TIPAGEM SANGUINEA": "O+", "ENDEREÇO": "Cond Buritis 1", "CEP": "7266900", "TURMA": "Maternal 1", "PROFESSORA": "Fernanda", "MÃE": "Ana Celia", "CPF_3": "008.553.133-52", "NASCIMENTO": "1984-10-19T00:00:00", "UF_2": "PI", "PROFISSÃO": "Tecnica de Enfermagem"}}'::jsonb,TRUE,NOW(),NOW())
  ON CONFLICT (id) DO UPDATE SET "unitId"=v_unit_id, "firstName"=EXCLUDED."firstName", "lastName"=EXCLUDED."lastName", "dateOfBirth"=EXCLUDED."dateOfBirth", gender=EXCLUDED.gender, cpf=EXCLUDED.cpf, raca=EXCLUDED.raca, peso=EXCLUDED.peso, "bloodType"=EXCLUDED."bloodType", allergies=EXCLUDED.allergies, "medicalConditions"=EXCLUDED."medicalConditions", "usoImagem"=EXCLUDED."usoImagem", laudado=EXCLUDED.laudado, nis=EXCLUDED.nis, "codigoAluno"=EXCLUDED."codigoAluno", inscricao=EXCLUDED.inscricao, "nomeMae"=EXCLUDED."nomeMae", "nomePai"=EXCLUDED."nomePai", "celPai"=EXCLUDED."celPai", nacionalidade=EXCLUDED.nacionalidade, naturalidade=EXCLUDED.naturalidade, "ufNascimento"=EXCLUDED."ufNascimento", endereco=EXCLUDED.endereco, cep=EXCLUDED.cep, "dadosResponsaveis"=EXCLUDED."dadosResponsaveis", "documentosMatricula"=EXCLUDED."documentosMatricula", "autorizadosRetirada"=EXCLUDED."autorizadosRetirada", "transporteEscolar"=EXCLUDED."transporteEscolar", "fichaAdministrativa"=EXCLUDED."fichaAdministrativa", "isActive"=TRUE, "updatedAt"=NOW();
  INSERT INTO "Enrollment" (id,"childId","classroomId","enrollmentDate",status,"createdAt","updatedAt")
  VALUES ('seed_enr_' || 'seed_pelicano_child_1290031_isadora_lustosa_de_sousa_seed_pelicano_class_pel_maternal_1_fernanda', 'seed_pelicano_child_1290031_isadora_lustosa_de_sousa', 'seed_pelicano_class_pel_maternal_1_fernanda', '2026-02-01 12:00:00', 'ATIVA'::"EnrollmentStatus", NOW(), NOW())
  ON CONFLICT ("childId","classroomId") DO UPDATE SET status=EXCLUDED.status, "updatedAt"=NOW();
  -- Aluno: ITALO GABRIEL FERNANDES DOS SANTOS
  INSERT INTO "Child" (id,"mantenedoraId","unitId","firstName","lastName","dateOfBirth",gender,cpf,raca,peso,"bloodType",allergies,"medicalConditions","usoImagem",laudado,nis,"codigoAluno",inscricao,"nomeMae","nomePai","celPai",nacionalidade,naturalidade,"ufNascimento",endereco,cep,"dadosResponsaveis","documentosMatricula","autorizadosRetirada","transporteEscolar","fichaAdministrativa","isActive","createdAt","updatedAt")
  VALUES ('seed_pelicano_child_1310323_italo_gabriel_fernandes_dos_santos',v_mantenedora_id,v_unit_id,'Italo','Gabriel Fernandes Dos Santos','2023-04-10 12:00:00','MASCULINO'::"Gender",'119.276.201-04','PARDA','16kg','O+',NULL,NULL,NULL,NULL,NULL,'1310323','273060','Euvirane',NULL,NULL,'BRASIL','Brasilia','DF','Cond São Francisco','07266900','{"mae": {"nome": "Euvirane", "cpf": null, "telefone": null}, "pai": {"nome": null, "cpf": null, "telefone": null}, "responsavelPrincipal": {"nome": "Euvirane", "cpf": null, "parentesco": null, "identidade": "8144851", "orgaoExpedidor": "SSP", "telefone": null}, "enderecoResponsavel": null, "cepResponsavel": null, "escolaridade": null, "profissao": null, "numeroDependentes": null, "numeroPessoasCasa": null}'::jsonb,'{"codigoAluno": "1310323", "inscricao": "273060", "censo": null, "beneficio": null, "nis": null, "pisResponsavel": null, "cpfOriginalAluno": "119.276.201-04", "cpfPersistidoNoCampoCpf": "119.276.201-04", "cpfDuplicadoNaPlanilha": false, "serie2024": null, "origemLinhaPlanilha": 45}'::jsonb,'[]'::jsonb,'{"usaTransporteEscolar": null, "nomeTransporte": null}'::jsonb,'{"turmaPlanilha": "Maternal 1", "professoraPlanilha": "Adriana", "fonte": "DADOS PARA PLATAFORMA PEDAGÓGICA (1) (1).xlsx / Planilha1", "linhaPlanilha": 45, "raw": {"COD. ALUNO": "1310323", "INSCRIÇÃO": "273060", "NOME": "ITALO GABRIEL FERNANDES DOS SANTOS", "SEXO": "M", "NASC": "2023-04-10T00:00:00", "NACIONALIDADE": "BRASIL", "NATURALIDADE": "Brasilia", "UF": "DF", "CPF": "119.276.201-04", "RAÇA": "PARDA", "PESO": "16kg", "TIPAGEM SANGUINEA": "O+", "ENDEREÇO": "Cond São Francisco", "CEP": "7266900", "TURMA": "Maternal 1", "PROFESSORA": "Adriana", "MÃE": "Euvirane", "IDENTIDADE RESP": "8144851", "ORG. EXPEDITOR": "SSP", "NASCIMENTO": "1991-07-18T00:00:00", "UF_2": "PI"}}'::jsonb,TRUE,NOW(),NOW())
  ON CONFLICT (id) DO UPDATE SET "unitId"=v_unit_id, "firstName"=EXCLUDED."firstName", "lastName"=EXCLUDED."lastName", "dateOfBirth"=EXCLUDED."dateOfBirth", gender=EXCLUDED.gender, cpf=EXCLUDED.cpf, raca=EXCLUDED.raca, peso=EXCLUDED.peso, "bloodType"=EXCLUDED."bloodType", allergies=EXCLUDED.allergies, "medicalConditions"=EXCLUDED."medicalConditions", "usoImagem"=EXCLUDED."usoImagem", laudado=EXCLUDED.laudado, nis=EXCLUDED.nis, "codigoAluno"=EXCLUDED."codigoAluno", inscricao=EXCLUDED.inscricao, "nomeMae"=EXCLUDED."nomeMae", "nomePai"=EXCLUDED."nomePai", "celPai"=EXCLUDED."celPai", nacionalidade=EXCLUDED.nacionalidade, naturalidade=EXCLUDED.naturalidade, "ufNascimento"=EXCLUDED."ufNascimento", endereco=EXCLUDED.endereco, cep=EXCLUDED.cep, "dadosResponsaveis"=EXCLUDED."dadosResponsaveis", "documentosMatricula"=EXCLUDED."documentosMatricula", "autorizadosRetirada"=EXCLUDED."autorizadosRetirada", "transporteEscolar"=EXCLUDED."transporteEscolar", "fichaAdministrativa"=EXCLUDED."fichaAdministrativa", "isActive"=TRUE, "updatedAt"=NOW();
  INSERT INTO "Enrollment" (id,"childId","classroomId","enrollmentDate",status,"createdAt","updatedAt")
  VALUES ('seed_enr_' || 'seed_pelicano_child_1310323_italo_gabriel_fernandes_dos_santos_seed_pelicano_class_pel_maternal_1_ad', 'seed_pelicano_child_1310323_italo_gabriel_fernandes_dos_santos', 'seed_pelicano_class_pel_maternal_1_adriana', '2026-02-01 12:00:00', 'ATIVA'::"EnrollmentStatus", NOW(), NOW())
  ON CONFLICT ("childId","classroomId") DO UPDATE SET status=EXCLUDED.status, "updatedAt"=NOW();
  -- Aluno: JOAO MIGUEL ALVES SOUSA
  INSERT INTO "Child" (id,"mantenedoraId","unitId","firstName","lastName","dateOfBirth",gender,cpf,raca,peso,"bloodType",allergies,"medicalConditions","usoImagem",laudado,nis,"codigoAluno",inscricao,"nomeMae","nomePai","celPai",nacionalidade,naturalidade,"ufNascimento",endereco,cep,"dadosResponsaveis","documentosMatricula","autorizadosRetirada","transporteEscolar","fichaAdministrativa","isActive","createdAt","updatedAt")
  VALUES ('seed_pelicano_child_1304208_joao_miguel_alves_sousa',v_mantenedora_id,v_unit_id,'Joao','Miguel Alves Sousa','2023-11-22 12:00:00','MASCULINO'::"Gender",'022.895.711-72','PARDA','13kg','O+',NULL,NULL,NULL,NULL,NULL,'1304208','267851','Elisangela',NULL,NULL,'BRASIL','Brasilia','DF','Cond Dom Francisco','07266900','{"mae": {"nome": "Elisangela", "cpf": null, "telefone": null}, "pai": {"nome": null, "cpf": "096.831.431-31", "telefone": null}, "responsavelPrincipal": {"nome": "Elisangela", "cpf": "096.831.431-31", "parentesco": null, "identidade": null, "orgaoExpedidor": null, "telefone": null}, "enderecoResponsavel": null, "cepResponsavel": null, "escolaridade": null, "profissao": "Autonomo", "numeroDependentes": null, "numeroPessoasCasa": null}'::jsonb,'{"codigoAluno": "1304208", "inscricao": "267851", "censo": null, "beneficio": null, "nis": null, "pisResponsavel": null, "cpfOriginalAluno": "022.895.711-72", "cpfPersistidoNoCampoCpf": "022.895.711-72", "cpfDuplicadoNaPlanilha": false, "serie2024": null, "origemLinhaPlanilha": 46}'::jsonb,'[]'::jsonb,'{"usaTransporteEscolar": null, "nomeTransporte": null}'::jsonb,'{"turmaPlanilha": "Maternal 1", "professoraPlanilha": "Fernanda", "fonte": "DADOS PARA PLATAFORMA PEDAGÓGICA (1) (1).xlsx / Planilha1", "linhaPlanilha": 46, "raw": {"COD. ALUNO": "1304208", "INSCRIÇÃO": "267851", "NOME": "JOAO MIGUEL ALVES SOUSA", "SEXO": "M", "NASC": "2023-11-22T00:00:00", "NACIONALIDADE": "BRASIL", "NATURALIDADE": "Brasilia", "UF": "DF", "CPF": "022.895.711-72", "RAÇA": "PARDA", "PESO": "13kg", "TIPAGEM SANGUINEA": "O+", "ENDEREÇO": "Cond Dom Francisco", "CEP": "7266900", "TURMA": "Maternal 1", "PROFESSORA": "Fernanda", "MÃE": "Elisangela", "CPF_3": "096.831-431-31", "NASCIMENTO": "2003-06-17T00:00:00", "NATURALIDADE_2": "Lima Campos", "UF_2": "MA", "PROFISSÃO": "Autonomo"}}'::jsonb,TRUE,NOW(),NOW())
  ON CONFLICT (id) DO UPDATE SET "unitId"=v_unit_id, "firstName"=EXCLUDED."firstName", "lastName"=EXCLUDED."lastName", "dateOfBirth"=EXCLUDED."dateOfBirth", gender=EXCLUDED.gender, cpf=EXCLUDED.cpf, raca=EXCLUDED.raca, peso=EXCLUDED.peso, "bloodType"=EXCLUDED."bloodType", allergies=EXCLUDED.allergies, "medicalConditions"=EXCLUDED."medicalConditions", "usoImagem"=EXCLUDED."usoImagem", laudado=EXCLUDED.laudado, nis=EXCLUDED.nis, "codigoAluno"=EXCLUDED."codigoAluno", inscricao=EXCLUDED.inscricao, "nomeMae"=EXCLUDED."nomeMae", "nomePai"=EXCLUDED."nomePai", "celPai"=EXCLUDED."celPai", nacionalidade=EXCLUDED.nacionalidade, naturalidade=EXCLUDED.naturalidade, "ufNascimento"=EXCLUDED."ufNascimento", endereco=EXCLUDED.endereco, cep=EXCLUDED.cep, "dadosResponsaveis"=EXCLUDED."dadosResponsaveis", "documentosMatricula"=EXCLUDED."documentosMatricula", "autorizadosRetirada"=EXCLUDED."autorizadosRetirada", "transporteEscolar"=EXCLUDED."transporteEscolar", "fichaAdministrativa"=EXCLUDED."fichaAdministrativa", "isActive"=TRUE, "updatedAt"=NOW();
  INSERT INTO "Enrollment" (id,"childId","classroomId","enrollmentDate",status,"createdAt","updatedAt")
  VALUES ('seed_enr_' || 'seed_pelicano_child_1304208_joao_miguel_alves_sousa_seed_pelicano_class_pel_maternal_1_fernanda', 'seed_pelicano_child_1304208_joao_miguel_alves_sousa', 'seed_pelicano_class_pel_maternal_1_fernanda', '2026-02-01 12:00:00', 'ATIVA'::"EnrollmentStatus", NOW(), NOW())
  ON CONFLICT ("childId","classroomId") DO UPDATE SET status=EXCLUDED.status, "updatedAt"=NOW();
  -- Aluno: JOAO MIGUEL DE SOUSA SILVA
  INSERT INTO "Child" (id,"mantenedoraId","unitId","firstName","lastName","dateOfBirth",gender,cpf,raca,peso,"bloodType",allergies,"medicalConditions","usoImagem",laudado,nis,"codigoAluno",inscricao,"nomeMae","nomePai","celPai",nacionalidade,naturalidade,"ufNascimento",endereco,cep,"dadosResponsaveis","documentosMatricula","autorizadosRetirada","transporteEscolar","fichaAdministrativa","isActive","createdAt","updatedAt")
  VALUES ('seed_pelicano_child_1293263_joao_miguel_de_sousa_silva',v_mantenedora_id,v_unit_id,'Joao','Miguel De Sousa Silva','2023-07-20 12:00:00','MASCULINO'::"Gender",'120.395.291-01','PARDA','13kg','AB+',NULL,NULL,NULL,NULL,NULL,'1293263','260955','Larissa',NULL,NULL,'BRASIL','Brasilia','DF',NULL,'07266900','{"mae": {"nome": "Larissa", "cpf": null, "telefone": null}, "pai": {"nome": null, "cpf": "702.826.941-88", "telefone": null}, "responsavelPrincipal": {"nome": "Larissa", "cpf": "702.826.941-88", "parentesco": null, "identidade": null, "orgaoExpedidor": null, "telefone": null}, "enderecoResponsavel": null, "cepResponsavel": null, "escolaridade": null, "profissao": null, "numeroDependentes": null, "numeroPessoasCasa": null}'::jsonb,'{"codigoAluno": "1293263", "inscricao": "260955", "censo": null, "beneficio": null, "nis": null, "pisResponsavel": null, "cpfOriginalAluno": "120.395.291-01", "cpfPersistidoNoCampoCpf": "120.395.291-01", "cpfDuplicadoNaPlanilha": false, "serie2024": null, "origemLinhaPlanilha": 47}'::jsonb,'[]'::jsonb,'{"usaTransporteEscolar": null, "nomeTransporte": null}'::jsonb,'{"turmaPlanilha": "Maternal 1", "professoraPlanilha": "Fernanda", "fonte": "DADOS PARA PLATAFORMA PEDAGÓGICA (1) (1).xlsx / Planilha1", "linhaPlanilha": 47, "raw": {"COD. ALUNO": "1293263", "INSCRIÇÃO": "260955", "NOME": "JOAO MIGUEL DE SOUSA SILVA", "SEXO": "M", "NASC": "2023-07-20T00:00:00", "NACIONALIDADE": "BRASIL", "NATURALIDADE": "Brasilia", "UF": "DF", "CPF": "120.395.291-01", "RAÇA": "PARDA", "PESO": "13kg", "TIPAGEM SANGUINEA": "AB+", "CEP": "7266900", "TURMA": "Maternal 1", "PROFESSORA": "Fernanda", "MÃE": "Larissa", "CPF_3": "702.826.941-88", "NASCIMENTO": "1996-12-13T00:00:00", "NATURALIDADE_2": "Brasilia", "UF_2": "DF"}}'::jsonb,TRUE,NOW(),NOW())
  ON CONFLICT (id) DO UPDATE SET "unitId"=v_unit_id, "firstName"=EXCLUDED."firstName", "lastName"=EXCLUDED."lastName", "dateOfBirth"=EXCLUDED."dateOfBirth", gender=EXCLUDED.gender, cpf=EXCLUDED.cpf, raca=EXCLUDED.raca, peso=EXCLUDED.peso, "bloodType"=EXCLUDED."bloodType", allergies=EXCLUDED.allergies, "medicalConditions"=EXCLUDED."medicalConditions", "usoImagem"=EXCLUDED."usoImagem", laudado=EXCLUDED.laudado, nis=EXCLUDED.nis, "codigoAluno"=EXCLUDED."codigoAluno", inscricao=EXCLUDED.inscricao, "nomeMae"=EXCLUDED."nomeMae", "nomePai"=EXCLUDED."nomePai", "celPai"=EXCLUDED."celPai", nacionalidade=EXCLUDED.nacionalidade, naturalidade=EXCLUDED.naturalidade, "ufNascimento"=EXCLUDED."ufNascimento", endereco=EXCLUDED.endereco, cep=EXCLUDED.cep, "dadosResponsaveis"=EXCLUDED."dadosResponsaveis", "documentosMatricula"=EXCLUDED."documentosMatricula", "autorizadosRetirada"=EXCLUDED."autorizadosRetirada", "transporteEscolar"=EXCLUDED."transporteEscolar", "fichaAdministrativa"=EXCLUDED."fichaAdministrativa", "isActive"=TRUE, "updatedAt"=NOW();
  INSERT INTO "Enrollment" (id,"childId","classroomId","enrollmentDate",status,"createdAt","updatedAt")
  VALUES ('seed_enr_' || 'seed_pelicano_child_1293263_joao_miguel_de_sousa_silva_seed_pelicano_class_pel_maternal_1_fernanda', 'seed_pelicano_child_1293263_joao_miguel_de_sousa_silva', 'seed_pelicano_class_pel_maternal_1_fernanda', '2026-02-01 12:00:00', 'ATIVA'::"EnrollmentStatus", NOW(), NOW())
  ON CONFLICT ("childId","classroomId") DO UPDATE SET status=EXCLUDED.status, "updatedAt"=NOW();
  -- Aluno: JOAO MIGUEL FERREIRA DE PAIVA
  INSERT INTO "Child" (id,"mantenedoraId","unitId","firstName","lastName","dateOfBirth",gender,cpf,raca,peso,"bloodType",allergies,"medicalConditions","usoImagem",laudado,nis,"codigoAluno",inscricao,"nomeMae","nomePai","celPai",nacionalidade,naturalidade,"ufNascimento",endereco,cep,"dadosResponsaveis","documentosMatricula","autorizadosRetirada","transporteEscolar","fichaAdministrativa","isActive","createdAt","updatedAt")
  VALUES ('seed_pelicano_child_1307608_joao_miguel_ferreira_de_paiva',v_mantenedora_id,v_unit_id,'Joao','Miguel Ferreira De Paiva','2023-09-06 12:00:00','MASCULINO'::"Gender",'120.880.981-43','PARDA','12.9kg','A+',NULL,NULL,NULL,NULL,NULL,'1307608','270677','Beatriz',NULL,NULL,'BRASIL','Brasilia','DF','Cond Galileia','07266900','{"mae": {"nome": "Beatriz", "cpf": null, "telefone": null}, "pai": {"nome": null, "cpf": "094.315.931-81", "telefone": null}, "responsavelPrincipal": {"nome": "Beatriz", "cpf": "094.315.931-81", "parentesco": null, "identidade": null, "orgaoExpedidor": null, "telefone": null}, "enderecoResponsavel": null, "cepResponsavel": null, "escolaridade": null, "profissao": null, "numeroDependentes": null, "numeroPessoasCasa": null}'::jsonb,'{"codigoAluno": "1307608", "inscricao": "270677", "censo": null, "beneficio": null, "nis": null, "pisResponsavel": null, "cpfOriginalAluno": "120.880.981-43", "cpfPersistidoNoCampoCpf": "120.880.981-43", "cpfDuplicadoNaPlanilha": false, "serie2024": null, "origemLinhaPlanilha": 48}'::jsonb,'[]'::jsonb,'{"usaTransporteEscolar": null, "nomeTransporte": null}'::jsonb,'{"turmaPlanilha": "Maternal 1", "professoraPlanilha": "Apoliana", "fonte": "DADOS PARA PLATAFORMA PEDAGÓGICA (1) (1).xlsx / Planilha1", "linhaPlanilha": 48, "raw": {"COD. ALUNO": "1307608", "INSCRIÇÃO": "270677", "NOME": "JOAO MIGUEL FERREIRA DE PAIVA", "SEXO": "M", "NASC": "2023-09-06T00:00:00", "NACIONALIDADE": "BRASIL", "NATURALIDADE": "Brasilia", "UF": "DF", "CPF": "12088098143", "RAÇA": "PARDA", "PESO": "12.9kg", "TIPAGEM SANGUINEA": "A+", "ENDEREÇO": "Cond Galileia", "CEP": "7266900", "TURMA": "Maternal 1", "PROFESSORA": "Apoliana", "MÃE": "Beatriz", "CPF_3": "094.315.931-81", "NATURALIDADE_2": "Brasilia", "UF_2": "DF"}}'::jsonb,TRUE,NOW(),NOW())
  ON CONFLICT (id) DO UPDATE SET "unitId"=v_unit_id, "firstName"=EXCLUDED."firstName", "lastName"=EXCLUDED."lastName", "dateOfBirth"=EXCLUDED."dateOfBirth", gender=EXCLUDED.gender, cpf=EXCLUDED.cpf, raca=EXCLUDED.raca, peso=EXCLUDED.peso, "bloodType"=EXCLUDED."bloodType", allergies=EXCLUDED.allergies, "medicalConditions"=EXCLUDED."medicalConditions", "usoImagem"=EXCLUDED."usoImagem", laudado=EXCLUDED.laudado, nis=EXCLUDED.nis, "codigoAluno"=EXCLUDED."codigoAluno", inscricao=EXCLUDED.inscricao, "nomeMae"=EXCLUDED."nomeMae", "nomePai"=EXCLUDED."nomePai", "celPai"=EXCLUDED."celPai", nacionalidade=EXCLUDED.nacionalidade, naturalidade=EXCLUDED.naturalidade, "ufNascimento"=EXCLUDED."ufNascimento", endereco=EXCLUDED.endereco, cep=EXCLUDED.cep, "dadosResponsaveis"=EXCLUDED."dadosResponsaveis", "documentosMatricula"=EXCLUDED."documentosMatricula", "autorizadosRetirada"=EXCLUDED."autorizadosRetirada", "transporteEscolar"=EXCLUDED."transporteEscolar", "fichaAdministrativa"=EXCLUDED."fichaAdministrativa", "isActive"=TRUE, "updatedAt"=NOW();
  INSERT INTO "Enrollment" (id,"childId","classroomId","enrollmentDate",status,"createdAt","updatedAt")
  VALUES ('seed_enr_' || 'seed_pelicano_child_1307608_joao_miguel_ferreira_de_paiva_seed_pelicano_class_pel_maternal_1_apolian', 'seed_pelicano_child_1307608_joao_miguel_ferreira_de_paiva', 'seed_pelicano_class_pel_maternal_1_apoliana', '2026-02-01 12:00:00', 'ATIVA'::"EnrollmentStatus", NOW(), NOW())
  ON CONFLICT ("childId","classroomId") DO UPDATE SET status=EXCLUDED.status, "updatedAt"=NOW();
  -- Aluno: JOAQUIM MOREIRA DIAS
  INSERT INTO "Child" (id,"mantenedoraId","unitId","firstName","lastName","dateOfBirth",gender,cpf,raca,peso,"bloodType",allergies,"medicalConditions","usoImagem",laudado,nis,"codigoAluno",inscricao,"nomeMae","nomePai","celPai",nacionalidade,naturalidade,"ufNascimento",endereco,cep,"dadosResponsaveis","documentosMatricula","autorizadosRetirada","transporteEscolar","fichaAdministrativa","isActive","createdAt","updatedAt")
  VALUES ('seed_pelicano_child_1285466_joaquim_moreira_dias',v_mantenedora_id,v_unit_id,'Joaquim','Moreira Dias','2023-07-22 12:00:00','MASCULINO'::"Gender",'120.411.191-01','PARDA','14kg','O+',NULL,NULL,NULL,NULL,NULL,'1285466','256707','Hellen',NULL,NULL,'BRASIL','Brasilia','DF','Chacara Pais e Filhos','07266900','{"mae": {"nome": "Hellen", "cpf": null, "telefone": null}, "pai": {"nome": null, "cpf": "056.496.241-43", "telefone": null}, "responsavelPrincipal": {"nome": "Hellen", "cpf": "056.496.241-43", "parentesco": null, "identidade": null, "orgaoExpedidor": null, "telefone": null}, "enderecoResponsavel": null, "cepResponsavel": null, "escolaridade": null, "profissao": null, "numeroDependentes": null, "numeroPessoasCasa": null}'::jsonb,'{"codigoAluno": "1285466", "inscricao": "256707", "censo": null, "beneficio": null, "nis": null, "pisResponsavel": null, "cpfOriginalAluno": "120.411.191-01", "cpfPersistidoNoCampoCpf": "120.411.191-01", "cpfDuplicadoNaPlanilha": false, "serie2024": null, "origemLinhaPlanilha": 49}'::jsonb,'[]'::jsonb,'{"usaTransporteEscolar": null, "nomeTransporte": null}'::jsonb,'{"turmaPlanilha": "Maternal 1", "professoraPlanilha": "Apoliana", "fonte": "DADOS PARA PLATAFORMA PEDAGÓGICA (1) (1).xlsx / Planilha1", "linhaPlanilha": 49, "raw": {"COD. ALUNO": "1285466", "INSCRIÇÃO": "256707", "NOME": "JOAQUIM MOREIRA DIAS", "SEXO": "M", "NASC": "2023-07-22T00:00:00", "NACIONALIDADE": "BRASIL", "NATURALIDADE": "Brasilia", "UF": "DF", "CPF": "12041119101", "RAÇA": "PARDA", "PESO": "14kg", "TIPAGEM SANGUINEA": "O+", "ENDEREÇO": "Chacara Pais e Filhos", "CEP": "7266900", "TURMA": "Maternal 1", "PROFESSORA": "Apoliana", "MÃE": "Hellen", "CPF_3": "056.496.241-43", "NATURALIDADE_2": "Uruaçu", "UF_2": "GO"}}'::jsonb,TRUE,NOW(),NOW())
  ON CONFLICT (id) DO UPDATE SET "unitId"=v_unit_id, "firstName"=EXCLUDED."firstName", "lastName"=EXCLUDED."lastName", "dateOfBirth"=EXCLUDED."dateOfBirth", gender=EXCLUDED.gender, cpf=EXCLUDED.cpf, raca=EXCLUDED.raca, peso=EXCLUDED.peso, "bloodType"=EXCLUDED."bloodType", allergies=EXCLUDED.allergies, "medicalConditions"=EXCLUDED."medicalConditions", "usoImagem"=EXCLUDED."usoImagem", laudado=EXCLUDED.laudado, nis=EXCLUDED.nis, "codigoAluno"=EXCLUDED."codigoAluno", inscricao=EXCLUDED.inscricao, "nomeMae"=EXCLUDED."nomeMae", "nomePai"=EXCLUDED."nomePai", "celPai"=EXCLUDED."celPai", nacionalidade=EXCLUDED.nacionalidade, naturalidade=EXCLUDED.naturalidade, "ufNascimento"=EXCLUDED."ufNascimento", endereco=EXCLUDED.endereco, cep=EXCLUDED.cep, "dadosResponsaveis"=EXCLUDED."dadosResponsaveis", "documentosMatricula"=EXCLUDED."documentosMatricula", "autorizadosRetirada"=EXCLUDED."autorizadosRetirada", "transporteEscolar"=EXCLUDED."transporteEscolar", "fichaAdministrativa"=EXCLUDED."fichaAdministrativa", "isActive"=TRUE, "updatedAt"=NOW();
  INSERT INTO "Enrollment" (id,"childId","classroomId","enrollmentDate",status,"createdAt","updatedAt")
  VALUES ('seed_enr_' || 'seed_pelicano_child_1285466_joaquim_moreira_dias_seed_pelicano_class_pel_maternal_1_apoliana', 'seed_pelicano_child_1285466_joaquim_moreira_dias', 'seed_pelicano_class_pel_maternal_1_apoliana', '2026-02-01 12:00:00', 'ATIVA'::"EnrollmentStatus", NOW(), NOW())
  ON CONFLICT ("childId","classroomId") DO UPDATE SET status=EXCLUDED.status, "updatedAt"=NOW();
  -- Aluno: LEANDRO PIRES ZANG
  INSERT INTO "Child" (id,"mantenedoraId","unitId","firstName","lastName","dateOfBirth",gender,cpf,raca,peso,"bloodType",allergies,"medicalConditions","usoImagem",laudado,nis,"codigoAluno",inscricao,"nomeMae","nomePai","celPai",nacionalidade,naturalidade,"ufNascimento",endereco,cep,"dadosResponsaveis","documentosMatricula","autorizadosRetirada","transporteEscolar","fichaAdministrativa","isActive","createdAt","updatedAt")
  VALUES ('seed_pelicano_child_1257296_leandro_pires_zang',v_mantenedora_id,v_unit_id,'Leandro','Pires Zang','2023-09-25 12:00:00','MASCULINO'::"Gender",'000.823.091-91','PARDA','22kg','O+',NULL,NULL,NULL,NULL,NULL,'1257296','248172','Jessica','Lucas',NULL,'BRASIL','Brasilia','DF','Cond Dom Francisco','07266900','{"mae": {"nome": "Jessica", "cpf": null, "telefone": null}, "pai": {"nome": "Lucas", "cpf": "064.361.181-95", "telefone": null}, "responsavelPrincipal": {"nome": "Jessica", "cpf": "064.361.181-95", "parentesco": null, "identidade": null, "orgaoExpedidor": null, "telefone": null}, "enderecoResponsavel": null, "cepResponsavel": null, "escolaridade": null, "profissao": null, "numeroDependentes": null, "numeroPessoasCasa": null}'::jsonb,'{"codigoAluno": "1257296", "inscricao": "248172", "censo": null, "beneficio": null, "nis": null, "pisResponsavel": null, "cpfOriginalAluno": "000.823.091-91", "cpfPersistidoNoCampoCpf": "000.823.091-91", "cpfDuplicadoNaPlanilha": false, "serie2024": null, "origemLinhaPlanilha": 50}'::jsonb,'[]'::jsonb,'{"usaTransporteEscolar": null, "nomeTransporte": null}'::jsonb,'{"turmaPlanilha": "Maternal 1", "professoraPlanilha": "Cida", "fonte": "DADOS PARA PLATAFORMA PEDAGÓGICA (1) (1).xlsx / Planilha1", "linhaPlanilha": 50, "raw": {"COD. ALUNO": "1257296", "INSCRIÇÃO": "248172", "NOME": "LEANDRO PIRES ZANG", "SEXO": "M", "NASC": "2023-09-25T00:00:00", "NACIONALIDADE": "BRASIL", "NATURALIDADE": "Brasilia", "UF": "DF", "CPF": "000.823.091-91", "RAÇA": "PARDA", "PESO": "22kg", "TIPAGEM SANGUINEA": "O+", "ENDEREÇO": "Cond Dom Francisco", "CEP": "7266900", "TURMA": "Maternal 1", "PROFESSORA": "Cida", "MÃE_2": "Jessica", "PAI": "Lucas", "CPF_3": "064.361.181-95"}}'::jsonb,TRUE,NOW(),NOW())
  ON CONFLICT (id) DO UPDATE SET "unitId"=v_unit_id, "firstName"=EXCLUDED."firstName", "lastName"=EXCLUDED."lastName", "dateOfBirth"=EXCLUDED."dateOfBirth", gender=EXCLUDED.gender, cpf=EXCLUDED.cpf, raca=EXCLUDED.raca, peso=EXCLUDED.peso, "bloodType"=EXCLUDED."bloodType", allergies=EXCLUDED.allergies, "medicalConditions"=EXCLUDED."medicalConditions", "usoImagem"=EXCLUDED."usoImagem", laudado=EXCLUDED.laudado, nis=EXCLUDED.nis, "codigoAluno"=EXCLUDED."codigoAluno", inscricao=EXCLUDED.inscricao, "nomeMae"=EXCLUDED."nomeMae", "nomePai"=EXCLUDED."nomePai", "celPai"=EXCLUDED."celPai", nacionalidade=EXCLUDED.nacionalidade, naturalidade=EXCLUDED.naturalidade, "ufNascimento"=EXCLUDED."ufNascimento", endereco=EXCLUDED.endereco, cep=EXCLUDED.cep, "dadosResponsaveis"=EXCLUDED."dadosResponsaveis", "documentosMatricula"=EXCLUDED."documentosMatricula", "autorizadosRetirada"=EXCLUDED."autorizadosRetirada", "transporteEscolar"=EXCLUDED."transporteEscolar", "fichaAdministrativa"=EXCLUDED."fichaAdministrativa", "isActive"=TRUE, "updatedAt"=NOW();
  INSERT INTO "Enrollment" (id,"childId","classroomId","enrollmentDate",status,"createdAt","updatedAt")
  VALUES ('seed_enr_' || 'seed_pelicano_child_1257296_leandro_pires_zang_seed_pelicano_class_pel_maternal_1_cida', 'seed_pelicano_child_1257296_leandro_pires_zang', 'seed_pelicano_class_pel_maternal_1_cida', '2026-02-01 12:00:00', 'ATIVA'::"EnrollmentStatus", NOW(), NOW())
  ON CONFLICT ("childId","classroomId") DO UPDATE SET status=EXCLUDED.status, "updatedAt"=NOW();
  -- Aluno: LIA AURORA DA CRUZ SANTANA
  INSERT INTO "Child" (id,"mantenedoraId","unitId","firstName","lastName","dateOfBirth",gender,cpf,raca,peso,"bloodType",allergies,"medicalConditions","usoImagem",laudado,nis,"codigoAluno",inscricao,"nomeMae","nomePai","celPai",nacionalidade,naturalidade,"ufNascimento",endereco,cep,"dadosResponsaveis","documentosMatricula","autorizadosRetirada","transporteEscolar","fichaAdministrativa","isActive","createdAt","updatedAt")
  VALUES ('seed_pelicano_child_1268966_lia_aurora_da_cruz_santana',v_mantenedora_id,v_unit_id,'Lia','Aurora Da Cruz Santana','2023-09-22 12:00:00','FEMININO'::"Gender",'000.263.951-34','PARDA',NULL,'A+',NULL,NULL,NULL,NULL,NULL,'1268966','251540','Beatriz',NULL,NULL,'BRASIL','Brasilia','DF','Cond Guarapari','07266900','{"mae": {"nome": "Beatriz", "cpf": null, "telefone": null}, "pai": {"nome": null, "cpf": null, "telefone": null}, "responsavelPrincipal": {"nome": "Beatriz", "cpf": null, "parentesco": null, "identidade": "3686068", "orgaoExpedidor": "SSP", "telefone": null}, "enderecoResponsavel": null, "cepResponsavel": null, "escolaridade": null, "profissao": "Atendente", "numeroDependentes": null, "numeroPessoasCasa": null}'::jsonb,'{"codigoAluno": "1268966", "inscricao": "251540", "censo": null, "beneficio": null, "nis": null, "pisResponsavel": null, "cpfOriginalAluno": "000.263.951-34", "cpfPersistidoNoCampoCpf": "000.263.951-34", "cpfDuplicadoNaPlanilha": false, "serie2024": null, "origemLinhaPlanilha": 51}'::jsonb,'[]'::jsonb,'{"usaTransporteEscolar": null, "nomeTransporte": null}'::jsonb,'{"turmaPlanilha": "Maternal 1", "professoraPlanilha": "Adriana", "fonte": "DADOS PARA PLATAFORMA PEDAGÓGICA (1) (1).xlsx / Planilha1", "linhaPlanilha": 51, "raw": {"COD. ALUNO": "1268966", "INSCRIÇÃO": "251540", "NOME": "LIA AURORA DA CRUZ SANTANA", "SEXO": "F", "NASC": "2023-09-22T00:00:00", "NACIONALIDADE": "BRASIL", "NATURALIDADE": "Brasilia", "UF": "DF", "CPF": "000.263.951-34", "RAÇA": "PARDA", "TIPAGEM SANGUINEA": "A+", "ENDEREÇO": "Cond Guarapari", "CEP": "7266900", "TURMA": "Maternal 1", "PROFESSORA": "Adriana", "MÃE": "Beatriz", "IDENTIDADE RESP": "3686068", "ORG. EXPEDITOR": "SSP", "NASCIMENTO": "2001-01-16T00:00:00", "NATURALIDADE_2": "Santo Antonio", "UF_2": "GO", "PROFISSÃO": "Atendente"}}'::jsonb,TRUE,NOW(),NOW())
  ON CONFLICT (id) DO UPDATE SET "unitId"=v_unit_id, "firstName"=EXCLUDED."firstName", "lastName"=EXCLUDED."lastName", "dateOfBirth"=EXCLUDED."dateOfBirth", gender=EXCLUDED.gender, cpf=EXCLUDED.cpf, raca=EXCLUDED.raca, peso=EXCLUDED.peso, "bloodType"=EXCLUDED."bloodType", allergies=EXCLUDED.allergies, "medicalConditions"=EXCLUDED."medicalConditions", "usoImagem"=EXCLUDED."usoImagem", laudado=EXCLUDED.laudado, nis=EXCLUDED.nis, "codigoAluno"=EXCLUDED."codigoAluno", inscricao=EXCLUDED.inscricao, "nomeMae"=EXCLUDED."nomeMae", "nomePai"=EXCLUDED."nomePai", "celPai"=EXCLUDED."celPai", nacionalidade=EXCLUDED.nacionalidade, naturalidade=EXCLUDED.naturalidade, "ufNascimento"=EXCLUDED."ufNascimento", endereco=EXCLUDED.endereco, cep=EXCLUDED.cep, "dadosResponsaveis"=EXCLUDED."dadosResponsaveis", "documentosMatricula"=EXCLUDED."documentosMatricula", "autorizadosRetirada"=EXCLUDED."autorizadosRetirada", "transporteEscolar"=EXCLUDED."transporteEscolar", "fichaAdministrativa"=EXCLUDED."fichaAdministrativa", "isActive"=TRUE, "updatedAt"=NOW();
  INSERT INTO "Enrollment" (id,"childId","classroomId","enrollmentDate",status,"createdAt","updatedAt")
  VALUES ('seed_enr_' || 'seed_pelicano_child_1268966_lia_aurora_da_cruz_santana_seed_pelicano_class_pel_maternal_1_adriana', 'seed_pelicano_child_1268966_lia_aurora_da_cruz_santana', 'seed_pelicano_class_pel_maternal_1_adriana', '2026-02-01 12:00:00', 'ATIVA'::"EnrollmentStatus", NOW(), NOW())
  ON CONFLICT ("childId","classroomId") DO UPDATE SET status=EXCLUDED.status, "updatedAt"=NOW();
  -- Aluno: LIZ HELENA TEODORO BARBOSA
  INSERT INTO "Child" (id,"mantenedoraId","unitId","firstName","lastName","dateOfBirth",gender,cpf,raca,peso,"bloodType",allergies,"medicalConditions","usoImagem",laudado,nis,"codigoAluno",inscricao,"nomeMae","nomePai","celPai",nacionalidade,naturalidade,"ufNascimento",endereco,cep,"dadosResponsaveis","documentosMatricula","autorizadosRetirada","transporteEscolar","fichaAdministrativa","isActive","createdAt","updatedAt")
  VALUES ('seed_pelicano_child_1294346_liz_helena_teodoro_barbosa',v_mantenedora_id,v_unit_id,'Liz','Helena Teodoro Barbosa','2024-02-04 12:00:00','FEMININO'::"Gender",'047.009.021-91','PARDA',NULL,'O+',NULL,NULL,NULL,NULL,NULL,'1294346','261729','Andressa','Jocivaldo',NULL,'BRASIL','Brasilia','DF','Cond Portal do Sol','07266900','{"mae": {"nome": "Andressa", "cpf": null, "telefone": null}, "pai": {"nome": "Jocivaldo", "cpf": "019.007.131-10", "telefone": null}, "responsavelPrincipal": {"nome": "Andressa", "cpf": "019.007.131-10", "parentesco": null, "identidade": null, "orgaoExpedidor": null, "telefone": null}, "enderecoResponsavel": null, "cepResponsavel": null, "escolaridade": null, "profissao": null, "numeroDependentes": null, "numeroPessoasCasa": null}'::jsonb,'{"codigoAluno": "1294346", "inscricao": "261729", "censo": null, "beneficio": null, "nis": null, "pisResponsavel": null, "cpfOriginalAluno": "047.009.021-91", "cpfPersistidoNoCampoCpf": "047.009.021-91", "cpfDuplicadoNaPlanilha": false, "serie2024": null, "origemLinhaPlanilha": 52}'::jsonb,'[]'::jsonb,'{"usaTransporteEscolar": null, "nomeTransporte": null}'::jsonb,'{"turmaPlanilha": "Maternal 1", "professoraPlanilha": "Cida", "fonte": "DADOS PARA PLATAFORMA PEDAGÓGICA (1) (1).xlsx / Planilha1", "linhaPlanilha": 52, "raw": {"COD. ALUNO": "1294346", "INSCRIÇÃO": "261729", "NOME": "LIZ HELENA TEODORO BARBOSA", "SEXO": "F", "NASC": "2024-02-04T00:00:00", "NACIONALIDADE": "BRASIL", "NATURALIDADE": "Brasilia", "UF": "DF", "CPF": "047.009.021-91", "RAÇA": "PARDA", "TIPAGEM SANGUINEA": "O+", "ENDEREÇO": "Cond Portal do Sol", "CEP": "7266900", "TURMA": "Maternal 1", "PROFESSORA": "Cida", "MÃE_2": "Andressa", "PAI": "Jocivaldo", "CPF_3": "019.007.131-10", "NASCIMENTO": "Brasilia", "UF_2": "DF"}}'::jsonb,TRUE,NOW(),NOW())
  ON CONFLICT (id) DO UPDATE SET "unitId"=v_unit_id, "firstName"=EXCLUDED."firstName", "lastName"=EXCLUDED."lastName", "dateOfBirth"=EXCLUDED."dateOfBirth", gender=EXCLUDED.gender, cpf=EXCLUDED.cpf, raca=EXCLUDED.raca, peso=EXCLUDED.peso, "bloodType"=EXCLUDED."bloodType", allergies=EXCLUDED.allergies, "medicalConditions"=EXCLUDED."medicalConditions", "usoImagem"=EXCLUDED."usoImagem", laudado=EXCLUDED.laudado, nis=EXCLUDED.nis, "codigoAluno"=EXCLUDED."codigoAluno", inscricao=EXCLUDED.inscricao, "nomeMae"=EXCLUDED."nomeMae", "nomePai"=EXCLUDED."nomePai", "celPai"=EXCLUDED."celPai", nacionalidade=EXCLUDED.nacionalidade, naturalidade=EXCLUDED.naturalidade, "ufNascimento"=EXCLUDED."ufNascimento", endereco=EXCLUDED.endereco, cep=EXCLUDED.cep, "dadosResponsaveis"=EXCLUDED."dadosResponsaveis", "documentosMatricula"=EXCLUDED."documentosMatricula", "autorizadosRetirada"=EXCLUDED."autorizadosRetirada", "transporteEscolar"=EXCLUDED."transporteEscolar", "fichaAdministrativa"=EXCLUDED."fichaAdministrativa", "isActive"=TRUE, "updatedAt"=NOW();
  INSERT INTO "Enrollment" (id,"childId","classroomId","enrollmentDate",status,"createdAt","updatedAt")
  VALUES ('seed_enr_' || 'seed_pelicano_child_1294346_liz_helena_teodoro_barbosa_seed_pelicano_class_pel_maternal_1_cida', 'seed_pelicano_child_1294346_liz_helena_teodoro_barbosa', 'seed_pelicano_class_pel_maternal_1_cida', '2026-02-01 12:00:00', 'ATIVA'::"EnrollmentStatus", NOW(), NOW())
  ON CONFLICT ("childId","classroomId") DO UPDATE SET status=EXCLUDED.status, "updatedAt"=NOW();
  -- Aluno: LUCAS GABRIEL SOUZA MARTINS
  INSERT INTO "Child" (id,"mantenedoraId","unitId","firstName","lastName","dateOfBirth",gender,cpf,raca,peso,"bloodType",allergies,"medicalConditions","usoImagem",laudado,nis,"codigoAluno",inscricao,"nomeMae","nomePai","celPai",nacionalidade,naturalidade,"ufNascimento",endereco,cep,"dadosResponsaveis","documentosMatricula","autorizadosRetirada","transporteEscolar","fichaAdministrativa","isActive","createdAt","updatedAt")
  VALUES ('seed_pelicano_child_1307475_lucas_gabriel_souza_martins',v_mantenedora_id,v_unit_id,'Lucas','Gabriel Souza Martins','2023-11-07 12:00:00','MASCULINO'::"Gender",'018.294.911-72','PARDA','12kg','A+',NULL,NULL,NULL,NULL,NULL,'1307475','270555','Ana Laura',NULL,NULL,'BRASIL','Brasilia','DF','Cond Dom Francisco','07266900','{"mae": {"nome": "Ana Laura", "cpf": null, "telefone": null}, "pai": {"nome": null, "cpf": null, "telefone": null}, "responsavelPrincipal": {"nome": "Ana Laura", "cpf": null, "parentesco": null, "identidade": null, "orgaoExpedidor": null, "telefone": null}, "enderecoResponsavel": null, "cepResponsavel": null, "escolaridade": null, "profissao": null, "numeroDependentes": null, "numeroPessoasCasa": null}'::jsonb,'{"codigoAluno": "1307475", "inscricao": "270555", "censo": null, "beneficio": null, "nis": null, "pisResponsavel": null, "cpfOriginalAluno": "018.294.911-72", "cpfPersistidoNoCampoCpf": "018.294.911-72", "cpfDuplicadoNaPlanilha": false, "serie2024": null, "origemLinhaPlanilha": 53}'::jsonb,'[]'::jsonb,'{"usaTransporteEscolar": null, "nomeTransporte": null}'::jsonb,'{"turmaPlanilha": "Maternal 1", "professoraPlanilha": "Apoliana", "fonte": "DADOS PARA PLATAFORMA PEDAGÓGICA (1) (1).xlsx / Planilha1", "linhaPlanilha": 53, "raw": {"COD. ALUNO": "1307475", "INSCRIÇÃO": "270555", "NOME": "LUCAS GABRIEL SOUZA MARTINS", "SEXO": "M", "NASC": "2023-11-07T00:00:00", "NACIONALIDADE": "BRASIL", "NATURALIDADE": "Brasilia", "UF": "DF", "CPF": "018.294.911-72", "RAÇA": "PARDA", "PESO": "12kg", "TIPAGEM SANGUINEA": "A+", "ENDEREÇO": "Cond Dom Francisco", "CEP": "7266900", "TURMA": "Maternal 1", "PROFESSORA": "Apoliana", "MÃE": "Ana Laura"}}'::jsonb,TRUE,NOW(),NOW())
  ON CONFLICT (id) DO UPDATE SET "unitId"=v_unit_id, "firstName"=EXCLUDED."firstName", "lastName"=EXCLUDED."lastName", "dateOfBirth"=EXCLUDED."dateOfBirth", gender=EXCLUDED.gender, cpf=EXCLUDED.cpf, raca=EXCLUDED.raca, peso=EXCLUDED.peso, "bloodType"=EXCLUDED."bloodType", allergies=EXCLUDED.allergies, "medicalConditions"=EXCLUDED."medicalConditions", "usoImagem"=EXCLUDED."usoImagem", laudado=EXCLUDED.laudado, nis=EXCLUDED.nis, "codigoAluno"=EXCLUDED."codigoAluno", inscricao=EXCLUDED.inscricao, "nomeMae"=EXCLUDED."nomeMae", "nomePai"=EXCLUDED."nomePai", "celPai"=EXCLUDED."celPai", nacionalidade=EXCLUDED.nacionalidade, naturalidade=EXCLUDED.naturalidade, "ufNascimento"=EXCLUDED."ufNascimento", endereco=EXCLUDED.endereco, cep=EXCLUDED.cep, "dadosResponsaveis"=EXCLUDED."dadosResponsaveis", "documentosMatricula"=EXCLUDED."documentosMatricula", "autorizadosRetirada"=EXCLUDED."autorizadosRetirada", "transporteEscolar"=EXCLUDED."transporteEscolar", "fichaAdministrativa"=EXCLUDED."fichaAdministrativa", "isActive"=TRUE, "updatedAt"=NOW();
  INSERT INTO "Enrollment" (id,"childId","classroomId","enrollmentDate",status,"createdAt","updatedAt")
  VALUES ('seed_enr_' || 'seed_pelicano_child_1307475_lucas_gabriel_souza_martins_seed_pelicano_class_pel_maternal_1_apoliana', 'seed_pelicano_child_1307475_lucas_gabriel_souza_martins', 'seed_pelicano_class_pel_maternal_1_apoliana', '2026-02-01 12:00:00', 'ATIVA'::"EnrollmentStatus", NOW(), NOW())
  ON CONFLICT ("childId","classroomId") DO UPDATE SET status=EXCLUDED.status, "updatedAt"=NOW();
  -- Aluno: MAITE ALVES DE COELHO
  INSERT INTO "Child" (id,"mantenedoraId","unitId","firstName","lastName","dateOfBirth",gender,cpf,raca,peso,"bloodType",allergies,"medicalConditions","usoImagem",laudado,nis,"codigoAluno",inscricao,"nomeMae","nomePai","celPai",nacionalidade,naturalidade,"ufNascimento",endereco,cep,"dadosResponsaveis","documentosMatricula","autorizadosRetirada","transporteEscolar","fichaAdministrativa","isActive","createdAt","updatedAt")
  VALUES ('seed_pelicano_child_1225341_maite_alves_de_coelho',v_mantenedora_id,v_unit_id,'Maite','Alves De Coelho','2023-06-09 12:00:00','MASCULINO'::"Gender",'119.952.861-76','PARDA','11.7kg','O+',NULL,NULL,NULL,NULL,NULL,'1225341','229397',NULL,NULL,NULL,'BRASIL','Brasilia','DF','Cond São Francisco','07266900','{"mae": {"nome": null, "cpf": null, "telefone": null}, "pai": {"nome": null, "cpf": "072.188.141-86", "telefone": null}, "responsavelPrincipal": {"nome": null, "cpf": "072.188.141-86", "parentesco": null, "identidade": null, "orgaoExpedidor": null, "telefone": null}, "enderecoResponsavel": null, "cepResponsavel": null, "escolaridade": null, "profissao": null, "numeroDependentes": null, "numeroPessoasCasa": null}'::jsonb,'{"codigoAluno": "1225341", "inscricao": "229397", "censo": null, "beneficio": null, "nis": null, "pisResponsavel": null, "cpfOriginalAluno": "119.952.861-76", "cpfPersistidoNoCampoCpf": "119.952.861-76", "cpfDuplicadoNaPlanilha": false, "serie2024": null, "origemLinhaPlanilha": 54}'::jsonb,'[]'::jsonb,'{"usaTransporteEscolar": null, "nomeTransporte": null}'::jsonb,'{"turmaPlanilha": "Maternal 1", "professoraPlanilha": "Apoliana", "fonte": "DADOS PARA PLATAFORMA PEDAGÓGICA (1) (1).xlsx / Planilha1", "linhaPlanilha": 54, "raw": {"COD. ALUNO": "1225341", "INSCRIÇÃO": "229397", "NOME": "MAITE ALVES DE COELHO", "SEXO": "M", "NASC": "2023-06-09T00:00:00", "NACIONALIDADE": "BRASIL", "NATURALIDADE": "Brasilia", "UF": "DF", "CPF": "11995286176", "RAÇA": "PARDA", "PESO": "11.7kg", "TIPAGEM SANGUINEA": "O+", "ENDEREÇO": "Cond São Francisco", "CEP": "7266900", "TURMA": "Maternal 1", "PROFESSORA": "Apoliana", "CPF_3": "072.188.141-86", "NASCIMENTO": "2000-11-19T00:00:00", "NATURALIDADE_2": "Brasilia", "UF_2": "DF"}}'::jsonb,TRUE,NOW(),NOW())
  ON CONFLICT (id) DO UPDATE SET "unitId"=v_unit_id, "firstName"=EXCLUDED."firstName", "lastName"=EXCLUDED."lastName", "dateOfBirth"=EXCLUDED."dateOfBirth", gender=EXCLUDED.gender, cpf=EXCLUDED.cpf, raca=EXCLUDED.raca, peso=EXCLUDED.peso, "bloodType"=EXCLUDED."bloodType", allergies=EXCLUDED.allergies, "medicalConditions"=EXCLUDED."medicalConditions", "usoImagem"=EXCLUDED."usoImagem", laudado=EXCLUDED.laudado, nis=EXCLUDED.nis, "codigoAluno"=EXCLUDED."codigoAluno", inscricao=EXCLUDED.inscricao, "nomeMae"=EXCLUDED."nomeMae", "nomePai"=EXCLUDED."nomePai", "celPai"=EXCLUDED."celPai", nacionalidade=EXCLUDED.nacionalidade, naturalidade=EXCLUDED.naturalidade, "ufNascimento"=EXCLUDED."ufNascimento", endereco=EXCLUDED.endereco, cep=EXCLUDED.cep, "dadosResponsaveis"=EXCLUDED."dadosResponsaveis", "documentosMatricula"=EXCLUDED."documentosMatricula", "autorizadosRetirada"=EXCLUDED."autorizadosRetirada", "transporteEscolar"=EXCLUDED."transporteEscolar", "fichaAdministrativa"=EXCLUDED."fichaAdministrativa", "isActive"=TRUE, "updatedAt"=NOW();
  INSERT INTO "Enrollment" (id,"childId","classroomId","enrollmentDate",status,"createdAt","updatedAt")
  VALUES ('seed_enr_' || 'seed_pelicano_child_1225341_maite_alves_de_coelho_seed_pelicano_class_pel_maternal_1_apoliana', 'seed_pelicano_child_1225341_maite_alves_de_coelho', 'seed_pelicano_class_pel_maternal_1_apoliana', '2026-02-01 12:00:00', 'ATIVA'::"EnrollmentStatus", NOW(), NOW())
  ON CONFLICT ("childId","classroomId") DO UPDATE SET status=EXCLUDED.status, "updatedAt"=NOW();
  -- Aluno: MARCOS ANTONIO VALADARES PLACIDO
  INSERT INTO "Child" (id,"mantenedoraId","unitId","firstName","lastName","dateOfBirth",gender,cpf,raca,peso,"bloodType",allergies,"medicalConditions","usoImagem",laudado,nis,"codigoAluno",inscricao,"nomeMae","nomePai","celPai",nacionalidade,naturalidade,"ufNascimento",endereco,cep,"dadosResponsaveis","documentosMatricula","autorizadosRetirada","transporteEscolar","fichaAdministrativa","isActive","createdAt","updatedAt")
  VALUES ('seed_pelicano_child_1292654_marcos_antonio_valadares_placido',v_mantenedora_id,v_unit_id,'Marcos','Antonio Valadares Placido','2023-10-10 12:00:00','MASCULINO'::"Gender",'013.830.861-68','PARDA','11kg','O+',NULL,NULL,NULL,NULL,NULL,'1292654','260527','Dhalila',NULL,NULL,'BRASIL','Brasilia','DF','Chacara Pais e Filhos','07266900','{"mae": {"nome": "Dhalila", "cpf": null, "telefone": null}, "pai": {"nome": null, "cpf": "046.788.331-96", "telefone": null}, "responsavelPrincipal": {"nome": "Dhalila", "cpf": "046.788.331-96", "parentesco": null, "identidade": null, "orgaoExpedidor": null, "telefone": null}, "enderecoResponsavel": null, "cepResponsavel": null, "escolaridade": null, "profissao": null, "numeroDependentes": null, "numeroPessoasCasa": null}'::jsonb,'{"codigoAluno": "1292654", "inscricao": "260527", "censo": null, "beneficio": null, "nis": null, "pisResponsavel": null, "cpfOriginalAluno": "013.830.861-68", "cpfPersistidoNoCampoCpf": "013.830.861-68", "cpfDuplicadoNaPlanilha": false, "serie2024": null, "origemLinhaPlanilha": 55}'::jsonb,'[]'::jsonb,'{"usaTransporteEscolar": null, "nomeTransporte": null}'::jsonb,'{"turmaPlanilha": "Maternal 1", "professoraPlanilha": "Apoliana", "fonte": "DADOS PARA PLATAFORMA PEDAGÓGICA (1) (1).xlsx / Planilha1", "linhaPlanilha": 55, "raw": {"COD. ALUNO": "1292654", "INSCRIÇÃO": "260527", "NOME": "MARCOS ANTONIO VALADARES PLACIDO", "SEXO": "M", "NASC": "2023-10-10T00:00:00", "NACIONALIDADE": "BRASIL", "NATURALIDADE": "Brasilia", "UF": "DF", "CPF": "013.830.861-68", "RAÇA": "PARDA", "PESO": "11kg", "TIPAGEM SANGUINEA": "O+", "ENDEREÇO": "Chacara Pais e Filhos", "CEP": "7266900", "TURMA": "Maternal 1", "PROFESSORA": "Apoliana", "MÃE": "Dhalila", "CPF_3": "046.788.331-96", "NATURALIDADE_2": "Brasilia", "UF_2": "DF"}}'::jsonb,TRUE,NOW(),NOW())
  ON CONFLICT (id) DO UPDATE SET "unitId"=v_unit_id, "firstName"=EXCLUDED."firstName", "lastName"=EXCLUDED."lastName", "dateOfBirth"=EXCLUDED."dateOfBirth", gender=EXCLUDED.gender, cpf=EXCLUDED.cpf, raca=EXCLUDED.raca, peso=EXCLUDED.peso, "bloodType"=EXCLUDED."bloodType", allergies=EXCLUDED.allergies, "medicalConditions"=EXCLUDED."medicalConditions", "usoImagem"=EXCLUDED."usoImagem", laudado=EXCLUDED.laudado, nis=EXCLUDED.nis, "codigoAluno"=EXCLUDED."codigoAluno", inscricao=EXCLUDED.inscricao, "nomeMae"=EXCLUDED."nomeMae", "nomePai"=EXCLUDED."nomePai", "celPai"=EXCLUDED."celPai", nacionalidade=EXCLUDED.nacionalidade, naturalidade=EXCLUDED.naturalidade, "ufNascimento"=EXCLUDED."ufNascimento", endereco=EXCLUDED.endereco, cep=EXCLUDED.cep, "dadosResponsaveis"=EXCLUDED."dadosResponsaveis", "documentosMatricula"=EXCLUDED."documentosMatricula", "autorizadosRetirada"=EXCLUDED."autorizadosRetirada", "transporteEscolar"=EXCLUDED."transporteEscolar", "fichaAdministrativa"=EXCLUDED."fichaAdministrativa", "isActive"=TRUE, "updatedAt"=NOW();
  INSERT INTO "Enrollment" (id,"childId","classroomId","enrollmentDate",status,"createdAt","updatedAt")
  VALUES ('seed_enr_' || 'seed_pelicano_child_1292654_marcos_antonio_valadares_placido_seed_pelicano_class_pel_maternal_1_apol', 'seed_pelicano_child_1292654_marcos_antonio_valadares_placido', 'seed_pelicano_class_pel_maternal_1_apoliana', '2026-02-01 12:00:00', 'ATIVA'::"EnrollmentStatus", NOW(), NOW())
  ON CONFLICT ("childId","classroomId") DO UPDATE SET status=EXCLUDED.status, "updatedAt"=NOW();
  -- Aluno: MARCOS EDUARDO NOBRE FONSECA
  INSERT INTO "Child" (id,"mantenedoraId","unitId","firstName","lastName","dateOfBirth",gender,cpf,raca,peso,"bloodType",allergies,"medicalConditions","usoImagem",laudado,nis,"codigoAluno",inscricao,"nomeMae","nomePai","celPai",nacionalidade,naturalidade,"ufNascimento",endereco,cep,"dadosResponsaveis","documentosMatricula","autorizadosRetirada","transporteEscolar","fichaAdministrativa","isActive","createdAt","updatedAt")
  VALUES ('seed_pelicano_child_1257966_marcos_eduardo_nobre_fonseca',v_mantenedora_id,v_unit_id,'Marcos','Eduardo Nobre Fonseca','2024-02-15 12:00:00','MASCULINO'::"Gender",'048.087.201-59','PARDA','16.1kg','AB+',NULL,NULL,NULL,NULL,NULL,'1257966','248839','Rayane',NULL,NULL,'BRASIL','Brasilia','DF','Cond Dom Francisco','07266900','{"mae": {"nome": "Rayane", "cpf": null, "telefone": null}, "pai": {"nome": null, "cpf": null, "telefone": null}, "responsavelPrincipal": {"nome": "Rayane", "cpf": null, "parentesco": null, "identidade": "3109517", "orgaoExpedidor": "SSP", "telefone": null}, "enderecoResponsavel": null, "cepResponsavel": null, "escolaridade": null, "profissao": "Professora", "numeroDependentes": null, "numeroPessoasCasa": null}'::jsonb,'{"codigoAluno": "1257966", "inscricao": "248839", "censo": null, "beneficio": null, "nis": null, "pisResponsavel": null, "cpfOriginalAluno": "048.087.201-59", "cpfPersistidoNoCampoCpf": "048.087.201-59", "cpfDuplicadoNaPlanilha": false, "serie2024": null, "origemLinhaPlanilha": 56}'::jsonb,'[]'::jsonb,'{"usaTransporteEscolar": null, "nomeTransporte": null}'::jsonb,'{"turmaPlanilha": "Maternal 1", "professoraPlanilha": "Adriana", "fonte": "DADOS PARA PLATAFORMA PEDAGÓGICA (1) (1).xlsx / Planilha1", "linhaPlanilha": 56, "raw": {"COD. ALUNO": "1257966", "INSCRIÇÃO": "248839", "NOME": "MARCOS EDUARDO NOBRE FONSECA", "SEXO": "M", "NASC": "2024-02-15T00:00:00", "NACIONALIDADE": "BRASIL", "NATURALIDADE": "Brasilia", "UF": "DF", "CPF": "048.087.201-59", "RAÇA": "PARDA", "PESO": "16.1kg", "TIPAGEM SANGUINEA": "AB+", "ENDEREÇO": "Cond Dom Francisco", "CEP": "7266900", "TURMA": "Maternal 1", "PROFESSORA": "Adriana", "MÃE": "Rayane", "IDENTIDADE RESP": "3109517", "ORG. EXPEDITOR": "SSP", "NASCIMENTO": "1995-09-24T00:00:00", "NATURALIDADE_2": "Brasilia", "UF_2": "DF", "PROFISSÃO": "Professora"}}'::jsonb,TRUE,NOW(),NOW())
  ON CONFLICT (id) DO UPDATE SET "unitId"=v_unit_id, "firstName"=EXCLUDED."firstName", "lastName"=EXCLUDED."lastName", "dateOfBirth"=EXCLUDED."dateOfBirth", gender=EXCLUDED.gender, cpf=EXCLUDED.cpf, raca=EXCLUDED.raca, peso=EXCLUDED.peso, "bloodType"=EXCLUDED."bloodType", allergies=EXCLUDED.allergies, "medicalConditions"=EXCLUDED."medicalConditions", "usoImagem"=EXCLUDED."usoImagem", laudado=EXCLUDED.laudado, nis=EXCLUDED.nis, "codigoAluno"=EXCLUDED."codigoAluno", inscricao=EXCLUDED.inscricao, "nomeMae"=EXCLUDED."nomeMae", "nomePai"=EXCLUDED."nomePai", "celPai"=EXCLUDED."celPai", nacionalidade=EXCLUDED.nacionalidade, naturalidade=EXCLUDED.naturalidade, "ufNascimento"=EXCLUDED."ufNascimento", endereco=EXCLUDED.endereco, cep=EXCLUDED.cep, "dadosResponsaveis"=EXCLUDED."dadosResponsaveis", "documentosMatricula"=EXCLUDED."documentosMatricula", "autorizadosRetirada"=EXCLUDED."autorizadosRetirada", "transporteEscolar"=EXCLUDED."transporteEscolar", "fichaAdministrativa"=EXCLUDED."fichaAdministrativa", "isActive"=TRUE, "updatedAt"=NOW();
  INSERT INTO "Enrollment" (id,"childId","classroomId","enrollmentDate",status,"createdAt","updatedAt")
  VALUES ('seed_enr_' || 'seed_pelicano_child_1257966_marcos_eduardo_nobre_fonseca_seed_pelicano_class_pel_maternal_1_adriana', 'seed_pelicano_child_1257966_marcos_eduardo_nobre_fonseca', 'seed_pelicano_class_pel_maternal_1_adriana', '2026-02-01 12:00:00', 'ATIVA'::"EnrollmentStatus", NOW(), NOW())
  ON CONFLICT ("childId","classroomId") DO UPDATE SET status=EXCLUDED.status, "updatedAt"=NOW();
  -- Aluno: MARIA CECILIA RODRIGUES XAVIER
  INSERT INTO "Child" (id,"mantenedoraId","unitId","firstName","lastName","dateOfBirth",gender,cpf,raca,peso,"bloodType",allergies,"medicalConditions","usoImagem",laudado,nis,"codigoAluno",inscricao,"nomeMae","nomePai","celPai",nacionalidade,naturalidade,"ufNascimento",endereco,cep,"dadosResponsaveis","documentosMatricula","autorizadosRetirada","transporteEscolar","fichaAdministrativa","isActive","createdAt","updatedAt")
  VALUES ('seed_pelicano_child_1204279_maria_cecilia_rodrigues_xavier',v_mantenedora_id,v_unit_id,'Maria','Cecilia Rodrigues Xavier','2023-04-03 12:00:00','FEMININO'::"Gender",'119.202.011-14','PARDA','13kg','A+',NULL,NULL,NULL,NULL,NULL,'1204279','223655',NULL,NULL,NULL,'BRASIL','Brasilia','DF','Cond Betania','07266900','{"mae": {"nome": null, "cpf": null, "telefone": null}, "pai": {"nome": null, "cpf": "044.379.011-69", "telefone": null}, "responsavelPrincipal": {"nome": null, "cpf": "044.379.011-69", "parentesco": null, "identidade": null, "orgaoExpedidor": null, "telefone": null}, "enderecoResponsavel": null, "cepResponsavel": null, "escolaridade": null, "profissao": null, "numeroDependentes": null, "numeroPessoasCasa": null}'::jsonb,'{"codigoAluno": "1204279", "inscricao": "223655", "censo": null, "beneficio": null, "nis": null, "pisResponsavel": null, "cpfOriginalAluno": "119.202.011-14", "cpfPersistidoNoCampoCpf": "119.202.011-14", "cpfDuplicadoNaPlanilha": false, "serie2024": null, "origemLinhaPlanilha": 57}'::jsonb,'[]'::jsonb,'{"usaTransporteEscolar": null, "nomeTransporte": null}'::jsonb,'{"turmaPlanilha": "Maternal 1", "professoraPlanilha": "Cida", "fonte": "DADOS PARA PLATAFORMA PEDAGÓGICA (1) (1).xlsx / Planilha1", "linhaPlanilha": 57, "raw": {"COD. ALUNO": "1204279", "INSCRIÇÃO": "223655", "NOME": "MARIA CECILIA RODRIGUES XAVIER", "SEXO": "F", "NASC": "2023-04-03T00:00:00", "NACIONALIDADE": "BRASIL", "NATURALIDADE": "Brasilia", "UF": "DF", "CPF": "11920201114", "RAÇA": "PARDA", "PESO": "13kg", "TIPAGEM SANGUINEA": "A+", "ENDEREÇO": "Cond Betania", "CEP": "7266900", "TURMA": "Maternal 1", "PROFESSORA": "Cida", "CPF_3": "044.379.011-69", "NASCIMENTO": "Brasilia", "UF_2": "DF"}}'::jsonb,TRUE,NOW(),NOW())
  ON CONFLICT (id) DO UPDATE SET "unitId"=v_unit_id, "firstName"=EXCLUDED."firstName", "lastName"=EXCLUDED."lastName", "dateOfBirth"=EXCLUDED."dateOfBirth", gender=EXCLUDED.gender, cpf=EXCLUDED.cpf, raca=EXCLUDED.raca, peso=EXCLUDED.peso, "bloodType"=EXCLUDED."bloodType", allergies=EXCLUDED.allergies, "medicalConditions"=EXCLUDED."medicalConditions", "usoImagem"=EXCLUDED."usoImagem", laudado=EXCLUDED.laudado, nis=EXCLUDED.nis, "codigoAluno"=EXCLUDED."codigoAluno", inscricao=EXCLUDED.inscricao, "nomeMae"=EXCLUDED."nomeMae", "nomePai"=EXCLUDED."nomePai", "celPai"=EXCLUDED."celPai", nacionalidade=EXCLUDED.nacionalidade, naturalidade=EXCLUDED.naturalidade, "ufNascimento"=EXCLUDED."ufNascimento", endereco=EXCLUDED.endereco, cep=EXCLUDED.cep, "dadosResponsaveis"=EXCLUDED."dadosResponsaveis", "documentosMatricula"=EXCLUDED."documentosMatricula", "autorizadosRetirada"=EXCLUDED."autorizadosRetirada", "transporteEscolar"=EXCLUDED."transporteEscolar", "fichaAdministrativa"=EXCLUDED."fichaAdministrativa", "isActive"=TRUE, "updatedAt"=NOW();
  INSERT INTO "Enrollment" (id,"childId","classroomId","enrollmentDate",status,"createdAt","updatedAt")
  VALUES ('seed_enr_' || 'seed_pelicano_child_1204279_maria_cecilia_rodrigues_xavier_seed_pelicano_class_pel_maternal_1_cida', 'seed_pelicano_child_1204279_maria_cecilia_rodrigues_xavier', 'seed_pelicano_class_pel_maternal_1_cida', '2026-02-01 12:00:00', 'ATIVA'::"EnrollmentStatus", NOW(), NOW())
  ON CONFLICT ("childId","classroomId") DO UPDATE SET status=EXCLUDED.status, "updatedAt"=NOW();
  -- Aluno: MARIA ISABELLY CARDOSO MARTINS
  INSERT INTO "Child" (id,"mantenedoraId","unitId","firstName","lastName","dateOfBirth",gender,cpf,raca,peso,"bloodType",allergies,"medicalConditions","usoImagem",laudado,nis,"codigoAluno",inscricao,"nomeMae","nomePai","celPai",nacionalidade,naturalidade,"ufNascimento",endereco,cep,"dadosResponsaveis","documentosMatricula","autorizadosRetirada","transporteEscolar","fichaAdministrativa","isActive","createdAt","updatedAt")
  VALUES ('seed_pelicano_child_1305512_maria_isabelly_cardoso_martins',v_mantenedora_id,v_unit_id,'Maria','Isabelly Cardoso Martins','2024-01-21 12:00:00','FEMININO'::"Gender",'038.349.211-49','PARDA',NULL,'O+',NULL,NULL,NULL,NULL,NULL,'1305512','268849','Jessica',NULL,NULL,'BRASIL','Brasilia','DF','Cond São Francisco','07266900','{"mae": {"nome": "Jessica", "cpf": null, "telefone": null}, "pai": {"nome": null, "cpf": "070.011.791-16", "telefone": null}, "responsavelPrincipal": {"nome": "Jessica", "cpf": "070.011.791-16", "parentesco": null, "identidade": null, "orgaoExpedidor": null, "telefone": null}, "enderecoResponsavel": null, "cepResponsavel": null, "escolaridade": null, "profissao": "Manicure", "numeroDependentes": null, "numeroPessoasCasa": null}'::jsonb,'{"codigoAluno": "1305512", "inscricao": "268849", "censo": null, "beneficio": null, "nis": null, "pisResponsavel": null, "cpfOriginalAluno": "038.349.211-49", "cpfPersistidoNoCampoCpf": "038.349.211-49", "cpfDuplicadoNaPlanilha": false, "serie2024": null, "origemLinhaPlanilha": 58}'::jsonb,'[]'::jsonb,'{"usaTransporteEscolar": null, "nomeTransporte": null}'::jsonb,'{"turmaPlanilha": "Maternal 1", "professoraPlanilha": "Fernanda", "fonte": "DADOS PARA PLATAFORMA PEDAGÓGICA (1) (1).xlsx / Planilha1", "linhaPlanilha": 58, "raw": {"COD. ALUNO": "1305512", "INSCRIÇÃO": "268849", "NOME": "MARIA ISABELLY CARDOSO MARTINS", "SEXO": "F", "NASC": "2024-01-21T00:00:00", "NACIONALIDADE": "BRASIL", "NATURALIDADE": "Brasilia", "UF": "DF", "CPF": "038.349.211-49", "RAÇA": "PARDA", "TIPAGEM SANGUINEA": "O+", "ENDEREÇO": "Cond São Francisco", "CEP": "7266900", "TURMA": "Maternal 1", "PROFESSORA": "Fernanda", "MÃE": "Jessica", "CPF_3": "070.011.791-16", "NASCIMENTO": "1998-06-01T00:00:00", "NATURALIDADE_2": "Teresina", "UF_2": "PI", "PROFISSÃO": "Manicure"}}'::jsonb,TRUE,NOW(),NOW())
  ON CONFLICT (id) DO UPDATE SET "unitId"=v_unit_id, "firstName"=EXCLUDED."firstName", "lastName"=EXCLUDED."lastName", "dateOfBirth"=EXCLUDED."dateOfBirth", gender=EXCLUDED.gender, cpf=EXCLUDED.cpf, raca=EXCLUDED.raca, peso=EXCLUDED.peso, "bloodType"=EXCLUDED."bloodType", allergies=EXCLUDED.allergies, "medicalConditions"=EXCLUDED."medicalConditions", "usoImagem"=EXCLUDED."usoImagem", laudado=EXCLUDED.laudado, nis=EXCLUDED.nis, "codigoAluno"=EXCLUDED."codigoAluno", inscricao=EXCLUDED.inscricao, "nomeMae"=EXCLUDED."nomeMae", "nomePai"=EXCLUDED."nomePai", "celPai"=EXCLUDED."celPai", nacionalidade=EXCLUDED.nacionalidade, naturalidade=EXCLUDED.naturalidade, "ufNascimento"=EXCLUDED."ufNascimento", endereco=EXCLUDED.endereco, cep=EXCLUDED.cep, "dadosResponsaveis"=EXCLUDED."dadosResponsaveis", "documentosMatricula"=EXCLUDED."documentosMatricula", "autorizadosRetirada"=EXCLUDED."autorizadosRetirada", "transporteEscolar"=EXCLUDED."transporteEscolar", "fichaAdministrativa"=EXCLUDED."fichaAdministrativa", "isActive"=TRUE, "updatedAt"=NOW();
  INSERT INTO "Enrollment" (id,"childId","classroomId","enrollmentDate",status,"createdAt","updatedAt")
  VALUES ('seed_enr_' || 'seed_pelicano_child_1305512_maria_isabelly_cardoso_martins_seed_pelicano_class_pel_maternal_1_fernan', 'seed_pelicano_child_1305512_maria_isabelly_cardoso_martins', 'seed_pelicano_class_pel_maternal_1_fernanda', '2026-02-01 12:00:00', 'ATIVA'::"EnrollmentStatus", NOW(), NOW())
  ON CONFLICT ("childId","classroomId") DO UPDATE SET status=EXCLUDED.status, "updatedAt"=NOW();
  -- Aluno: MARIA ISIS RODRIGUES DE OLIVEIRA
  INSERT INTO "Child" (id,"mantenedoraId","unitId","firstName","lastName","dateOfBirth",gender,cpf,raca,peso,"bloodType",allergies,"medicalConditions","usoImagem",laudado,nis,"codigoAluno",inscricao,"nomeMae","nomePai","celPai",nacionalidade,naturalidade,"ufNascimento",endereco,cep,"dadosResponsaveis","documentosMatricula","autorizadosRetirada","transporteEscolar","fichaAdministrativa","isActive","createdAt","updatedAt")
  VALUES ('seed_pelicano_child_1282393_maria_isis_rodrigues_de_oliveira',v_mantenedora_id,v_unit_id,'Maria','Isis Rodrigues De Oliveira','2023-05-03 12:00:00','FEMININO'::"Gender",'119.535.361-82','PARDA','13kg','O+',NULL,NULL,NULL,NULL,NULL,'1282393','255272','Cinthia',NULL,NULL,'BRASIL','Brasilia','DF','Cond São Francisco','07266900','{"mae": {"nome": "Cinthia", "cpf": null, "telefone": null}, "pai": {"nome": null, "cpf": "023.689.851-58", "telefone": null}, "responsavelPrincipal": {"nome": "Cinthia", "cpf": "023.689.851-58", "parentesco": null, "identidade": null, "orgaoExpedidor": null, "telefone": null}, "enderecoResponsavel": null, "cepResponsavel": null, "escolaridade": null, "profissao": null, "numeroDependentes": null, "numeroPessoasCasa": null}'::jsonb,'{"codigoAluno": "1282393", "inscricao": "255272", "censo": null, "beneficio": null, "nis": null, "pisResponsavel": null, "cpfOriginalAluno": "119.535.361-82", "cpfPersistidoNoCampoCpf": "119.535.361-82", "cpfDuplicadoNaPlanilha": false, "serie2024": null, "origemLinhaPlanilha": 59}'::jsonb,'[]'::jsonb,'{"usaTransporteEscolar": null, "nomeTransporte": null}'::jsonb,'{"turmaPlanilha": "Maternal 1", "professoraPlanilha": "Apoliana", "fonte": "DADOS PARA PLATAFORMA PEDAGÓGICA (1) (1).xlsx / Planilha1", "linhaPlanilha": 59, "raw": {"COD. ALUNO": "1282393", "INSCRIÇÃO": "255272", "NOME": "MARIA ISIS RODRIGUES DE OLIVEIRA", "SEXO": "F", "NASC": "2023-05-03T00:00:00", "NACIONALIDADE": "BRASIL", "NATURALIDADE": "Brasilia", "UF": "DF", "CPF": "119.535.361-82", "RAÇA": "PARDA", "PESO": "13kg", "TIPAGEM SANGUINEA": "O+", "ENDEREÇO": "Cond São Francisco", "CEP": "7266900", "TURMA": "Maternal 1", "PROFESSORA": "Apoliana", "MÃE": "Cinthia", "CPF_3": "023.689.851-58", "UF_2": "MS"}}'::jsonb,TRUE,NOW(),NOW())
  ON CONFLICT (id) DO UPDATE SET "unitId"=v_unit_id, "firstName"=EXCLUDED."firstName", "lastName"=EXCLUDED."lastName", "dateOfBirth"=EXCLUDED."dateOfBirth", gender=EXCLUDED.gender, cpf=EXCLUDED.cpf, raca=EXCLUDED.raca, peso=EXCLUDED.peso, "bloodType"=EXCLUDED."bloodType", allergies=EXCLUDED.allergies, "medicalConditions"=EXCLUDED."medicalConditions", "usoImagem"=EXCLUDED."usoImagem", laudado=EXCLUDED.laudado, nis=EXCLUDED.nis, "codigoAluno"=EXCLUDED."codigoAluno", inscricao=EXCLUDED.inscricao, "nomeMae"=EXCLUDED."nomeMae", "nomePai"=EXCLUDED."nomePai", "celPai"=EXCLUDED."celPai", nacionalidade=EXCLUDED.nacionalidade, naturalidade=EXCLUDED.naturalidade, "ufNascimento"=EXCLUDED."ufNascimento", endereco=EXCLUDED.endereco, cep=EXCLUDED.cep, "dadosResponsaveis"=EXCLUDED."dadosResponsaveis", "documentosMatricula"=EXCLUDED."documentosMatricula", "autorizadosRetirada"=EXCLUDED."autorizadosRetirada", "transporteEscolar"=EXCLUDED."transporteEscolar", "fichaAdministrativa"=EXCLUDED."fichaAdministrativa", "isActive"=TRUE, "updatedAt"=NOW();
  INSERT INTO "Enrollment" (id,"childId","classroomId","enrollmentDate",status,"createdAt","updatedAt")
  VALUES ('seed_enr_' || 'seed_pelicano_child_1282393_maria_isis_rodrigues_de_oliveira_seed_pelicano_class_pel_maternal_1_apol', 'seed_pelicano_child_1282393_maria_isis_rodrigues_de_oliveira', 'seed_pelicano_class_pel_maternal_1_apoliana', '2026-02-01 12:00:00', 'ATIVA'::"EnrollmentStatus", NOW(), NOW())
  ON CONFLICT ("childId","classroomId") DO UPDATE SET status=EXCLUDED.status, "updatedAt"=NOW();
  -- Aluno: MARIA JULIA FERREIRA EVANGELISTA
  INSERT INTO "Child" (id,"mantenedoraId","unitId","firstName","lastName","dateOfBirth",gender,cpf,raca,peso,"bloodType",allergies,"medicalConditions","usoImagem",laudado,nis,"codigoAluno",inscricao,"nomeMae","nomePai","celPai",nacionalidade,naturalidade,"ufNascimento",endereco,cep,"dadosResponsaveis","documentosMatricula","autorizadosRetirada","transporteEscolar","fichaAdministrativa","isActive","createdAt","updatedAt")
  VALUES ('seed_pelicano_child_1277724_maria_julia_ferreira_evangelista',v_mantenedora_id,v_unit_id,'Maria','Julia Ferreira Evangelista','2023-06-28 12:00:00','FEMININO'::"Gender",'120.160.521-04','PARDA',NULL,NULL,NULL,NULL,NULL,NULL,NULL,'1277724','253544',NULL,NULL,NULL,'BRASIL','Brasilia','DF',NULL,'07266900','{"mae": {"nome": null, "cpf": null, "telefone": null}, "pai": {"nome": null, "cpf": null, "telefone": null}, "responsavelPrincipal": {"nome": null, "cpf": null, "parentesco": null, "identidade": null, "orgaoExpedidor": null, "telefone": null}, "enderecoResponsavel": null, "cepResponsavel": null, "escolaridade": null, "profissao": null, "numeroDependentes": null, "numeroPessoasCasa": null}'::jsonb,'{"codigoAluno": "1277724", "inscricao": "253544", "censo": null, "beneficio": null, "nis": null, "pisResponsavel": null, "cpfOriginalAluno": "120.160.521-04", "cpfPersistidoNoCampoCpf": "120.160.521-04", "cpfDuplicadoNaPlanilha": false, "serie2024": null, "origemLinhaPlanilha": 60}'::jsonb,'[]'::jsonb,'{"usaTransporteEscolar": null, "nomeTransporte": null}'::jsonb,'{"turmaPlanilha": "Maternal 1", "professoraPlanilha": "Adriana", "fonte": "DADOS PARA PLATAFORMA PEDAGÓGICA (1) (1).xlsx / Planilha1", "linhaPlanilha": 60, "raw": {"COD. ALUNO": "1277724", "INSCRIÇÃO": "253544", "NOME": "MARIA JULIA FERREIRA EVANGELISTA", "SEXO": "F", "NASC": "2023-06-28T00:00:00", "NACIONALIDADE": "BRASIL", "NATURALIDADE": "Brasilia", "UF": "DF", "CPF": "120.160.521-04", "RAÇA": "PARDA", "CEP": "7266900", "TURMA": "Maternal 1", "PROFESSORA": "Adriana"}}'::jsonb,TRUE,NOW(),NOW())
  ON CONFLICT (id) DO UPDATE SET "unitId"=v_unit_id, "firstName"=EXCLUDED."firstName", "lastName"=EXCLUDED."lastName", "dateOfBirth"=EXCLUDED."dateOfBirth", gender=EXCLUDED.gender, cpf=EXCLUDED.cpf, raca=EXCLUDED.raca, peso=EXCLUDED.peso, "bloodType"=EXCLUDED."bloodType", allergies=EXCLUDED.allergies, "medicalConditions"=EXCLUDED."medicalConditions", "usoImagem"=EXCLUDED."usoImagem", laudado=EXCLUDED.laudado, nis=EXCLUDED.nis, "codigoAluno"=EXCLUDED."codigoAluno", inscricao=EXCLUDED.inscricao, "nomeMae"=EXCLUDED."nomeMae", "nomePai"=EXCLUDED."nomePai", "celPai"=EXCLUDED."celPai", nacionalidade=EXCLUDED.nacionalidade, naturalidade=EXCLUDED.naturalidade, "ufNascimento"=EXCLUDED."ufNascimento", endereco=EXCLUDED.endereco, cep=EXCLUDED.cep, "dadosResponsaveis"=EXCLUDED."dadosResponsaveis", "documentosMatricula"=EXCLUDED."documentosMatricula", "autorizadosRetirada"=EXCLUDED."autorizadosRetirada", "transporteEscolar"=EXCLUDED."transporteEscolar", "fichaAdministrativa"=EXCLUDED."fichaAdministrativa", "isActive"=TRUE, "updatedAt"=NOW();
  INSERT INTO "Enrollment" (id,"childId","classroomId","enrollmentDate",status,"createdAt","updatedAt")
  VALUES ('seed_enr_' || 'seed_pelicano_child_1277724_maria_julia_ferreira_evangelista_seed_pelicano_class_pel_maternal_1_adri', 'seed_pelicano_child_1277724_maria_julia_ferreira_evangelista', 'seed_pelicano_class_pel_maternal_1_adriana', '2026-02-01 12:00:00', 'ATIVA'::"EnrollmentStatus", NOW(), NOW())
  ON CONFLICT ("childId","classroomId") DO UPDATE SET status=EXCLUDED.status, "updatedAt"=NOW();
  -- Aluno: MARIA LUIZA ANDRADE SANTANA
  INSERT INTO "Child" (id,"mantenedoraId","unitId","firstName","lastName","dateOfBirth",gender,cpf,raca,peso,"bloodType",allergies,"medicalConditions","usoImagem",laudado,nis,"codigoAluno",inscricao,"nomeMae","nomePai","celPai",nacionalidade,naturalidade,"ufNascimento",endereco,cep,"dadosResponsaveis","documentosMatricula","autorizadosRetirada","transporteEscolar","fichaAdministrativa","isActive","createdAt","updatedAt")
  VALUES ('seed_pelicano_child_1255143_maria_luiza_andrade_santana',v_mantenedora_id,v_unit_id,'Maria','Luiza Andrade Santana','2024-03-20 12:00:00','FEMININO'::"Gender",'061.999.411-87','PARDA','10kg','A-',NULL,NULL,NULL,NULL,NULL,'1255143','246232','Carina',NULL,NULL,'BRASIL','Brasilia','DF','Cond São Francisco','07266900','{"mae": {"nome": "Carina", "cpf": null, "telefone": null}, "pai": {"nome": null, "cpf": "073.736.455-69", "telefone": null}, "responsavelPrincipal": {"nome": "Carina", "cpf": "073.736.455-69", "parentesco": null, "identidade": null, "orgaoExpedidor": null, "telefone": null}, "enderecoResponsavel": null, "cepResponsavel": null, "escolaridade": null, "profissao": null, "numeroDependentes": null, "numeroPessoasCasa": null}'::jsonb,'{"codigoAluno": "1255143", "inscricao": "246232", "censo": null, "beneficio": null, "nis": null, "pisResponsavel": null, "cpfOriginalAluno": "061.999.411-87", "cpfPersistidoNoCampoCpf": "061.999.411-87", "cpfDuplicadoNaPlanilha": false, "serie2024": null, "origemLinhaPlanilha": 61}'::jsonb,'[]'::jsonb,'{"usaTransporteEscolar": null, "nomeTransporte": null}'::jsonb,'{"turmaPlanilha": "Maternal 1", "professoraPlanilha": "Fernanda", "fonte": "DADOS PARA PLATAFORMA PEDAGÓGICA (1) (1).xlsx / Planilha1", "linhaPlanilha": 61, "raw": {"COD. ALUNO": "1255143", "INSCRIÇÃO": "246232", "NOME": "MARIA LUIZA ANDRADE SANTANA", "SEXO": "F", "NASC": "2024-03-20T00:00:00", "NACIONALIDADE": "BRASIL", "NATURALIDADE": "Brasilia", "UF": "DF", "CPF": "061.999.411-87", "RAÇA": "PARDA", "PESO": "10kg", "TIPAGEM SANGUINEA": "A-", "ENDEREÇO": "Cond São Francisco", "CEP": "7266900", "TURMA": "Maternal 1", "PROFESSORA": "Fernanda", "MÃE": "Carina", "CPF_3": "073.736.455-69", "NASCIMENTO": "2000-01-20T00:00:00", "NATURALIDADE_2": "Camamu", "UF_2": "BA"}}'::jsonb,TRUE,NOW(),NOW())
  ON CONFLICT (id) DO UPDATE SET "unitId"=v_unit_id, "firstName"=EXCLUDED."firstName", "lastName"=EXCLUDED."lastName", "dateOfBirth"=EXCLUDED."dateOfBirth", gender=EXCLUDED.gender, cpf=EXCLUDED.cpf, raca=EXCLUDED.raca, peso=EXCLUDED.peso, "bloodType"=EXCLUDED."bloodType", allergies=EXCLUDED.allergies, "medicalConditions"=EXCLUDED."medicalConditions", "usoImagem"=EXCLUDED."usoImagem", laudado=EXCLUDED.laudado, nis=EXCLUDED.nis, "codigoAluno"=EXCLUDED."codigoAluno", inscricao=EXCLUDED.inscricao, "nomeMae"=EXCLUDED."nomeMae", "nomePai"=EXCLUDED."nomePai", "celPai"=EXCLUDED."celPai", nacionalidade=EXCLUDED.nacionalidade, naturalidade=EXCLUDED.naturalidade, "ufNascimento"=EXCLUDED."ufNascimento", endereco=EXCLUDED.endereco, cep=EXCLUDED.cep, "dadosResponsaveis"=EXCLUDED."dadosResponsaveis", "documentosMatricula"=EXCLUDED."documentosMatricula", "autorizadosRetirada"=EXCLUDED."autorizadosRetirada", "transporteEscolar"=EXCLUDED."transporteEscolar", "fichaAdministrativa"=EXCLUDED."fichaAdministrativa", "isActive"=TRUE, "updatedAt"=NOW();
  INSERT INTO "Enrollment" (id,"childId","classroomId","enrollmentDate",status,"createdAt","updatedAt")
  VALUES ('seed_enr_' || 'seed_pelicano_child_1255143_maria_luiza_andrade_santana_seed_pelicano_class_pel_maternal_1_fernanda', 'seed_pelicano_child_1255143_maria_luiza_andrade_santana', 'seed_pelicano_class_pel_maternal_1_fernanda', '2026-02-01 12:00:00', 'ATIVA'::"EnrollmentStatus", NOW(), NOW())
  ON CONFLICT ("childId","classroomId") DO UPDATE SET status=EXCLUDED.status, "updatedAt"=NOW();
  -- Aluno: MARIANA LARAH LIMA DA SILVA
  INSERT INTO "Child" (id,"mantenedoraId","unitId","firstName","lastName","dateOfBirth",gender,cpf,raca,peso,"bloodType",allergies,"medicalConditions","usoImagem",laudado,nis,"codigoAluno",inscricao,"nomeMae","nomePai","celPai",nacionalidade,naturalidade,"ufNascimento",endereco,cep,"dadosResponsaveis","documentosMatricula","autorizadosRetirada","transporteEscolar","fichaAdministrativa","isActive","createdAt","updatedAt")
  VALUES ('seed_pelicano_child_1230240_mariana_larah_lima_da_silva',v_mantenedora_id,v_unit_id,'Mariana','Larah Lima Da Silva','2023-08-11 12:00:00','FEMININO'::"Gender",'120.641.911-35','PARDA','13kg','B-',NULL,NULL,NULL,NULL,NULL,'1230240','231323','Carolina',NULL,NULL,'BRASIL','Brasilia','DF','Cond Dom Francisco','07266900','{"mae": {"nome": "Carolina", "cpf": null, "telefone": null}, "pai": {"nome": null, "cpf": "059.281.431-92", "telefone": null}, "responsavelPrincipal": {"nome": "Carolina", "cpf": "059.281.431-92", "parentesco": null, "identidade": null, "orgaoExpedidor": null, "telefone": null}, "enderecoResponsavel": null, "cepResponsavel": null, "escolaridade": null, "profissao": null, "numeroDependentes": null, "numeroPessoasCasa": null}'::jsonb,'{"codigoAluno": "1230240", "inscricao": "231323", "censo": null, "beneficio": null, "nis": null, "pisResponsavel": null, "cpfOriginalAluno": "120.641.911-35", "cpfPersistidoNoCampoCpf": "120.641.911-35", "cpfDuplicadoNaPlanilha": false, "serie2024": null, "origemLinhaPlanilha": 62}'::jsonb,'[]'::jsonb,'{"usaTransporteEscolar": null, "nomeTransporte": null}'::jsonb,'{"turmaPlanilha": "Maternal 1", "professoraPlanilha": "Cida", "fonte": "DADOS PARA PLATAFORMA PEDAGÓGICA (1) (1).xlsx / Planilha1", "linhaPlanilha": 62, "raw": {"COD. ALUNO": "1230240", "INSCRIÇÃO": "231323", "NOME": "MARIANA LARAH LIMA DA SILVA", "SEXO": "F", "NASC": "2023-08-11T00:00:00", "NACIONALIDADE": "BRASIL", "NATURALIDADE": "Brasilia", "UF": "DF", "CPF": "12064191135", "RAÇA": "PARDA", "PESO": "13kg", "TIPAGEM SANGUINEA": "B-", "ENDEREÇO": "Cond Dom Francisco", "CEP": "7266900", "TURMA": "Maternal 1", "PROFESSORA": "Cida", "MÃE_2": "Carolina", "CPF_3": "059.281.431-92", "NASCIMENTO": "Brasilia", "UF_2": "DF"}}'::jsonb,TRUE,NOW(),NOW())
  ON CONFLICT (id) DO UPDATE SET "unitId"=v_unit_id, "firstName"=EXCLUDED."firstName", "lastName"=EXCLUDED."lastName", "dateOfBirth"=EXCLUDED."dateOfBirth", gender=EXCLUDED.gender, cpf=EXCLUDED.cpf, raca=EXCLUDED.raca, peso=EXCLUDED.peso, "bloodType"=EXCLUDED."bloodType", allergies=EXCLUDED.allergies, "medicalConditions"=EXCLUDED."medicalConditions", "usoImagem"=EXCLUDED."usoImagem", laudado=EXCLUDED.laudado, nis=EXCLUDED.nis, "codigoAluno"=EXCLUDED."codigoAluno", inscricao=EXCLUDED.inscricao, "nomeMae"=EXCLUDED."nomeMae", "nomePai"=EXCLUDED."nomePai", "celPai"=EXCLUDED."celPai", nacionalidade=EXCLUDED.nacionalidade, naturalidade=EXCLUDED.naturalidade, "ufNascimento"=EXCLUDED."ufNascimento", endereco=EXCLUDED.endereco, cep=EXCLUDED.cep, "dadosResponsaveis"=EXCLUDED."dadosResponsaveis", "documentosMatricula"=EXCLUDED."documentosMatricula", "autorizadosRetirada"=EXCLUDED."autorizadosRetirada", "transporteEscolar"=EXCLUDED."transporteEscolar", "fichaAdministrativa"=EXCLUDED."fichaAdministrativa", "isActive"=TRUE, "updatedAt"=NOW();
  INSERT INTO "Enrollment" (id,"childId","classroomId","enrollmentDate",status,"createdAt","updatedAt")
  VALUES ('seed_enr_' || 'seed_pelicano_child_1230240_mariana_larah_lima_da_silva_seed_pelicano_class_pel_maternal_1_cida', 'seed_pelicano_child_1230240_mariana_larah_lima_da_silva', 'seed_pelicano_class_pel_maternal_1_cida', '2026-02-01 12:00:00', 'ATIVA'::"EnrollmentStatus", NOW(), NOW())
  ON CONFLICT ("childId","classroomId") DO UPDATE SET status=EXCLUDED.status, "updatedAt"=NOW();
  -- Aluno: MATTEO FELIPE COELHO SERRA DA LUZ ARAUJO
  INSERT INTO "Child" (id,"mantenedoraId","unitId","firstName","lastName","dateOfBirth",gender,cpf,raca,peso,"bloodType",allergies,"medicalConditions","usoImagem",laudado,nis,"codigoAluno",inscricao,"nomeMae","nomePai","celPai",nacionalidade,naturalidade,"ufNascimento",endereco,cep,"dadosResponsaveis","documentosMatricula","autorizadosRetirada","transporteEscolar","fichaAdministrativa","isActive","createdAt","updatedAt")
  VALUES ('seed_pelicano_child_1257253_matteo_felipe_coelho_serra_da_luz_araujo',v_mantenedora_id,v_unit_id,'Matteo','Felipe Coelho Serra Da Luz Araujo','2024-01-11 12:00:00','MASCULINO'::"Gender",'035.821.911-68','PARDA','13kg','A+',NULL,NULL,NULL,NULL,NULL,'1257253','248129','Paula',NULL,NULL,'BRASIL','Brasilia','DF','Chacara Mangabeira','72669010','{"mae": {"nome": "Paula", "cpf": null, "telefone": null}, "pai": {"nome": null, "cpf": "055.249.653-79", "telefone": null}, "responsavelPrincipal": {"nome": "Paula", "cpf": "055.249.653-79", "parentesco": null, "identidade": null, "orgaoExpedidor": null, "telefone": null}, "enderecoResponsavel": null, "cepResponsavel": null, "escolaridade": null, "profissao": null, "numeroDependentes": null, "numeroPessoasCasa": null}'::jsonb,'{"codigoAluno": "1257253", "inscricao": "248129", "censo": null, "beneficio": null, "nis": null, "pisResponsavel": null, "cpfOriginalAluno": "035.821.911-68", "cpfPersistidoNoCampoCpf": "035.821.911-68", "cpfDuplicadoNaPlanilha": false, "serie2024": null, "origemLinhaPlanilha": 63}'::jsonb,'[]'::jsonb,'{"usaTransporteEscolar": null, "nomeTransporte": null}'::jsonb,'{"turmaPlanilha": "Maternal 1", "professoraPlanilha": "Cida", "fonte": "DADOS PARA PLATAFORMA PEDAGÓGICA (1) (1).xlsx / Planilha1", "linhaPlanilha": 63, "raw": {"COD. ALUNO": "1257253", "INSCRIÇÃO": "248129", "NOME": "MATTEO FELIPE COELHO SERRA DA LUZ ARAUJO", "SEXO": "M", "NASC": "2024-01-11T00:00:00", "NACIONALIDADE": "BRASIL", "NATURALIDADE": "Brasilia", "UF": "DF", "CPF": "035.821-911-68", "RAÇA": "PARDA", "PESO": "13kg", "TIPAGEM SANGUINEA": "A+", "ENDEREÇO": "Chacara Mangabeira", "CEP": "72669010", "TURMA": "Maternal 1", "PROFESSORA": "Cida", "MÃE_2": "Paula", "CPF_3": "055.249.653-79", "NASCIMENTO": "São Luiz", "UF_2": "MA"}}'::jsonb,TRUE,NOW(),NOW())
  ON CONFLICT (id) DO UPDATE SET "unitId"=v_unit_id, "firstName"=EXCLUDED."firstName", "lastName"=EXCLUDED."lastName", "dateOfBirth"=EXCLUDED."dateOfBirth", gender=EXCLUDED.gender, cpf=EXCLUDED.cpf, raca=EXCLUDED.raca, peso=EXCLUDED.peso, "bloodType"=EXCLUDED."bloodType", allergies=EXCLUDED.allergies, "medicalConditions"=EXCLUDED."medicalConditions", "usoImagem"=EXCLUDED."usoImagem", laudado=EXCLUDED.laudado, nis=EXCLUDED.nis, "codigoAluno"=EXCLUDED."codigoAluno", inscricao=EXCLUDED.inscricao, "nomeMae"=EXCLUDED."nomeMae", "nomePai"=EXCLUDED."nomePai", "celPai"=EXCLUDED."celPai", nacionalidade=EXCLUDED.nacionalidade, naturalidade=EXCLUDED.naturalidade, "ufNascimento"=EXCLUDED."ufNascimento", endereco=EXCLUDED.endereco, cep=EXCLUDED.cep, "dadosResponsaveis"=EXCLUDED."dadosResponsaveis", "documentosMatricula"=EXCLUDED."documentosMatricula", "autorizadosRetirada"=EXCLUDED."autorizadosRetirada", "transporteEscolar"=EXCLUDED."transporteEscolar", "fichaAdministrativa"=EXCLUDED."fichaAdministrativa", "isActive"=TRUE, "updatedAt"=NOW();
  INSERT INTO "Enrollment" (id,"childId","classroomId","enrollmentDate",status,"createdAt","updatedAt")
  VALUES ('seed_enr_' || 'seed_pelicano_child_1257253_matteo_felipe_coelho_serra_da_luz_araujo_seed_pelicano_class_pel_materna', 'seed_pelicano_child_1257253_matteo_felipe_coelho_serra_da_luz_araujo', 'seed_pelicano_class_pel_maternal_1_cida', '2026-02-01 12:00:00', 'ATIVA'::"EnrollmentStatus", NOW(), NOW())
  ON CONFLICT ("childId","classroomId") DO UPDATE SET status=EXCLUDED.status, "updatedAt"=NOW();
  -- Aluno: MAVIE DOS SANTOS SOUSA
  INSERT INTO "Child" (id,"mantenedoraId","unitId","firstName","lastName","dateOfBirth",gender,cpf,raca,peso,"bloodType",allergies,"medicalConditions","usoImagem",laudado,nis,"codigoAluno",inscricao,"nomeMae","nomePai","celPai",nacionalidade,naturalidade,"ufNascimento",endereco,cep,"dadosResponsaveis","documentosMatricula","autorizadosRetirada","transporteEscolar","fichaAdministrativa","isActive","createdAt","updatedAt")
  VALUES ('seed_pelicano_child_1304952_mavie_dos_santos_sousa',v_mantenedora_id,v_unit_id,'Mavie','Dos Santos Sousa','2023-11-16 12:00:00','FEMININO'::"Gender",'030.866.741-72','PARDA','13kg',NULL,NULL,NULL,NULL,NULL,NULL,'1304952','268379','Railane',NULL,NULL,'BRASIL','Brasilia','DF','Cond Dom Francisco','07266900','{"mae": {"nome": "Railane", "cpf": null, "telefone": null}, "pai": {"nome": null, "cpf": "616.035.883-96", "telefone": null}, "responsavelPrincipal": {"nome": "Railane", "cpf": "616.035.883-96", "parentesco": null, "identidade": null, "orgaoExpedidor": null, "telefone": null}, "enderecoResponsavel": null, "cepResponsavel": null, "escolaridade": null, "profissao": null, "numeroDependentes": null, "numeroPessoasCasa": null}'::jsonb,'{"codigoAluno": "1304952", "inscricao": "268379", "censo": null, "beneficio": null, "nis": null, "pisResponsavel": null, "cpfOriginalAluno": "030.866.741-72", "cpfPersistidoNoCampoCpf": "030.866.741-72", "cpfDuplicadoNaPlanilha": false, "serie2024": null, "origemLinhaPlanilha": 64}'::jsonb,'[]'::jsonb,'{"usaTransporteEscolar": null, "nomeTransporte": null}'::jsonb,'{"turmaPlanilha": "Maternal 1", "professoraPlanilha": "Apoliana", "fonte": "DADOS PARA PLATAFORMA PEDAGÓGICA (1) (1).xlsx / Planilha1", "linhaPlanilha": 64, "raw": {"COD. ALUNO": "1304952", "INSCRIÇÃO": "268379", "NOME": "MAVIE DOS SANTOS SOUSA", "SEXO": "F", "NASC": "2023-11-16T00:00:00", "NACIONALIDADE": "BRASIL", "NATURALIDADE": "Brasilia", "UF": "DF", "CPF": "030.866.741-72", "RAÇA": "PARDA", "PESO": "13kg", "ENDEREÇO": "Cond Dom Francisco", "CEP": "7266900", "TURMA": "Maternal 1", "PROFESSORA": "Apoliana", "MÃE": "Railane", "CPF_3": "616.035.883-96", "NATURALIDADE_2": "Brejo", "UF_2": "MA"}}'::jsonb,TRUE,NOW(),NOW())
  ON CONFLICT (id) DO UPDATE SET "unitId"=v_unit_id, "firstName"=EXCLUDED."firstName", "lastName"=EXCLUDED."lastName", "dateOfBirth"=EXCLUDED."dateOfBirth", gender=EXCLUDED.gender, cpf=EXCLUDED.cpf, raca=EXCLUDED.raca, peso=EXCLUDED.peso, "bloodType"=EXCLUDED."bloodType", allergies=EXCLUDED.allergies, "medicalConditions"=EXCLUDED."medicalConditions", "usoImagem"=EXCLUDED."usoImagem", laudado=EXCLUDED.laudado, nis=EXCLUDED.nis, "codigoAluno"=EXCLUDED."codigoAluno", inscricao=EXCLUDED.inscricao, "nomeMae"=EXCLUDED."nomeMae", "nomePai"=EXCLUDED."nomePai", "celPai"=EXCLUDED."celPai", nacionalidade=EXCLUDED.nacionalidade, naturalidade=EXCLUDED.naturalidade, "ufNascimento"=EXCLUDED."ufNascimento", endereco=EXCLUDED.endereco, cep=EXCLUDED.cep, "dadosResponsaveis"=EXCLUDED."dadosResponsaveis", "documentosMatricula"=EXCLUDED."documentosMatricula", "autorizadosRetirada"=EXCLUDED."autorizadosRetirada", "transporteEscolar"=EXCLUDED."transporteEscolar", "fichaAdministrativa"=EXCLUDED."fichaAdministrativa", "isActive"=TRUE, "updatedAt"=NOW();
  INSERT INTO "Enrollment" (id,"childId","classroomId","enrollmentDate",status,"createdAt","updatedAt")
  VALUES ('seed_enr_' || 'seed_pelicano_child_1304952_mavie_dos_santos_sousa_seed_pelicano_class_pel_maternal_1_apoliana', 'seed_pelicano_child_1304952_mavie_dos_santos_sousa', 'seed_pelicano_class_pel_maternal_1_apoliana', '2026-02-01 12:00:00', 'ATIVA'::"EnrollmentStatus", NOW(), NOW())
  ON CONFLICT ("childId","classroomId") DO UPDATE SET status=EXCLUDED.status, "updatedAt"=NOW();
  -- Aluno: MAYARA LAURA LIMA DA SILVA
  INSERT INTO "Child" (id,"mantenedoraId","unitId","firstName","lastName","dateOfBirth",gender,cpf,raca,peso,"bloodType",allergies,"medicalConditions","usoImagem",laudado,nis,"codigoAluno",inscricao,"nomeMae","nomePai","celPai",nacionalidade,naturalidade,"ufNascimento",endereco,cep,"dadosResponsaveis","documentosMatricula","autorizadosRetirada","transporteEscolar","fichaAdministrativa","isActive","createdAt","updatedAt")
  VALUES ('seed_pelicano_child_1230244_mayara_laura_lima_da_silva',v_mantenedora_id,v_unit_id,'Mayara','Laura Lima Da Silva','2023-08-11 12:00:00','FEMININO'::"Gender",'120.641.951-22','PARDA','12kg','B-',NULL,NULL,NULL,NULL,NULL,'1230244','231325','Carolina',NULL,NULL,'BRASIL','Brasilia','DF','Cond Dom Francisco','07266900','{"mae": {"nome": "Carolina", "cpf": null, "telefone": null}, "pai": {"nome": null, "cpf": "059.281.431-92", "telefone": null}, "responsavelPrincipal": {"nome": "Carolina", "cpf": "059.281.431-92", "parentesco": null, "identidade": null, "orgaoExpedidor": null, "telefone": null}, "enderecoResponsavel": null, "cepResponsavel": null, "escolaridade": null, "profissao": null, "numeroDependentes": null, "numeroPessoasCasa": null}'::jsonb,'{"codigoAluno": "1230244", "inscricao": "231325", "censo": null, "beneficio": null, "nis": null, "pisResponsavel": null, "cpfOriginalAluno": "120.641.951-22", "cpfPersistidoNoCampoCpf": "120.641.951-22", "cpfDuplicadoNaPlanilha": false, "serie2024": null, "origemLinhaPlanilha": 65}'::jsonb,'[]'::jsonb,'{"usaTransporteEscolar": null, "nomeTransporte": null}'::jsonb,'{"turmaPlanilha": "Maternal 1", "professoraPlanilha": "Cida", "fonte": "DADOS PARA PLATAFORMA PEDAGÓGICA (1) (1).xlsx / Planilha1", "linhaPlanilha": 65, "raw": {"COD. ALUNO": "1230244", "INSCRIÇÃO": "231325", "NOME": "MAYARA LAURA LIMA DA SILVA", "SEXO": "F", "NASC": "2023-08-11T00:00:00", "NACIONALIDADE": "BRASIL", "NATURALIDADE": "Brasilia", "UF": "DF", "CPF": "12064195122", "RAÇA": "PARDA", "PESO": "12kg", "TIPAGEM SANGUINEA": "B-", "ENDEREÇO": "Cond Dom Francisco", "CEP": "7266900", "TURMA": "Maternal 1", "PROFESSORA": "Cida", "MÃE_2": "Carolina", "CPF_3": "059.281.431-92", "NASCIMENTO": "Brasilia", "UF_2": "DF"}}'::jsonb,TRUE,NOW(),NOW())
  ON CONFLICT (id) DO UPDATE SET "unitId"=v_unit_id, "firstName"=EXCLUDED."firstName", "lastName"=EXCLUDED."lastName", "dateOfBirth"=EXCLUDED."dateOfBirth", gender=EXCLUDED.gender, cpf=EXCLUDED.cpf, raca=EXCLUDED.raca, peso=EXCLUDED.peso, "bloodType"=EXCLUDED."bloodType", allergies=EXCLUDED.allergies, "medicalConditions"=EXCLUDED."medicalConditions", "usoImagem"=EXCLUDED."usoImagem", laudado=EXCLUDED.laudado, nis=EXCLUDED.nis, "codigoAluno"=EXCLUDED."codigoAluno", inscricao=EXCLUDED.inscricao, "nomeMae"=EXCLUDED."nomeMae", "nomePai"=EXCLUDED."nomePai", "celPai"=EXCLUDED."celPai", nacionalidade=EXCLUDED.nacionalidade, naturalidade=EXCLUDED.naturalidade, "ufNascimento"=EXCLUDED."ufNascimento", endereco=EXCLUDED.endereco, cep=EXCLUDED.cep, "dadosResponsaveis"=EXCLUDED."dadosResponsaveis", "documentosMatricula"=EXCLUDED."documentosMatricula", "autorizadosRetirada"=EXCLUDED."autorizadosRetirada", "transporteEscolar"=EXCLUDED."transporteEscolar", "fichaAdministrativa"=EXCLUDED."fichaAdministrativa", "isActive"=TRUE, "updatedAt"=NOW();
  INSERT INTO "Enrollment" (id,"childId","classroomId","enrollmentDate",status,"createdAt","updatedAt")
  VALUES ('seed_enr_' || 'seed_pelicano_child_1230244_mayara_laura_lima_da_silva_seed_pelicano_class_pel_maternal_1_cida', 'seed_pelicano_child_1230244_mayara_laura_lima_da_silva', 'seed_pelicano_class_pel_maternal_1_cida', '2026-02-01 12:00:00', 'ATIVA'::"EnrollmentStatus", NOW(), NOW())
  ON CONFLICT ("childId","classroomId") DO UPDATE SET status=EXCLUDED.status, "updatedAt"=NOW();
  -- Aluno: MAYTE VICTORIA NASCIMENTO
  INSERT INTO "Child" (id,"mantenedoraId","unitId","firstName","lastName","dateOfBirth",gender,cpf,raca,peso,"bloodType",allergies,"medicalConditions","usoImagem",laudado,nis,"codigoAluno",inscricao,"nomeMae","nomePai","celPai",nacionalidade,naturalidade,"ufNascimento",endereco,cep,"dadosResponsaveis","documentosMatricula","autorizadosRetirada","transporteEscolar","fichaAdministrativa","isActive","createdAt","updatedAt")
  VALUES ('seed_pelicano_child_1237209_mayte_victoria_nascimento',v_mantenedora_id,v_unit_id,'Mayte','Victoria Nascimento','2023-04-03 12:00:00','FEMININO'::"Gender",'119.215.081-32','PARDA','19kg','O+',NULL,NULL,NULL,NULL,NULL,'1237209','234779','Samira',NULL,NULL,'BRASIL','Brasilia','DF','Cond Buritis 1','07266900','{"mae": {"nome": "Samira", "cpf": null, "telefone": null}, "pai": {"nome": null, "cpf": "081.875.301-38", "telefone": null}, "responsavelPrincipal": {"nome": "Samira", "cpf": "081.875.301-38", "parentesco": null, "identidade": null, "orgaoExpedidor": null, "telefone": null}, "enderecoResponsavel": null, "cepResponsavel": null, "escolaridade": null, "profissao": null, "numeroDependentes": null, "numeroPessoasCasa": null}'::jsonb,'{"codigoAluno": "1237209", "inscricao": "234779", "censo": null, "beneficio": null, "nis": null, "pisResponsavel": null, "cpfOriginalAluno": "119.215.081-32", "cpfPersistidoNoCampoCpf": "119.215.081-32", "cpfDuplicadoNaPlanilha": false, "serie2024": null, "origemLinhaPlanilha": 66}'::jsonb,'[]'::jsonb,'{"usaTransporteEscolar": null, "nomeTransporte": null}'::jsonb,'{"turmaPlanilha": "Maternal 1", "professoraPlanilha": "Apoliana", "fonte": "DADOS PARA PLATAFORMA PEDAGÓGICA (1) (1).xlsx / Planilha1", "linhaPlanilha": 66, "raw": {"COD. ALUNO": "1237209", "INSCRIÇÃO": "234779", "NOME": "MAYTE VICTORIA NASCIMENTO", "SEXO": "F", "NASC": "2023-04-03T00:00:00", "NACIONALIDADE": "BRASIL", "NATURALIDADE": "Brasilia", "UF": "DF", "CPF": "119.215.081-32", "RAÇA": "PARDA", "PESO": "19kg", "TIPAGEM SANGUINEA": "O+", "ENDEREÇO": "Cond Buritis 1", "CEP": "7266900", "TURMA": "Maternal 1", "PROFESSORA": "Apoliana", "MÃE": "Samira", "CPF_3": "081.875.301-38", "NATURALIDADE_2": "Caxias", "UF_2": "MA"}}'::jsonb,TRUE,NOW(),NOW())
  ON CONFLICT (id) DO UPDATE SET "unitId"=v_unit_id, "firstName"=EXCLUDED."firstName", "lastName"=EXCLUDED."lastName", "dateOfBirth"=EXCLUDED."dateOfBirth", gender=EXCLUDED.gender, cpf=EXCLUDED.cpf, raca=EXCLUDED.raca, peso=EXCLUDED.peso, "bloodType"=EXCLUDED."bloodType", allergies=EXCLUDED.allergies, "medicalConditions"=EXCLUDED."medicalConditions", "usoImagem"=EXCLUDED."usoImagem", laudado=EXCLUDED.laudado, nis=EXCLUDED.nis, "codigoAluno"=EXCLUDED."codigoAluno", inscricao=EXCLUDED.inscricao, "nomeMae"=EXCLUDED."nomeMae", "nomePai"=EXCLUDED."nomePai", "celPai"=EXCLUDED."celPai", nacionalidade=EXCLUDED.nacionalidade, naturalidade=EXCLUDED.naturalidade, "ufNascimento"=EXCLUDED."ufNascimento", endereco=EXCLUDED.endereco, cep=EXCLUDED.cep, "dadosResponsaveis"=EXCLUDED."dadosResponsaveis", "documentosMatricula"=EXCLUDED."documentosMatricula", "autorizadosRetirada"=EXCLUDED."autorizadosRetirada", "transporteEscolar"=EXCLUDED."transporteEscolar", "fichaAdministrativa"=EXCLUDED."fichaAdministrativa", "isActive"=TRUE, "updatedAt"=NOW();
  INSERT INTO "Enrollment" (id,"childId","classroomId","enrollmentDate",status,"createdAt","updatedAt")
  VALUES ('seed_enr_' || 'seed_pelicano_child_1237209_mayte_victoria_nascimento_seed_pelicano_class_pel_maternal_1_apoliana', 'seed_pelicano_child_1237209_mayte_victoria_nascimento', 'seed_pelicano_class_pel_maternal_1_apoliana', '2026-02-01 12:00:00', 'ATIVA'::"EnrollmentStatus", NOW(), NOW())
  ON CONFLICT ("childId","classroomId") DO UPDATE SET status=EXCLUDED.status, "updatedAt"=NOW();
  -- Aluno: MIGUEL JOSE ELIAS VIEIRA
  INSERT INTO "Child" (id,"mantenedoraId","unitId","firstName","lastName","dateOfBirth",gender,cpf,raca,peso,"bloodType",allergies,"medicalConditions","usoImagem",laudado,nis,"codigoAluno",inscricao,"nomeMae","nomePai","celPai",nacionalidade,naturalidade,"ufNascimento",endereco,cep,"dadosResponsaveis","documentosMatricula","autorizadosRetirada","transporteEscolar","fichaAdministrativa","isActive","createdAt","updatedAt")
  VALUES ('seed_pelicano_child_1294400_miguel_jose_elias_vieira',v_mantenedora_id,v_unit_id,'Miguel','Jose Elias Vieira','2023-05-15 12:00:00','MASCULINO'::"Gender",'119.704.771-99','PARDA','12kg','O+',NULL,NULL,NULL,NULL,NULL,'1294400','261761','Elizabeth',NULL,NULL,'BRASIL','Brasilia','DF','Cond Rossi','07266900','{"mae": {"nome": "Elizabeth", "cpf": null, "telefone": null}, "pai": {"nome": null, "cpf": "986.803.071-49", "telefone": null}, "responsavelPrincipal": {"nome": "Elizabeth", "cpf": "986.803.071-49", "parentesco": null, "identidade": null, "orgaoExpedidor": null, "telefone": null}, "enderecoResponsavel": null, "cepResponsavel": null, "escolaridade": null, "profissao": null, "numeroDependentes": null, "numeroPessoasCasa": null}'::jsonb,'{"codigoAluno": "1294400", "inscricao": "261761", "censo": null, "beneficio": null, "nis": null, "pisResponsavel": null, "cpfOriginalAluno": "119.704.771-99", "cpfPersistidoNoCampoCpf": "119.704.771-99", "cpfDuplicadoNaPlanilha": false, "serie2024": null, "origemLinhaPlanilha": 67}'::jsonb,'[]'::jsonb,'{"usaTransporteEscolar": null, "nomeTransporte": null}'::jsonb,'{"turmaPlanilha": "Maternal 1", "professoraPlanilha": "Cida", "fonte": "DADOS PARA PLATAFORMA PEDAGÓGICA (1) (1).xlsx / Planilha1", "linhaPlanilha": 67, "raw": {"COD. ALUNO": "1294400", "INSCRIÇÃO": "261761", "NOME": "MIGUEL JOSE ELIAS VIEIRA", "SEXO": "M", "NASC": "2023-05-15T00:00:00", "NACIONALIDADE": "BRASIL", "NATURALIDADE": "Brasilia", "UF": "DF", "CPF": "11970477199", "RAÇA": "PARDA", "PESO": "12kg", "TIPAGEM SANGUINEA": "O+", "ENDEREÇO": "Cond Rossi", "CEP": "7266900", "TURMA": "Maternal 1", "PROFESSORA": "Cida", "MÃE_2": "Elizabeth", "CPF_3": "98680307149", "NASCIMENTO": "Brasilia", "UF_2": "DF"}}'::jsonb,TRUE,NOW(),NOW())
  ON CONFLICT (id) DO UPDATE SET "unitId"=v_unit_id, "firstName"=EXCLUDED."firstName", "lastName"=EXCLUDED."lastName", "dateOfBirth"=EXCLUDED."dateOfBirth", gender=EXCLUDED.gender, cpf=EXCLUDED.cpf, raca=EXCLUDED.raca, peso=EXCLUDED.peso, "bloodType"=EXCLUDED."bloodType", allergies=EXCLUDED.allergies, "medicalConditions"=EXCLUDED."medicalConditions", "usoImagem"=EXCLUDED."usoImagem", laudado=EXCLUDED.laudado, nis=EXCLUDED.nis, "codigoAluno"=EXCLUDED."codigoAluno", inscricao=EXCLUDED.inscricao, "nomeMae"=EXCLUDED."nomeMae", "nomePai"=EXCLUDED."nomePai", "celPai"=EXCLUDED."celPai", nacionalidade=EXCLUDED.nacionalidade, naturalidade=EXCLUDED.naturalidade, "ufNascimento"=EXCLUDED."ufNascimento", endereco=EXCLUDED.endereco, cep=EXCLUDED.cep, "dadosResponsaveis"=EXCLUDED."dadosResponsaveis", "documentosMatricula"=EXCLUDED."documentosMatricula", "autorizadosRetirada"=EXCLUDED."autorizadosRetirada", "transporteEscolar"=EXCLUDED."transporteEscolar", "fichaAdministrativa"=EXCLUDED."fichaAdministrativa", "isActive"=TRUE, "updatedAt"=NOW();
  INSERT INTO "Enrollment" (id,"childId","classroomId","enrollmentDate",status,"createdAt","updatedAt")
  VALUES ('seed_enr_' || 'seed_pelicano_child_1294400_miguel_jose_elias_vieira_seed_pelicano_class_pel_maternal_1_cida', 'seed_pelicano_child_1294400_miguel_jose_elias_vieira', 'seed_pelicano_class_pel_maternal_1_cida', '2026-02-01 12:00:00', 'ATIVA'::"EnrollmentStatus", NOW(), NOW())
  ON CONFLICT ("childId","classroomId") DO UPDATE SET status=EXCLUDED.status, "updatedAt"=NOW();
  -- Aluno: MIKAEL GONCALVES FORTUNATO
  INSERT INTO "Child" (id,"mantenedoraId","unitId","firstName","lastName","dateOfBirth",gender,cpf,raca,peso,"bloodType",allergies,"medicalConditions","usoImagem",laudado,nis,"codigoAluno",inscricao,"nomeMae","nomePai","celPai",nacionalidade,naturalidade,"ufNascimento",endereco,cep,"dadosResponsaveis","documentosMatricula","autorizadosRetirada","transporteEscolar","fichaAdministrativa","isActive","createdAt","updatedAt")
  VALUES ('seed_pelicano_child_1303941_mikael_goncalves_fortunato',v_mantenedora_id,v_unit_id,'Mikael','Goncalves Fortunato','2023-12-02 12:00:00','MASCULINO'::"Gender",'025.889.861-53','PARDA',NULL,NULL,NULL,NULL,NULL,NULL,NULL,'1303941','267620',NULL,NULL,NULL,'BRASIL','Brasilia','DF',NULL,'07266900','{"mae": {"nome": null, "cpf": null, "telefone": null}, "pai": {"nome": null, "cpf": null, "telefone": null}, "responsavelPrincipal": {"nome": null, "cpf": null, "parentesco": null, "identidade": null, "orgaoExpedidor": null, "telefone": null}, "enderecoResponsavel": null, "cepResponsavel": null, "escolaridade": null, "profissao": null, "numeroDependentes": null, "numeroPessoasCasa": null}'::jsonb,'{"codigoAluno": "1303941", "inscricao": "267620", "censo": null, "beneficio": null, "nis": null, "pisResponsavel": null, "cpfOriginalAluno": "025.889.861-53", "cpfPersistidoNoCampoCpf": "025.889.861-53", "cpfDuplicadoNaPlanilha": false, "serie2024": null, "origemLinhaPlanilha": 68}'::jsonb,'[]'::jsonb,'{"usaTransporteEscolar": null, "nomeTransporte": null}'::jsonb,'{"turmaPlanilha": "Maternal 1", "professoraPlanilha": "Adriana", "fonte": "DADOS PARA PLATAFORMA PEDAGÓGICA (1) (1).xlsx / Planilha1", "linhaPlanilha": 68, "raw": {"COD. ALUNO": "1303941", "INSCRIÇÃO": "267620", "NOME": "MIKAEL GONCALVES FORTUNATO", "SEXO": "M", "NASC": "2023-12-02T00:00:00", "NACIONALIDADE": "BRASIL", "NATURALIDADE": "Brasilia", "UF": "DF", "CPF": "025.889.861-53", "RAÇA": "PARDA", "CEP": "7266900", "TURMA": "Maternal 1", "PROFESSORA": "Adriana"}}'::jsonb,TRUE,NOW(),NOW())
  ON CONFLICT (id) DO UPDATE SET "unitId"=v_unit_id, "firstName"=EXCLUDED."firstName", "lastName"=EXCLUDED."lastName", "dateOfBirth"=EXCLUDED."dateOfBirth", gender=EXCLUDED.gender, cpf=EXCLUDED.cpf, raca=EXCLUDED.raca, peso=EXCLUDED.peso, "bloodType"=EXCLUDED."bloodType", allergies=EXCLUDED.allergies, "medicalConditions"=EXCLUDED."medicalConditions", "usoImagem"=EXCLUDED."usoImagem", laudado=EXCLUDED.laudado, nis=EXCLUDED.nis, "codigoAluno"=EXCLUDED."codigoAluno", inscricao=EXCLUDED.inscricao, "nomeMae"=EXCLUDED."nomeMae", "nomePai"=EXCLUDED."nomePai", "celPai"=EXCLUDED."celPai", nacionalidade=EXCLUDED.nacionalidade, naturalidade=EXCLUDED.naturalidade, "ufNascimento"=EXCLUDED."ufNascimento", endereco=EXCLUDED.endereco, cep=EXCLUDED.cep, "dadosResponsaveis"=EXCLUDED."dadosResponsaveis", "documentosMatricula"=EXCLUDED."documentosMatricula", "autorizadosRetirada"=EXCLUDED."autorizadosRetirada", "transporteEscolar"=EXCLUDED."transporteEscolar", "fichaAdministrativa"=EXCLUDED."fichaAdministrativa", "isActive"=TRUE, "updatedAt"=NOW();
  INSERT INTO "Enrollment" (id,"childId","classroomId","enrollmentDate",status,"createdAt","updatedAt")
  VALUES ('seed_enr_' || 'seed_pelicano_child_1303941_mikael_goncalves_fortunato_seed_pelicano_class_pel_maternal_1_adriana', 'seed_pelicano_child_1303941_mikael_goncalves_fortunato', 'seed_pelicano_class_pel_maternal_1_adriana', '2026-02-01 12:00:00', 'ATIVA'::"EnrollmentStatus", NOW(), NOW())
  ON CONFLICT ("childId","classroomId") DO UPDATE SET status=EXCLUDED.status, "updatedAt"=NOW();
  -- Aluno: NOAH FELIPE PEREIRA
  INSERT INTO "Child" (id,"mantenedoraId","unitId","firstName","lastName","dateOfBirth",gender,cpf,raca,peso,"bloodType",allergies,"medicalConditions","usoImagem",laudado,nis,"codigoAluno",inscricao,"nomeMae","nomePai","celPai",nacionalidade,naturalidade,"ufNascimento",endereco,cep,"dadosResponsaveis","documentosMatricula","autorizadosRetirada","transporteEscolar","fichaAdministrativa","isActive","createdAt","updatedAt")
  VALUES ('seed_pelicano_child_1320105_noah_felipe_pereira',v_mantenedora_id,v_unit_id,'Noah','Felipe Pereira','2024-01-30 12:00:00','MASCULINO'::"Gender",'041.496.611-20','PARDA',NULL,NULL,NULL,NULL,NULL,NULL,NULL,'1320105','276271',NULL,NULL,NULL,'BRASIL','Brasilia','DF',NULL,'07266900','{"mae": {"nome": null, "cpf": null, "telefone": null}, "pai": {"nome": null, "cpf": null, "telefone": null}, "responsavelPrincipal": {"nome": null, "cpf": null, "parentesco": null, "identidade": null, "orgaoExpedidor": null, "telefone": null}, "enderecoResponsavel": null, "cepResponsavel": null, "escolaridade": null, "profissao": null, "numeroDependentes": null, "numeroPessoasCasa": null}'::jsonb,'{"codigoAluno": "1320105", "inscricao": "276271", "censo": null, "beneficio": null, "nis": null, "pisResponsavel": null, "cpfOriginalAluno": "041.496.611-20", "cpfPersistidoNoCampoCpf": "041.496.611-20", "cpfDuplicadoNaPlanilha": false, "serie2024": null, "origemLinhaPlanilha": 69}'::jsonb,'[]'::jsonb,'{"usaTransporteEscolar": null, "nomeTransporte": null}'::jsonb,'{"turmaPlanilha": "Maternal 1", "professoraPlanilha": "Adriana", "fonte": "DADOS PARA PLATAFORMA PEDAGÓGICA (1) (1).xlsx / Planilha1", "linhaPlanilha": 69, "raw": {"COD. ALUNO": "1320105", "INSCRIÇÃO": "276271", "NOME": "NOAH FELIPE PEREIRA", "SEXO": "M", "NASC": "2024-01-30T00:00:00", "NACIONALIDADE": "BRASIL", "NATURALIDADE": "Brasilia", "UF": "DF", "CPF": "041.496.611-20", "RAÇA": "PARDA", "CEP": "7266900", "TURMA": "Maternal 1", "PROFESSORA": "Adriana"}}'::jsonb,TRUE,NOW(),NOW())
  ON CONFLICT (id) DO UPDATE SET "unitId"=v_unit_id, "firstName"=EXCLUDED."firstName", "lastName"=EXCLUDED."lastName", "dateOfBirth"=EXCLUDED."dateOfBirth", gender=EXCLUDED.gender, cpf=EXCLUDED.cpf, raca=EXCLUDED.raca, peso=EXCLUDED.peso, "bloodType"=EXCLUDED."bloodType", allergies=EXCLUDED.allergies, "medicalConditions"=EXCLUDED."medicalConditions", "usoImagem"=EXCLUDED."usoImagem", laudado=EXCLUDED.laudado, nis=EXCLUDED.nis, "codigoAluno"=EXCLUDED."codigoAluno", inscricao=EXCLUDED.inscricao, "nomeMae"=EXCLUDED."nomeMae", "nomePai"=EXCLUDED."nomePai", "celPai"=EXCLUDED."celPai", nacionalidade=EXCLUDED.nacionalidade, naturalidade=EXCLUDED.naturalidade, "ufNascimento"=EXCLUDED."ufNascimento", endereco=EXCLUDED.endereco, cep=EXCLUDED.cep, "dadosResponsaveis"=EXCLUDED."dadosResponsaveis", "documentosMatricula"=EXCLUDED."documentosMatricula", "autorizadosRetirada"=EXCLUDED."autorizadosRetirada", "transporteEscolar"=EXCLUDED."transporteEscolar", "fichaAdministrativa"=EXCLUDED."fichaAdministrativa", "isActive"=TRUE, "updatedAt"=NOW();
  INSERT INTO "Enrollment" (id,"childId","classroomId","enrollmentDate",status,"createdAt","updatedAt")
  VALUES ('seed_enr_' || 'seed_pelicano_child_1320105_noah_felipe_pereira_seed_pelicano_class_pel_maternal_1_adriana', 'seed_pelicano_child_1320105_noah_felipe_pereira', 'seed_pelicano_class_pel_maternal_1_adriana', '2026-02-01 12:00:00', 'ATIVA'::"EnrollmentStatus", NOW(), NOW())
  ON CONFLICT ("childId","classroomId") DO UPDATE SET status=EXCLUDED.status, "updatedAt"=NOW();
  -- Aluno: OLIVER GAEL FERREIRA DOS SANTOS
  INSERT INTO "Child" (id,"mantenedoraId","unitId","firstName","lastName","dateOfBirth",gender,cpf,raca,peso,"bloodType",allergies,"medicalConditions","usoImagem",laudado,nis,"codigoAluno",inscricao,"nomeMae","nomePai","celPai",nacionalidade,naturalidade,"ufNascimento",endereco,cep,"dadosResponsaveis","documentosMatricula","autorizadosRetirada","transporteEscolar","fichaAdministrativa","isActive","createdAt","updatedAt")
  VALUES ('seed_pelicano_child_1310805_oliver_gael_ferreira_dos_santos',v_mantenedora_id,v_unit_id,'Oliver','Gael Ferreira Dos Santos','2024-03-09 12:00:00','MASCULINO'::"Gender",'055.285.181-72','PARDA',NULL,NULL,NULL,NULL,NULL,NULL,NULL,'1310805','273533',NULL,NULL,NULL,'BRASIL','Brasilia','DF',NULL,'07266900','{"mae": {"nome": null, "cpf": null, "telefone": null}, "pai": {"nome": null, "cpf": null, "telefone": null}, "responsavelPrincipal": {"nome": null, "cpf": null, "parentesco": null, "identidade": null, "orgaoExpedidor": null, "telefone": null}, "enderecoResponsavel": null, "cepResponsavel": null, "escolaridade": null, "profissao": null, "numeroDependentes": null, "numeroPessoasCasa": null}'::jsonb,'{"codigoAluno": "1310805", "inscricao": "273533", "censo": null, "beneficio": null, "nis": null, "pisResponsavel": null, "cpfOriginalAluno": "055.285.181-72", "cpfPersistidoNoCampoCpf": "055.285.181-72", "cpfDuplicadoNaPlanilha": false, "serie2024": null, "origemLinhaPlanilha": 70}'::jsonb,'[]'::jsonb,'{"usaTransporteEscolar": null, "nomeTransporte": null}'::jsonb,'{"turmaPlanilha": "Maternal 1", "professoraPlanilha": "Adriana", "fonte": "DADOS PARA PLATAFORMA PEDAGÓGICA (1) (1).xlsx / Planilha1", "linhaPlanilha": 70, "raw": {"COD. ALUNO": "1310805", "INSCRIÇÃO": "273533", "NOME": "OLIVER GAEL FERREIRA DOS SANTOS", "SEXO": "M", "NASC": "2024-03-09T00:00:00", "NACIONALIDADE": "BRASIL", "NATURALIDADE": "Brasilia", "UF": "DF", "CPF": "055.285.181-72", "RAÇA": "PARDA", "CEP": "7266900", "TURMA": "Maternal 1", "PROFESSORA": "Adriana"}}'::jsonb,TRUE,NOW(),NOW())
  ON CONFLICT (id) DO UPDATE SET "unitId"=v_unit_id, "firstName"=EXCLUDED."firstName", "lastName"=EXCLUDED."lastName", "dateOfBirth"=EXCLUDED."dateOfBirth", gender=EXCLUDED.gender, cpf=EXCLUDED.cpf, raca=EXCLUDED.raca, peso=EXCLUDED.peso, "bloodType"=EXCLUDED."bloodType", allergies=EXCLUDED.allergies, "medicalConditions"=EXCLUDED."medicalConditions", "usoImagem"=EXCLUDED."usoImagem", laudado=EXCLUDED.laudado, nis=EXCLUDED.nis, "codigoAluno"=EXCLUDED."codigoAluno", inscricao=EXCLUDED.inscricao, "nomeMae"=EXCLUDED."nomeMae", "nomePai"=EXCLUDED."nomePai", "celPai"=EXCLUDED."celPai", nacionalidade=EXCLUDED.nacionalidade, naturalidade=EXCLUDED.naturalidade, "ufNascimento"=EXCLUDED."ufNascimento", endereco=EXCLUDED.endereco, cep=EXCLUDED.cep, "dadosResponsaveis"=EXCLUDED."dadosResponsaveis", "documentosMatricula"=EXCLUDED."documentosMatricula", "autorizadosRetirada"=EXCLUDED."autorizadosRetirada", "transporteEscolar"=EXCLUDED."transporteEscolar", "fichaAdministrativa"=EXCLUDED."fichaAdministrativa", "isActive"=TRUE, "updatedAt"=NOW();
  INSERT INTO "Enrollment" (id,"childId","classroomId","enrollmentDate",status,"createdAt","updatedAt")
  VALUES ('seed_enr_' || 'seed_pelicano_child_1310805_oliver_gael_ferreira_dos_santos_seed_pelicano_class_pel_maternal_1_adria', 'seed_pelicano_child_1310805_oliver_gael_ferreira_dos_santos', 'seed_pelicano_class_pel_maternal_1_adriana', '2026-02-01 12:00:00', 'ATIVA'::"EnrollmentStatus", NOW(), NOW())
  ON CONFLICT ("childId","classroomId") DO UPDATE SET status=EXCLUDED.status, "updatedAt"=NOW();
  -- Aluno: RAVI RODRIGUES DA SILVA
  INSERT INTO "Child" (id,"mantenedoraId","unitId","firstName","lastName","dateOfBirth",gender,cpf,raca,peso,"bloodType",allergies,"medicalConditions","usoImagem",laudado,nis,"codigoAluno",inscricao,"nomeMae","nomePai","celPai",nacionalidade,naturalidade,"ufNascimento",endereco,cep,"dadosResponsaveis","documentosMatricula","autorizadosRetirada","transporteEscolar","fichaAdministrativa","isActive","createdAt","updatedAt")
  VALUES ('seed_pelicano_child_1269924_ravi_rodrigues_da_silva',v_mantenedora_id,v_unit_id,'Ravi','Rodrigues Da Silva','2023-08-22 12:00:00','MASCULINO'::"Gender",'120.738.261-21','PARDA',NULL,NULL,NULL,NULL,NULL,NULL,NULL,'1269924','252089',NULL,NULL,NULL,'BRASIL','Brasilia','DF',NULL,'07266900','{"mae": {"nome": null, "cpf": null, "telefone": null}, "pai": {"nome": null, "cpf": null, "telefone": null}, "responsavelPrincipal": {"nome": null, "cpf": null, "parentesco": null, "identidade": null, "orgaoExpedidor": null, "telefone": null}, "enderecoResponsavel": null, "cepResponsavel": null, "escolaridade": null, "profissao": null, "numeroDependentes": null, "numeroPessoasCasa": null}'::jsonb,'{"codigoAluno": "1269924", "inscricao": "252089", "censo": null, "beneficio": null, "nis": null, "pisResponsavel": null, "cpfOriginalAluno": "120.738.261-21", "cpfPersistidoNoCampoCpf": "120.738.261-21", "cpfDuplicadoNaPlanilha": false, "serie2024": null, "origemLinhaPlanilha": 71}'::jsonb,'[]'::jsonb,'{"usaTransporteEscolar": null, "nomeTransporte": null}'::jsonb,'{"turmaPlanilha": "Maternal 1", "professoraPlanilha": "Adriana", "fonte": "DADOS PARA PLATAFORMA PEDAGÓGICA (1) (1).xlsx / Planilha1", "linhaPlanilha": 71, "raw": {"COD. ALUNO": "1269924", "INSCRIÇÃO": "252089", "NOME": "RAVI RODRIGUES DA SILVA", "SEXO": "M", "NASC": "2023-08-22T00:00:00", "NACIONALIDADE": "BRASIL", "NATURALIDADE": "Brasilia", "UF": "DF", "CPF": "120.738.261-21", "RAÇA": "PARDA", "CEP": "7266900", "TURMA": "Maternal 1", "PROFESSORA": "Adriana"}}'::jsonb,TRUE,NOW(),NOW())
  ON CONFLICT (id) DO UPDATE SET "unitId"=v_unit_id, "firstName"=EXCLUDED."firstName", "lastName"=EXCLUDED."lastName", "dateOfBirth"=EXCLUDED."dateOfBirth", gender=EXCLUDED.gender, cpf=EXCLUDED.cpf, raca=EXCLUDED.raca, peso=EXCLUDED.peso, "bloodType"=EXCLUDED."bloodType", allergies=EXCLUDED.allergies, "medicalConditions"=EXCLUDED."medicalConditions", "usoImagem"=EXCLUDED."usoImagem", laudado=EXCLUDED.laudado, nis=EXCLUDED.nis, "codigoAluno"=EXCLUDED."codigoAluno", inscricao=EXCLUDED.inscricao, "nomeMae"=EXCLUDED."nomeMae", "nomePai"=EXCLUDED."nomePai", "celPai"=EXCLUDED."celPai", nacionalidade=EXCLUDED.nacionalidade, naturalidade=EXCLUDED.naturalidade, "ufNascimento"=EXCLUDED."ufNascimento", endereco=EXCLUDED.endereco, cep=EXCLUDED.cep, "dadosResponsaveis"=EXCLUDED."dadosResponsaveis", "documentosMatricula"=EXCLUDED."documentosMatricula", "autorizadosRetirada"=EXCLUDED."autorizadosRetirada", "transporteEscolar"=EXCLUDED."transporteEscolar", "fichaAdministrativa"=EXCLUDED."fichaAdministrativa", "isActive"=TRUE, "updatedAt"=NOW();
  INSERT INTO "Enrollment" (id,"childId","classroomId","enrollmentDate",status,"createdAt","updatedAt")
  VALUES ('seed_enr_' || 'seed_pelicano_child_1269924_ravi_rodrigues_da_silva_seed_pelicano_class_pel_maternal_1_adriana', 'seed_pelicano_child_1269924_ravi_rodrigues_da_silva', 'seed_pelicano_class_pel_maternal_1_adriana', '2026-02-01 12:00:00', 'ATIVA'::"EnrollmentStatus", NOW(), NOW())
  ON CONFLICT ("childId","classroomId") DO UPDATE SET status=EXCLUDED.status, "updatedAt"=NOW();
  -- Aluno: REBECA FARIA ALVES
  INSERT INTO "Child" (id,"mantenedoraId","unitId","firstName","lastName","dateOfBirth",gender,cpf,raca,peso,"bloodType",allergies,"medicalConditions","usoImagem",laudado,nis,"codigoAluno",inscricao,"nomeMae","nomePai","celPai",nacionalidade,naturalidade,"ufNascimento",endereco,cep,"dadosResponsaveis","documentosMatricula","autorizadosRetirada","transporteEscolar","fichaAdministrativa","isActive","createdAt","updatedAt")
  VALUES ('seed_pelicano_child_1303472_rebeca_faria_alves',v_mantenedora_id,v_unit_id,'Rebeca','Faria Alves','2024-01-06 12:00:00','FEMININO'::"Gender",'034.349.821-91','PARDA',NULL,'A+',NULL,NULL,NULL,NULL,NULL,'1303472','267239','Jessica',NULL,NULL,'BRASIL','Brasilia','DF','Cond Dom Pedro','72320199','{"mae": {"nome": "Jessica", "cpf": null, "telefone": null}, "pai": {"nome": null, "cpf": "056.524.581-35", "telefone": null}, "responsavelPrincipal": {"nome": "Jessica", "cpf": "056.524.581-35", "parentesco": null, "identidade": null, "orgaoExpedidor": null, "telefone": null}, "enderecoResponsavel": null, "cepResponsavel": null, "escolaridade": null, "profissao": null, "numeroDependentes": null, "numeroPessoasCasa": null}'::jsonb,'{"codigoAluno": "1303472", "inscricao": "267239", "censo": null, "beneficio": null, "nis": null, "pisResponsavel": null, "cpfOriginalAluno": "034.349.821-91", "cpfPersistidoNoCampoCpf": "034.349.821-91", "cpfDuplicadoNaPlanilha": false, "serie2024": null, "origemLinhaPlanilha": 72}'::jsonb,'[]'::jsonb,'{"usaTransporteEscolar": null, "nomeTransporte": null}'::jsonb,'{"turmaPlanilha": "Maternal 1", "professoraPlanilha": "Cida", "fonte": "DADOS PARA PLATAFORMA PEDAGÓGICA (1) (1).xlsx / Planilha1", "linhaPlanilha": 72, "raw": {"COD. ALUNO": "1303472", "INSCRIÇÃO": "267239", "NOME": "REBECA FARIA ALVES", "SEXO": "F", "NASC": "2024-01-06T00:00:00", "NACIONALIDADE": "BRASIL", "NATURALIDADE": "Brasilia", "UF": "DF", "CPF": "034.349.821-91", "RAÇA": "PARDA", "TIPAGEM SANGUINEA": "A+", "ENDEREÇO": "Cond Dom Pedro", "CEP": "72320199", "TURMA": "Maternal 1", "PROFESSORA": "Cida", "MÃE_2": "Jessica", "CPF_3": "056.524.581-35", "NASCIMENTO": "Brasilia", "UF_2": "DF"}}'::jsonb,TRUE,NOW(),NOW())
  ON CONFLICT (id) DO UPDATE SET "unitId"=v_unit_id, "firstName"=EXCLUDED."firstName", "lastName"=EXCLUDED."lastName", "dateOfBirth"=EXCLUDED."dateOfBirth", gender=EXCLUDED.gender, cpf=EXCLUDED.cpf, raca=EXCLUDED.raca, peso=EXCLUDED.peso, "bloodType"=EXCLUDED."bloodType", allergies=EXCLUDED.allergies, "medicalConditions"=EXCLUDED."medicalConditions", "usoImagem"=EXCLUDED."usoImagem", laudado=EXCLUDED.laudado, nis=EXCLUDED.nis, "codigoAluno"=EXCLUDED."codigoAluno", inscricao=EXCLUDED.inscricao, "nomeMae"=EXCLUDED."nomeMae", "nomePai"=EXCLUDED."nomePai", "celPai"=EXCLUDED."celPai", nacionalidade=EXCLUDED.nacionalidade, naturalidade=EXCLUDED.naturalidade, "ufNascimento"=EXCLUDED."ufNascimento", endereco=EXCLUDED.endereco, cep=EXCLUDED.cep, "dadosResponsaveis"=EXCLUDED."dadosResponsaveis", "documentosMatricula"=EXCLUDED."documentosMatricula", "autorizadosRetirada"=EXCLUDED."autorizadosRetirada", "transporteEscolar"=EXCLUDED."transporteEscolar", "fichaAdministrativa"=EXCLUDED."fichaAdministrativa", "isActive"=TRUE, "updatedAt"=NOW();
  INSERT INTO "Enrollment" (id,"childId","classroomId","enrollmentDate",status,"createdAt","updatedAt")
  VALUES ('seed_enr_' || 'seed_pelicano_child_1303472_rebeca_faria_alves_seed_pelicano_class_pel_maternal_1_cida', 'seed_pelicano_child_1303472_rebeca_faria_alves', 'seed_pelicano_class_pel_maternal_1_cida', '2026-02-01 12:00:00', 'ATIVA'::"EnrollmentStatus", NOW(), NOW())
  ON CONFLICT ("childId","classroomId") DO UPDATE SET status=EXCLUDED.status, "updatedAt"=NOW();
  -- Aluno: SOFIA SILVA PEREIRA
  INSERT INTO "Child" (id,"mantenedoraId","unitId","firstName","lastName","dateOfBirth",gender,cpf,raca,peso,"bloodType",allergies,"medicalConditions","usoImagem",laudado,nis,"codigoAluno",inscricao,"nomeMae","nomePai","celPai",nacionalidade,naturalidade,"ufNascimento",endereco,cep,"dadosResponsaveis","documentosMatricula","autorizadosRetirada","transporteEscolar","fichaAdministrativa","isActive","createdAt","updatedAt")
  VALUES ('seed_pelicano_child_1306657_sofia_silva_pereira',v_mantenedora_id,v_unit_id,'Sofia','Silva Pereira','2024-02-13 12:00:00','FEMININO'::"Gender",'043.332.581-00','PARDA','10kg','A+',NULL,NULL,NULL,NULL,NULL,'1306657','269830','Jaciara',NULL,NULL,'BRASIL','Brasilia','DF','Cond São Francisco','07266900','{"mae": {"nome": "Jaciara", "cpf": null, "telefone": null}, "pai": {"nome": null, "cpf": "040.481.751-30", "telefone": null}, "responsavelPrincipal": {"nome": "Jaciara", "cpf": "040.481.751-30", "parentesco": null, "identidade": null, "orgaoExpedidor": null, "telefone": null}, "enderecoResponsavel": null, "cepResponsavel": null, "escolaridade": null, "profissao": null, "numeroDependentes": null, "numeroPessoasCasa": null}'::jsonb,'{"codigoAluno": "1306657", "inscricao": "269830", "censo": null, "beneficio": null, "nis": null, "pisResponsavel": null, "cpfOriginalAluno": "043.332.581-00", "cpfPersistidoNoCampoCpf": "043.332.581-00", "cpfDuplicadoNaPlanilha": false, "serie2024": null, "origemLinhaPlanilha": 73}'::jsonb,'[]'::jsonb,'{"usaTransporteEscolar": null, "nomeTransporte": null}'::jsonb,'{"turmaPlanilha": "Maternal 1", "professoraPlanilha": "Apoliana", "fonte": "DADOS PARA PLATAFORMA PEDAGÓGICA (1) (1).xlsx / Planilha1", "linhaPlanilha": 73, "raw": {"COD. ALUNO": "1306657", "INSCRIÇÃO": "269830", "NOME": "SOFIA SILVA PEREIRA", "SEXO": "F", "NASC": "2024-02-13T00:00:00", "NACIONALIDADE": "BRASIL", "NATURALIDADE": "Brasilia", "UF": "DF", "CPF": "043.332581-00", "RAÇA": "PARDA", "PESO": "10kg", "TIPAGEM SANGUINEA": "A+", "ENDEREÇO": "Cond São Francisco", "CEP": "7266900", "TURMA": "Maternal 1", "PROFESSORA": "Apoliana", "MÃE": "Jaciara", "CPF_3": "040.481.751-30", "NATURALIDADE_2": "Piripi", "UF_2": "PI"}}'::jsonb,TRUE,NOW(),NOW())
  ON CONFLICT (id) DO UPDATE SET "unitId"=v_unit_id, "firstName"=EXCLUDED."firstName", "lastName"=EXCLUDED."lastName", "dateOfBirth"=EXCLUDED."dateOfBirth", gender=EXCLUDED.gender, cpf=EXCLUDED.cpf, raca=EXCLUDED.raca, peso=EXCLUDED.peso, "bloodType"=EXCLUDED."bloodType", allergies=EXCLUDED.allergies, "medicalConditions"=EXCLUDED."medicalConditions", "usoImagem"=EXCLUDED."usoImagem", laudado=EXCLUDED.laudado, nis=EXCLUDED.nis, "codigoAluno"=EXCLUDED."codigoAluno", inscricao=EXCLUDED.inscricao, "nomeMae"=EXCLUDED."nomeMae", "nomePai"=EXCLUDED."nomePai", "celPai"=EXCLUDED."celPai", nacionalidade=EXCLUDED.nacionalidade, naturalidade=EXCLUDED.naturalidade, "ufNascimento"=EXCLUDED."ufNascimento", endereco=EXCLUDED.endereco, cep=EXCLUDED.cep, "dadosResponsaveis"=EXCLUDED."dadosResponsaveis", "documentosMatricula"=EXCLUDED."documentosMatricula", "autorizadosRetirada"=EXCLUDED."autorizadosRetirada", "transporteEscolar"=EXCLUDED."transporteEscolar", "fichaAdministrativa"=EXCLUDED."fichaAdministrativa", "isActive"=TRUE, "updatedAt"=NOW();
  INSERT INTO "Enrollment" (id,"childId","classroomId","enrollmentDate",status,"createdAt","updatedAt")
  VALUES ('seed_enr_' || 'seed_pelicano_child_1306657_sofia_silva_pereira_seed_pelicano_class_pel_maternal_1_apoliana', 'seed_pelicano_child_1306657_sofia_silva_pereira', 'seed_pelicano_class_pel_maternal_1_apoliana', '2026-02-01 12:00:00', 'ATIVA'::"EnrollmentStatus", NOW(), NOW())
  ON CONFLICT ("childId","classroomId") DO UPDATE SET status=EXCLUDED.status, "updatedAt"=NOW();
  -- Aluno: STELLA SANTOS COSTA DE ARAUJO
  INSERT INTO "Child" (id,"mantenedoraId","unitId","firstName","lastName","dateOfBirth",gender,cpf,raca,peso,"bloodType",allergies,"medicalConditions","usoImagem",laudado,nis,"codigoAluno",inscricao,"nomeMae","nomePai","celPai",nacionalidade,naturalidade,"ufNascimento",endereco,cep,"dadosResponsaveis","documentosMatricula","autorizadosRetirada","transporteEscolar","fichaAdministrativa","isActive","createdAt","updatedAt")
  VALUES ('seed_pelicano_child_1305709_stella_santos_costa_de_araujo',v_mantenedora_id,v_unit_id,'Stella','Santos Costa De Araujo','2023-09-21 12:00:00','FEMININO'::"Gender",NULL,'PARDA',NULL,NULL,NULL,NULL,NULL,NULL,NULL,'1305709','269025',NULL,NULL,NULL,'BRASIL','Brasilia','DF',NULL,'07266900','{"mae": {"nome": null, "cpf": null, "telefone": null}, "pai": {"nome": null, "cpf": null, "telefone": null}, "responsavelPrincipal": {"nome": null, "cpf": null, "parentesco": null, "identidade": null, "orgaoExpedidor": null, "telefone": null}, "enderecoResponsavel": null, "cepResponsavel": null, "escolaridade": null, "profissao": null, "numeroDependentes": null, "numeroPessoasCasa": null}'::jsonb,'{"codigoAluno": "1305709", "inscricao": "269025", "censo": null, "beneficio": null, "nis": null, "pisResponsavel": null, "cpfOriginalAluno": null, "cpfPersistidoNoCampoCpf": null, "cpfDuplicadoNaPlanilha": false, "serie2024": null, "origemLinhaPlanilha": 74}'::jsonb,'[]'::jsonb,'{"usaTransporteEscolar": null, "nomeTransporte": null}'::jsonb,'{"turmaPlanilha": "Maternal 1", "professoraPlanilha": "Fernanda", "fonte": "DADOS PARA PLATAFORMA PEDAGÓGICA (1) (1).xlsx / Planilha1", "linhaPlanilha": 74, "raw": {"COD. ALUNO": "1305709", "INSCRIÇÃO": "269025", "NOME": "STELLA SANTOS COSTA DE ARAUJO", "SEXO": "F", "NASC": "2023-09-21T00:00:00", "NACIONALIDADE": "BRASIL", "NATURALIDADE": "Brasilia", "UF": "DF", "RAÇA": "PARDA", "CEP": "7266900", "TURMA": "Maternal 1", "PROFESSORA": "Fernanda"}}'::jsonb,TRUE,NOW(),NOW())
  ON CONFLICT (id) DO UPDATE SET "unitId"=v_unit_id, "firstName"=EXCLUDED."firstName", "lastName"=EXCLUDED."lastName", "dateOfBirth"=EXCLUDED."dateOfBirth", gender=EXCLUDED.gender, cpf=EXCLUDED.cpf, raca=EXCLUDED.raca, peso=EXCLUDED.peso, "bloodType"=EXCLUDED."bloodType", allergies=EXCLUDED.allergies, "medicalConditions"=EXCLUDED."medicalConditions", "usoImagem"=EXCLUDED."usoImagem", laudado=EXCLUDED.laudado, nis=EXCLUDED.nis, "codigoAluno"=EXCLUDED."codigoAluno", inscricao=EXCLUDED.inscricao, "nomeMae"=EXCLUDED."nomeMae", "nomePai"=EXCLUDED."nomePai", "celPai"=EXCLUDED."celPai", nacionalidade=EXCLUDED.nacionalidade, naturalidade=EXCLUDED.naturalidade, "ufNascimento"=EXCLUDED."ufNascimento", endereco=EXCLUDED.endereco, cep=EXCLUDED.cep, "dadosResponsaveis"=EXCLUDED."dadosResponsaveis", "documentosMatricula"=EXCLUDED."documentosMatricula", "autorizadosRetirada"=EXCLUDED."autorizadosRetirada", "transporteEscolar"=EXCLUDED."transporteEscolar", "fichaAdministrativa"=EXCLUDED."fichaAdministrativa", "isActive"=TRUE, "updatedAt"=NOW();
  INSERT INTO "Enrollment" (id,"childId","classroomId","enrollmentDate",status,"createdAt","updatedAt")
  VALUES ('seed_enr_' || 'seed_pelicano_child_1305709_stella_santos_costa_de_araujo_seed_pelicano_class_pel_maternal_1_fernand', 'seed_pelicano_child_1305709_stella_santos_costa_de_araujo', 'seed_pelicano_class_pel_maternal_1_fernanda', '2026-02-01 12:00:00', 'ATIVA'::"EnrollmentStatus", NOW(), NOW())
  ON CONFLICT ("childId","classroomId") DO UPDATE SET status=EXCLUDED.status, "updatedAt"=NOW();
  -- Aluno: THAUAN HENRIQUE SOUZA PEREIRA
  INSERT INTO "Child" (id,"mantenedoraId","unitId","firstName","lastName","dateOfBirth",gender,cpf,raca,peso,"bloodType",allergies,"medicalConditions","usoImagem",laudado,nis,"codigoAluno",inscricao,"nomeMae","nomePai","celPai",nacionalidade,naturalidade,"ufNascimento",endereco,cep,"dadosResponsaveis","documentosMatricula","autorizadosRetirada","transporteEscolar","fichaAdministrativa","isActive","createdAt","updatedAt")
  VALUES ('seed_pelicano_child_1320151_thauan_henrique_souza_pereira',v_mantenedora_id,v_unit_id,'Thauan','Henrique Souza Pereira','2023-12-17 12:00:00','MASCULINO'::"Gender",'030.740.301-78','PARDA','10kg','A+',NULL,NULL,NULL,NULL,NULL,'1320151','276314','Kamila',NULL,NULL,'BRASIL','Brasilia','DF','Cond São Francisco','07266900','{"mae": {"nome": "Kamila", "cpf": null, "telefone": null}, "pai": {"nome": null, "cpf": "070.005.281-09", "telefone": null}, "responsavelPrincipal": {"nome": "Kamila", "cpf": "070.005.281-09", "parentesco": null, "identidade": null, "orgaoExpedidor": null, "telefone": null}, "enderecoResponsavel": null, "cepResponsavel": null, "escolaridade": null, "profissao": null, "numeroDependentes": null, "numeroPessoasCasa": null}'::jsonb,'{"codigoAluno": "1320151", "inscricao": "276314", "censo": null, "beneficio": null, "nis": null, "pisResponsavel": null, "cpfOriginalAluno": "030.740.301-78", "cpfPersistidoNoCampoCpf": "030.740.301-78", "cpfDuplicadoNaPlanilha": false, "serie2024": null, "origemLinhaPlanilha": 75}'::jsonb,'[]'::jsonb,'{"usaTransporteEscolar": null, "nomeTransporte": null}'::jsonb,'{"turmaPlanilha": "Maternal 1", "professoraPlanilha": "Cida", "fonte": "DADOS PARA PLATAFORMA PEDAGÓGICA (1) (1).xlsx / Planilha1", "linhaPlanilha": 75, "raw": {"COD. ALUNO": "1320151", "INSCRIÇÃO": "276314", "NOME": "THAUAN HENRIQUE SOUZA PEREIRA", "SEXO": "M", "NASC": "2023-12-17T00:00:00", "NACIONALIDADE": "BRASIL", "NATURALIDADE": "Brasilia", "UF": "DF", "CPF": "030.740.301-78", "RAÇA": "PARDA", "PESO": "10kg", "TIPAGEM SANGUINEA": "A+", "ENDEREÇO": "Cond São Francisco", "CEP": "7266900", "TURMA": "Maternal 1", "PROFESSORA": "Cida", "MÃE_2": "Kamila", "CPF_3": "070.005.281-09", "NASCIMENTO": "Santo Antonio", "UF_2": "GO"}}'::jsonb,TRUE,NOW(),NOW())
  ON CONFLICT (id) DO UPDATE SET "unitId"=v_unit_id, "firstName"=EXCLUDED."firstName", "lastName"=EXCLUDED."lastName", "dateOfBirth"=EXCLUDED."dateOfBirth", gender=EXCLUDED.gender, cpf=EXCLUDED.cpf, raca=EXCLUDED.raca, peso=EXCLUDED.peso, "bloodType"=EXCLUDED."bloodType", allergies=EXCLUDED.allergies, "medicalConditions"=EXCLUDED."medicalConditions", "usoImagem"=EXCLUDED."usoImagem", laudado=EXCLUDED.laudado, nis=EXCLUDED.nis, "codigoAluno"=EXCLUDED."codigoAluno", inscricao=EXCLUDED.inscricao, "nomeMae"=EXCLUDED."nomeMae", "nomePai"=EXCLUDED."nomePai", "celPai"=EXCLUDED."celPai", nacionalidade=EXCLUDED.nacionalidade, naturalidade=EXCLUDED.naturalidade, "ufNascimento"=EXCLUDED."ufNascimento", endereco=EXCLUDED.endereco, cep=EXCLUDED.cep, "dadosResponsaveis"=EXCLUDED."dadosResponsaveis", "documentosMatricula"=EXCLUDED."documentosMatricula", "autorizadosRetirada"=EXCLUDED."autorizadosRetirada", "transporteEscolar"=EXCLUDED."transporteEscolar", "fichaAdministrativa"=EXCLUDED."fichaAdministrativa", "isActive"=TRUE, "updatedAt"=NOW();
  INSERT INTO "Enrollment" (id,"childId","classroomId","enrollmentDate",status,"createdAt","updatedAt")
  VALUES ('seed_enr_' || 'seed_pelicano_child_1320151_thauan_henrique_souza_pereira_seed_pelicano_class_pel_maternal_1_cida', 'seed_pelicano_child_1320151_thauan_henrique_souza_pereira', 'seed_pelicano_class_pel_maternal_1_cida', '2026-02-01 12:00:00', 'ATIVA'::"EnrollmentStatus", NOW(), NOW())
  ON CONFLICT ("childId","classroomId") DO UPDATE SET status=EXCLUDED.status, "updatedAt"=NOW();
  -- Aluno: THEO FAGUNDES MEIRA
  INSERT INTO "Child" (id,"mantenedoraId","unitId","firstName","lastName","dateOfBirth",gender,cpf,raca,peso,"bloodType",allergies,"medicalConditions","usoImagem",laudado,nis,"codigoAluno",inscricao,"nomeMae","nomePai","celPai",nacionalidade,naturalidade,"ufNascimento",endereco,cep,"dadosResponsaveis","documentosMatricula","autorizadosRetirada","transporteEscolar","fichaAdministrativa","isActive","createdAt","updatedAt")
  VALUES ('seed_pelicano_child_1291989_theo_fagundes_meira',v_mantenedora_id,v_unit_id,'Theo','Fagundes Meira','2023-08-23 12:00:00','MASCULINO'::"Gender",'120.728.091-77','PARDA','14.6kg','O+',NULL,NULL,NULL,NULL,NULL,'1291989','260121','Riviane',NULL,NULL,'BRASIL','Brasilia','DF','Cond Rossi','07266900','{"mae": {"nome": "Riviane", "cpf": null, "telefone": null}, "pai": {"nome": null, "cpf": "049.711.821-10", "telefone": null}, "responsavelPrincipal": {"nome": "Riviane", "cpf": "049.711.821-10", "parentesco": null, "identidade": null, "orgaoExpedidor": null, "telefone": null}, "enderecoResponsavel": null, "cepResponsavel": null, "escolaridade": null, "profissao": "Professora", "numeroDependentes": null, "numeroPessoasCasa": null}'::jsonb,'{"codigoAluno": "1291989", "inscricao": "260121", "censo": null, "beneficio": null, "nis": null, "pisResponsavel": null, "cpfOriginalAluno": "120.728.091-77", "cpfPersistidoNoCampoCpf": "120.728.091-77", "cpfDuplicadoNaPlanilha": false, "serie2024": null, "origemLinhaPlanilha": 76}'::jsonb,'[]'::jsonb,'{"usaTransporteEscolar": null, "nomeTransporte": null}'::jsonb,'{"turmaPlanilha": "Maternal 1", "professoraPlanilha": "Fernanda", "fonte": "DADOS PARA PLATAFORMA PEDAGÓGICA (1) (1).xlsx / Planilha1", "linhaPlanilha": 76, "raw": {"COD. ALUNO": "1291989", "INSCRIÇÃO": "260121", "NOME": "THEO FAGUNDES MEIRA", "SEXO": "M", "NASC": "2023-08-23T00:00:00", "NACIONALIDADE": "BRASIL", "NATURALIDADE": "Brasilia", "UF": "DF", "CPF": "12072809177", "RAÇA": "PARDA", "PESO": "14.6kg", "TIPAGEM SANGUINEA": "O+", "ENDEREÇO": "Cond Rossi", "CEP": "7266900", "TURMA": "Maternal 1", "PROFESSORA": "Fernanda", "MÃE": "Riviane", "CPF_3": "049.711.821-10", "PROFISSÃO": "Professora"}}'::jsonb,TRUE,NOW(),NOW())
  ON CONFLICT (id) DO UPDATE SET "unitId"=v_unit_id, "firstName"=EXCLUDED."firstName", "lastName"=EXCLUDED."lastName", "dateOfBirth"=EXCLUDED."dateOfBirth", gender=EXCLUDED.gender, cpf=EXCLUDED.cpf, raca=EXCLUDED.raca, peso=EXCLUDED.peso, "bloodType"=EXCLUDED."bloodType", allergies=EXCLUDED.allergies, "medicalConditions"=EXCLUDED."medicalConditions", "usoImagem"=EXCLUDED."usoImagem", laudado=EXCLUDED.laudado, nis=EXCLUDED.nis, "codigoAluno"=EXCLUDED."codigoAluno", inscricao=EXCLUDED.inscricao, "nomeMae"=EXCLUDED."nomeMae", "nomePai"=EXCLUDED."nomePai", "celPai"=EXCLUDED."celPai", nacionalidade=EXCLUDED.nacionalidade, naturalidade=EXCLUDED.naturalidade, "ufNascimento"=EXCLUDED."ufNascimento", endereco=EXCLUDED.endereco, cep=EXCLUDED.cep, "dadosResponsaveis"=EXCLUDED."dadosResponsaveis", "documentosMatricula"=EXCLUDED."documentosMatricula", "autorizadosRetirada"=EXCLUDED."autorizadosRetirada", "transporteEscolar"=EXCLUDED."transporteEscolar", "fichaAdministrativa"=EXCLUDED."fichaAdministrativa", "isActive"=TRUE, "updatedAt"=NOW();
  INSERT INTO "Enrollment" (id,"childId","classroomId","enrollmentDate",status,"createdAt","updatedAt")
  VALUES ('seed_enr_' || 'seed_pelicano_child_1291989_theo_fagundes_meira_seed_pelicano_class_pel_maternal_1_fernanda', 'seed_pelicano_child_1291989_theo_fagundes_meira', 'seed_pelicano_class_pel_maternal_1_fernanda', '2026-02-01 12:00:00', 'ATIVA'::"EnrollmentStatus", NOW(), NOW())
  ON CONFLICT ("childId","classroomId") DO UPDATE SET status=EXCLUDED.status, "updatedAt"=NOW();
  -- Aluno: THEO FERREIRA VALADARES
  INSERT INTO "Child" (id,"mantenedoraId","unitId","firstName","lastName","dateOfBirth",gender,cpf,raca,peso,"bloodType",allergies,"medicalConditions","usoImagem",laudado,nis,"codigoAluno",inscricao,"nomeMae","nomePai","celPai",nacionalidade,naturalidade,"ufNascimento",endereco,cep,"dadosResponsaveis","documentosMatricula","autorizadosRetirada","transporteEscolar","fichaAdministrativa","isActive","createdAt","updatedAt")
  VALUES ('seed_pelicano_child_1253035_theo_ferreira_valadares',v_mantenedora_id,v_unit_id,'Theo','Ferreira Valadares','2023-06-21 12:00:00','MASCULINO'::"Gender",'120.072.171-39','PARDA','11kg','O-',NULL,NULL,NULL,NULL,NULL,'1253035','244415','Ludmila',NULL,NULL,'BRASIL','Brasilia','DF','Chacara Pais e Filhos','07266900','{"mae": {"nome": "Ludmila", "cpf": null, "telefone": null}, "pai": {"nome": null, "cpf": "055.554.071-28", "telefone": null}, "responsavelPrincipal": {"nome": "Ludmila", "cpf": "055.554.071-28", "parentesco": null, "identidade": null, "orgaoExpedidor": null, "telefone": null}, "enderecoResponsavel": null, "cepResponsavel": null, "escolaridade": null, "profissao": null, "numeroDependentes": null, "numeroPessoasCasa": null}'::jsonb,'{"codigoAluno": "1253035", "inscricao": "244415", "censo": null, "beneficio": null, "nis": null, "pisResponsavel": null, "cpfOriginalAluno": "120.072.171-39", "cpfPersistidoNoCampoCpf": "120.072.171-39", "cpfDuplicadoNaPlanilha": false, "serie2024": null, "origemLinhaPlanilha": 77}'::jsonb,'[]'::jsonb,'{"usaTransporteEscolar": null, "nomeTransporte": null}'::jsonb,'{"turmaPlanilha": "Maternal 1", "professoraPlanilha": "Apoliana", "fonte": "DADOS PARA PLATAFORMA PEDAGÓGICA (1) (1).xlsx / Planilha1", "linhaPlanilha": 77, "raw": {"COD. ALUNO": "1253035", "INSCRIÇÃO": "244415", "NOME": "THEO FERREIRA VALADARES", "SEXO": "M", "NASC": "2023-06-21T00:00:00", "NACIONALIDADE": "BRASIL", "NATURALIDADE": "Brasilia", "UF": "DF", "CPF": "12007217139", "RAÇA": "PARDA", "PESO": "11kg", "TIPAGEM SANGUINEA": "O-", "ENDEREÇO": "Chacara Pais e Filhos", "CEP": "7266900", "TURMA": "Maternal 1", "PROFESSORA": "Apoliana", "MÃE": "Ludmila", "CPF_3": "055.554.071-28", "NATURALIDADE_2": "Brasilia", "UF_2": "DF"}}'::jsonb,TRUE,NOW(),NOW())
  ON CONFLICT (id) DO UPDATE SET "unitId"=v_unit_id, "firstName"=EXCLUDED."firstName", "lastName"=EXCLUDED."lastName", "dateOfBirth"=EXCLUDED."dateOfBirth", gender=EXCLUDED.gender, cpf=EXCLUDED.cpf, raca=EXCLUDED.raca, peso=EXCLUDED.peso, "bloodType"=EXCLUDED."bloodType", allergies=EXCLUDED.allergies, "medicalConditions"=EXCLUDED."medicalConditions", "usoImagem"=EXCLUDED."usoImagem", laudado=EXCLUDED.laudado, nis=EXCLUDED.nis, "codigoAluno"=EXCLUDED."codigoAluno", inscricao=EXCLUDED.inscricao, "nomeMae"=EXCLUDED."nomeMae", "nomePai"=EXCLUDED."nomePai", "celPai"=EXCLUDED."celPai", nacionalidade=EXCLUDED.nacionalidade, naturalidade=EXCLUDED.naturalidade, "ufNascimento"=EXCLUDED."ufNascimento", endereco=EXCLUDED.endereco, cep=EXCLUDED.cep, "dadosResponsaveis"=EXCLUDED."dadosResponsaveis", "documentosMatricula"=EXCLUDED."documentosMatricula", "autorizadosRetirada"=EXCLUDED."autorizadosRetirada", "transporteEscolar"=EXCLUDED."transporteEscolar", "fichaAdministrativa"=EXCLUDED."fichaAdministrativa", "isActive"=TRUE, "updatedAt"=NOW();
  INSERT INTO "Enrollment" (id,"childId","classroomId","enrollmentDate",status,"createdAt","updatedAt")
  VALUES ('seed_enr_' || 'seed_pelicano_child_1253035_theo_ferreira_valadares_seed_pelicano_class_pel_maternal_1_apoliana', 'seed_pelicano_child_1253035_theo_ferreira_valadares', 'seed_pelicano_class_pel_maternal_1_apoliana', '2026-02-01 12:00:00', 'ATIVA'::"EnrollmentStatus", NOW(), NOW())
  ON CONFLICT ("childId","classroomId") DO UPDATE SET status=EXCLUDED.status, "updatedAt"=NOW();
  -- Aluno: THEO HENRIQUE COSTA DE FARIA
  INSERT INTO "Child" (id,"mantenedoraId","unitId","firstName","lastName","dateOfBirth",gender,cpf,raca,peso,"bloodType",allergies,"medicalConditions","usoImagem",laudado,nis,"codigoAluno",inscricao,"nomeMae","nomePai","celPai",nacionalidade,naturalidade,"ufNascimento",endereco,cep,"dadosResponsaveis","documentosMatricula","autorizadosRetirada","transporteEscolar","fichaAdministrativa","isActive","createdAt","updatedAt")
  VALUES ('seed_pelicano_child_1309612_theo_henrique_costa_de_faria',v_mantenedora_id,v_unit_id,'Theo','Henrique Costa De Faria','2024-01-30 12:00:00','MASCULINO'::"Gender",'041.895.231-00','PARDA','13.6kg',NULL,NULL,NULL,NULL,NULL,NULL,'1309612','272415','Ketlen Cyara',NULL,NULL,'BRASIL','Brasilia','DF','Cond Nova Betania','07266900','{"mae": {"nome": "Ketlen Cyara", "cpf": null, "telefone": null}, "pai": {"nome": null, "cpf": "713.350.771-46", "telefone": null}, "responsavelPrincipal": {"nome": "Ketlen Cyara", "cpf": "713.350.771-46", "parentesco": null, "identidade": null, "orgaoExpedidor": null, "telefone": null}, "enderecoResponsavel": null, "cepResponsavel": null, "escolaridade": null, "profissao": null, "numeroDependentes": null, "numeroPessoasCasa": null}'::jsonb,'{"codigoAluno": "1309612", "inscricao": "272415", "censo": null, "beneficio": null, "nis": null, "pisResponsavel": null, "cpfOriginalAluno": "041.895.231-00", "cpfPersistidoNoCampoCpf": "041.895.231-00", "cpfDuplicadoNaPlanilha": false, "serie2024": null, "origemLinhaPlanilha": 78}'::jsonb,'[]'::jsonb,'{"usaTransporteEscolar": null, "nomeTransporte": null}'::jsonb,'{"turmaPlanilha": "Maternal 1", "professoraPlanilha": "Apoliana", "fonte": "DADOS PARA PLATAFORMA PEDAGÓGICA (1) (1).xlsx / Planilha1", "linhaPlanilha": 78, "raw": {"COD. ALUNO": "1309612", "INSCRIÇÃO": "272415", "NOME": "THEO HENRIQUE COSTA DE FARIA", "SEXO": "M", "NASC": "2024-01-30T00:00:00", "NACIONALIDADE": "BRASIL", "NATURALIDADE": "Brasilia", "UF": "DF", "CPF": "041.895.231-00", "RAÇA": "PARDA", "PESO": "13.6kg", "ENDEREÇO": "Cond Nova Betania", "CEP": "7266900", "TURMA": "Maternal 1", "PROFESSORA": "Apoliana", "MÃE": "Ketlen Cyara", "CPF_3": "713.350.771-46", "NATURALIDADE_2": "Brasilia", "UF_2": "DF"}}'::jsonb,TRUE,NOW(),NOW())
  ON CONFLICT (id) DO UPDATE SET "unitId"=v_unit_id, "firstName"=EXCLUDED."firstName", "lastName"=EXCLUDED."lastName", "dateOfBirth"=EXCLUDED."dateOfBirth", gender=EXCLUDED.gender, cpf=EXCLUDED.cpf, raca=EXCLUDED.raca, peso=EXCLUDED.peso, "bloodType"=EXCLUDED."bloodType", allergies=EXCLUDED.allergies, "medicalConditions"=EXCLUDED."medicalConditions", "usoImagem"=EXCLUDED."usoImagem", laudado=EXCLUDED.laudado, nis=EXCLUDED.nis, "codigoAluno"=EXCLUDED."codigoAluno", inscricao=EXCLUDED.inscricao, "nomeMae"=EXCLUDED."nomeMae", "nomePai"=EXCLUDED."nomePai", "celPai"=EXCLUDED."celPai", nacionalidade=EXCLUDED.nacionalidade, naturalidade=EXCLUDED.naturalidade, "ufNascimento"=EXCLUDED."ufNascimento", endereco=EXCLUDED.endereco, cep=EXCLUDED.cep, "dadosResponsaveis"=EXCLUDED."dadosResponsaveis", "documentosMatricula"=EXCLUDED."documentosMatricula", "autorizadosRetirada"=EXCLUDED."autorizadosRetirada", "transporteEscolar"=EXCLUDED."transporteEscolar", "fichaAdministrativa"=EXCLUDED."fichaAdministrativa", "isActive"=TRUE, "updatedAt"=NOW();
  INSERT INTO "Enrollment" (id,"childId","classroomId","enrollmentDate",status,"createdAt","updatedAt")
  VALUES ('seed_enr_' || 'seed_pelicano_child_1309612_theo_henrique_costa_de_faria_seed_pelicano_class_pel_maternal_1_apoliana', 'seed_pelicano_child_1309612_theo_henrique_costa_de_faria', 'seed_pelicano_class_pel_maternal_1_apoliana', '2026-02-01 12:00:00', 'ATIVA'::"EnrollmentStatus", NOW(), NOW())
  ON CONFLICT ("childId","classroomId") DO UPDATE SET status=EXCLUDED.status, "updatedAt"=NOW();
  -- Aluno: WALLACE YAN RAMOS DOS SANTOS
  INSERT INTO "Child" (id,"mantenedoraId","unitId","firstName","lastName","dateOfBirth",gender,cpf,raca,peso,"bloodType",allergies,"medicalConditions","usoImagem",laudado,nis,"codigoAluno",inscricao,"nomeMae","nomePai","celPai",nacionalidade,naturalidade,"ufNascimento",endereco,cep,"dadosResponsaveis","documentosMatricula","autorizadosRetirada","transporteEscolar","fichaAdministrativa","isActive","createdAt","updatedAt")
  VALUES ('seed_pelicano_child_1286342_wallace_yan_ramos_dos_santos',v_mantenedora_id,v_unit_id,'Wallace','Yan Ramos Dos Santos','2023-04-04 12:00:00','MASCULINO'::"Gender",'119.236.751-09','PARDA',NULL,NULL,NULL,NULL,NULL,NULL,NULL,'1286342','257126',NULL,NULL,NULL,'BRASIL','Brasilia','DF',NULL,'07266900','{"mae": {"nome": null, "cpf": null, "telefone": null}, "pai": {"nome": null, "cpf": null, "telefone": null}, "responsavelPrincipal": {"nome": null, "cpf": null, "parentesco": null, "identidade": null, "orgaoExpedidor": null, "telefone": null}, "enderecoResponsavel": null, "cepResponsavel": null, "escolaridade": null, "profissao": null, "numeroDependentes": null, "numeroPessoasCasa": null}'::jsonb,'{"codigoAluno": "1286342", "inscricao": "257126", "censo": null, "beneficio": null, "nis": null, "pisResponsavel": null, "cpfOriginalAluno": "119.236.751-09", "cpfPersistidoNoCampoCpf": "119.236.751-09", "cpfDuplicadoNaPlanilha": false, "serie2024": null, "origemLinhaPlanilha": 79}'::jsonb,'[]'::jsonb,'{"usaTransporteEscolar": null, "nomeTransporte": null}'::jsonb,'{"turmaPlanilha": "Maternal 1", "professoraPlanilha": "Adriana", "fonte": "DADOS PARA PLATAFORMA PEDAGÓGICA (1) (1).xlsx / Planilha1", "linhaPlanilha": 79, "raw": {"COD. ALUNO": "1286342", "INSCRIÇÃO": "257126", "NOME": "WALLACE YAN RAMOS DOS SANTOS", "SEXO": "M", "NASC": "2023-04-04T00:00:00", "NACIONALIDADE": "BRASIL", "NATURALIDADE": "Brasilia", "UF": "DF", "CPF": "119.236.751-09", "RAÇA": "PARDA", "CEP": "7266900", "TURMA": "Maternal 1", "PROFESSORA": "Adriana"}}'::jsonb,TRUE,NOW(),NOW())
  ON CONFLICT (id) DO UPDATE SET "unitId"=v_unit_id, "firstName"=EXCLUDED."firstName", "lastName"=EXCLUDED."lastName", "dateOfBirth"=EXCLUDED."dateOfBirth", gender=EXCLUDED.gender, cpf=EXCLUDED.cpf, raca=EXCLUDED.raca, peso=EXCLUDED.peso, "bloodType"=EXCLUDED."bloodType", allergies=EXCLUDED.allergies, "medicalConditions"=EXCLUDED."medicalConditions", "usoImagem"=EXCLUDED."usoImagem", laudado=EXCLUDED.laudado, nis=EXCLUDED.nis, "codigoAluno"=EXCLUDED."codigoAluno", inscricao=EXCLUDED.inscricao, "nomeMae"=EXCLUDED."nomeMae", "nomePai"=EXCLUDED."nomePai", "celPai"=EXCLUDED."celPai", nacionalidade=EXCLUDED.nacionalidade, naturalidade=EXCLUDED.naturalidade, "ufNascimento"=EXCLUDED."ufNascimento", endereco=EXCLUDED.endereco, cep=EXCLUDED.cep, "dadosResponsaveis"=EXCLUDED."dadosResponsaveis", "documentosMatricula"=EXCLUDED."documentosMatricula", "autorizadosRetirada"=EXCLUDED."autorizadosRetirada", "transporteEscolar"=EXCLUDED."transporteEscolar", "fichaAdministrativa"=EXCLUDED."fichaAdministrativa", "isActive"=TRUE, "updatedAt"=NOW();
  INSERT INTO "Enrollment" (id,"childId","classroomId","enrollmentDate",status,"createdAt","updatedAt")
  VALUES ('seed_enr_' || 'seed_pelicano_child_1286342_wallace_yan_ramos_dos_santos_seed_pelicano_class_pel_maternal_1_adriana', 'seed_pelicano_child_1286342_wallace_yan_ramos_dos_santos', 'seed_pelicano_class_pel_maternal_1_adriana', '2026-02-01 12:00:00', 'ATIVA'::"EnrollmentStatus", NOW(), NOW())
  ON CONFLICT ("childId","classroomId") DO UPDATE SET status=EXCLUDED.status, "updatedAt"=NOW();
  -- Aluno: YAN DOUGLAS LUSTOSA DE SOUSA
  INSERT INTO "Child" (id,"mantenedoraId","unitId","firstName","lastName","dateOfBirth",gender,cpf,raca,peso,"bloodType",allergies,"medicalConditions","usoImagem",laudado,nis,"codigoAluno",inscricao,"nomeMae","nomePai","celPai",nacionalidade,naturalidade,"ufNascimento",endereco,cep,"dadosResponsaveis","documentosMatricula","autorizadosRetirada","transporteEscolar","fichaAdministrativa","isActive","createdAt","updatedAt")
  VALUES ('seed_pelicano_child_1290032_yan_douglas_lustosa_de_sousa',v_mantenedora_id,v_unit_id,'Yan','Douglas Lustosa De Sousa','2023-10-09 12:00:00','MASCULINO'::"Gender",'008.651.921-20','PARDA','12.5kg','O+',NULL,NULL,NULL,NULL,NULL,'1290032','259094','Ana Celia',NULL,NULL,'BRASIL','Brasilia','DF','Cond Buritis 1','07266900','{"mae": {"nome": "Ana Celia", "cpf": null, "telefone": null}, "pai": {"nome": null, "cpf": "008.553.133-52", "telefone": null}, "responsavelPrincipal": {"nome": "Ana Celia", "cpf": "008.553.133-52", "parentesco": null, "identidade": null, "orgaoExpedidor": null, "telefone": null}, "enderecoResponsavel": null, "cepResponsavel": null, "escolaridade": null, "profissao": "Tecnica de Enfermagem", "numeroDependentes": null, "numeroPessoasCasa": null}'::jsonb,'{"codigoAluno": "1290032", "inscricao": "259094", "censo": null, "beneficio": null, "nis": null, "pisResponsavel": null, "cpfOriginalAluno": "008.651.921-20", "cpfPersistidoNoCampoCpf": "008.651.921-20", "cpfDuplicadoNaPlanilha": false, "serie2024": null, "origemLinhaPlanilha": 80}'::jsonb,'[]'::jsonb,'{"usaTransporteEscolar": null, "nomeTransporte": null}'::jsonb,'{"turmaPlanilha": "Maternal 1", "professoraPlanilha": "Fernanda", "fonte": "DADOS PARA PLATAFORMA PEDAGÓGICA (1) (1).xlsx / Planilha1", "linhaPlanilha": 80, "raw": {"COD. ALUNO": "1290032", "INSCRIÇÃO": "259094", "NOME": "YAN DOUGLAS LUSTOSA DE SOUSA", "SEXO": "M", "NASC": "2023-10-09T00:00:00", "NACIONALIDADE": "BRASIL", "NATURALIDADE": "Brasilia", "UF": "DF", "CPF": "008.651.921-20", "RAÇA": "PARDA", "PESO": "12.5kg", "TIPAGEM SANGUINEA": "O+", "ENDEREÇO": "Cond Buritis 1", "CEP": "7266900", "TURMA": "Maternal 1", "PROFESSORA": "Fernanda", "MÃE": "Ana Celia", "CPF_3": "008.553.133-52", "NASCIMENTO": "1984-10-19T00:00:00", "PROFISSÃO": "Tecnica de Enfermagem"}}'::jsonb,TRUE,NOW(),NOW())
  ON CONFLICT (id) DO UPDATE SET "unitId"=v_unit_id, "firstName"=EXCLUDED."firstName", "lastName"=EXCLUDED."lastName", "dateOfBirth"=EXCLUDED."dateOfBirth", gender=EXCLUDED.gender, cpf=EXCLUDED.cpf, raca=EXCLUDED.raca, peso=EXCLUDED.peso, "bloodType"=EXCLUDED."bloodType", allergies=EXCLUDED.allergies, "medicalConditions"=EXCLUDED."medicalConditions", "usoImagem"=EXCLUDED."usoImagem", laudado=EXCLUDED.laudado, nis=EXCLUDED.nis, "codigoAluno"=EXCLUDED."codigoAluno", inscricao=EXCLUDED.inscricao, "nomeMae"=EXCLUDED."nomeMae", "nomePai"=EXCLUDED."nomePai", "celPai"=EXCLUDED."celPai", nacionalidade=EXCLUDED.nacionalidade, naturalidade=EXCLUDED.naturalidade, "ufNascimento"=EXCLUDED."ufNascimento", endereco=EXCLUDED.endereco, cep=EXCLUDED.cep, "dadosResponsaveis"=EXCLUDED."dadosResponsaveis", "documentosMatricula"=EXCLUDED."documentosMatricula", "autorizadosRetirada"=EXCLUDED."autorizadosRetirada", "transporteEscolar"=EXCLUDED."transporteEscolar", "fichaAdministrativa"=EXCLUDED."fichaAdministrativa", "isActive"=TRUE, "updatedAt"=NOW();
  INSERT INTO "Enrollment" (id,"childId","classroomId","enrollmentDate",status,"createdAt","updatedAt")
  VALUES ('seed_enr_' || 'seed_pelicano_child_1290032_yan_douglas_lustosa_de_sousa_seed_pelicano_class_pel_maternal_1_fernanda', 'seed_pelicano_child_1290032_yan_douglas_lustosa_de_sousa', 'seed_pelicano_class_pel_maternal_1_fernanda', '2026-02-01 12:00:00', 'ATIVA'::"EnrollmentStatus", NOW(), NOW())
  ON CONFLICT ("childId","classroomId") DO UPDATE SET status=EXCLUDED.status, "updatedAt"=NOW();
  -- Aluno: YASMIN CUNHA DE OLIVEIRA
  INSERT INTO "Child" (id,"mantenedoraId","unitId","firstName","lastName","dateOfBirth",gender,cpf,raca,peso,"bloodType",allergies,"medicalConditions","usoImagem",laudado,nis,"codigoAluno",inscricao,"nomeMae","nomePai","celPai",nacionalidade,naturalidade,"ufNascimento",endereco,cep,"dadosResponsaveis","documentosMatricula","autorizadosRetirada","transporteEscolar","fichaAdministrativa","isActive","createdAt","updatedAt")
  VALUES ('seed_pelicano_child_1301679_yasmin_cunha_de_oliveira',v_mantenedora_id,v_unit_id,'Yasmin','Cunha De Oliveira','2023-08-24 12:00:00','FEMININO'::"Gender",'120.760.451-80','PARDA','16kg','O+',NULL,NULL,NULL,NULL,NULL,'1301679','266010','Vitoria',NULL,NULL,'BRASIL','Brasilia','DF','Cond Rossi','07266900','{"mae": {"nome": "Vitoria", "cpf": null, "telefone": null}, "pai": {"nome": null, "cpf": "704.690.071-09", "telefone": null}, "responsavelPrincipal": {"nome": "Vitoria", "cpf": "704.690.071-09", "parentesco": null, "identidade": null, "orgaoExpedidor": null, "telefone": null}, "enderecoResponsavel": null, "cepResponsavel": null, "escolaridade": null, "profissao": null, "numeroDependentes": null, "numeroPessoasCasa": null}'::jsonb,'{"codigoAluno": "1301679", "inscricao": "266010", "censo": null, "beneficio": null, "nis": null, "pisResponsavel": null, "cpfOriginalAluno": "120.760.451-80", "cpfPersistidoNoCampoCpf": "120.760.451-80", "cpfDuplicadoNaPlanilha": false, "serie2024": null, "origemLinhaPlanilha": 81}'::jsonb,'[]'::jsonb,'{"usaTransporteEscolar": null, "nomeTransporte": null}'::jsonb,'{"turmaPlanilha": "Maternal 1", "professoraPlanilha": "Apoliana", "fonte": "DADOS PARA PLATAFORMA PEDAGÓGICA (1) (1).xlsx / Planilha1", "linhaPlanilha": 81, "raw": {"COD. ALUNO": "1301679", "INSCRIÇÃO": "266010", "NOME": "YASMIN CUNHA DE OLIVEIRA", "SEXO": "F", "NASC": "2023-08-24T00:00:00", "NACIONALIDADE": "BRASIL", "NATURALIDADE": "Brasilia", "UF": "DF", "CPF": "120.760.451-80", "RAÇA": "PARDA", "PESO": "16kg", "TIPAGEM SANGUINEA": "O+", "ENDEREÇO": "Cond Rossi", "CEP": "7266900", "TURMA": "Maternal 1", "PROFESSORA": "Apoliana", "MÃE": "Vitoria", "CPF_3": "704.690.071-09"}}'::jsonb,TRUE,NOW(),NOW())
  ON CONFLICT (id) DO UPDATE SET "unitId"=v_unit_id, "firstName"=EXCLUDED."firstName", "lastName"=EXCLUDED."lastName", "dateOfBirth"=EXCLUDED."dateOfBirth", gender=EXCLUDED.gender, cpf=EXCLUDED.cpf, raca=EXCLUDED.raca, peso=EXCLUDED.peso, "bloodType"=EXCLUDED."bloodType", allergies=EXCLUDED.allergies, "medicalConditions"=EXCLUDED."medicalConditions", "usoImagem"=EXCLUDED."usoImagem", laudado=EXCLUDED.laudado, nis=EXCLUDED.nis, "codigoAluno"=EXCLUDED."codigoAluno", inscricao=EXCLUDED.inscricao, "nomeMae"=EXCLUDED."nomeMae", "nomePai"=EXCLUDED."nomePai", "celPai"=EXCLUDED."celPai", nacionalidade=EXCLUDED.nacionalidade, naturalidade=EXCLUDED.naturalidade, "ufNascimento"=EXCLUDED."ufNascimento", endereco=EXCLUDED.endereco, cep=EXCLUDED.cep, "dadosResponsaveis"=EXCLUDED."dadosResponsaveis", "documentosMatricula"=EXCLUDED."documentosMatricula", "autorizadosRetirada"=EXCLUDED."autorizadosRetirada", "transporteEscolar"=EXCLUDED."transporteEscolar", "fichaAdministrativa"=EXCLUDED."fichaAdministrativa", "isActive"=TRUE, "updatedAt"=NOW();
  INSERT INTO "Enrollment" (id,"childId","classroomId","enrollmentDate",status,"createdAt","updatedAt")
  VALUES ('seed_enr_' || 'seed_pelicano_child_1301679_yasmin_cunha_de_oliveira_seed_pelicano_class_pel_maternal_1_apoliana', 'seed_pelicano_child_1301679_yasmin_cunha_de_oliveira', 'seed_pelicano_class_pel_maternal_1_apoliana', '2026-02-01 12:00:00', 'ATIVA'::"EnrollmentStatus", NOW(), NOW())
  ON CONFLICT ("childId","classroomId") DO UPDATE SET status=EXCLUDED.status, "updatedAt"=NOW();
  -- Aluno: ADRYAN DA SILVA SOUSA
  INSERT INTO "Child" (id,"mantenedoraId","unitId","firstName","lastName","dateOfBirth",gender,cpf,raca,peso,"bloodType",allergies,"medicalConditions","usoImagem",laudado,nis,"codigoAluno",inscricao,"nomeMae","nomePai","celPai",nacionalidade,naturalidade,"ufNascimento",endereco,cep,"dadosResponsaveis","documentosMatricula","autorizadosRetirada","transporteEscolar","fichaAdministrativa","isActive","createdAt","updatedAt")
  VALUES ('seed_pelicano_child_244009_adryan_da_silva_sousa',v_mantenedora_id,v_unit_id,'Adryan','Da Silva Sousa','2023-03-25 12:00:00','MASCULINO'::"Gender",'119.105.141-28','PARDA',NULL,NULL,NULL,NULL,NULL,NULL,NULL,NULL,'244009',NULL,'Rony',NULL,'BRASIL','Brasilia','DF',NULL,'07266900','{"mae": {"nome": null, "cpf": null, "telefone": null}, "pai": {"nome": "Rony", "cpf": null, "telefone": null}, "responsavelPrincipal": {"nome": "Rony", "cpf": null, "parentesco": null, "identidade": null, "orgaoExpedidor": null, "telefone": null}, "enderecoResponsavel": null, "cepResponsavel": null, "escolaridade": null, "profissao": null, "numeroDependentes": null, "numeroPessoasCasa": null}'::jsonb,'{"codigoAluno": null, "inscricao": "244009", "censo": null, "beneficio": null, "nis": null, "pisResponsavel": null, "cpfOriginalAluno": "119.105.141-28", "cpfPersistidoNoCampoCpf": "119.105.141-28", "cpfDuplicadoNaPlanilha": false, "serie2024": null, "origemLinhaPlanilha": 82}'::jsonb,'[]'::jsonb,'{"usaTransporteEscolar": null, "nomeTransporte": null}'::jsonb,'{"turmaPlanilha": "Maternal 2", "professoraPlanilha": "Salete", "fonte": "DADOS PARA PLATAFORMA PEDAGÓGICA (1) (1).xlsx / Planilha1", "linhaPlanilha": 82, "raw": {"INSCRIÇÃO": "244009", "NOME": "ADRYAN DA SILVA SOUSA", "SEXO": "M", "NASC": "2023-03-25T00:00:00", "NACIONALIDADE": "BRASIL", "NATURALIDADE": "Brasilia", "UF": "DF", "CPF": "11910514128", "RAÇA": "PARDA", "CEP": "7266900", "TURMA": "Maternal 2", "PROFESSORA": "Salete", "PAI": "Rony"}}'::jsonb,TRUE,NOW(),NOW())
  ON CONFLICT (id) DO UPDATE SET "unitId"=v_unit_id, "firstName"=EXCLUDED."firstName", "lastName"=EXCLUDED."lastName", "dateOfBirth"=EXCLUDED."dateOfBirth", gender=EXCLUDED.gender, cpf=EXCLUDED.cpf, raca=EXCLUDED.raca, peso=EXCLUDED.peso, "bloodType"=EXCLUDED."bloodType", allergies=EXCLUDED.allergies, "medicalConditions"=EXCLUDED."medicalConditions", "usoImagem"=EXCLUDED."usoImagem", laudado=EXCLUDED.laudado, nis=EXCLUDED.nis, "codigoAluno"=EXCLUDED."codigoAluno", inscricao=EXCLUDED.inscricao, "nomeMae"=EXCLUDED."nomeMae", "nomePai"=EXCLUDED."nomePai", "celPai"=EXCLUDED."celPai", nacionalidade=EXCLUDED.nacionalidade, naturalidade=EXCLUDED.naturalidade, "ufNascimento"=EXCLUDED."ufNascimento", endereco=EXCLUDED.endereco, cep=EXCLUDED.cep, "dadosResponsaveis"=EXCLUDED."dadosResponsaveis", "documentosMatricula"=EXCLUDED."documentosMatricula", "autorizadosRetirada"=EXCLUDED."autorizadosRetirada", "transporteEscolar"=EXCLUDED."transporteEscolar", "fichaAdministrativa"=EXCLUDED."fichaAdministrativa", "isActive"=TRUE, "updatedAt"=NOW();
  INSERT INTO "Enrollment" (id,"childId","classroomId","enrollmentDate",status,"createdAt","updatedAt")
  VALUES ('seed_enr_' || 'seed_pelicano_child_244009_adryan_da_silva_sousa_seed_pelicano_class_pel_maternal_2_salete', 'seed_pelicano_child_244009_adryan_da_silva_sousa', 'seed_pelicano_class_pel_maternal_2_salete', '2026-02-01 12:00:00', 'ATIVA'::"EnrollmentStatus", NOW(), NOW())
  ON CONFLICT ("childId","classroomId") DO UPDATE SET status=EXCLUDED.status, "updatedAt"=NOW();
  -- Aluno: AGATHA OLIVEIRA SIQUEIRA
  INSERT INTO "Child" (id,"mantenedoraId","unitId","firstName","lastName","dateOfBirth",gender,cpf,raca,peso,"bloodType",allergies,"medicalConditions","usoImagem",laudado,nis,"codigoAluno",inscricao,"nomeMae","nomePai","celPai",nacionalidade,naturalidade,"ufNascimento",endereco,cep,"dadosResponsaveis","documentosMatricula","autorizadosRetirada","transporteEscolar","fichaAdministrativa","isActive","createdAt","updatedAt")
  VALUES ('seed_pelicano_child_231916_agatha_oliveira_siqueira',v_mantenedora_id,v_unit_id,'Agatha','Oliveira Siqueira','2022-10-26 12:00:00','FEMININO'::"Gender",'117.518.901-47','PARDA',NULL,NULL,NULL,NULL,NULL,NULL,NULL,NULL,'231916',NULL,NULL,NULL,'BRASIL','Brasilia','DF',NULL,'07266900','{"mae": {"nome": null, "cpf": null, "telefone": null}, "pai": {"nome": null, "cpf": null, "telefone": null}, "responsavelPrincipal": {"nome": null, "cpf": null, "parentesco": null, "identidade": null, "orgaoExpedidor": null, "telefone": null}, "enderecoResponsavel": null, "cepResponsavel": null, "escolaridade": null, "profissao": null, "numeroDependentes": null, "numeroPessoasCasa": null}'::jsonb,'{"codigoAluno": null, "inscricao": "231916", "censo": null, "beneficio": null, "nis": null, "pisResponsavel": null, "cpfOriginalAluno": "117.518.901-47", "cpfPersistidoNoCampoCpf": "117.518.901-47", "cpfDuplicadoNaPlanilha": false, "serie2024": null, "origemLinhaPlanilha": 83}'::jsonb,'[]'::jsonb,'{"usaTransporteEscolar": null, "nomeTransporte": null}'::jsonb,'{"turmaPlanilha": "Maternal 2", "professoraPlanilha": "Miriam", "fonte": "DADOS PARA PLATAFORMA PEDAGÓGICA (1) (1).xlsx / Planilha1", "linhaPlanilha": 83, "raw": {"INSCRIÇÃO": "231916", "NOME": "AGATHA OLIVEIRA SIQUEIRA", "SEXO": "F", "NASC": "2022-10-26T00:00:00", "NACIONALIDADE": "BRASIL", "NATURALIDADE": "Brasilia", "UF": "DF", "CPF": "11751890147", "RAÇA": "PARDA", "CEP": "7266900", "TURMA": "Maternal 2", "PROFESSORA": "Miriam"}}'::jsonb,TRUE,NOW(),NOW())
  ON CONFLICT (id) DO UPDATE SET "unitId"=v_unit_id, "firstName"=EXCLUDED."firstName", "lastName"=EXCLUDED."lastName", "dateOfBirth"=EXCLUDED."dateOfBirth", gender=EXCLUDED.gender, cpf=EXCLUDED.cpf, raca=EXCLUDED.raca, peso=EXCLUDED.peso, "bloodType"=EXCLUDED."bloodType", allergies=EXCLUDED.allergies, "medicalConditions"=EXCLUDED."medicalConditions", "usoImagem"=EXCLUDED."usoImagem", laudado=EXCLUDED.laudado, nis=EXCLUDED.nis, "codigoAluno"=EXCLUDED."codigoAluno", inscricao=EXCLUDED.inscricao, "nomeMae"=EXCLUDED."nomeMae", "nomePai"=EXCLUDED."nomePai", "celPai"=EXCLUDED."celPai", nacionalidade=EXCLUDED.nacionalidade, naturalidade=EXCLUDED.naturalidade, "ufNascimento"=EXCLUDED."ufNascimento", endereco=EXCLUDED.endereco, cep=EXCLUDED.cep, "dadosResponsaveis"=EXCLUDED."dadosResponsaveis", "documentosMatricula"=EXCLUDED."documentosMatricula", "autorizadosRetirada"=EXCLUDED."autorizadosRetirada", "transporteEscolar"=EXCLUDED."transporteEscolar", "fichaAdministrativa"=EXCLUDED."fichaAdministrativa", "isActive"=TRUE, "updatedAt"=NOW();
  INSERT INTO "Enrollment" (id,"childId","classroomId","enrollmentDate",status,"createdAt","updatedAt")
  VALUES ('seed_enr_' || 'seed_pelicano_child_231916_agatha_oliveira_siqueira_seed_pelicano_class_pel_maternal_2_miriam', 'seed_pelicano_child_231916_agatha_oliveira_siqueira', 'seed_pelicano_class_pel_maternal_2_miriam', '2026-02-01 12:00:00', 'ATIVA'::"EnrollmentStatus", NOW(), NOW())
  ON CONFLICT ("childId","classroomId") DO UPDATE SET status=EXCLUDED.status, "updatedAt"=NOW();
  -- Aluno: AGATHA SALES ROMAO
  INSERT INTO "Child" (id,"mantenedoraId","unitId","firstName","lastName","dateOfBirth",gender,cpf,raca,peso,"bloodType",allergies,"medicalConditions","usoImagem",laudado,nis,"codigoAluno",inscricao,"nomeMae","nomePai","celPai",nacionalidade,naturalidade,"ufNascimento",endereco,cep,"dadosResponsaveis","documentosMatricula","autorizadosRetirada","transporteEscolar","fichaAdministrativa","isActive","createdAt","updatedAt")
  VALUES ('seed_pelicano_child_243024_agatha_sales_romao',v_mantenedora_id,v_unit_id,'Agatha','Sales Romao','2022-04-13 12:00:00','FEMININO'::"Gender",'115.585.261-37','PARDA',NULL,NULL,NULL,NULL,NULL,NULL,NULL,NULL,'243024',NULL,'Huggo',NULL,'BRASIL','Brasilia','DF',NULL,'07266900','{"mae": {"nome": null, "cpf": null, "telefone": null}, "pai": {"nome": "Huggo", "cpf": null, "telefone": null}, "responsavelPrincipal": {"nome": "Huggo", "cpf": null, "parentesco": null, "identidade": null, "orgaoExpedidor": null, "telefone": null}, "enderecoResponsavel": null, "cepResponsavel": null, "escolaridade": null, "profissao": null, "numeroDependentes": null, "numeroPessoasCasa": null}'::jsonb,'{"codigoAluno": null, "inscricao": "243024", "censo": null, "beneficio": null, "nis": null, "pisResponsavel": null, "cpfOriginalAluno": "115.585.261-37", "cpfPersistidoNoCampoCpf": "115.585.261-37", "cpfDuplicadoNaPlanilha": false, "serie2024": null, "origemLinhaPlanilha": 84}'::jsonb,'[]'::jsonb,'{"usaTransporteEscolar": null, "nomeTransporte": null}'::jsonb,'{"turmaPlanilha": "Maternal 2", "professoraPlanilha": "Shirlene", "fonte": "DADOS PARA PLATAFORMA PEDAGÓGICA (1) (1).xlsx / Planilha1", "linhaPlanilha": 84, "raw": {"INSCRIÇÃO": "243024", "NOME": "AGATHA SALES ROMAO", "SEXO": "F", "NASC": "2022-04-13T00:00:00", "NACIONALIDADE": "BRASIL", "NATURALIDADE": "Brasilia", "UF": "DF", "CPF": "11558526137", "RAÇA": "PARDA", "CEP": "7266900", "TURMA": "Maternal 2", "PROFESSORA": "Shirlene", "PAI": "Huggo"}}'::jsonb,TRUE,NOW(),NOW())
  ON CONFLICT (id) DO UPDATE SET "unitId"=v_unit_id, "firstName"=EXCLUDED."firstName", "lastName"=EXCLUDED."lastName", "dateOfBirth"=EXCLUDED."dateOfBirth", gender=EXCLUDED.gender, cpf=EXCLUDED.cpf, raca=EXCLUDED.raca, peso=EXCLUDED.peso, "bloodType"=EXCLUDED."bloodType", allergies=EXCLUDED.allergies, "medicalConditions"=EXCLUDED."medicalConditions", "usoImagem"=EXCLUDED."usoImagem", laudado=EXCLUDED.laudado, nis=EXCLUDED.nis, "codigoAluno"=EXCLUDED."codigoAluno", inscricao=EXCLUDED.inscricao, "nomeMae"=EXCLUDED."nomeMae", "nomePai"=EXCLUDED."nomePai", "celPai"=EXCLUDED."celPai", nacionalidade=EXCLUDED.nacionalidade, naturalidade=EXCLUDED.naturalidade, "ufNascimento"=EXCLUDED."ufNascimento", endereco=EXCLUDED.endereco, cep=EXCLUDED.cep, "dadosResponsaveis"=EXCLUDED."dadosResponsaveis", "documentosMatricula"=EXCLUDED."documentosMatricula", "autorizadosRetirada"=EXCLUDED."autorizadosRetirada", "transporteEscolar"=EXCLUDED."transporteEscolar", "fichaAdministrativa"=EXCLUDED."fichaAdministrativa", "isActive"=TRUE, "updatedAt"=NOW();
  INSERT INTO "Enrollment" (id,"childId","classroomId","enrollmentDate",status,"createdAt","updatedAt")
  VALUES ('seed_enr_' || 'seed_pelicano_child_243024_agatha_sales_romao_seed_pelicano_class_pel_maternal_2_shirlene', 'seed_pelicano_child_243024_agatha_sales_romao', 'seed_pelicano_class_pel_maternal_2_shirlene', '2026-02-01 12:00:00', 'ATIVA'::"EnrollmentStatus", NOW(), NOW())
  ON CONFLICT ("childId","classroomId") DO UPDATE SET status=EXCLUDED.status, "updatedAt"=NOW();
  -- Aluno: AGATHA SOPHIA LOPES ROCHA RAMOS
  INSERT INTO "Child" (id,"mantenedoraId","unitId","firstName","lastName","dateOfBirth",gender,cpf,raca,peso,"bloodType",allergies,"medicalConditions","usoImagem",laudado,nis,"codigoAluno",inscricao,"nomeMae","nomePai","celPai",nacionalidade,naturalidade,"ufNascimento",endereco,cep,"dadosResponsaveis","documentosMatricula","autorizadosRetirada","transporteEscolar","fichaAdministrativa","isActive","createdAt","updatedAt")
  VALUES ('seed_pelicano_child_250653_agatha_sophia_lopes_rocha_ramos',v_mantenedora_id,v_unit_id,'Agatha','Sophia Lopes Rocha Ramos','2022-10-22 12:00:00','FEMININO'::"Gender",'231.603.647-39','PARDA',NULL,NULL,NULL,NULL,NULL,NULL,NULL,NULL,'250653',NULL,NULL,NULL,'BRASIL','Brasilia','DF',NULL,'07266900','{"mae": {"nome": null, "cpf": null, "telefone": null}, "pai": {"nome": null, "cpf": null, "telefone": null}, "responsavelPrincipal": {"nome": null, "cpf": null, "parentesco": null, "identidade": null, "orgaoExpedidor": null, "telefone": null}, "enderecoResponsavel": null, "cepResponsavel": null, "escolaridade": null, "profissao": null, "numeroDependentes": null, "numeroPessoasCasa": null}'::jsonb,'{"codigoAluno": null, "inscricao": "250653", "censo": null, "beneficio": null, "nis": null, "pisResponsavel": null, "cpfOriginalAluno": "231.603.647-39", "cpfPersistidoNoCampoCpf": "231.603.647-39", "cpfDuplicadoNaPlanilha": false, "serie2024": null, "origemLinhaPlanilha": 85}'::jsonb,'[]'::jsonb,'{"usaTransporteEscolar": null, "nomeTransporte": null}'::jsonb,'{"turmaPlanilha": "Maternal 2", "professoraPlanilha": "Sabrina", "fonte": "DADOS PARA PLATAFORMA PEDAGÓGICA (1) (1).xlsx / Planilha1", "linhaPlanilha": 85, "raw": {"INSCRIÇÃO": "250653", "NOME": "AGATHA SOPHIA LOPES ROCHA RAMOS", "SEXO": "F", "NASC": "2022-10-22T00:00:00", "NACIONALIDADE": "BRASIL", "NATURALIDADE": "Brasilia", "UF": "DF", "CPF": "23160364739", "RAÇA": "PARDA", "CEP": "7266900", "TURMA": "Maternal 2", "PROFESSORA": "Sabrina"}}'::jsonb,TRUE,NOW(),NOW())
  ON CONFLICT (id) DO UPDATE SET "unitId"=v_unit_id, "firstName"=EXCLUDED."firstName", "lastName"=EXCLUDED."lastName", "dateOfBirth"=EXCLUDED."dateOfBirth", gender=EXCLUDED.gender, cpf=EXCLUDED.cpf, raca=EXCLUDED.raca, peso=EXCLUDED.peso, "bloodType"=EXCLUDED."bloodType", allergies=EXCLUDED.allergies, "medicalConditions"=EXCLUDED."medicalConditions", "usoImagem"=EXCLUDED."usoImagem", laudado=EXCLUDED.laudado, nis=EXCLUDED.nis, "codigoAluno"=EXCLUDED."codigoAluno", inscricao=EXCLUDED.inscricao, "nomeMae"=EXCLUDED."nomeMae", "nomePai"=EXCLUDED."nomePai", "celPai"=EXCLUDED."celPai", nacionalidade=EXCLUDED.nacionalidade, naturalidade=EXCLUDED.naturalidade, "ufNascimento"=EXCLUDED."ufNascimento", endereco=EXCLUDED.endereco, cep=EXCLUDED.cep, "dadosResponsaveis"=EXCLUDED."dadosResponsaveis", "documentosMatricula"=EXCLUDED."documentosMatricula", "autorizadosRetirada"=EXCLUDED."autorizadosRetirada", "transporteEscolar"=EXCLUDED."transporteEscolar", "fichaAdministrativa"=EXCLUDED."fichaAdministrativa", "isActive"=TRUE, "updatedAt"=NOW();
  INSERT INTO "Enrollment" (id,"childId","classroomId","enrollmentDate",status,"createdAt","updatedAt")
  VALUES ('seed_enr_' || 'seed_pelicano_child_250653_agatha_sophia_lopes_rocha_ramos_seed_pelicano_class_pel_maternal_2_sabrin', 'seed_pelicano_child_250653_agatha_sophia_lopes_rocha_ramos', 'seed_pelicano_class_pel_maternal_2_sabrina', '2026-02-01 12:00:00', 'ATIVA'::"EnrollmentStatus", NOW(), NOW())
  ON CONFLICT ("childId","classroomId") DO UPDATE SET status=EXCLUDED.status, "updatedAt"=NOW();
  -- Aluno: ALEPH JULIO MARTINS NUNES
  INSERT INTO "Child" (id,"mantenedoraId","unitId","firstName","lastName","dateOfBirth",gender,cpf,raca,peso,"bloodType",allergies,"medicalConditions","usoImagem",laudado,nis,"codigoAluno",inscricao,"nomeMae","nomePai","celPai",nacionalidade,naturalidade,"ufNascimento",endereco,cep,"dadosResponsaveis","documentosMatricula","autorizadosRetirada","transporteEscolar","fichaAdministrativa","isActive","createdAt","updatedAt")
  VALUES ('seed_pelicano_child_238532_aleph_julio_martins_nunes',v_mantenedora_id,v_unit_id,'Aleph','Julio Martins Nunes','2022-09-02 12:00:00','MASCULINO'::"Gender",'117.022.111-42','PARDA',NULL,NULL,NULL,NULL,NULL,NULL,NULL,NULL,'238532',NULL,'Wallas',NULL,'BRASIL','Brasilia','DF',NULL,'07266900','{"mae": {"nome": null, "cpf": null, "telefone": null}, "pai": {"nome": "Wallas", "cpf": null, "telefone": null}, "responsavelPrincipal": {"nome": "Wallas", "cpf": null, "parentesco": null, "identidade": null, "orgaoExpedidor": null, "telefone": null}, "enderecoResponsavel": null, "cepResponsavel": null, "escolaridade": null, "profissao": null, "numeroDependentes": null, "numeroPessoasCasa": null}'::jsonb,'{"codigoAluno": null, "inscricao": "238532", "censo": null, "beneficio": null, "nis": null, "pisResponsavel": null, "cpfOriginalAluno": "117.022.111-42", "cpfPersistidoNoCampoCpf": "117.022.111-42", "cpfDuplicadoNaPlanilha": false, "serie2024": null, "origemLinhaPlanilha": 86}'::jsonb,'[]'::jsonb,'{"usaTransporteEscolar": null, "nomeTransporte": null}'::jsonb,'{"turmaPlanilha": "Maternal 2", "professoraPlanilha": "Shirlene", "fonte": "DADOS PARA PLATAFORMA PEDAGÓGICA (1) (1).xlsx / Planilha1", "linhaPlanilha": 86, "raw": {"INSCRIÇÃO": "238532", "NOME": "ALEPH JULIO MARTINS NUNES", "SEXO": "M", "NASC": "2022-09-02T00:00:00", "NACIONALIDADE": "BRASIL", "NATURALIDADE": "Brasilia", "UF": "DF", "CPF": "11702211142", "RAÇA": "PARDA", "CEP": "7266900", "TURMA": "Maternal 2", "PROFESSORA": "Shirlene", "PAI": "Wallas"}}'::jsonb,TRUE,NOW(),NOW())
  ON CONFLICT (id) DO UPDATE SET "unitId"=v_unit_id, "firstName"=EXCLUDED."firstName", "lastName"=EXCLUDED."lastName", "dateOfBirth"=EXCLUDED."dateOfBirth", gender=EXCLUDED.gender, cpf=EXCLUDED.cpf, raca=EXCLUDED.raca, peso=EXCLUDED.peso, "bloodType"=EXCLUDED."bloodType", allergies=EXCLUDED.allergies, "medicalConditions"=EXCLUDED."medicalConditions", "usoImagem"=EXCLUDED."usoImagem", laudado=EXCLUDED.laudado, nis=EXCLUDED.nis, "codigoAluno"=EXCLUDED."codigoAluno", inscricao=EXCLUDED.inscricao, "nomeMae"=EXCLUDED."nomeMae", "nomePai"=EXCLUDED."nomePai", "celPai"=EXCLUDED."celPai", nacionalidade=EXCLUDED.nacionalidade, naturalidade=EXCLUDED.naturalidade, "ufNascimento"=EXCLUDED."ufNascimento", endereco=EXCLUDED.endereco, cep=EXCLUDED.cep, "dadosResponsaveis"=EXCLUDED."dadosResponsaveis", "documentosMatricula"=EXCLUDED."documentosMatricula", "autorizadosRetirada"=EXCLUDED."autorizadosRetirada", "transporteEscolar"=EXCLUDED."transporteEscolar", "fichaAdministrativa"=EXCLUDED."fichaAdministrativa", "isActive"=TRUE, "updatedAt"=NOW();
  INSERT INTO "Enrollment" (id,"childId","classroomId","enrollmentDate",status,"createdAt","updatedAt")
  VALUES ('seed_enr_' || 'seed_pelicano_child_238532_aleph_julio_martins_nunes_seed_pelicano_class_pel_maternal_2_shirlene', 'seed_pelicano_child_238532_aleph_julio_martins_nunes', 'seed_pelicano_class_pel_maternal_2_shirlene', '2026-02-01 12:00:00', 'ATIVA'::"EnrollmentStatus", NOW(), NOW())
  ON CONFLICT ("childId","classroomId") DO UPDATE SET status=EXCLUDED.status, "updatedAt"=NOW();
  -- Aluno: ALICE SOUZA BARROS
  INSERT INTO "Child" (id,"mantenedoraId","unitId","firstName","lastName","dateOfBirth",gender,cpf,raca,peso,"bloodType",allergies,"medicalConditions","usoImagem",laudado,nis,"codigoAluno",inscricao,"nomeMae","nomePai","celPai",nacionalidade,naturalidade,"ufNascimento",endereco,cep,"dadosResponsaveis","documentosMatricula","autorizadosRetirada","transporteEscolar","fichaAdministrativa","isActive","createdAt","updatedAt")
  VALUES ('seed_pelicano_child_243940_alice_souza_barros',v_mantenedora_id,v_unit_id,'Alice','Souza Barros','2022-05-20 12:00:00','FEMININO'::"Gender",'115.984.771-10','PARDA',NULL,NULL,NULL,NULL,NULL,NULL,NULL,NULL,'243940',NULL,'Ruideyglan',NULL,'BRASIL','Brasilia','DF',NULL,'07266900','{"mae": {"nome": null, "cpf": null, "telefone": null}, "pai": {"nome": "Ruideyglan", "cpf": null, "telefone": null}, "responsavelPrincipal": {"nome": "Ruideyglan", "cpf": null, "parentesco": null, "identidade": null, "orgaoExpedidor": null, "telefone": null}, "enderecoResponsavel": null, "cepResponsavel": null, "escolaridade": null, "profissao": null, "numeroDependentes": null, "numeroPessoasCasa": null}'::jsonb,'{"codigoAluno": null, "inscricao": "243940", "censo": null, "beneficio": null, "nis": null, "pisResponsavel": null, "cpfOriginalAluno": "115.984.771-10", "cpfPersistidoNoCampoCpf": "115.984.771-10", "cpfDuplicadoNaPlanilha": false, "serie2024": null, "origemLinhaPlanilha": 87}'::jsonb,'[]'::jsonb,'{"usaTransporteEscolar": null, "nomeTransporte": null}'::jsonb,'{"turmaPlanilha": "Maternal 2", "professoraPlanilha": "Shirlene", "fonte": "DADOS PARA PLATAFORMA PEDAGÓGICA (1) (1).xlsx / Planilha1", "linhaPlanilha": 87, "raw": {"INSCRIÇÃO": "243940", "NOME": "ALICE SOUZA BARROS", "SEXO": "F", "NASC": "2022-05-20T00:00:00", "NACIONALIDADE": "BRASIL", "NATURALIDADE": "Brasilia", "UF": "DF", "CPF": "11598477110", "RAÇA": "PARDA", "CEP": "7266900", "TURMA": "Maternal 2", "PROFESSORA": "Shirlene", "PAI": "Ruideyglan"}}'::jsonb,TRUE,NOW(),NOW())
  ON CONFLICT (id) DO UPDATE SET "unitId"=v_unit_id, "firstName"=EXCLUDED."firstName", "lastName"=EXCLUDED."lastName", "dateOfBirth"=EXCLUDED."dateOfBirth", gender=EXCLUDED.gender, cpf=EXCLUDED.cpf, raca=EXCLUDED.raca, peso=EXCLUDED.peso, "bloodType"=EXCLUDED."bloodType", allergies=EXCLUDED.allergies, "medicalConditions"=EXCLUDED."medicalConditions", "usoImagem"=EXCLUDED."usoImagem", laudado=EXCLUDED.laudado, nis=EXCLUDED.nis, "codigoAluno"=EXCLUDED."codigoAluno", inscricao=EXCLUDED.inscricao, "nomeMae"=EXCLUDED."nomeMae", "nomePai"=EXCLUDED."nomePai", "celPai"=EXCLUDED."celPai", nacionalidade=EXCLUDED.nacionalidade, naturalidade=EXCLUDED.naturalidade, "ufNascimento"=EXCLUDED."ufNascimento", endereco=EXCLUDED.endereco, cep=EXCLUDED.cep, "dadosResponsaveis"=EXCLUDED."dadosResponsaveis", "documentosMatricula"=EXCLUDED."documentosMatricula", "autorizadosRetirada"=EXCLUDED."autorizadosRetirada", "transporteEscolar"=EXCLUDED."transporteEscolar", "fichaAdministrativa"=EXCLUDED."fichaAdministrativa", "isActive"=TRUE, "updatedAt"=NOW();
  INSERT INTO "Enrollment" (id,"childId","classroomId","enrollmentDate",status,"createdAt","updatedAt")
  VALUES ('seed_enr_' || 'seed_pelicano_child_243940_alice_souza_barros_seed_pelicano_class_pel_maternal_2_shirlene', 'seed_pelicano_child_243940_alice_souza_barros', 'seed_pelicano_class_pel_maternal_2_shirlene', '2026-02-01 12:00:00', 'ATIVA'::"EnrollmentStatus", NOW(), NOW())
  ON CONFLICT ("childId","classroomId") DO UPDATE SET status=EXCLUDED.status, "updatedAt"=NOW();
  -- Aluno: ANA CLARA RODRIGUES MOTA
  INSERT INTO "Child" (id,"mantenedoraId","unitId","firstName","lastName","dateOfBirth",gender,cpf,raca,peso,"bloodType",allergies,"medicalConditions","usoImagem",laudado,nis,"codigoAluno",inscricao,"nomeMae","nomePai","celPai",nacionalidade,naturalidade,"ufNascimento",endereco,cep,"dadosResponsaveis","documentosMatricula","autorizadosRetirada","transporteEscolar","fichaAdministrativa","isActive","createdAt","updatedAt")
  VALUES ('seed_pelicano_child_218910_ana_clara_rodrigues_mota',v_mantenedora_id,v_unit_id,'Ana','Clara Rodrigues Mota','2022-05-08 12:00:00','FEMININO'::"Gender",'115.833.691-80','PARDA',NULL,NULL,NULL,NULL,NULL,NULL,NULL,NULL,'218910',NULL,NULL,NULL,'BRASIL','Brasilia','DF',NULL,'07266900','{"mae": {"nome": null, "cpf": null, "telefone": null}, "pai": {"nome": null, "cpf": null, "telefone": null}, "responsavelPrincipal": {"nome": null, "cpf": null, "parentesco": null, "identidade": null, "orgaoExpedidor": null, "telefone": null}, "enderecoResponsavel": null, "cepResponsavel": null, "escolaridade": null, "profissao": null, "numeroDependentes": null, "numeroPessoasCasa": null}'::jsonb,'{"codigoAluno": null, "inscricao": "218910", "censo": null, "beneficio": null, "nis": null, "pisResponsavel": null, "cpfOriginalAluno": "115.833.691-80", "cpfPersistidoNoCampoCpf": "115.833.691-80", "cpfDuplicadoNaPlanilha": false, "serie2024": null, "origemLinhaPlanilha": 88}'::jsonb,'[]'::jsonb,'{"usaTransporteEscolar": null, "nomeTransporte": null}'::jsonb,'{"turmaPlanilha": "Maternal 2", "professoraPlanilha": "Sabrina", "fonte": "DADOS PARA PLATAFORMA PEDAGÓGICA (1) (1).xlsx / Planilha1", "linhaPlanilha": 88, "raw": {"INSCRIÇÃO": "218910", "NOME": "ANA CLARA RODRIGUES MOTA", "SEXO": "F", "NASC": "2022-05-08T00:00:00", "NACIONALIDADE": "BRASIL", "NATURALIDADE": "Brasilia", "UF": "DF", "CPF": "11583369180", "RAÇA": "PARDA", "CEP": "7266900", "TURMA": "Maternal 2", "PROFESSORA": "Sabrina"}}'::jsonb,TRUE,NOW(),NOW())
  ON CONFLICT (id) DO UPDATE SET "unitId"=v_unit_id, "firstName"=EXCLUDED."firstName", "lastName"=EXCLUDED."lastName", "dateOfBirth"=EXCLUDED."dateOfBirth", gender=EXCLUDED.gender, cpf=EXCLUDED.cpf, raca=EXCLUDED.raca, peso=EXCLUDED.peso, "bloodType"=EXCLUDED."bloodType", allergies=EXCLUDED.allergies, "medicalConditions"=EXCLUDED."medicalConditions", "usoImagem"=EXCLUDED."usoImagem", laudado=EXCLUDED.laudado, nis=EXCLUDED.nis, "codigoAluno"=EXCLUDED."codigoAluno", inscricao=EXCLUDED.inscricao, "nomeMae"=EXCLUDED."nomeMae", "nomePai"=EXCLUDED."nomePai", "celPai"=EXCLUDED."celPai", nacionalidade=EXCLUDED.nacionalidade, naturalidade=EXCLUDED.naturalidade, "ufNascimento"=EXCLUDED."ufNascimento", endereco=EXCLUDED.endereco, cep=EXCLUDED.cep, "dadosResponsaveis"=EXCLUDED."dadosResponsaveis", "documentosMatricula"=EXCLUDED."documentosMatricula", "autorizadosRetirada"=EXCLUDED."autorizadosRetirada", "transporteEscolar"=EXCLUDED."transporteEscolar", "fichaAdministrativa"=EXCLUDED."fichaAdministrativa", "isActive"=TRUE, "updatedAt"=NOW();
  INSERT INTO "Enrollment" (id,"childId","classroomId","enrollmentDate",status,"createdAt","updatedAt")
  VALUES ('seed_enr_' || 'seed_pelicano_child_218910_ana_clara_rodrigues_mota_seed_pelicano_class_pel_maternal_2_sabrina', 'seed_pelicano_child_218910_ana_clara_rodrigues_mota', 'seed_pelicano_class_pel_maternal_2_sabrina', '2026-02-01 12:00:00', 'ATIVA'::"EnrollmentStatus", NOW(), NOW())
  ON CONFLICT ("childId","classroomId") DO UPDATE SET status=EXCLUDED.status, "updatedAt"=NOW();
  -- Aluno: ANA LIA ANTUNES DOS SANTOS
  INSERT INTO "Child" (id,"mantenedoraId","unitId","firstName","lastName","dateOfBirth",gender,cpf,raca,peso,"bloodType",allergies,"medicalConditions","usoImagem",laudado,nis,"codigoAluno",inscricao,"nomeMae","nomePai","celPai",nacionalidade,naturalidade,"ufNascimento",endereco,cep,"dadosResponsaveis","documentosMatricula","autorizadosRetirada","transporteEscolar","fichaAdministrativa","isActive","createdAt","updatedAt")
  VALUES ('seed_pelicano_child_241914_ana_lia_antunes_dos_santos',v_mantenedora_id,v_unit_id,'Ana','Lia Antunes Dos Santos','2022-10-14 12:00:00','FEMININO'::"Gender",'117.395.871-11','PARDA',NULL,NULL,NULL,NULL,NULL,NULL,NULL,NULL,'241914',NULL,'Roniscleiton',NULL,'BRASIL','Brasilia','DF',NULL,'07266900','{"mae": {"nome": null, "cpf": null, "telefone": null}, "pai": {"nome": "Roniscleiton", "cpf": null, "telefone": null}, "responsavelPrincipal": {"nome": "Roniscleiton", "cpf": null, "parentesco": null, "identidade": null, "orgaoExpedidor": null, "telefone": null}, "enderecoResponsavel": null, "cepResponsavel": null, "escolaridade": null, "profissao": null, "numeroDependentes": null, "numeroPessoasCasa": null}'::jsonb,'{"codigoAluno": null, "inscricao": "241914", "censo": null, "beneficio": null, "nis": null, "pisResponsavel": null, "cpfOriginalAluno": "117.395.871-11", "cpfPersistidoNoCampoCpf": "117.395.871-11", "cpfDuplicadoNaPlanilha": false, "serie2024": null, "origemLinhaPlanilha": 89}'::jsonb,'[]'::jsonb,'{"usaTransporteEscolar": null, "nomeTransporte": null}'::jsonb,'{"turmaPlanilha": "Maternal 2", "professoraPlanilha": "Shirlene", "fonte": "DADOS PARA PLATAFORMA PEDAGÓGICA (1) (1).xlsx / Planilha1", "linhaPlanilha": 89, "raw": {"INSCRIÇÃO": "241914", "NOME": "ANA LIA ANTUNES DOS SANTOS", "SEXO": "F", "NASC": "2022-10-14T00:00:00", "NACIONALIDADE": "BRASIL", "NATURALIDADE": "Brasilia", "UF": "DF", "CPF": "11739587111", "RAÇA": "PARDA", "CEP": "7266900", "TURMA": "Maternal 2", "PROFESSORA": "Shirlene", "PAI": "Roniscleiton"}}'::jsonb,TRUE,NOW(),NOW())
  ON CONFLICT (id) DO UPDATE SET "unitId"=v_unit_id, "firstName"=EXCLUDED."firstName", "lastName"=EXCLUDED."lastName", "dateOfBirth"=EXCLUDED."dateOfBirth", gender=EXCLUDED.gender, cpf=EXCLUDED.cpf, raca=EXCLUDED.raca, peso=EXCLUDED.peso, "bloodType"=EXCLUDED."bloodType", allergies=EXCLUDED.allergies, "medicalConditions"=EXCLUDED."medicalConditions", "usoImagem"=EXCLUDED."usoImagem", laudado=EXCLUDED.laudado, nis=EXCLUDED.nis, "codigoAluno"=EXCLUDED."codigoAluno", inscricao=EXCLUDED.inscricao, "nomeMae"=EXCLUDED."nomeMae", "nomePai"=EXCLUDED."nomePai", "celPai"=EXCLUDED."celPai", nacionalidade=EXCLUDED.nacionalidade, naturalidade=EXCLUDED.naturalidade, "ufNascimento"=EXCLUDED."ufNascimento", endereco=EXCLUDED.endereco, cep=EXCLUDED.cep, "dadosResponsaveis"=EXCLUDED."dadosResponsaveis", "documentosMatricula"=EXCLUDED."documentosMatricula", "autorizadosRetirada"=EXCLUDED."autorizadosRetirada", "transporteEscolar"=EXCLUDED."transporteEscolar", "fichaAdministrativa"=EXCLUDED."fichaAdministrativa", "isActive"=TRUE, "updatedAt"=NOW();
  INSERT INTO "Enrollment" (id,"childId","classroomId","enrollmentDate",status,"createdAt","updatedAt")
  VALUES ('seed_enr_' || 'seed_pelicano_child_241914_ana_lia_antunes_dos_santos_seed_pelicano_class_pel_maternal_2_shirlene', 'seed_pelicano_child_241914_ana_lia_antunes_dos_santos', 'seed_pelicano_class_pel_maternal_2_shirlene', '2026-02-01 12:00:00', 'ATIVA'::"EnrollmentStatus", NOW(), NOW())
  ON CONFLICT ("childId","classroomId") DO UPDATE SET status=EXCLUDED.status, "updatedAt"=NOW();
  -- Aluno: ANDRESSA DOS SANTOS MIRANDA
  INSERT INTO "Child" (id,"mantenedoraId","unitId","firstName","lastName","dateOfBirth",gender,cpf,raca,peso,"bloodType",allergies,"medicalConditions","usoImagem",laudado,nis,"codigoAluno",inscricao,"nomeMae","nomePai","celPai",nacionalidade,naturalidade,"ufNascimento",endereco,cep,"dadosResponsaveis","documentosMatricula","autorizadosRetirada","transporteEscolar","fichaAdministrativa","isActive","createdAt","updatedAt")
  VALUES ('seed_pelicano_child_234559_andressa_dos_santos_miranda',v_mantenedora_id,v_unit_id,'Andressa','Dos Santos Miranda','2023-03-02 12:00:00','FEMININO'::"Gender",'118.888.861-70','PARDA',NULL,NULL,NULL,NULL,NULL,NULL,NULL,NULL,'234559',NULL,'Ednaldo Santos',NULL,'BRASIL','Brasilia','DF',NULL,'07266900','{"mae": {"nome": null, "cpf": null, "telefone": null}, "pai": {"nome": "Ednaldo Santos", "cpf": null, "telefone": null}, "responsavelPrincipal": {"nome": "Ednaldo Santos", "cpf": null, "parentesco": null, "identidade": null, "orgaoExpedidor": null, "telefone": null}, "enderecoResponsavel": null, "cepResponsavel": null, "escolaridade": null, "profissao": null, "numeroDependentes": null, "numeroPessoasCasa": null}'::jsonb,'{"codigoAluno": null, "inscricao": "234559", "censo": null, "beneficio": null, "nis": null, "pisResponsavel": null, "cpfOriginalAluno": "118.888.861-70", "cpfPersistidoNoCampoCpf": "118.888.861-70", "cpfDuplicadoNaPlanilha": false, "serie2024": null, "origemLinhaPlanilha": 90}'::jsonb,'[]'::jsonb,'{"usaTransporteEscolar": null, "nomeTransporte": null}'::jsonb,'{"turmaPlanilha": "Maternal 2", "professoraPlanilha": "Ada", "fonte": "DADOS PARA PLATAFORMA PEDAGÓGICA (1) (1).xlsx / Planilha1", "linhaPlanilha": 90, "raw": {"INSCRIÇÃO": "234559", "NOME": "ANDRESSA DOS SANTOS MIRANDA", "SEXO": "F", "NASC": "2023-03-02T00:00:00", "NACIONALIDADE": "BRASIL", "NATURALIDADE": "Brasilia", "UF": "DF", "CPF": "11888886170", "RAÇA": "PARDA", "CEP": "7266900", "TURMA": "Maternal 2", "PROFESSORA": "Ada", "PAI": "Ednaldo Santos"}}'::jsonb,TRUE,NOW(),NOW())
  ON CONFLICT (id) DO UPDATE SET "unitId"=v_unit_id, "firstName"=EXCLUDED."firstName", "lastName"=EXCLUDED."lastName", "dateOfBirth"=EXCLUDED."dateOfBirth", gender=EXCLUDED.gender, cpf=EXCLUDED.cpf, raca=EXCLUDED.raca, peso=EXCLUDED.peso, "bloodType"=EXCLUDED."bloodType", allergies=EXCLUDED.allergies, "medicalConditions"=EXCLUDED."medicalConditions", "usoImagem"=EXCLUDED."usoImagem", laudado=EXCLUDED.laudado, nis=EXCLUDED.nis, "codigoAluno"=EXCLUDED."codigoAluno", inscricao=EXCLUDED.inscricao, "nomeMae"=EXCLUDED."nomeMae", "nomePai"=EXCLUDED."nomePai", "celPai"=EXCLUDED."celPai", nacionalidade=EXCLUDED.nacionalidade, naturalidade=EXCLUDED.naturalidade, "ufNascimento"=EXCLUDED."ufNascimento", endereco=EXCLUDED.endereco, cep=EXCLUDED.cep, "dadosResponsaveis"=EXCLUDED."dadosResponsaveis", "documentosMatricula"=EXCLUDED."documentosMatricula", "autorizadosRetirada"=EXCLUDED."autorizadosRetirada", "transporteEscolar"=EXCLUDED."transporteEscolar", "fichaAdministrativa"=EXCLUDED."fichaAdministrativa", "isActive"=TRUE, "updatedAt"=NOW();
  INSERT INTO "Enrollment" (id,"childId","classroomId","enrollmentDate",status,"createdAt","updatedAt")
  VALUES ('seed_enr_' || 'seed_pelicano_child_234559_andressa_dos_santos_miranda_seed_pelicano_class_pel_maternal_2_ada', 'seed_pelicano_child_234559_andressa_dos_santos_miranda', 'seed_pelicano_class_pel_maternal_2_ada', '2026-02-01 12:00:00', 'ATIVA'::"EnrollmentStatus", NOW(), NOW())
  ON CONFLICT ("childId","classroomId") DO UPDATE SET status=EXCLUDED.status, "updatedAt"=NOW();
  -- Aluno: ANNA LIZ DA SILVA BRITO
  INSERT INTO "Child" (id,"mantenedoraId","unitId","firstName","lastName","dateOfBirth",gender,cpf,raca,peso,"bloodType",allergies,"medicalConditions","usoImagem",laudado,nis,"codigoAluno",inscricao,"nomeMae","nomePai","celPai",nacionalidade,naturalidade,"ufNascimento",endereco,cep,"dadosResponsaveis","documentosMatricula","autorizadosRetirada","transporteEscolar","fichaAdministrativa","isActive","createdAt","updatedAt")
  VALUES ('seed_pelicano_child_197564_anna_liz_da_silva_brito',v_mantenedora_id,v_unit_id,'Anna','Liz Da Silva Brito','2022-06-24 12:00:00','FEMININO'::"Gender",'116.423.311-47','PARDA',NULL,NULL,NULL,NULL,NULL,NULL,NULL,NULL,'197564',NULL,'Àlef',NULL,'BRASIL','Brasilia','DF',NULL,'07266900','{"mae": {"nome": null, "cpf": null, "telefone": null}, "pai": {"nome": "Àlef", "cpf": null, "telefone": null}, "responsavelPrincipal": {"nome": "Àlef", "cpf": null, "parentesco": null, "identidade": null, "orgaoExpedidor": null, "telefone": null}, "enderecoResponsavel": null, "cepResponsavel": null, "escolaridade": null, "profissao": null, "numeroDependentes": null, "numeroPessoasCasa": null}'::jsonb,'{"codigoAluno": null, "inscricao": "197564", "censo": null, "beneficio": null, "nis": null, "pisResponsavel": null, "cpfOriginalAluno": "116.423.311-47", "cpfPersistidoNoCampoCpf": "116.423.311-47", "cpfDuplicadoNaPlanilha": false, "serie2024": null, "origemLinhaPlanilha": 91}'::jsonb,'[]'::jsonb,'{"usaTransporteEscolar": null, "nomeTransporte": null}'::jsonb,'{"turmaPlanilha": "Maternal 2", "professoraPlanilha": "Salete", "fonte": "DADOS PARA PLATAFORMA PEDAGÓGICA (1) (1).xlsx / Planilha1", "linhaPlanilha": 91, "raw": {"INSCRIÇÃO": "197564", "NOME": "ANNA LIZ DA SILVA BRITO", "SEXO": "F", "NASC": "2022-06-24T00:00:00", "NACIONALIDADE": "BRASIL", "NATURALIDADE": "Brasilia", "UF": "DF", "CPF": "11642331147", "RAÇA": "PARDA", "CEP": "7266900", "TURMA": "Maternal 2", "PROFESSORA": "Salete", "PAI": "Àlef"}}'::jsonb,TRUE,NOW(),NOW())
  ON CONFLICT (id) DO UPDATE SET "unitId"=v_unit_id, "firstName"=EXCLUDED."firstName", "lastName"=EXCLUDED."lastName", "dateOfBirth"=EXCLUDED."dateOfBirth", gender=EXCLUDED.gender, cpf=EXCLUDED.cpf, raca=EXCLUDED.raca, peso=EXCLUDED.peso, "bloodType"=EXCLUDED."bloodType", allergies=EXCLUDED.allergies, "medicalConditions"=EXCLUDED."medicalConditions", "usoImagem"=EXCLUDED."usoImagem", laudado=EXCLUDED.laudado, nis=EXCLUDED.nis, "codigoAluno"=EXCLUDED."codigoAluno", inscricao=EXCLUDED.inscricao, "nomeMae"=EXCLUDED."nomeMae", "nomePai"=EXCLUDED."nomePai", "celPai"=EXCLUDED."celPai", nacionalidade=EXCLUDED.nacionalidade, naturalidade=EXCLUDED.naturalidade, "ufNascimento"=EXCLUDED."ufNascimento", endereco=EXCLUDED.endereco, cep=EXCLUDED.cep, "dadosResponsaveis"=EXCLUDED."dadosResponsaveis", "documentosMatricula"=EXCLUDED."documentosMatricula", "autorizadosRetirada"=EXCLUDED."autorizadosRetirada", "transporteEscolar"=EXCLUDED."transporteEscolar", "fichaAdministrativa"=EXCLUDED."fichaAdministrativa", "isActive"=TRUE, "updatedAt"=NOW();
  INSERT INTO "Enrollment" (id,"childId","classroomId","enrollmentDate",status,"createdAt","updatedAt")
  VALUES ('seed_enr_' || 'seed_pelicano_child_197564_anna_liz_da_silva_brito_seed_pelicano_class_pel_maternal_2_salete', 'seed_pelicano_child_197564_anna_liz_da_silva_brito', 'seed_pelicano_class_pel_maternal_2_salete', '2026-02-01 12:00:00', 'ATIVA'::"EnrollmentStatus", NOW(), NOW())
  ON CONFLICT ("childId","classroomId") DO UPDATE SET status=EXCLUDED.status, "updatedAt"=NOW();
  -- Aluno: ANTHONY GABRIEL DE OLIVEIRA BRITO
  INSERT INTO "Child" (id,"mantenedoraId","unitId","firstName","lastName","dateOfBirth",gender,cpf,raca,peso,"bloodType",allergies,"medicalConditions","usoImagem",laudado,nis,"codigoAluno",inscricao,"nomeMae","nomePai","celPai",nacionalidade,naturalidade,"ufNascimento",endereco,cep,"dadosResponsaveis","documentosMatricula","autorizadosRetirada","transporteEscolar","fichaAdministrativa","isActive","createdAt","updatedAt")
  VALUES ('seed_pelicano_child_244721_anthony_gabriel_de_oliveira_brito',v_mantenedora_id,v_unit_id,'Anthony','Gabriel De Oliveira Brito','2023-03-29 12:00:00','MASCULINO'::"Gender",'119.163.241-50','PARDA',NULL,NULL,NULL,NULL,NULL,NULL,NULL,NULL,'244721',NULL,NULL,NULL,'BRASIL','Brasilia','DF',NULL,'07266900','{"mae": {"nome": null, "cpf": null, "telefone": null}, "pai": {"nome": null, "cpf": null, "telefone": null}, "responsavelPrincipal": {"nome": null, "cpf": null, "parentesco": null, "identidade": null, "orgaoExpedidor": null, "telefone": null}, "enderecoResponsavel": null, "cepResponsavel": null, "escolaridade": null, "profissao": null, "numeroDependentes": null, "numeroPessoasCasa": null}'::jsonb,'{"codigoAluno": null, "inscricao": "244721", "censo": null, "beneficio": null, "nis": null, "pisResponsavel": null, "cpfOriginalAluno": "119.163.241-50", "cpfPersistidoNoCampoCpf": "119.163.241-50", "cpfDuplicadoNaPlanilha": false, "serie2024": null, "origemLinhaPlanilha": 92}'::jsonb,'[]'::jsonb,'{"usaTransporteEscolar": null, "nomeTransporte": null}'::jsonb,'{"turmaPlanilha": "Maternal 2", "professoraPlanilha": "Sabrina", "fonte": "DADOS PARA PLATAFORMA PEDAGÓGICA (1) (1).xlsx / Planilha1", "linhaPlanilha": 92, "raw": {"INSCRIÇÃO": "244721", "NOME": "ANTHONY GABRIEL DE OLIVEIRA BRITO", "SEXO": "M", "NASC": "2023-03-29T00:00:00", "NACIONALIDADE": "BRASIL", "NATURALIDADE": "Brasilia", "UF": "DF", "CPF": "11916324150", "RAÇA": "PARDA", "CEP": "7266900", "TURMA": "Maternal 2", "PROFESSORA": "Sabrina"}}'::jsonb,TRUE,NOW(),NOW())
  ON CONFLICT (id) DO UPDATE SET "unitId"=v_unit_id, "firstName"=EXCLUDED."firstName", "lastName"=EXCLUDED."lastName", "dateOfBirth"=EXCLUDED."dateOfBirth", gender=EXCLUDED.gender, cpf=EXCLUDED.cpf, raca=EXCLUDED.raca, peso=EXCLUDED.peso, "bloodType"=EXCLUDED."bloodType", allergies=EXCLUDED.allergies, "medicalConditions"=EXCLUDED."medicalConditions", "usoImagem"=EXCLUDED."usoImagem", laudado=EXCLUDED.laudado, nis=EXCLUDED.nis, "codigoAluno"=EXCLUDED."codigoAluno", inscricao=EXCLUDED.inscricao, "nomeMae"=EXCLUDED."nomeMae", "nomePai"=EXCLUDED."nomePai", "celPai"=EXCLUDED."celPai", nacionalidade=EXCLUDED.nacionalidade, naturalidade=EXCLUDED.naturalidade, "ufNascimento"=EXCLUDED."ufNascimento", endereco=EXCLUDED.endereco, cep=EXCLUDED.cep, "dadosResponsaveis"=EXCLUDED."dadosResponsaveis", "documentosMatricula"=EXCLUDED."documentosMatricula", "autorizadosRetirada"=EXCLUDED."autorizadosRetirada", "transporteEscolar"=EXCLUDED."transporteEscolar", "fichaAdministrativa"=EXCLUDED."fichaAdministrativa", "isActive"=TRUE, "updatedAt"=NOW();
  INSERT INTO "Enrollment" (id,"childId","classroomId","enrollmentDate",status,"createdAt","updatedAt")
  VALUES ('seed_enr_' || 'seed_pelicano_child_244721_anthony_gabriel_de_oliveira_brito_seed_pelicano_class_pel_maternal_2_sabr', 'seed_pelicano_child_244721_anthony_gabriel_de_oliveira_brito', 'seed_pelicano_class_pel_maternal_2_sabrina', '2026-02-01 12:00:00', 'ATIVA'::"EnrollmentStatus", NOW(), NOW())
  ON CONFLICT ("childId","classroomId") DO UPDATE SET status=EXCLUDED.status, "updatedAt"=NOW();
  -- Aluno: ARTHUR ANJOS DE BRITO
  INSERT INTO "Child" (id,"mantenedoraId","unitId","firstName","lastName","dateOfBirth",gender,cpf,raca,peso,"bloodType",allergies,"medicalConditions","usoImagem",laudado,nis,"codigoAluno",inscricao,"nomeMae","nomePai","celPai",nacionalidade,naturalidade,"ufNascimento",endereco,cep,"dadosResponsaveis","documentosMatricula","autorizadosRetirada","transporteEscolar","fichaAdministrativa","isActive","createdAt","updatedAt")
  VALUES ('seed_pelicano_child_221292_arthur_anjos_de_brito',v_mantenedora_id,v_unit_id,'Arthur','Anjos De Brito','2023-01-15 12:00:00','MASCULINO'::"Gender",'118.311.991-73','PARDA',NULL,NULL,NULL,NULL,NULL,NULL,NULL,NULL,'221292',NULL,'Ramon',NULL,'BRASIL','Brasilia','DF',NULL,'07266900','{"mae": {"nome": null, "cpf": null, "telefone": null}, "pai": {"nome": "Ramon", "cpf": null, "telefone": null}, "responsavelPrincipal": {"nome": "Ramon", "cpf": null, "parentesco": null, "identidade": null, "orgaoExpedidor": null, "telefone": null}, "enderecoResponsavel": null, "cepResponsavel": null, "escolaridade": null, "profissao": null, "numeroDependentes": null, "numeroPessoasCasa": null}'::jsonb,'{"codigoAluno": null, "inscricao": "221292", "censo": null, "beneficio": null, "nis": null, "pisResponsavel": null, "cpfOriginalAluno": "118.311.991-73", "cpfPersistidoNoCampoCpf": "118.311.991-73", "cpfDuplicadoNaPlanilha": false, "serie2024": null, "origemLinhaPlanilha": 93}'::jsonb,'[]'::jsonb,'{"usaTransporteEscolar": null, "nomeTransporte": null}'::jsonb,'{"turmaPlanilha": "Maternal 2", "professoraPlanilha": "Ada", "fonte": "DADOS PARA PLATAFORMA PEDAGÓGICA (1) (1).xlsx / Planilha1", "linhaPlanilha": 93, "raw": {"INSCRIÇÃO": "221292", "NOME": "ARTHUR ANJOS DE BRITO", "SEXO": "M", "NASC": "2023-01-15T00:00:00", "NACIONALIDADE": "BRASIL", "NATURALIDADE": "Brasilia", "UF": "DF", "CPF": "11831199173", "RAÇA": "PARDA", "CEP": "7266900", "TURMA": "Maternal 2", "PROFESSORA": "Ada", "PAI": "Ramon"}}'::jsonb,TRUE,NOW(),NOW())
  ON CONFLICT (id) DO UPDATE SET "unitId"=v_unit_id, "firstName"=EXCLUDED."firstName", "lastName"=EXCLUDED."lastName", "dateOfBirth"=EXCLUDED."dateOfBirth", gender=EXCLUDED.gender, cpf=EXCLUDED.cpf, raca=EXCLUDED.raca, peso=EXCLUDED.peso, "bloodType"=EXCLUDED."bloodType", allergies=EXCLUDED.allergies, "medicalConditions"=EXCLUDED."medicalConditions", "usoImagem"=EXCLUDED."usoImagem", laudado=EXCLUDED.laudado, nis=EXCLUDED.nis, "codigoAluno"=EXCLUDED."codigoAluno", inscricao=EXCLUDED.inscricao, "nomeMae"=EXCLUDED."nomeMae", "nomePai"=EXCLUDED."nomePai", "celPai"=EXCLUDED."celPai", nacionalidade=EXCLUDED.nacionalidade, naturalidade=EXCLUDED.naturalidade, "ufNascimento"=EXCLUDED."ufNascimento", endereco=EXCLUDED.endereco, cep=EXCLUDED.cep, "dadosResponsaveis"=EXCLUDED."dadosResponsaveis", "documentosMatricula"=EXCLUDED."documentosMatricula", "autorizadosRetirada"=EXCLUDED."autorizadosRetirada", "transporteEscolar"=EXCLUDED."transporteEscolar", "fichaAdministrativa"=EXCLUDED."fichaAdministrativa", "isActive"=TRUE, "updatedAt"=NOW();
  INSERT INTO "Enrollment" (id,"childId","classroomId","enrollmentDate",status,"createdAt","updatedAt")
  VALUES ('seed_enr_' || 'seed_pelicano_child_221292_arthur_anjos_de_brito_seed_pelicano_class_pel_maternal_2_ada', 'seed_pelicano_child_221292_arthur_anjos_de_brito', 'seed_pelicano_class_pel_maternal_2_ada', '2026-02-01 12:00:00', 'ATIVA'::"EnrollmentStatus", NOW(), NOW())
  ON CONFLICT ("childId","classroomId") DO UPDATE SET status=EXCLUDED.status, "updatedAt"=NOW();
  -- Aluno: ARTHUR GAEL FERREIRA RIOS
  INSERT INTO "Child" (id,"mantenedoraId","unitId","firstName","lastName","dateOfBirth",gender,cpf,raca,peso,"bloodType",allergies,"medicalConditions","usoImagem",laudado,nis,"codigoAluno",inscricao,"nomeMae","nomePai","celPai",nacionalidade,naturalidade,"ufNascimento",endereco,cep,"dadosResponsaveis","documentosMatricula","autorizadosRetirada","transporteEscolar","fichaAdministrativa","isActive","createdAt","updatedAt")
  VALUES ('seed_pelicano_child_217408_arthur_gael_ferreira_rios',v_mantenedora_id,v_unit_id,'Arthur','Gael Ferreira Rios','2022-08-12 12:00:00','MASCULINO'::"Gender",'116.815.461-83','PARDA',NULL,NULL,NULL,NULL,NULL,NULL,NULL,NULL,'217408',NULL,NULL,NULL,'BRASIL','Brasilia','DF',NULL,'07266900','{"mae": {"nome": null, "cpf": null, "telefone": null}, "pai": {"nome": null, "cpf": null, "telefone": null}, "responsavelPrincipal": {"nome": null, "cpf": null, "parentesco": null, "identidade": null, "orgaoExpedidor": null, "telefone": null}, "enderecoResponsavel": null, "cepResponsavel": null, "escolaridade": null, "profissao": null, "numeroDependentes": null, "numeroPessoasCasa": null}'::jsonb,'{"codigoAluno": null, "inscricao": "217408", "censo": null, "beneficio": null, "nis": null, "pisResponsavel": null, "cpfOriginalAluno": "116.815.461-83", "cpfPersistidoNoCampoCpf": "116.815.461-83", "cpfDuplicadoNaPlanilha": false, "serie2024": null, "origemLinhaPlanilha": 94}'::jsonb,'[]'::jsonb,'{"usaTransporteEscolar": null, "nomeTransporte": null}'::jsonb,'{"turmaPlanilha": "Maternal 2", "professoraPlanilha": "Miriam", "fonte": "DADOS PARA PLATAFORMA PEDAGÓGICA (1) (1).xlsx / Planilha1", "linhaPlanilha": 94, "raw": {"INSCRIÇÃO": "217408", "NOME": "ARTHUR GAEL FERREIRA RIOS", "SEXO": "M", "NASC": "2022-08-12T00:00:00", "NACIONALIDADE": "BRASIL", "NATURALIDADE": "Brasilia", "UF": "DF", "CPF": "11681546183", "RAÇA": "PARDA", "CEP": "7266900", "TURMA": "Maternal 2", "PROFESSORA": "Miriam"}}'::jsonb,TRUE,NOW(),NOW())
  ON CONFLICT (id) DO UPDATE SET "unitId"=v_unit_id, "firstName"=EXCLUDED."firstName", "lastName"=EXCLUDED."lastName", "dateOfBirth"=EXCLUDED."dateOfBirth", gender=EXCLUDED.gender, cpf=EXCLUDED.cpf, raca=EXCLUDED.raca, peso=EXCLUDED.peso, "bloodType"=EXCLUDED."bloodType", allergies=EXCLUDED.allergies, "medicalConditions"=EXCLUDED."medicalConditions", "usoImagem"=EXCLUDED."usoImagem", laudado=EXCLUDED.laudado, nis=EXCLUDED.nis, "codigoAluno"=EXCLUDED."codigoAluno", inscricao=EXCLUDED.inscricao, "nomeMae"=EXCLUDED."nomeMae", "nomePai"=EXCLUDED."nomePai", "celPai"=EXCLUDED."celPai", nacionalidade=EXCLUDED.nacionalidade, naturalidade=EXCLUDED.naturalidade, "ufNascimento"=EXCLUDED."ufNascimento", endereco=EXCLUDED.endereco, cep=EXCLUDED.cep, "dadosResponsaveis"=EXCLUDED."dadosResponsaveis", "documentosMatricula"=EXCLUDED."documentosMatricula", "autorizadosRetirada"=EXCLUDED."autorizadosRetirada", "transporteEscolar"=EXCLUDED."transporteEscolar", "fichaAdministrativa"=EXCLUDED."fichaAdministrativa", "isActive"=TRUE, "updatedAt"=NOW();
  INSERT INTO "Enrollment" (id,"childId","classroomId","enrollmentDate",status,"createdAt","updatedAt")
  VALUES ('seed_enr_' || 'seed_pelicano_child_217408_arthur_gael_ferreira_rios_seed_pelicano_class_pel_maternal_2_miriam', 'seed_pelicano_child_217408_arthur_gael_ferreira_rios', 'seed_pelicano_class_pel_maternal_2_miriam', '2026-02-01 12:00:00', 'ATIVA'::"EnrollmentStatus", NOW(), NOW())
  ON CONFLICT ("childId","classroomId") DO UPDATE SET status=EXCLUDED.status, "updatedAt"=NOW();
  -- Aluno: BENICIO ALENCAR MORENO
  INSERT INTO "Child" (id,"mantenedoraId","unitId","firstName","lastName","dateOfBirth",gender,cpf,raca,peso,"bloodType",allergies,"medicalConditions","usoImagem",laudado,nis,"codigoAluno",inscricao,"nomeMae","nomePai","celPai",nacionalidade,naturalidade,"ufNascimento",endereco,cep,"dadosResponsaveis","documentosMatricula","autorizadosRetirada","transporteEscolar","fichaAdministrativa","isActive","createdAt","updatedAt")
  VALUES ('seed_pelicano_child_208409_benicio_alencar_moreno',v_mantenedora_id,v_unit_id,'Benicio','Alencar Moreno','2022-04-25 12:00:00','MASCULINO'::"Gender",'115.726.951-61','PARDA',NULL,NULL,NULL,NULL,NULL,NULL,NULL,NULL,'208409',NULL,NULL,NULL,'BRASIL','Brasilia','DF',NULL,'07266900','{"mae": {"nome": null, "cpf": null, "telefone": null}, "pai": {"nome": null, "cpf": null, "telefone": null}, "responsavelPrincipal": {"nome": null, "cpf": null, "parentesco": null, "identidade": null, "orgaoExpedidor": null, "telefone": null}, "enderecoResponsavel": null, "cepResponsavel": null, "escolaridade": null, "profissao": null, "numeroDependentes": null, "numeroPessoasCasa": null}'::jsonb,'{"codigoAluno": null, "inscricao": "208409", "censo": null, "beneficio": null, "nis": null, "pisResponsavel": null, "cpfOriginalAluno": "115.726.951-61", "cpfPersistidoNoCampoCpf": "115.726.951-61", "cpfDuplicadoNaPlanilha": false, "serie2024": null, "origemLinhaPlanilha": 95}'::jsonb,'[]'::jsonb,'{"usaTransporteEscolar": null, "nomeTransporte": null}'::jsonb,'{"turmaPlanilha": "Maternal 2", "professoraPlanilha": "Ada", "fonte": "DADOS PARA PLATAFORMA PEDAGÓGICA (1) (1).xlsx / Planilha1", "linhaPlanilha": 95, "raw": {"INSCRIÇÃO": "208409", "NOME": "BENICIO ALENCAR MORENO", "SEXO": "M", "NASC": "2022-04-25T00:00:00", "NACIONALIDADE": "BRASIL", "NATURALIDADE": "Brasilia", "UF": "DF", "CPF": "11572695161", "RAÇA": "PARDA", "CEP": "7266900", "TURMA": "Maternal 2", "PROFESSORA": "Ada"}}'::jsonb,TRUE,NOW(),NOW())
  ON CONFLICT (id) DO UPDATE SET "unitId"=v_unit_id, "firstName"=EXCLUDED."firstName", "lastName"=EXCLUDED."lastName", "dateOfBirth"=EXCLUDED."dateOfBirth", gender=EXCLUDED.gender, cpf=EXCLUDED.cpf, raca=EXCLUDED.raca, peso=EXCLUDED.peso, "bloodType"=EXCLUDED."bloodType", allergies=EXCLUDED.allergies, "medicalConditions"=EXCLUDED."medicalConditions", "usoImagem"=EXCLUDED."usoImagem", laudado=EXCLUDED.laudado, nis=EXCLUDED.nis, "codigoAluno"=EXCLUDED."codigoAluno", inscricao=EXCLUDED.inscricao, "nomeMae"=EXCLUDED."nomeMae", "nomePai"=EXCLUDED."nomePai", "celPai"=EXCLUDED."celPai", nacionalidade=EXCLUDED.nacionalidade, naturalidade=EXCLUDED.naturalidade, "ufNascimento"=EXCLUDED."ufNascimento", endereco=EXCLUDED.endereco, cep=EXCLUDED.cep, "dadosResponsaveis"=EXCLUDED."dadosResponsaveis", "documentosMatricula"=EXCLUDED."documentosMatricula", "autorizadosRetirada"=EXCLUDED."autorizadosRetirada", "transporteEscolar"=EXCLUDED."transporteEscolar", "fichaAdministrativa"=EXCLUDED."fichaAdministrativa", "isActive"=TRUE, "updatedAt"=NOW();
  INSERT INTO "Enrollment" (id,"childId","classroomId","enrollmentDate",status,"createdAt","updatedAt")
  VALUES ('seed_enr_' || 'seed_pelicano_child_208409_benicio_alencar_moreno_seed_pelicano_class_pel_maternal_2_ada', 'seed_pelicano_child_208409_benicio_alencar_moreno', 'seed_pelicano_class_pel_maternal_2_ada', '2026-02-01 12:00:00', 'ATIVA'::"EnrollmentStatus", NOW(), NOW())
  ON CONFLICT ("childId","classroomId") DO UPDATE SET status=EXCLUDED.status, "updatedAt"=NOW();
  -- Aluno: BENICIO MONTEIRO ARAUJO DE CARVALHO
  INSERT INTO "Child" (id,"mantenedoraId","unitId","firstName","lastName","dateOfBirth",gender,cpf,raca,peso,"bloodType",allergies,"medicalConditions","usoImagem",laudado,nis,"codigoAluno",inscricao,"nomeMae","nomePai","celPai",nacionalidade,naturalidade,"ufNascimento",endereco,cep,"dadosResponsaveis","documentosMatricula","autorizadosRetirada","transporteEscolar","fichaAdministrativa","isActive","createdAt","updatedAt")
  VALUES ('seed_pelicano_child_244862_benicio_monteiro_araujo_de_carvalho',v_mantenedora_id,v_unit_id,'Benicio','Monteiro Araujo De Carvalho','2022-09-07 12:00:00','MASCULINO'::"Gender",'117.073.151-16','PARDA',NULL,NULL,NULL,NULL,NULL,NULL,NULL,NULL,'244862',NULL,'Oziel',NULL,'BRASIL','Brasilia','DF',NULL,'07266900','{"mae": {"nome": null, "cpf": null, "telefone": null}, "pai": {"nome": "Oziel", "cpf": null, "telefone": null}, "responsavelPrincipal": {"nome": "Oziel", "cpf": null, "parentesco": null, "identidade": null, "orgaoExpedidor": null, "telefone": null}, "enderecoResponsavel": null, "cepResponsavel": null, "escolaridade": null, "profissao": null, "numeroDependentes": null, "numeroPessoasCasa": null}'::jsonb,'{"codigoAluno": null, "inscricao": "244862", "censo": null, "beneficio": null, "nis": null, "pisResponsavel": null, "cpfOriginalAluno": "117.073.151-16", "cpfPersistidoNoCampoCpf": "117.073.151-16", "cpfDuplicadoNaPlanilha": false, "serie2024": null, "origemLinhaPlanilha": 96}'::jsonb,'[]'::jsonb,'{"usaTransporteEscolar": null, "nomeTransporte": null}'::jsonb,'{"turmaPlanilha": "Maternal 2", "professoraPlanilha": "Shirlene", "fonte": "DADOS PARA PLATAFORMA PEDAGÓGICA (1) (1).xlsx / Planilha1", "linhaPlanilha": 96, "raw": {"INSCRIÇÃO": "244862", "NOME": "BENICIO MONTEIRO ARAUJO DE CARVALHO", "SEXO": "M", "NASC": "2022-09-07T00:00:00", "NACIONALIDADE": "BRASIL", "NATURALIDADE": "Brasilia", "UF": "DF", "CPF": "11707315116", "RAÇA": "PARDA", "CEP": "7266900", "TURMA": "Maternal 2", "PROFESSORA": "Shirlene", "PAI": "Oziel"}}'::jsonb,TRUE,NOW(),NOW())
  ON CONFLICT (id) DO UPDATE SET "unitId"=v_unit_id, "firstName"=EXCLUDED."firstName", "lastName"=EXCLUDED."lastName", "dateOfBirth"=EXCLUDED."dateOfBirth", gender=EXCLUDED.gender, cpf=EXCLUDED.cpf, raca=EXCLUDED.raca, peso=EXCLUDED.peso, "bloodType"=EXCLUDED."bloodType", allergies=EXCLUDED.allergies, "medicalConditions"=EXCLUDED."medicalConditions", "usoImagem"=EXCLUDED."usoImagem", laudado=EXCLUDED.laudado, nis=EXCLUDED.nis, "codigoAluno"=EXCLUDED."codigoAluno", inscricao=EXCLUDED.inscricao, "nomeMae"=EXCLUDED."nomeMae", "nomePai"=EXCLUDED."nomePai", "celPai"=EXCLUDED."celPai", nacionalidade=EXCLUDED.nacionalidade, naturalidade=EXCLUDED.naturalidade, "ufNascimento"=EXCLUDED."ufNascimento", endereco=EXCLUDED.endereco, cep=EXCLUDED.cep, "dadosResponsaveis"=EXCLUDED."dadosResponsaveis", "documentosMatricula"=EXCLUDED."documentosMatricula", "autorizadosRetirada"=EXCLUDED."autorizadosRetirada", "transporteEscolar"=EXCLUDED."transporteEscolar", "fichaAdministrativa"=EXCLUDED."fichaAdministrativa", "isActive"=TRUE, "updatedAt"=NOW();
  INSERT INTO "Enrollment" (id,"childId","classroomId","enrollmentDate",status,"createdAt","updatedAt")
  VALUES ('seed_enr_' || 'seed_pelicano_child_244862_benicio_monteiro_araujo_de_carvalho_seed_pelicano_class_pel_maternal_2_sh', 'seed_pelicano_child_244862_benicio_monteiro_araujo_de_carvalho', 'seed_pelicano_class_pel_maternal_2_shirlene', '2026-02-01 12:00:00', 'ATIVA'::"EnrollmentStatus", NOW(), NOW())
  ON CONFLICT ("childId","classroomId") DO UPDATE SET status=EXCLUDED.status, "updatedAt"=NOW();
  -- Aluno: BENJAMIM PIETRO ALVES DA SILVA
  INSERT INTO "Child" (id,"mantenedoraId","unitId","firstName","lastName","dateOfBirth",gender,cpf,raca,peso,"bloodType",allergies,"medicalConditions","usoImagem",laudado,nis,"codigoAluno",inscricao,"nomeMae","nomePai","celPai",nacionalidade,naturalidade,"ufNascimento",endereco,cep,"dadosResponsaveis","documentosMatricula","autorizadosRetirada","transporteEscolar","fichaAdministrativa","isActive","createdAt","updatedAt")
  VALUES ('seed_pelicano_child_247948_benjamim_pietro_alves_da_silva',v_mantenedora_id,v_unit_id,'Benjamim','Pietro Alves Da Silva','2022-07-13 12:00:00','MASCULINO'::"Gender",'116.522.471-22','PARDA',NULL,NULL,NULL,NULL,NULL,NULL,NULL,NULL,'247948',NULL,'Mateus Ribeiro',NULL,'BRASIL','Brasilia','DF',NULL,'07266900','{"mae": {"nome": null, "cpf": null, "telefone": null}, "pai": {"nome": "Mateus Ribeiro", "cpf": null, "telefone": null}, "responsavelPrincipal": {"nome": "Mateus Ribeiro", "cpf": null, "parentesco": null, "identidade": null, "orgaoExpedidor": null, "telefone": null}, "enderecoResponsavel": null, "cepResponsavel": null, "escolaridade": null, "profissao": null, "numeroDependentes": null, "numeroPessoasCasa": null}'::jsonb,'{"codigoAluno": null, "inscricao": "247948", "censo": null, "beneficio": null, "nis": null, "pisResponsavel": null, "cpfOriginalAluno": "116.522.471-22", "cpfPersistidoNoCampoCpf": "116.522.471-22", "cpfDuplicadoNaPlanilha": false, "serie2024": null, "origemLinhaPlanilha": 97}'::jsonb,'[]'::jsonb,'{"usaTransporteEscolar": null, "nomeTransporte": null}'::jsonb,'{"turmaPlanilha": "Maternal 2", "professoraPlanilha": "Shirlene", "fonte": "DADOS PARA PLATAFORMA PEDAGÓGICA (1) (1).xlsx / Planilha1", "linhaPlanilha": 97, "raw": {"INSCRIÇÃO": "247948", "NOME": "BENJAMIM PIETRO ALVES DA SILVA", "SEXO": "M", "NASC": "2022-07-13T00:00:00", "NACIONALIDADE": "BRASIL", "NATURALIDADE": "Brasilia", "UF": "DF", "CPF": "11652247122", "RAÇA": "PARDA", "CEP": "7266900", "TURMA": "Maternal 2", "PROFESSORA": "Shirlene", "PAI": "Mateus Ribeiro"}}'::jsonb,TRUE,NOW(),NOW())
  ON CONFLICT (id) DO UPDATE SET "unitId"=v_unit_id, "firstName"=EXCLUDED."firstName", "lastName"=EXCLUDED."lastName", "dateOfBirth"=EXCLUDED."dateOfBirth", gender=EXCLUDED.gender, cpf=EXCLUDED.cpf, raca=EXCLUDED.raca, peso=EXCLUDED.peso, "bloodType"=EXCLUDED."bloodType", allergies=EXCLUDED.allergies, "medicalConditions"=EXCLUDED."medicalConditions", "usoImagem"=EXCLUDED."usoImagem", laudado=EXCLUDED.laudado, nis=EXCLUDED.nis, "codigoAluno"=EXCLUDED."codigoAluno", inscricao=EXCLUDED.inscricao, "nomeMae"=EXCLUDED."nomeMae", "nomePai"=EXCLUDED."nomePai", "celPai"=EXCLUDED."celPai", nacionalidade=EXCLUDED.nacionalidade, naturalidade=EXCLUDED.naturalidade, "ufNascimento"=EXCLUDED."ufNascimento", endereco=EXCLUDED.endereco, cep=EXCLUDED.cep, "dadosResponsaveis"=EXCLUDED."dadosResponsaveis", "documentosMatricula"=EXCLUDED."documentosMatricula", "autorizadosRetirada"=EXCLUDED."autorizadosRetirada", "transporteEscolar"=EXCLUDED."transporteEscolar", "fichaAdministrativa"=EXCLUDED."fichaAdministrativa", "isActive"=TRUE, "updatedAt"=NOW();
  INSERT INTO "Enrollment" (id,"childId","classroomId","enrollmentDate",status,"createdAt","updatedAt")
  VALUES ('seed_enr_' || 'seed_pelicano_child_247948_benjamim_pietro_alves_da_silva_seed_pelicano_class_pel_maternal_2_shirlen', 'seed_pelicano_child_247948_benjamim_pietro_alves_da_silva', 'seed_pelicano_class_pel_maternal_2_shirlene', '2026-02-01 12:00:00', 'ATIVA'::"EnrollmentStatus", NOW(), NOW())
  ON CONFLICT ("childId","classroomId") DO UPDATE SET status=EXCLUDED.status, "updatedAt"=NOW();
  -- Aluno: BERNARDO DE MOURA BRITO
  INSERT INTO "Child" (id,"mantenedoraId","unitId","firstName","lastName","dateOfBirth",gender,cpf,raca,peso,"bloodType",allergies,"medicalConditions","usoImagem",laudado,nis,"codigoAluno",inscricao,"nomeMae","nomePai","celPai",nacionalidade,naturalidade,"ufNascimento",endereco,cep,"dadosResponsaveis","documentosMatricula","autorizadosRetirada","transporteEscolar","fichaAdministrativa","isActive","createdAt","updatedAt")
  VALUES ('seed_pelicano_child_244964_bernardo_de_moura_brito',v_mantenedora_id,v_unit_id,'Bernardo','De Moura Brito','2022-09-04 12:00:00','MASCULINO'::"Gender",'117.094.691-70','PARDA',NULL,NULL,NULL,NULL,NULL,NULL,NULL,NULL,'244964',NULL,NULL,NULL,'BRASIL','Brasilia','DF',NULL,'07266900','{"mae": {"nome": null, "cpf": null, "telefone": null}, "pai": {"nome": null, "cpf": null, "telefone": null}, "responsavelPrincipal": {"nome": null, "cpf": null, "parentesco": null, "identidade": null, "orgaoExpedidor": null, "telefone": null}, "enderecoResponsavel": null, "cepResponsavel": null, "escolaridade": null, "profissao": null, "numeroDependentes": null, "numeroPessoasCasa": null}'::jsonb,'{"codigoAluno": null, "inscricao": "244964", "censo": null, "beneficio": null, "nis": null, "pisResponsavel": null, "cpfOriginalAluno": "117.094.691-70", "cpfPersistidoNoCampoCpf": "117.094.691-70", "cpfDuplicadoNaPlanilha": false, "serie2024": null, "origemLinhaPlanilha": 98}'::jsonb,'[]'::jsonb,'{"usaTransporteEscolar": null, "nomeTransporte": null}'::jsonb,'{"turmaPlanilha": "Maternal 2", "professoraPlanilha": "Ada", "fonte": "DADOS PARA PLATAFORMA PEDAGÓGICA (1) (1).xlsx / Planilha1", "linhaPlanilha": 98, "raw": {"INSCRIÇÃO": "244964", "NOME": "BERNARDO DE MOURA BRITO", "SEXO": "M", "NASC": "2022-09-04T00:00:00", "NACIONALIDADE": "BRASIL", "NATURALIDADE": "Brasilia", "UF": "DF", "CPF": "11709469170", "RAÇA": "PARDA", "CEP": "7266900", "TURMA": "Maternal 2", "PROFESSORA": "Ada"}}'::jsonb,TRUE,NOW(),NOW())
  ON CONFLICT (id) DO UPDATE SET "unitId"=v_unit_id, "firstName"=EXCLUDED."firstName", "lastName"=EXCLUDED."lastName", "dateOfBirth"=EXCLUDED."dateOfBirth", gender=EXCLUDED.gender, cpf=EXCLUDED.cpf, raca=EXCLUDED.raca, peso=EXCLUDED.peso, "bloodType"=EXCLUDED."bloodType", allergies=EXCLUDED.allergies, "medicalConditions"=EXCLUDED."medicalConditions", "usoImagem"=EXCLUDED."usoImagem", laudado=EXCLUDED.laudado, nis=EXCLUDED.nis, "codigoAluno"=EXCLUDED."codigoAluno", inscricao=EXCLUDED.inscricao, "nomeMae"=EXCLUDED."nomeMae", "nomePai"=EXCLUDED."nomePai", "celPai"=EXCLUDED."celPai", nacionalidade=EXCLUDED.nacionalidade, naturalidade=EXCLUDED.naturalidade, "ufNascimento"=EXCLUDED."ufNascimento", endereco=EXCLUDED.endereco, cep=EXCLUDED.cep, "dadosResponsaveis"=EXCLUDED."dadosResponsaveis", "documentosMatricula"=EXCLUDED."documentosMatricula", "autorizadosRetirada"=EXCLUDED."autorizadosRetirada", "transporteEscolar"=EXCLUDED."transporteEscolar", "fichaAdministrativa"=EXCLUDED."fichaAdministrativa", "isActive"=TRUE, "updatedAt"=NOW();
  INSERT INTO "Enrollment" (id,"childId","classroomId","enrollmentDate",status,"createdAt","updatedAt")
  VALUES ('seed_enr_' || 'seed_pelicano_child_244964_bernardo_de_moura_brito_seed_pelicano_class_pel_maternal_2_ada', 'seed_pelicano_child_244964_bernardo_de_moura_brito', 'seed_pelicano_class_pel_maternal_2_ada', '2026-02-01 12:00:00', 'ATIVA'::"EnrollmentStatus", NOW(), NOW())
  ON CONFLICT ("childId","classroomId") DO UPDATE SET status=EXCLUDED.status, "updatedAt"=NOW();
  -- Aluno: CECILIA ALVES BATISTA PEREIRA
  INSERT INTO "Child" (id,"mantenedoraId","unitId","firstName","lastName","dateOfBirth",gender,cpf,raca,peso,"bloodType",allergies,"medicalConditions","usoImagem",laudado,nis,"codigoAluno",inscricao,"nomeMae","nomePai","celPai",nacionalidade,naturalidade,"ufNascimento",endereco,cep,"dadosResponsaveis","documentosMatricula","autorizadosRetirada","transporteEscolar","fichaAdministrativa","isActive","createdAt","updatedAt")
  VALUES ('seed_pelicano_child_239363_cecilia_alves_batista_pereira',v_mantenedora_id,v_unit_id,'Cecilia','Alves Batista Pereira','2022-11-22 12:00:00','FEMININO'::"Gender",'117.859.761-09','PARDA',NULL,NULL,NULL,NULL,NULL,NULL,NULL,NULL,'239363',NULL,'Anderson',NULL,'BRASIL','Brasilia','DF',NULL,'07266900','{"mae": {"nome": null, "cpf": null, "telefone": null}, "pai": {"nome": "Anderson", "cpf": null, "telefone": null}, "responsavelPrincipal": {"nome": "Anderson", "cpf": null, "parentesco": null, "identidade": null, "orgaoExpedidor": null, "telefone": null}, "enderecoResponsavel": null, "cepResponsavel": null, "escolaridade": null, "profissao": null, "numeroDependentes": null, "numeroPessoasCasa": null}'::jsonb,'{"codigoAluno": null, "inscricao": "239363", "censo": null, "beneficio": null, "nis": null, "pisResponsavel": null, "cpfOriginalAluno": "117.859.761-09", "cpfPersistidoNoCampoCpf": "117.859.761-09", "cpfDuplicadoNaPlanilha": false, "serie2024": null, "origemLinhaPlanilha": 99}'::jsonb,'[]'::jsonb,'{"usaTransporteEscolar": null, "nomeTransporte": null}'::jsonb,'{"turmaPlanilha": "Maternal 2", "professoraPlanilha": "Salete", "fonte": "DADOS PARA PLATAFORMA PEDAGÓGICA (1) (1).xlsx / Planilha1", "linhaPlanilha": 99, "raw": {"INSCRIÇÃO": "239363", "NOME": "CECILIA ALVES BATISTA PEREIRA", "SEXO": "F", "NASC": "2022-11-22T00:00:00", "NACIONALIDADE": "BRASIL", "NATURALIDADE": "Brasilia", "UF": "DF", "CPF": "11785976109", "RAÇA": "PARDA", "CEP": "7266900", "TURMA": "Maternal 2", "PROFESSORA": "Salete", "PAI": "Anderson"}}'::jsonb,TRUE,NOW(),NOW())
  ON CONFLICT (id) DO UPDATE SET "unitId"=v_unit_id, "firstName"=EXCLUDED."firstName", "lastName"=EXCLUDED."lastName", "dateOfBirth"=EXCLUDED."dateOfBirth", gender=EXCLUDED.gender, cpf=EXCLUDED.cpf, raca=EXCLUDED.raca, peso=EXCLUDED.peso, "bloodType"=EXCLUDED."bloodType", allergies=EXCLUDED.allergies, "medicalConditions"=EXCLUDED."medicalConditions", "usoImagem"=EXCLUDED."usoImagem", laudado=EXCLUDED.laudado, nis=EXCLUDED.nis, "codigoAluno"=EXCLUDED."codigoAluno", inscricao=EXCLUDED.inscricao, "nomeMae"=EXCLUDED."nomeMae", "nomePai"=EXCLUDED."nomePai", "celPai"=EXCLUDED."celPai", nacionalidade=EXCLUDED.nacionalidade, naturalidade=EXCLUDED.naturalidade, "ufNascimento"=EXCLUDED."ufNascimento", endereco=EXCLUDED.endereco, cep=EXCLUDED.cep, "dadosResponsaveis"=EXCLUDED."dadosResponsaveis", "documentosMatricula"=EXCLUDED."documentosMatricula", "autorizadosRetirada"=EXCLUDED."autorizadosRetirada", "transporteEscolar"=EXCLUDED."transporteEscolar", "fichaAdministrativa"=EXCLUDED."fichaAdministrativa", "isActive"=TRUE, "updatedAt"=NOW();
  INSERT INTO "Enrollment" (id,"childId","classroomId","enrollmentDate",status,"createdAt","updatedAt")
  VALUES ('seed_enr_' || 'seed_pelicano_child_239363_cecilia_alves_batista_pereira_seed_pelicano_class_pel_maternal_2_salete', 'seed_pelicano_child_239363_cecilia_alves_batista_pereira', 'seed_pelicano_class_pel_maternal_2_salete', '2026-02-01 12:00:00', 'ATIVA'::"EnrollmentStatus", NOW(), NOW())
  ON CONFLICT ("childId","classroomId") DO UPDATE SET status=EXCLUDED.status, "updatedAt"=NOW();
  -- Aluno: CECILIA DE SOUSA CASTRO
  INSERT INTO "Child" (id,"mantenedoraId","unitId","firstName","lastName","dateOfBirth",gender,cpf,raca,peso,"bloodType",allergies,"medicalConditions","usoImagem",laudado,nis,"codigoAluno",inscricao,"nomeMae","nomePai","celPai",nacionalidade,naturalidade,"ufNascimento",endereco,cep,"dadosResponsaveis","documentosMatricula","autorizadosRetirada","transporteEscolar","fichaAdministrativa","isActive","createdAt","updatedAt")
  VALUES ('seed_pelicano_child_239651_cecilia_de_sousa_castro',v_mantenedora_id,v_unit_id,'Cecilia','De Sousa Castro','2023-02-14 12:00:00','FEMININO'::"Gender",'118.699.981-03','PARDA',NULL,NULL,NULL,NULL,NULL,NULL,NULL,NULL,'239651',NULL,NULL,NULL,'BRASIL','Brasilia','DF',NULL,'07266900','{"mae": {"nome": null, "cpf": null, "telefone": null}, "pai": {"nome": null, "cpf": null, "telefone": null}, "responsavelPrincipal": {"nome": null, "cpf": null, "parentesco": null, "identidade": null, "orgaoExpedidor": null, "telefone": null}, "enderecoResponsavel": null, "cepResponsavel": null, "escolaridade": null, "profissao": null, "numeroDependentes": null, "numeroPessoasCasa": null}'::jsonb,'{"codigoAluno": null, "inscricao": "239651", "censo": null, "beneficio": null, "nis": null, "pisResponsavel": null, "cpfOriginalAluno": "118.699.981-03", "cpfPersistidoNoCampoCpf": "118.699.981-03", "cpfDuplicadoNaPlanilha": false, "serie2024": null, "origemLinhaPlanilha": 100}'::jsonb,'[]'::jsonb,'{"usaTransporteEscolar": null, "nomeTransporte": null}'::jsonb,'{"turmaPlanilha": "Maternal 2", "professoraPlanilha": "Sabrina", "fonte": "DADOS PARA PLATAFORMA PEDAGÓGICA (1) (1).xlsx / Planilha1", "linhaPlanilha": 100, "raw": {"INSCRIÇÃO": "239651", "NOME": "CECILIA DE SOUSA CASTRO", "SEXO": "F", "NASC": "2023-02-14T00:00:00", "NACIONALIDADE": "BRASIL", "NATURALIDADE": "Brasilia", "UF": "DF", "CPF": "11869998103", "RAÇA": "PARDA", "CEP": "7266900", "TURMA": "Maternal 2", "PROFESSORA": "Sabrina"}}'::jsonb,TRUE,NOW(),NOW())
  ON CONFLICT (id) DO UPDATE SET "unitId"=v_unit_id, "firstName"=EXCLUDED."firstName", "lastName"=EXCLUDED."lastName", "dateOfBirth"=EXCLUDED."dateOfBirth", gender=EXCLUDED.gender, cpf=EXCLUDED.cpf, raca=EXCLUDED.raca, peso=EXCLUDED.peso, "bloodType"=EXCLUDED."bloodType", allergies=EXCLUDED.allergies, "medicalConditions"=EXCLUDED."medicalConditions", "usoImagem"=EXCLUDED."usoImagem", laudado=EXCLUDED.laudado, nis=EXCLUDED.nis, "codigoAluno"=EXCLUDED."codigoAluno", inscricao=EXCLUDED.inscricao, "nomeMae"=EXCLUDED."nomeMae", "nomePai"=EXCLUDED."nomePai", "celPai"=EXCLUDED."celPai", nacionalidade=EXCLUDED.nacionalidade, naturalidade=EXCLUDED.naturalidade, "ufNascimento"=EXCLUDED."ufNascimento", endereco=EXCLUDED.endereco, cep=EXCLUDED.cep, "dadosResponsaveis"=EXCLUDED."dadosResponsaveis", "documentosMatricula"=EXCLUDED."documentosMatricula", "autorizadosRetirada"=EXCLUDED."autorizadosRetirada", "transporteEscolar"=EXCLUDED."transporteEscolar", "fichaAdministrativa"=EXCLUDED."fichaAdministrativa", "isActive"=TRUE, "updatedAt"=NOW();
  INSERT INTO "Enrollment" (id,"childId","classroomId","enrollmentDate",status,"createdAt","updatedAt")
  VALUES ('seed_enr_' || 'seed_pelicano_child_239651_cecilia_de_sousa_castro_seed_pelicano_class_pel_maternal_2_sabrina', 'seed_pelicano_child_239651_cecilia_de_sousa_castro', 'seed_pelicano_class_pel_maternal_2_sabrina', '2026-02-01 12:00:00', 'ATIVA'::"EnrollmentStatus", NOW(), NOW())
  ON CONFLICT ("childId","classroomId") DO UPDATE SET status=EXCLUDED.status, "updatedAt"=NOW();
  -- Aluno: CECILIA RODRIGUES DA SILVA
  INSERT INTO "Child" (id,"mantenedoraId","unitId","firstName","lastName","dateOfBirth",gender,cpf,raca,peso,"bloodType",allergies,"medicalConditions","usoImagem",laudado,nis,"codigoAluno",inscricao,"nomeMae","nomePai","celPai",nacionalidade,naturalidade,"ufNascimento",endereco,cep,"dadosResponsaveis","documentosMatricula","autorizadosRetirada","transporteEscolar","fichaAdministrativa","isActive","createdAt","updatedAt")
  VALUES ('seed_pelicano_child_222421_cecilia_rodrigues_da_silva',v_mantenedora_id,v_unit_id,'Cecilia','Rodrigues Da Silva','2022-12-06 12:00:00','FEMININO'::"Gender",'117.919.021-11','PARDA',NULL,NULL,NULL,NULL,NULL,NULL,NULL,NULL,'222421',NULL,NULL,NULL,'BRASIL','Brasilia','DF',NULL,'07266900','{"mae": {"nome": null, "cpf": null, "telefone": null}, "pai": {"nome": null, "cpf": null, "telefone": null}, "responsavelPrincipal": {"nome": null, "cpf": null, "parentesco": null, "identidade": null, "orgaoExpedidor": null, "telefone": null}, "enderecoResponsavel": null, "cepResponsavel": null, "escolaridade": null, "profissao": null, "numeroDependentes": null, "numeroPessoasCasa": null}'::jsonb,'{"codigoAluno": null, "inscricao": "222421", "censo": null, "beneficio": null, "nis": null, "pisResponsavel": null, "cpfOriginalAluno": "117.919.021-11", "cpfPersistidoNoCampoCpf": "117.919.021-11", "cpfDuplicadoNaPlanilha": false, "serie2024": null, "origemLinhaPlanilha": 101}'::jsonb,'[]'::jsonb,'{"usaTransporteEscolar": null, "nomeTransporte": null}'::jsonb,'{"turmaPlanilha": "Maternal 2", "professoraPlanilha": "Ada", "fonte": "DADOS PARA PLATAFORMA PEDAGÓGICA (1) (1).xlsx / Planilha1", "linhaPlanilha": 101, "raw": {"INSCRIÇÃO": "222421", "NOME": "CECILIA RODRIGUES DA SILVA", "SEXO": "F", "NASC": "2022-12-06T00:00:00", "NACIONALIDADE": "BRASIL", "NATURALIDADE": "Brasilia", "UF": "DF", "CPF": "11791902111", "RAÇA": "PARDA", "CEP": "7266900", "TURMA": "Maternal 2", "PROFESSORA": "Ada"}}'::jsonb,TRUE,NOW(),NOW())
  ON CONFLICT (id) DO UPDATE SET "unitId"=v_unit_id, "firstName"=EXCLUDED."firstName", "lastName"=EXCLUDED."lastName", "dateOfBirth"=EXCLUDED."dateOfBirth", gender=EXCLUDED.gender, cpf=EXCLUDED.cpf, raca=EXCLUDED.raca, peso=EXCLUDED.peso, "bloodType"=EXCLUDED."bloodType", allergies=EXCLUDED.allergies, "medicalConditions"=EXCLUDED."medicalConditions", "usoImagem"=EXCLUDED."usoImagem", laudado=EXCLUDED.laudado, nis=EXCLUDED.nis, "codigoAluno"=EXCLUDED."codigoAluno", inscricao=EXCLUDED.inscricao, "nomeMae"=EXCLUDED."nomeMae", "nomePai"=EXCLUDED."nomePai", "celPai"=EXCLUDED."celPai", nacionalidade=EXCLUDED.nacionalidade, naturalidade=EXCLUDED.naturalidade, "ufNascimento"=EXCLUDED."ufNascimento", endereco=EXCLUDED.endereco, cep=EXCLUDED.cep, "dadosResponsaveis"=EXCLUDED."dadosResponsaveis", "documentosMatricula"=EXCLUDED."documentosMatricula", "autorizadosRetirada"=EXCLUDED."autorizadosRetirada", "transporteEscolar"=EXCLUDED."transporteEscolar", "fichaAdministrativa"=EXCLUDED."fichaAdministrativa", "isActive"=TRUE, "updatedAt"=NOW();
  INSERT INTO "Enrollment" (id,"childId","classroomId","enrollmentDate",status,"createdAt","updatedAt")
  VALUES ('seed_enr_' || 'seed_pelicano_child_222421_cecilia_rodrigues_da_silva_seed_pelicano_class_pel_maternal_2_ada', 'seed_pelicano_child_222421_cecilia_rodrigues_da_silva', 'seed_pelicano_class_pel_maternal_2_ada', '2026-02-01 12:00:00', 'ATIVA'::"EnrollmentStatus", NOW(), NOW())
  ON CONFLICT ("childId","classroomId") DO UPDATE SET status=EXCLUDED.status, "updatedAt"=NOW();
  -- Aluno: CLARISSE FELIX DE ARAUJO
  INSERT INTO "Child" (id,"mantenedoraId","unitId","firstName","lastName","dateOfBirth",gender,cpf,raca,peso,"bloodType",allergies,"medicalConditions","usoImagem",laudado,nis,"codigoAluno",inscricao,"nomeMae","nomePai","celPai",nacionalidade,naturalidade,"ufNascimento",endereco,cep,"dadosResponsaveis","documentosMatricula","autorizadosRetirada","transporteEscolar","fichaAdministrativa","isActive","createdAt","updatedAt")
  VALUES ('seed_pelicano_child_216096_clarisse_felix_de_araujo',v_mantenedora_id,v_unit_id,'Clarisse','Felix De Araujo','2022-04-12 12:00:00','FEMININO'::"Gender",'115.599.711-50','PARDA',NULL,NULL,NULL,NULL,NULL,NULL,NULL,NULL,'216096',NULL,NULL,NULL,'BRASIL','Brasilia','DF',NULL,'07266900','{"mae": {"nome": null, "cpf": null, "telefone": null}, "pai": {"nome": null, "cpf": null, "telefone": null}, "responsavelPrincipal": {"nome": null, "cpf": null, "parentesco": null, "identidade": null, "orgaoExpedidor": null, "telefone": null}, "enderecoResponsavel": null, "cepResponsavel": null, "escolaridade": null, "profissao": null, "numeroDependentes": null, "numeroPessoasCasa": null}'::jsonb,'{"codigoAluno": null, "inscricao": "216096", "censo": null, "beneficio": null, "nis": null, "pisResponsavel": null, "cpfOriginalAluno": "115.599.711-50", "cpfPersistidoNoCampoCpf": "115.599.711-50", "cpfDuplicadoNaPlanilha": false, "serie2024": null, "origemLinhaPlanilha": 102}'::jsonb,'[]'::jsonb,'{"usaTransporteEscolar": null, "nomeTransporte": null}'::jsonb,'{"turmaPlanilha": "Maternal 2", "professoraPlanilha": "Sabrina", "fonte": "DADOS PARA PLATAFORMA PEDAGÓGICA (1) (1).xlsx / Planilha1", "linhaPlanilha": 102, "raw": {"INSCRIÇÃO": "216096", "NOME": "CLARISSE FELIX DE ARAUJO", "SEXO": "F", "NASC": "2022-04-12T00:00:00", "NACIONALIDADE": "BRASIL", "NATURALIDADE": "Brasilia", "UF": "DF", "CPF": "11559971150", "RAÇA": "PARDA", "CEP": "7266900", "TURMA": "Maternal 2", "PROFESSORA": "Sabrina"}}'::jsonb,TRUE,NOW(),NOW())
  ON CONFLICT (id) DO UPDATE SET "unitId"=v_unit_id, "firstName"=EXCLUDED."firstName", "lastName"=EXCLUDED."lastName", "dateOfBirth"=EXCLUDED."dateOfBirth", gender=EXCLUDED.gender, cpf=EXCLUDED.cpf, raca=EXCLUDED.raca, peso=EXCLUDED.peso, "bloodType"=EXCLUDED."bloodType", allergies=EXCLUDED.allergies, "medicalConditions"=EXCLUDED."medicalConditions", "usoImagem"=EXCLUDED."usoImagem", laudado=EXCLUDED.laudado, nis=EXCLUDED.nis, "codigoAluno"=EXCLUDED."codigoAluno", inscricao=EXCLUDED.inscricao, "nomeMae"=EXCLUDED."nomeMae", "nomePai"=EXCLUDED."nomePai", "celPai"=EXCLUDED."celPai", nacionalidade=EXCLUDED.nacionalidade, naturalidade=EXCLUDED.naturalidade, "ufNascimento"=EXCLUDED."ufNascimento", endereco=EXCLUDED.endereco, cep=EXCLUDED.cep, "dadosResponsaveis"=EXCLUDED."dadosResponsaveis", "documentosMatricula"=EXCLUDED."documentosMatricula", "autorizadosRetirada"=EXCLUDED."autorizadosRetirada", "transporteEscolar"=EXCLUDED."transporteEscolar", "fichaAdministrativa"=EXCLUDED."fichaAdministrativa", "isActive"=TRUE, "updatedAt"=NOW();
  INSERT INTO "Enrollment" (id,"childId","classroomId","enrollmentDate",status,"createdAt","updatedAt")
  VALUES ('seed_enr_' || 'seed_pelicano_child_216096_clarisse_felix_de_araujo_seed_pelicano_class_pel_maternal_2_sabrina', 'seed_pelicano_child_216096_clarisse_felix_de_araujo', 'seed_pelicano_class_pel_maternal_2_sabrina', '2026-02-01 12:00:00', 'ATIVA'::"EnrollmentStatus", NOW(), NOW())
  ON CONFLICT ("childId","classroomId") DO UPDATE SET status=EXCLUDED.status, "updatedAt"=NOW();
  -- Aluno: DANIEL DE LUCCAS CARDOSO COUTINHO
  INSERT INTO "Child" (id,"mantenedoraId","unitId","firstName","lastName","dateOfBirth",gender,cpf,raca,peso,"bloodType",allergies,"medicalConditions","usoImagem",laudado,nis,"codigoAluno",inscricao,"nomeMae","nomePai","celPai",nacionalidade,naturalidade,"ufNascimento",endereco,cep,"dadosResponsaveis","documentosMatricula","autorizadosRetirada","transporteEscolar","fichaAdministrativa","isActive","createdAt","updatedAt")
  VALUES ('seed_pelicano_child_245895_daniel_de_luccas_cardoso_coutinho',v_mantenedora_id,v_unit_id,'Daniel','De Luccas Cardoso Coutinho','2022-09-09 12:00:00','MASCULINO'::"Gender",'117.076.761-35','PARDA',NULL,NULL,NULL,NULL,NULL,NULL,NULL,NULL,'245895',NULL,NULL,NULL,'BRASIL','Brasilia','DF',NULL,'07266900','{"mae": {"nome": null, "cpf": null, "telefone": null}, "pai": {"nome": null, "cpf": null, "telefone": null}, "responsavelPrincipal": {"nome": null, "cpf": null, "parentesco": null, "identidade": null, "orgaoExpedidor": null, "telefone": null}, "enderecoResponsavel": null, "cepResponsavel": null, "escolaridade": null, "profissao": null, "numeroDependentes": null, "numeroPessoasCasa": null}'::jsonb,'{"codigoAluno": null, "inscricao": "245895", "censo": null, "beneficio": null, "nis": null, "pisResponsavel": null, "cpfOriginalAluno": "117.076.761-35", "cpfPersistidoNoCampoCpf": "117.076.761-35", "cpfDuplicadoNaPlanilha": false, "serie2024": null, "origemLinhaPlanilha": 103}'::jsonb,'[]'::jsonb,'{"usaTransporteEscolar": null, "nomeTransporte": null}'::jsonb,'{"turmaPlanilha": "Maternal 2", "professoraPlanilha": "Sabrina", "fonte": "DADOS PARA PLATAFORMA PEDAGÓGICA (1) (1).xlsx / Planilha1", "linhaPlanilha": 103, "raw": {"INSCRIÇÃO": "245895", "NOME": "DANIEL DE LUCCAS CARDOSO COUTINHO", "SEXO": "M", "NASC": "2022-09-09T00:00:00", "NACIONALIDADE": "BRASIL", "NATURALIDADE": "Brasilia", "UF": "DF", "CPF": "11707676135", "RAÇA": "PARDA", "CEP": "7266900", "TURMA": "Maternal 2", "PROFESSORA": "Sabrina"}}'::jsonb,TRUE,NOW(),NOW())
  ON CONFLICT (id) DO UPDATE SET "unitId"=v_unit_id, "firstName"=EXCLUDED."firstName", "lastName"=EXCLUDED."lastName", "dateOfBirth"=EXCLUDED."dateOfBirth", gender=EXCLUDED.gender, cpf=EXCLUDED.cpf, raca=EXCLUDED.raca, peso=EXCLUDED.peso, "bloodType"=EXCLUDED."bloodType", allergies=EXCLUDED.allergies, "medicalConditions"=EXCLUDED."medicalConditions", "usoImagem"=EXCLUDED."usoImagem", laudado=EXCLUDED.laudado, nis=EXCLUDED.nis, "codigoAluno"=EXCLUDED."codigoAluno", inscricao=EXCLUDED.inscricao, "nomeMae"=EXCLUDED."nomeMae", "nomePai"=EXCLUDED."nomePai", "celPai"=EXCLUDED."celPai", nacionalidade=EXCLUDED.nacionalidade, naturalidade=EXCLUDED.naturalidade, "ufNascimento"=EXCLUDED."ufNascimento", endereco=EXCLUDED.endereco, cep=EXCLUDED.cep, "dadosResponsaveis"=EXCLUDED."dadosResponsaveis", "documentosMatricula"=EXCLUDED."documentosMatricula", "autorizadosRetirada"=EXCLUDED."autorizadosRetirada", "transporteEscolar"=EXCLUDED."transporteEscolar", "fichaAdministrativa"=EXCLUDED."fichaAdministrativa", "isActive"=TRUE, "updatedAt"=NOW();
  INSERT INTO "Enrollment" (id,"childId","classroomId","enrollmentDate",status,"createdAt","updatedAt")
  VALUES ('seed_enr_' || 'seed_pelicano_child_245895_daniel_de_luccas_cardoso_coutinho_seed_pelicano_class_pel_maternal_2_sabr', 'seed_pelicano_child_245895_daniel_de_luccas_cardoso_coutinho', 'seed_pelicano_class_pel_maternal_2_sabrina', '2026-02-01 12:00:00', 'ATIVA'::"EnrollmentStatus", NOW(), NOW())
  ON CONFLICT ("childId","classroomId") DO UPDATE SET status=EXCLUDED.status, "updatedAt"=NOW();
  -- Aluno: DAVI GOMES DIOGO BEZERRA
  INSERT INTO "Child" (id,"mantenedoraId","unitId","firstName","lastName","dateOfBirth",gender,cpf,raca,peso,"bloodType",allergies,"medicalConditions","usoImagem",laudado,nis,"codigoAluno",inscricao,"nomeMae","nomePai","celPai",nacionalidade,naturalidade,"ufNascimento",endereco,cep,"dadosResponsaveis","documentosMatricula","autorizadosRetirada","transporteEscolar","fichaAdministrativa","isActive","createdAt","updatedAt")
  VALUES ('seed_pelicano_child_245208_davi_gomes_diogo_bezerra',v_mantenedora_id,v_unit_id,'Davi','Gomes Diogo Bezerra','2022-05-18 12:00:00','MASCULINO'::"Gender",'115.970.491-07','PARDA',NULL,NULL,NULL,NULL,NULL,NULL,NULL,NULL,'245208',NULL,NULL,NULL,'BRASIL','Brasilia','DF',NULL,'07266900','{"mae": {"nome": null, "cpf": null, "telefone": null}, "pai": {"nome": null, "cpf": null, "telefone": null}, "responsavelPrincipal": {"nome": null, "cpf": null, "parentesco": null, "identidade": null, "orgaoExpedidor": null, "telefone": null}, "enderecoResponsavel": null, "cepResponsavel": null, "escolaridade": null, "profissao": null, "numeroDependentes": null, "numeroPessoasCasa": null}'::jsonb,'{"codigoAluno": null, "inscricao": "245208", "censo": null, "beneficio": null, "nis": null, "pisResponsavel": null, "cpfOriginalAluno": "115.970.491-07", "cpfPersistidoNoCampoCpf": "115.970.491-07", "cpfDuplicadoNaPlanilha": false, "serie2024": null, "origemLinhaPlanilha": 104}'::jsonb,'[]'::jsonb,'{"usaTransporteEscolar": null, "nomeTransporte": null}'::jsonb,'{"turmaPlanilha": "Maternal 2", "professoraPlanilha": "Ada", "fonte": "DADOS PARA PLATAFORMA PEDAGÓGICA (1) (1).xlsx / Planilha1", "linhaPlanilha": 104, "raw": {"INSCRIÇÃO": "245208", "NOME": "DAVI GOMES DIOGO BEZERRA", "SEXO": "M", "NASC": "2022-05-18T00:00:00", "NACIONALIDADE": "BRASIL", "NATURALIDADE": "Brasilia", "UF": "DF", "CPF": "11597049107", "RAÇA": "PARDA", "CEP": "7266900", "TURMA": "Maternal 2", "PROFESSORA": "Ada"}}'::jsonb,TRUE,NOW(),NOW())
  ON CONFLICT (id) DO UPDATE SET "unitId"=v_unit_id, "firstName"=EXCLUDED."firstName", "lastName"=EXCLUDED."lastName", "dateOfBirth"=EXCLUDED."dateOfBirth", gender=EXCLUDED.gender, cpf=EXCLUDED.cpf, raca=EXCLUDED.raca, peso=EXCLUDED.peso, "bloodType"=EXCLUDED."bloodType", allergies=EXCLUDED.allergies, "medicalConditions"=EXCLUDED."medicalConditions", "usoImagem"=EXCLUDED."usoImagem", laudado=EXCLUDED.laudado, nis=EXCLUDED.nis, "codigoAluno"=EXCLUDED."codigoAluno", inscricao=EXCLUDED.inscricao, "nomeMae"=EXCLUDED."nomeMae", "nomePai"=EXCLUDED."nomePai", "celPai"=EXCLUDED."celPai", nacionalidade=EXCLUDED.nacionalidade, naturalidade=EXCLUDED.naturalidade, "ufNascimento"=EXCLUDED."ufNascimento", endereco=EXCLUDED.endereco, cep=EXCLUDED.cep, "dadosResponsaveis"=EXCLUDED."dadosResponsaveis", "documentosMatricula"=EXCLUDED."documentosMatricula", "autorizadosRetirada"=EXCLUDED."autorizadosRetirada", "transporteEscolar"=EXCLUDED."transporteEscolar", "fichaAdministrativa"=EXCLUDED."fichaAdministrativa", "isActive"=TRUE, "updatedAt"=NOW();
  INSERT INTO "Enrollment" (id,"childId","classroomId","enrollmentDate",status,"createdAt","updatedAt")
  VALUES ('seed_enr_' || 'seed_pelicano_child_245208_davi_gomes_diogo_bezerra_seed_pelicano_class_pel_maternal_2_ada', 'seed_pelicano_child_245208_davi_gomes_diogo_bezerra', 'seed_pelicano_class_pel_maternal_2_ada', '2026-02-01 12:00:00', 'ATIVA'::"EnrollmentStatus", NOW(), NOW())
  ON CONFLICT ("childId","classroomId") DO UPDATE SET status=EXCLUDED.status, "updatedAt"=NOW();
  -- Aluno: DAVI LUCAS DE CONCEICAO SILVA
  INSERT INTO "Child" (id,"mantenedoraId","unitId","firstName","lastName","dateOfBirth",gender,cpf,raca,peso,"bloodType",allergies,"medicalConditions","usoImagem",laudado,nis,"codigoAluno",inscricao,"nomeMae","nomePai","celPai",nacionalidade,naturalidade,"ufNascimento",endereco,cep,"dadosResponsaveis","documentosMatricula","autorizadosRetirada","transporteEscolar","fichaAdministrativa","isActive","createdAt","updatedAt")
  VALUES ('seed_pelicano_child_219606_davi_lucas_de_conceicao_silva',v_mantenedora_id,v_unit_id,'Davi','Lucas De Conceicao Silva','2022-04-27 12:00:00','MASCULINO'::"Gender",'115.746.831-44','PARDA',NULL,NULL,NULL,NULL,NULL,NULL,NULL,NULL,'219606',NULL,NULL,NULL,'BRASIL','Brasilia','DF',NULL,'07266900','{"mae": {"nome": null, "cpf": null, "telefone": null}, "pai": {"nome": null, "cpf": null, "telefone": null}, "responsavelPrincipal": {"nome": null, "cpf": null, "parentesco": null, "identidade": null, "orgaoExpedidor": null, "telefone": null}, "enderecoResponsavel": null, "cepResponsavel": null, "escolaridade": null, "profissao": null, "numeroDependentes": null, "numeroPessoasCasa": null}'::jsonb,'{"codigoAluno": null, "inscricao": "219606", "censo": null, "beneficio": null, "nis": null, "pisResponsavel": null, "cpfOriginalAluno": "115.746.831-44", "cpfPersistidoNoCampoCpf": "115.746.831-44", "cpfDuplicadoNaPlanilha": false, "serie2024": null, "origemLinhaPlanilha": 105}'::jsonb,'[]'::jsonb,'{"usaTransporteEscolar": null, "nomeTransporte": null}'::jsonb,'{"turmaPlanilha": "Maternal 2", "professoraPlanilha": "Sabrina", "fonte": "DADOS PARA PLATAFORMA PEDAGÓGICA (1) (1).xlsx / Planilha1", "linhaPlanilha": 105, "raw": {"INSCRIÇÃO": "219606", "NOME": "DAVI LUCAS DE CONCEICAO SILVA", "SEXO": "M", "NASC": "2022-04-27T00:00:00", "NACIONALIDADE": "BRASIL", "NATURALIDADE": "Brasilia", "UF": "DF", "CPF": "11574683144", "RAÇA": "PARDA", "CEP": "7266900", "TURMA": "Maternal 2", "PROFESSORA": "Sabrina"}}'::jsonb,TRUE,NOW(),NOW())
  ON CONFLICT (id) DO UPDATE SET "unitId"=v_unit_id, "firstName"=EXCLUDED."firstName", "lastName"=EXCLUDED."lastName", "dateOfBirth"=EXCLUDED."dateOfBirth", gender=EXCLUDED.gender, cpf=EXCLUDED.cpf, raca=EXCLUDED.raca, peso=EXCLUDED.peso, "bloodType"=EXCLUDED."bloodType", allergies=EXCLUDED.allergies, "medicalConditions"=EXCLUDED."medicalConditions", "usoImagem"=EXCLUDED."usoImagem", laudado=EXCLUDED.laudado, nis=EXCLUDED.nis, "codigoAluno"=EXCLUDED."codigoAluno", inscricao=EXCLUDED.inscricao, "nomeMae"=EXCLUDED."nomeMae", "nomePai"=EXCLUDED."nomePai", "celPai"=EXCLUDED."celPai", nacionalidade=EXCLUDED.nacionalidade, naturalidade=EXCLUDED.naturalidade, "ufNascimento"=EXCLUDED."ufNascimento", endereco=EXCLUDED.endereco, cep=EXCLUDED.cep, "dadosResponsaveis"=EXCLUDED."dadosResponsaveis", "documentosMatricula"=EXCLUDED."documentosMatricula", "autorizadosRetirada"=EXCLUDED."autorizadosRetirada", "transporteEscolar"=EXCLUDED."transporteEscolar", "fichaAdministrativa"=EXCLUDED."fichaAdministrativa", "isActive"=TRUE, "updatedAt"=NOW();
  INSERT INTO "Enrollment" (id,"childId","classroomId","enrollmentDate",status,"createdAt","updatedAt")
  VALUES ('seed_enr_' || 'seed_pelicano_child_219606_davi_lucas_de_conceicao_silva_seed_pelicano_class_pel_maternal_2_sabrina', 'seed_pelicano_child_219606_davi_lucas_de_conceicao_silva', 'seed_pelicano_class_pel_maternal_2_sabrina', '2026-02-01 12:00:00', 'ATIVA'::"EnrollmentStatus", NOW(), NOW())
  ON CONFLICT ("childId","classroomId") DO UPDATE SET status=EXCLUDED.status, "updatedAt"=NOW();
  -- Aluno: DAVI LUCAS GATINHO DA SILVA
  INSERT INTO "Child" (id,"mantenedoraId","unitId","firstName","lastName","dateOfBirth",gender,cpf,raca,peso,"bloodType",allergies,"medicalConditions","usoImagem",laudado,nis,"codigoAluno",inscricao,"nomeMae","nomePai","celPai",nacionalidade,naturalidade,"ufNascimento",endereco,cep,"dadosResponsaveis","documentosMatricula","autorizadosRetirada","transporteEscolar","fichaAdministrativa","isActive","createdAt","updatedAt")
  VALUES ('seed_pelicano_child_196107_davi_lucas_gatinho_da_silva',v_mantenedora_id,v_unit_id,'Davi','Lucas Gatinho Da Silva','2022-09-07 12:00:00','MASCULINO'::"Gender",'117.062.241-09','PARDA',NULL,NULL,NULL,NULL,NULL,NULL,NULL,NULL,'196107',NULL,'Caio',NULL,'BRASIL','Brasilia','DF',NULL,'07266900','{"mae": {"nome": null, "cpf": null, "telefone": null}, "pai": {"nome": "Caio", "cpf": null, "telefone": null}, "responsavelPrincipal": {"nome": "Caio", "cpf": null, "parentesco": null, "identidade": null, "orgaoExpedidor": null, "telefone": null}, "enderecoResponsavel": null, "cepResponsavel": null, "escolaridade": null, "profissao": null, "numeroDependentes": null, "numeroPessoasCasa": null}'::jsonb,'{"codigoAluno": null, "inscricao": "196107", "censo": null, "beneficio": null, "nis": null, "pisResponsavel": null, "cpfOriginalAluno": "117.062.241-09", "cpfPersistidoNoCampoCpf": "117.062.241-09", "cpfDuplicadoNaPlanilha": false, "serie2024": null, "origemLinhaPlanilha": 106}'::jsonb,'[]'::jsonb,'{"usaTransporteEscolar": null, "nomeTransporte": null}'::jsonb,'{"turmaPlanilha": "Maternal 2", "professoraPlanilha": "Salete", "fonte": "DADOS PARA PLATAFORMA PEDAGÓGICA (1) (1).xlsx / Planilha1", "linhaPlanilha": 106, "raw": {"INSCRIÇÃO": "196107", "NOME": "DAVI LUCAS GATINHO DA SILVA", "SEXO": "M", "NASC": "2022-09-07T00:00:00", "NACIONALIDADE": "BRASIL", "NATURALIDADE": "Brasilia", "UF": "DF", "CPF": "11706224109", "RAÇA": "PARDA", "CEP": "7266900", "TURMA": "Maternal 2", "PROFESSORA": "Salete", "PAI": "Caio"}}'::jsonb,TRUE,NOW(),NOW())
  ON CONFLICT (id) DO UPDATE SET "unitId"=v_unit_id, "firstName"=EXCLUDED."firstName", "lastName"=EXCLUDED."lastName", "dateOfBirth"=EXCLUDED."dateOfBirth", gender=EXCLUDED.gender, cpf=EXCLUDED.cpf, raca=EXCLUDED.raca, peso=EXCLUDED.peso, "bloodType"=EXCLUDED."bloodType", allergies=EXCLUDED.allergies, "medicalConditions"=EXCLUDED."medicalConditions", "usoImagem"=EXCLUDED."usoImagem", laudado=EXCLUDED.laudado, nis=EXCLUDED.nis, "codigoAluno"=EXCLUDED."codigoAluno", inscricao=EXCLUDED.inscricao, "nomeMae"=EXCLUDED."nomeMae", "nomePai"=EXCLUDED."nomePai", "celPai"=EXCLUDED."celPai", nacionalidade=EXCLUDED.nacionalidade, naturalidade=EXCLUDED.naturalidade, "ufNascimento"=EXCLUDED."ufNascimento", endereco=EXCLUDED.endereco, cep=EXCLUDED.cep, "dadosResponsaveis"=EXCLUDED."dadosResponsaveis", "documentosMatricula"=EXCLUDED."documentosMatricula", "autorizadosRetirada"=EXCLUDED."autorizadosRetirada", "transporteEscolar"=EXCLUDED."transporteEscolar", "fichaAdministrativa"=EXCLUDED."fichaAdministrativa", "isActive"=TRUE, "updatedAt"=NOW();
  INSERT INTO "Enrollment" (id,"childId","classroomId","enrollmentDate",status,"createdAt","updatedAt")
  VALUES ('seed_enr_' || 'seed_pelicano_child_196107_davi_lucas_gatinho_da_silva_seed_pelicano_class_pel_maternal_2_salete', 'seed_pelicano_child_196107_davi_lucas_gatinho_da_silva', 'seed_pelicano_class_pel_maternal_2_salete', '2026-02-01 12:00:00', 'ATIVA'::"EnrollmentStatus", NOW(), NOW())
  ON CONFLICT ("childId","classroomId") DO UPDATE SET status=EXCLUDED.status, "updatedAt"=NOW();
  -- Aluno: DOMINIC ALVES TEIXEIRA
  INSERT INTO "Child" (id,"mantenedoraId","unitId","firstName","lastName","dateOfBirth",gender,cpf,raca,peso,"bloodType",allergies,"medicalConditions","usoImagem",laudado,nis,"codigoAluno",inscricao,"nomeMae","nomePai","celPai",nacionalidade,naturalidade,"ufNascimento",endereco,cep,"dadosResponsaveis","documentosMatricula","autorizadosRetirada","transporteEscolar","fichaAdministrativa","isActive","createdAt","updatedAt")
  VALUES ('seed_pelicano_child_233580_dominic_alves_teixeira',v_mantenedora_id,v_unit_id,'Dominic','Alves Teixeira','2023-01-05 12:00:00','MASCULINO'::"Gender",'118.204.081-08','PARDA',NULL,NULL,NULL,NULL,NULL,NULL,NULL,NULL,'233580',NULL,NULL,NULL,'BRASIL','Brasilia','DF',NULL,'07266900','{"mae": {"nome": null, "cpf": null, "telefone": null}, "pai": {"nome": null, "cpf": null, "telefone": null}, "responsavelPrincipal": {"nome": null, "cpf": null, "parentesco": null, "identidade": null, "orgaoExpedidor": null, "telefone": null}, "enderecoResponsavel": null, "cepResponsavel": null, "escolaridade": null, "profissao": null, "numeroDependentes": null, "numeroPessoasCasa": null}'::jsonb,'{"codigoAluno": null, "inscricao": "233580", "censo": null, "beneficio": null, "nis": null, "pisResponsavel": null, "cpfOriginalAluno": "118.204.081-08", "cpfPersistidoNoCampoCpf": "118.204.081-08", "cpfDuplicadoNaPlanilha": false, "serie2024": null, "origemLinhaPlanilha": 107}'::jsonb,'[]'::jsonb,'{"usaTransporteEscolar": null, "nomeTransporte": null}'::jsonb,'{"turmaPlanilha": "Maternal 2", "professoraPlanilha": "Sabrina", "fonte": "DADOS PARA PLATAFORMA PEDAGÓGICA (1) (1).xlsx / Planilha1", "linhaPlanilha": 107, "raw": {"INSCRIÇÃO": "233580", "NOME": "DOMINIC ALVES TEIXEIRA", "SEXO": "M", "NASC": "2023-01-05T00:00:00", "NACIONALIDADE": "BRASIL", "NATURALIDADE": "Brasilia", "UF": "DF", "CPF": "11820408108", "RAÇA": "PARDA", "CEP": "7266900", "TURMA": "Maternal 2", "PROFESSORA": "Sabrina"}}'::jsonb,TRUE,NOW(),NOW())
  ON CONFLICT (id) DO UPDATE SET "unitId"=v_unit_id, "firstName"=EXCLUDED."firstName", "lastName"=EXCLUDED."lastName", "dateOfBirth"=EXCLUDED."dateOfBirth", gender=EXCLUDED.gender, cpf=EXCLUDED.cpf, raca=EXCLUDED.raca, peso=EXCLUDED.peso, "bloodType"=EXCLUDED."bloodType", allergies=EXCLUDED.allergies, "medicalConditions"=EXCLUDED."medicalConditions", "usoImagem"=EXCLUDED."usoImagem", laudado=EXCLUDED.laudado, nis=EXCLUDED.nis, "codigoAluno"=EXCLUDED."codigoAluno", inscricao=EXCLUDED.inscricao, "nomeMae"=EXCLUDED."nomeMae", "nomePai"=EXCLUDED."nomePai", "celPai"=EXCLUDED."celPai", nacionalidade=EXCLUDED.nacionalidade, naturalidade=EXCLUDED.naturalidade, "ufNascimento"=EXCLUDED."ufNascimento", endereco=EXCLUDED.endereco, cep=EXCLUDED.cep, "dadosResponsaveis"=EXCLUDED."dadosResponsaveis", "documentosMatricula"=EXCLUDED."documentosMatricula", "autorizadosRetirada"=EXCLUDED."autorizadosRetirada", "transporteEscolar"=EXCLUDED."transporteEscolar", "fichaAdministrativa"=EXCLUDED."fichaAdministrativa", "isActive"=TRUE, "updatedAt"=NOW();
  INSERT INTO "Enrollment" (id,"childId","classroomId","enrollmentDate",status,"createdAt","updatedAt")
  VALUES ('seed_enr_' || 'seed_pelicano_child_233580_dominic_alves_teixeira_seed_pelicano_class_pel_maternal_2_sabrina', 'seed_pelicano_child_233580_dominic_alves_teixeira', 'seed_pelicano_class_pel_maternal_2_sabrina', '2026-02-01 12:00:00', 'ATIVA'::"EnrollmentStatus", NOW(), NOW())
  ON CONFLICT ("childId","classroomId") DO UPDATE SET status=EXCLUDED.status, "updatedAt"=NOW();
  -- Aluno: ELISA ARAUJO DA SILVA COUTO
  INSERT INTO "Child" (id,"mantenedoraId","unitId","firstName","lastName","dateOfBirth",gender,cpf,raca,peso,"bloodType",allergies,"medicalConditions","usoImagem",laudado,nis,"codigoAluno",inscricao,"nomeMae","nomePai","celPai",nacionalidade,naturalidade,"ufNascimento",endereco,cep,"dadosResponsaveis","documentosMatricula","autorizadosRetirada","transporteEscolar","fichaAdministrativa","isActive","createdAt","updatedAt")
  VALUES ('seed_pelicano_child_213603_elisa_araujo_da_silva_couto',v_mantenedora_id,v_unit_id,'Elisa','Araujo Da Silva Couto','2022-10-14 12:00:00','FEMININO'::"Gender",'117.399.521-89','PARDA',NULL,NULL,NULL,NULL,NULL,NULL,NULL,NULL,'213603',NULL,NULL,NULL,'BRASIL','Brasilia','DF',NULL,'07266900','{"mae": {"nome": null, "cpf": null, "telefone": null}, "pai": {"nome": null, "cpf": null, "telefone": null}, "responsavelPrincipal": {"nome": null, "cpf": null, "parentesco": null, "identidade": null, "orgaoExpedidor": null, "telefone": null}, "enderecoResponsavel": null, "cepResponsavel": null, "escolaridade": null, "profissao": null, "numeroDependentes": null, "numeroPessoasCasa": null}'::jsonb,'{"codigoAluno": null, "inscricao": "213603", "censo": null, "beneficio": null, "nis": null, "pisResponsavel": null, "cpfOriginalAluno": "117.399.521-89", "cpfPersistidoNoCampoCpf": "117.399.521-89", "cpfDuplicadoNaPlanilha": false, "serie2024": null, "origemLinhaPlanilha": 108}'::jsonb,'[]'::jsonb,'{"usaTransporteEscolar": null, "nomeTransporte": null}'::jsonb,'{"turmaPlanilha": "Maternal 2", "professoraPlanilha": "Ada", "fonte": "DADOS PARA PLATAFORMA PEDAGÓGICA (1) (1).xlsx / Planilha1", "linhaPlanilha": 108, "raw": {"INSCRIÇÃO": "213603", "NOME": "ELISA ARAUJO DA SILVA COUTO", "SEXO": "F", "NASC": "2022-10-14T00:00:00", "NACIONALIDADE": "BRASIL", "NATURALIDADE": "Brasilia", "UF": "DF", "CPF": "11739952189", "RAÇA": "PARDA", "CEP": "7266900", "TURMA": "Maternal 2", "PROFESSORA": "Ada"}}'::jsonb,TRUE,NOW(),NOW())
  ON CONFLICT (id) DO UPDATE SET "unitId"=v_unit_id, "firstName"=EXCLUDED."firstName", "lastName"=EXCLUDED."lastName", "dateOfBirth"=EXCLUDED."dateOfBirth", gender=EXCLUDED.gender, cpf=EXCLUDED.cpf, raca=EXCLUDED.raca, peso=EXCLUDED.peso, "bloodType"=EXCLUDED."bloodType", allergies=EXCLUDED.allergies, "medicalConditions"=EXCLUDED."medicalConditions", "usoImagem"=EXCLUDED."usoImagem", laudado=EXCLUDED.laudado, nis=EXCLUDED.nis, "codigoAluno"=EXCLUDED."codigoAluno", inscricao=EXCLUDED.inscricao, "nomeMae"=EXCLUDED."nomeMae", "nomePai"=EXCLUDED."nomePai", "celPai"=EXCLUDED."celPai", nacionalidade=EXCLUDED.nacionalidade, naturalidade=EXCLUDED.naturalidade, "ufNascimento"=EXCLUDED."ufNascimento", endereco=EXCLUDED.endereco, cep=EXCLUDED.cep, "dadosResponsaveis"=EXCLUDED."dadosResponsaveis", "documentosMatricula"=EXCLUDED."documentosMatricula", "autorizadosRetirada"=EXCLUDED."autorizadosRetirada", "transporteEscolar"=EXCLUDED."transporteEscolar", "fichaAdministrativa"=EXCLUDED."fichaAdministrativa", "isActive"=TRUE, "updatedAt"=NOW();
  INSERT INTO "Enrollment" (id,"childId","classroomId","enrollmentDate",status,"createdAt","updatedAt")
  VALUES ('seed_enr_' || 'seed_pelicano_child_213603_elisa_araujo_da_silva_couto_seed_pelicano_class_pel_maternal_2_ada', 'seed_pelicano_child_213603_elisa_araujo_da_silva_couto', 'seed_pelicano_class_pel_maternal_2_ada', '2026-02-01 12:00:00', 'ATIVA'::"EnrollmentStatus", NOW(), NOW())
  ON CONFLICT ("childId","classroomId") DO UPDATE SET status=EXCLUDED.status, "updatedAt"=NOW();
  -- Aluno: ELISA FREITAS FERNANDES
  INSERT INTO "Child" (id,"mantenedoraId","unitId","firstName","lastName","dateOfBirth",gender,cpf,raca,peso,"bloodType",allergies,"medicalConditions","usoImagem",laudado,nis,"codigoAluno",inscricao,"nomeMae","nomePai","celPai",nacionalidade,naturalidade,"ufNascimento",endereco,cep,"dadosResponsaveis","documentosMatricula","autorizadosRetirada","transporteEscolar","fichaAdministrativa","isActive","createdAt","updatedAt")
  VALUES ('seed_pelicano_child_249144_elisa_freitas_fernandes',v_mantenedora_id,v_unit_id,'Elisa','Freitas Fernandes','2023-03-25 12:00:00','FEMININO'::"Gender",'119.116.531-05','PARDA',NULL,NULL,NULL,NULL,NULL,NULL,NULL,NULL,'249144',NULL,'Arthur',NULL,'BRASIL','Brasilia','DF',NULL,'07266900','{"mae": {"nome": null, "cpf": null, "telefone": null}, "pai": {"nome": "Arthur", "cpf": null, "telefone": null}, "responsavelPrincipal": {"nome": "Arthur", "cpf": null, "parentesco": null, "identidade": null, "orgaoExpedidor": null, "telefone": null}, "enderecoResponsavel": null, "cepResponsavel": null, "escolaridade": null, "profissao": null, "numeroDependentes": null, "numeroPessoasCasa": null}'::jsonb,'{"codigoAluno": null, "inscricao": "249144", "censo": null, "beneficio": null, "nis": null, "pisResponsavel": null, "cpfOriginalAluno": "119.116.531-05", "cpfPersistidoNoCampoCpf": "119.116.531-05", "cpfDuplicadoNaPlanilha": false, "serie2024": null, "origemLinhaPlanilha": 109}'::jsonb,'[]'::jsonb,'{"usaTransporteEscolar": null, "nomeTransporte": null}'::jsonb,'{"turmaPlanilha": "Maternal 2", "professoraPlanilha": "Salete", "fonte": "DADOS PARA PLATAFORMA PEDAGÓGICA (1) (1).xlsx / Planilha1", "linhaPlanilha": 109, "raw": {"INSCRIÇÃO": "249144", "NOME": "ELISA FREITAS FERNANDES", "SEXO": "F", "NASC": "2023-03-25T00:00:00", "NACIONALIDADE": "BRASIL", "NATURALIDADE": "Brasilia", "UF": "DF", "CPF": "11911653105", "RAÇA": "PARDA", "CEP": "7266900", "TURMA": "Maternal 2", "PROFESSORA": "Salete", "PAI": "Arthur"}}'::jsonb,TRUE,NOW(),NOW())
  ON CONFLICT (id) DO UPDATE SET "unitId"=v_unit_id, "firstName"=EXCLUDED."firstName", "lastName"=EXCLUDED."lastName", "dateOfBirth"=EXCLUDED."dateOfBirth", gender=EXCLUDED.gender, cpf=EXCLUDED.cpf, raca=EXCLUDED.raca, peso=EXCLUDED.peso, "bloodType"=EXCLUDED."bloodType", allergies=EXCLUDED.allergies, "medicalConditions"=EXCLUDED."medicalConditions", "usoImagem"=EXCLUDED."usoImagem", laudado=EXCLUDED.laudado, nis=EXCLUDED.nis, "codigoAluno"=EXCLUDED."codigoAluno", inscricao=EXCLUDED.inscricao, "nomeMae"=EXCLUDED."nomeMae", "nomePai"=EXCLUDED."nomePai", "celPai"=EXCLUDED."celPai", nacionalidade=EXCLUDED.nacionalidade, naturalidade=EXCLUDED.naturalidade, "ufNascimento"=EXCLUDED."ufNascimento", endereco=EXCLUDED.endereco, cep=EXCLUDED.cep, "dadosResponsaveis"=EXCLUDED."dadosResponsaveis", "documentosMatricula"=EXCLUDED."documentosMatricula", "autorizadosRetirada"=EXCLUDED."autorizadosRetirada", "transporteEscolar"=EXCLUDED."transporteEscolar", "fichaAdministrativa"=EXCLUDED."fichaAdministrativa", "isActive"=TRUE, "updatedAt"=NOW();
  INSERT INTO "Enrollment" (id,"childId","classroomId","enrollmentDate",status,"createdAt","updatedAt")
  VALUES ('seed_enr_' || 'seed_pelicano_child_249144_elisa_freitas_fernandes_seed_pelicano_class_pel_maternal_2_salete', 'seed_pelicano_child_249144_elisa_freitas_fernandes', 'seed_pelicano_class_pel_maternal_2_salete', '2026-02-01 12:00:00', 'ATIVA'::"EnrollmentStatus", NOW(), NOW())
  ON CONFLICT ("childId","classroomId") DO UPDATE SET status=EXCLUDED.status, "updatedAt"=NOW();
  -- Aluno: ELLIS DIAS DE OLIVEIRA
  INSERT INTO "Child" (id,"mantenedoraId","unitId","firstName","lastName","dateOfBirth",gender,cpf,raca,peso,"bloodType",allergies,"medicalConditions","usoImagem",laudado,nis,"codigoAluno",inscricao,"nomeMae","nomePai","celPai",nacionalidade,naturalidade,"ufNascimento",endereco,cep,"dadosResponsaveis","documentosMatricula","autorizadosRetirada","transporteEscolar","fichaAdministrativa","isActive","createdAt","updatedAt")
  VALUES ('seed_pelicano_child_237205_ellis_dias_de_oliveira',v_mantenedora_id,v_unit_id,'Ellis','Dias De Oliveira','2022-11-19 12:00:00','FEMININO'::"Gender",'117.723.131-06','PARDA',NULL,NULL,NULL,NULL,NULL,NULL,NULL,NULL,'237205',NULL,NULL,NULL,'BRASIL','Brasilia','DF',NULL,'07266900','{"mae": {"nome": null, "cpf": null, "telefone": null}, "pai": {"nome": null, "cpf": null, "telefone": null}, "responsavelPrincipal": {"nome": null, "cpf": null, "parentesco": null, "identidade": null, "orgaoExpedidor": null, "telefone": null}, "enderecoResponsavel": null, "cepResponsavel": null, "escolaridade": null, "profissao": null, "numeroDependentes": null, "numeroPessoasCasa": null}'::jsonb,'{"codigoAluno": null, "inscricao": "237205", "censo": null, "beneficio": null, "nis": null, "pisResponsavel": null, "cpfOriginalAluno": "117.723.131-06", "cpfPersistidoNoCampoCpf": "117.723.131-06", "cpfDuplicadoNaPlanilha": false, "serie2024": null, "origemLinhaPlanilha": 110}'::jsonb,'[]'::jsonb,'{"usaTransporteEscolar": null, "nomeTransporte": null}'::jsonb,'{"turmaPlanilha": "Maternal 2", "professoraPlanilha": "Ada", "fonte": "DADOS PARA PLATAFORMA PEDAGÓGICA (1) (1).xlsx / Planilha1", "linhaPlanilha": 110, "raw": {"INSCRIÇÃO": "237205", "NOME": "ELLIS DIAS DE OLIVEIRA", "SEXO": "F", "NASC": "2022-11-19T00:00:00", "NACIONALIDADE": "BRASIL", "NATURALIDADE": "Brasilia", "UF": "DF", "CPF": "11772313106", "RAÇA": "PARDA", "CEP": "7266900", "TURMA": "Maternal 2", "PROFESSORA": "Ada"}}'::jsonb,TRUE,NOW(),NOW())
  ON CONFLICT (id) DO UPDATE SET "unitId"=v_unit_id, "firstName"=EXCLUDED."firstName", "lastName"=EXCLUDED."lastName", "dateOfBirth"=EXCLUDED."dateOfBirth", gender=EXCLUDED.gender, cpf=EXCLUDED.cpf, raca=EXCLUDED.raca, peso=EXCLUDED.peso, "bloodType"=EXCLUDED."bloodType", allergies=EXCLUDED.allergies, "medicalConditions"=EXCLUDED."medicalConditions", "usoImagem"=EXCLUDED."usoImagem", laudado=EXCLUDED.laudado, nis=EXCLUDED.nis, "codigoAluno"=EXCLUDED."codigoAluno", inscricao=EXCLUDED.inscricao, "nomeMae"=EXCLUDED."nomeMae", "nomePai"=EXCLUDED."nomePai", "celPai"=EXCLUDED."celPai", nacionalidade=EXCLUDED.nacionalidade, naturalidade=EXCLUDED.naturalidade, "ufNascimento"=EXCLUDED."ufNascimento", endereco=EXCLUDED.endereco, cep=EXCLUDED.cep, "dadosResponsaveis"=EXCLUDED."dadosResponsaveis", "documentosMatricula"=EXCLUDED."documentosMatricula", "autorizadosRetirada"=EXCLUDED."autorizadosRetirada", "transporteEscolar"=EXCLUDED."transporteEscolar", "fichaAdministrativa"=EXCLUDED."fichaAdministrativa", "isActive"=TRUE, "updatedAt"=NOW();
  INSERT INTO "Enrollment" (id,"childId","classroomId","enrollmentDate",status,"createdAt","updatedAt")
  VALUES ('seed_enr_' || 'seed_pelicano_child_237205_ellis_dias_de_oliveira_seed_pelicano_class_pel_maternal_2_ada', 'seed_pelicano_child_237205_ellis_dias_de_oliveira', 'seed_pelicano_class_pel_maternal_2_ada', '2026-02-01 12:00:00', 'ATIVA'::"EnrollmentStatus", NOW(), NOW())
  ON CONFLICT ("childId","classroomId") DO UPDATE SET status=EXCLUDED.status, "updatedAt"=NOW();
  -- Aluno: ELOA FERNANDES DA SILVA
  INSERT INTO "Child" (id,"mantenedoraId","unitId","firstName","lastName","dateOfBirth",gender,cpf,raca,peso,"bloodType",allergies,"medicalConditions","usoImagem",laudado,nis,"codigoAluno",inscricao,"nomeMae","nomePai","celPai",nacionalidade,naturalidade,"ufNascimento",endereco,cep,"dadosResponsaveis","documentosMatricula","autorizadosRetirada","transporteEscolar","fichaAdministrativa","isActive","createdAt","updatedAt")
  VALUES ('seed_pelicano_child_220703_eloa_fernandes_da_silva',v_mantenedora_id,v_unit_id,'Eloa','Fernandes Da Silva','2022-08-07 12:00:00','FEMININO'::"Gender",'116.749.611-62','PARDA',NULL,NULL,NULL,NULL,NULL,NULL,NULL,NULL,'220703',NULL,NULL,NULL,'BRASIL','Brasilia','DF',NULL,'07266900','{"mae": {"nome": null, "cpf": null, "telefone": null}, "pai": {"nome": null, "cpf": null, "telefone": null}, "responsavelPrincipal": {"nome": null, "cpf": null, "parentesco": null, "identidade": null, "orgaoExpedidor": null, "telefone": null}, "enderecoResponsavel": null, "cepResponsavel": null, "escolaridade": null, "profissao": null, "numeroDependentes": null, "numeroPessoasCasa": null}'::jsonb,'{"codigoAluno": null, "inscricao": "220703", "censo": null, "beneficio": null, "nis": null, "pisResponsavel": null, "cpfOriginalAluno": "116.749.611-62", "cpfPersistidoNoCampoCpf": "116.749.611-62", "cpfDuplicadoNaPlanilha": false, "serie2024": null, "origemLinhaPlanilha": 111}'::jsonb,'[]'::jsonb,'{"usaTransporteEscolar": null, "nomeTransporte": null}'::jsonb,'{"turmaPlanilha": "Maternal 2", "professoraPlanilha": "Sabrina", "fonte": "DADOS PARA PLATAFORMA PEDAGÓGICA (1) (1).xlsx / Planilha1", "linhaPlanilha": 111, "raw": {"INSCRIÇÃO": "220703", "NOME": "ELOA FERNANDES DA SILVA", "SEXO": "F", "NASC": "2022-08-07T00:00:00", "NACIONALIDADE": "BRASIL", "NATURALIDADE": "Brasilia", "UF": "DF", "CPF": "11674961162", "RAÇA": "PARDA", "CEP": "7266900", "TURMA": "Maternal 2", "PROFESSORA": "Sabrina"}}'::jsonb,TRUE,NOW(),NOW())
  ON CONFLICT (id) DO UPDATE SET "unitId"=v_unit_id, "firstName"=EXCLUDED."firstName", "lastName"=EXCLUDED."lastName", "dateOfBirth"=EXCLUDED."dateOfBirth", gender=EXCLUDED.gender, cpf=EXCLUDED.cpf, raca=EXCLUDED.raca, peso=EXCLUDED.peso, "bloodType"=EXCLUDED."bloodType", allergies=EXCLUDED.allergies, "medicalConditions"=EXCLUDED."medicalConditions", "usoImagem"=EXCLUDED."usoImagem", laudado=EXCLUDED.laudado, nis=EXCLUDED.nis, "codigoAluno"=EXCLUDED."codigoAluno", inscricao=EXCLUDED.inscricao, "nomeMae"=EXCLUDED."nomeMae", "nomePai"=EXCLUDED."nomePai", "celPai"=EXCLUDED."celPai", nacionalidade=EXCLUDED.nacionalidade, naturalidade=EXCLUDED.naturalidade, "ufNascimento"=EXCLUDED."ufNascimento", endereco=EXCLUDED.endereco, cep=EXCLUDED.cep, "dadosResponsaveis"=EXCLUDED."dadosResponsaveis", "documentosMatricula"=EXCLUDED."documentosMatricula", "autorizadosRetirada"=EXCLUDED."autorizadosRetirada", "transporteEscolar"=EXCLUDED."transporteEscolar", "fichaAdministrativa"=EXCLUDED."fichaAdministrativa", "isActive"=TRUE, "updatedAt"=NOW();
  INSERT INTO "Enrollment" (id,"childId","classroomId","enrollmentDate",status,"createdAt","updatedAt")
  VALUES ('seed_enr_' || 'seed_pelicano_child_220703_eloa_fernandes_da_silva_seed_pelicano_class_pel_maternal_2_sabrina', 'seed_pelicano_child_220703_eloa_fernandes_da_silva', 'seed_pelicano_class_pel_maternal_2_sabrina', '2026-02-01 12:00:00', 'ATIVA'::"EnrollmentStatus", NOW(), NOW())
  ON CONFLICT ("childId","classroomId") DO UPDATE SET status=EXCLUDED.status, "updatedAt"=NOW();
  -- Aluno: EMANUELLY DOS SANTOS
  INSERT INTO "Child" (id,"mantenedoraId","unitId","firstName","lastName","dateOfBirth",gender,cpf,raca,peso,"bloodType",allergies,"medicalConditions","usoImagem",laudado,nis,"codigoAluno",inscricao,"nomeMae","nomePai","celPai",nacionalidade,naturalidade,"ufNascimento",endereco,cep,"dadosResponsaveis","documentosMatricula","autorizadosRetirada","transporteEscolar","fichaAdministrativa","isActive","createdAt","updatedAt")
  VALUES ('seed_pelicano_child_222108_emanuelly_dos_santos',v_mantenedora_id,v_unit_id,'Emanuelly','Dos Santos','2022-12-04 12:00:00','FEMININO'::"Gender",'117.883.891-90','PARDA',NULL,NULL,NULL,NULL,NULL,NULL,NULL,NULL,'222108',NULL,'Cezar',NULL,'BRASIL','Brasilia','DF',NULL,'07266900','{"mae": {"nome": null, "cpf": null, "telefone": null}, "pai": {"nome": "Cezar", "cpf": null, "telefone": null}, "responsavelPrincipal": {"nome": "Cezar", "cpf": null, "parentesco": null, "identidade": null, "orgaoExpedidor": null, "telefone": null}, "enderecoResponsavel": null, "cepResponsavel": null, "escolaridade": null, "profissao": null, "numeroDependentes": null, "numeroPessoasCasa": null}'::jsonb,'{"codigoAluno": null, "inscricao": "222108", "censo": null, "beneficio": null, "nis": null, "pisResponsavel": null, "cpfOriginalAluno": "117.883.891-90", "cpfPersistidoNoCampoCpf": "117.883.891-90", "cpfDuplicadoNaPlanilha": false, "serie2024": null, "origemLinhaPlanilha": 112}'::jsonb,'[]'::jsonb,'{"usaTransporteEscolar": null, "nomeTransporte": null}'::jsonb,'{"turmaPlanilha": "Maternal 2", "professoraPlanilha": "Salete", "fonte": "DADOS PARA PLATAFORMA PEDAGÓGICA (1) (1).xlsx / Planilha1", "linhaPlanilha": 112, "raw": {"INSCRIÇÃO": "222108", "NOME": "EMANUELLY DOS SANTOS", "SEXO": "F", "NASC": "2022-12-04T00:00:00", "NACIONALIDADE": "BRASIL", "NATURALIDADE": "Brasilia", "UF": "DF", "CPF": "11788389190", "RAÇA": "PARDA", "CEP": "7266900", "TURMA": "Maternal 2", "PROFESSORA": "Salete", "PAI": "Cezar"}}'::jsonb,TRUE,NOW(),NOW())
  ON CONFLICT (id) DO UPDATE SET "unitId"=v_unit_id, "firstName"=EXCLUDED."firstName", "lastName"=EXCLUDED."lastName", "dateOfBirth"=EXCLUDED."dateOfBirth", gender=EXCLUDED.gender, cpf=EXCLUDED.cpf, raca=EXCLUDED.raca, peso=EXCLUDED.peso, "bloodType"=EXCLUDED."bloodType", allergies=EXCLUDED.allergies, "medicalConditions"=EXCLUDED."medicalConditions", "usoImagem"=EXCLUDED."usoImagem", laudado=EXCLUDED.laudado, nis=EXCLUDED.nis, "codigoAluno"=EXCLUDED."codigoAluno", inscricao=EXCLUDED.inscricao, "nomeMae"=EXCLUDED."nomeMae", "nomePai"=EXCLUDED."nomePai", "celPai"=EXCLUDED."celPai", nacionalidade=EXCLUDED.nacionalidade, naturalidade=EXCLUDED.naturalidade, "ufNascimento"=EXCLUDED."ufNascimento", endereco=EXCLUDED.endereco, cep=EXCLUDED.cep, "dadosResponsaveis"=EXCLUDED."dadosResponsaveis", "documentosMatricula"=EXCLUDED."documentosMatricula", "autorizadosRetirada"=EXCLUDED."autorizadosRetirada", "transporteEscolar"=EXCLUDED."transporteEscolar", "fichaAdministrativa"=EXCLUDED."fichaAdministrativa", "isActive"=TRUE, "updatedAt"=NOW();
  INSERT INTO "Enrollment" (id,"childId","classroomId","enrollmentDate",status,"createdAt","updatedAt")
  VALUES ('seed_enr_' || 'seed_pelicano_child_222108_emanuelly_dos_santos_seed_pelicano_class_pel_maternal_2_salete', 'seed_pelicano_child_222108_emanuelly_dos_santos', 'seed_pelicano_class_pel_maternal_2_salete', '2026-02-01 12:00:00', 'ATIVA'::"EnrollmentStatus", NOW(), NOW())
  ON CONFLICT ("childId","classroomId") DO UPDATE SET status=EXCLUDED.status, "updatedAt"=NOW();
  -- Aluno: EMANUEL SALES BASILIO
  INSERT INTO "Child" (id,"mantenedoraId","unitId","firstName","lastName","dateOfBirth",gender,cpf,raca,peso,"bloodType",allergies,"medicalConditions","usoImagem",laudado,nis,"codigoAluno",inscricao,"nomeMae","nomePai","celPai",nacionalidade,naturalidade,"ufNascimento",endereco,cep,"dadosResponsaveis","documentosMatricula","autorizadosRetirada","transporteEscolar","fichaAdministrativa","isActive","createdAt","updatedAt")
  VALUES ('seed_pelicano_child_243720_emanuel_sales_basilio',v_mantenedora_id,v_unit_id,'Emanuel','Sales Basilio','2022-12-09 12:00:00','MASCULINO'::"Gender",'117.930.281-84','PARDA',NULL,NULL,NULL,NULL,NULL,NULL,NULL,NULL,'243720',NULL,'Wanderlei',NULL,'BRASIL','Brasilia','DF',NULL,'07266900','{"mae": {"nome": null, "cpf": null, "telefone": null}, "pai": {"nome": "Wanderlei", "cpf": null, "telefone": null}, "responsavelPrincipal": {"nome": "Wanderlei", "cpf": null, "parentesco": null, "identidade": null, "orgaoExpedidor": null, "telefone": null}, "enderecoResponsavel": null, "cepResponsavel": null, "escolaridade": null, "profissao": null, "numeroDependentes": null, "numeroPessoasCasa": null}'::jsonb,'{"codigoAluno": null, "inscricao": "243720", "censo": null, "beneficio": null, "nis": null, "pisResponsavel": null, "cpfOriginalAluno": "117.930.281-84", "cpfPersistidoNoCampoCpf": "117.930.281-84", "cpfDuplicadoNaPlanilha": false, "serie2024": null, "origemLinhaPlanilha": 113}'::jsonb,'[]'::jsonb,'{"usaTransporteEscolar": null, "nomeTransporte": null}'::jsonb,'{"turmaPlanilha": "Maternal 2", "professoraPlanilha": "Shirlene", "fonte": "DADOS PARA PLATAFORMA PEDAGÓGICA (1) (1).xlsx / Planilha1", "linhaPlanilha": 113, "raw": {"INSCRIÇÃO": "243720", "NOME": "EMANUEL SALES BASILIO", "SEXO": "M", "NASC": "2022-12-09T00:00:00", "NACIONALIDADE": "BRASIL", "NATURALIDADE": "Brasilia", "UF": "DF", "CPF": "11793028184", "RAÇA": "PARDA", "CEP": "7266900", "TURMA": "Maternal 2", "PROFESSORA": "Shirlene", "PAI": "Wanderlei"}}'::jsonb,TRUE,NOW(),NOW())
  ON CONFLICT (id) DO UPDATE SET "unitId"=v_unit_id, "firstName"=EXCLUDED."firstName", "lastName"=EXCLUDED."lastName", "dateOfBirth"=EXCLUDED."dateOfBirth", gender=EXCLUDED.gender, cpf=EXCLUDED.cpf, raca=EXCLUDED.raca, peso=EXCLUDED.peso, "bloodType"=EXCLUDED."bloodType", allergies=EXCLUDED.allergies, "medicalConditions"=EXCLUDED."medicalConditions", "usoImagem"=EXCLUDED."usoImagem", laudado=EXCLUDED.laudado, nis=EXCLUDED.nis, "codigoAluno"=EXCLUDED."codigoAluno", inscricao=EXCLUDED.inscricao, "nomeMae"=EXCLUDED."nomeMae", "nomePai"=EXCLUDED."nomePai", "celPai"=EXCLUDED."celPai", nacionalidade=EXCLUDED.nacionalidade, naturalidade=EXCLUDED.naturalidade, "ufNascimento"=EXCLUDED."ufNascimento", endereco=EXCLUDED.endereco, cep=EXCLUDED.cep, "dadosResponsaveis"=EXCLUDED."dadosResponsaveis", "documentosMatricula"=EXCLUDED."documentosMatricula", "autorizadosRetirada"=EXCLUDED."autorizadosRetirada", "transporteEscolar"=EXCLUDED."transporteEscolar", "fichaAdministrativa"=EXCLUDED."fichaAdministrativa", "isActive"=TRUE, "updatedAt"=NOW();
  INSERT INTO "Enrollment" (id,"childId","classroomId","enrollmentDate",status,"createdAt","updatedAt")
  VALUES ('seed_enr_' || 'seed_pelicano_child_243720_emanuel_sales_basilio_seed_pelicano_class_pel_maternal_2_shirlene', 'seed_pelicano_child_243720_emanuel_sales_basilio', 'seed_pelicano_class_pel_maternal_2_shirlene', '2026-02-01 12:00:00', 'ATIVA'::"EnrollmentStatus", NOW(), NOW())
  ON CONFLICT ("childId","classroomId") DO UPDATE SET status=EXCLUDED.status, "updatedAt"=NOW();
  -- Aluno: ESTEVAO CARLOS FARIAS DOS SANTOS
  INSERT INTO "Child" (id,"mantenedoraId","unitId","firstName","lastName","dateOfBirth",gender,cpf,raca,peso,"bloodType",allergies,"medicalConditions","usoImagem",laudado,nis,"codigoAluno",inscricao,"nomeMae","nomePai","celPai",nacionalidade,naturalidade,"ufNascimento",endereco,cep,"dadosResponsaveis","documentosMatricula","autorizadosRetirada","transporteEscolar","fichaAdministrativa","isActive","createdAt","updatedAt")
  VALUES ('seed_pelicano_child_223422_estevao_carlos_farias_dos_santos',v_mantenedora_id,v_unit_id,'Estevao','Carlos Farias Dos Santos','2022-12-10 12:00:00','MASCULINO'::"Gender",'117.931.081-02','PARDA',NULL,NULL,NULL,NULL,NULL,NULL,NULL,NULL,'223422',NULL,NULL,NULL,'BRASIL','Brasilia','DF',NULL,'07266900','{"mae": {"nome": null, "cpf": null, "telefone": null}, "pai": {"nome": null, "cpf": null, "telefone": null}, "responsavelPrincipal": {"nome": null, "cpf": null, "parentesco": null, "identidade": null, "orgaoExpedidor": null, "telefone": null}, "enderecoResponsavel": null, "cepResponsavel": null, "escolaridade": null, "profissao": null, "numeroDependentes": null, "numeroPessoasCasa": null}'::jsonb,'{"codigoAluno": null, "inscricao": "223422", "censo": null, "beneficio": null, "nis": null, "pisResponsavel": null, "cpfOriginalAluno": "117.931.081-02", "cpfPersistidoNoCampoCpf": "117.931.081-02", "cpfDuplicadoNaPlanilha": false, "serie2024": null, "origemLinhaPlanilha": 114}'::jsonb,'[]'::jsonb,'{"usaTransporteEscolar": null, "nomeTransporte": null}'::jsonb,'{"turmaPlanilha": "Maternal 2", "professoraPlanilha": "Miriam", "fonte": "DADOS PARA PLATAFORMA PEDAGÓGICA (1) (1).xlsx / Planilha1", "linhaPlanilha": 114, "raw": {"INSCRIÇÃO": "223422", "NOME": "ESTEVAO CARLOS FARIAS DOS SANTOS", "SEXO": "M", "NASC": "2022-12-10T00:00:00", "NACIONALIDADE": "BRASIL", "NATURALIDADE": "Brasilia", "UF": "DF", "CPF": "11793108102", "RAÇA": "PARDA", "CEP": "7266900", "TURMA": "Maternal 2", "PROFESSORA": "Miriam"}}'::jsonb,TRUE,NOW(),NOW())
  ON CONFLICT (id) DO UPDATE SET "unitId"=v_unit_id, "firstName"=EXCLUDED."firstName", "lastName"=EXCLUDED."lastName", "dateOfBirth"=EXCLUDED."dateOfBirth", gender=EXCLUDED.gender, cpf=EXCLUDED.cpf, raca=EXCLUDED.raca, peso=EXCLUDED.peso, "bloodType"=EXCLUDED."bloodType", allergies=EXCLUDED.allergies, "medicalConditions"=EXCLUDED."medicalConditions", "usoImagem"=EXCLUDED."usoImagem", laudado=EXCLUDED.laudado, nis=EXCLUDED.nis, "codigoAluno"=EXCLUDED."codigoAluno", inscricao=EXCLUDED.inscricao, "nomeMae"=EXCLUDED."nomeMae", "nomePai"=EXCLUDED."nomePai", "celPai"=EXCLUDED."celPai", nacionalidade=EXCLUDED.nacionalidade, naturalidade=EXCLUDED.naturalidade, "ufNascimento"=EXCLUDED."ufNascimento", endereco=EXCLUDED.endereco, cep=EXCLUDED.cep, "dadosResponsaveis"=EXCLUDED."dadosResponsaveis", "documentosMatricula"=EXCLUDED."documentosMatricula", "autorizadosRetirada"=EXCLUDED."autorizadosRetirada", "transporteEscolar"=EXCLUDED."transporteEscolar", "fichaAdministrativa"=EXCLUDED."fichaAdministrativa", "isActive"=TRUE, "updatedAt"=NOW();
  INSERT INTO "Enrollment" (id,"childId","classroomId","enrollmentDate",status,"createdAt","updatedAt")
  VALUES ('seed_enr_' || 'seed_pelicano_child_223422_estevao_carlos_farias_dos_santos_seed_pelicano_class_pel_maternal_2_miria', 'seed_pelicano_child_223422_estevao_carlos_farias_dos_santos', 'seed_pelicano_class_pel_maternal_2_miriam', '2026-02-01 12:00:00', 'ATIVA'::"EnrollmentStatus", NOW(), NOW())
  ON CONFLICT ("childId","classroomId") DO UPDATE SET status=EXCLUDED.status, "updatedAt"=NOW();
  -- Aluno: ESTHER GALENO SILVA
  INSERT INTO "Child" (id,"mantenedoraId","unitId","firstName","lastName","dateOfBirth",gender,cpf,raca,peso,"bloodType",allergies,"medicalConditions","usoImagem",laudado,nis,"codigoAluno",inscricao,"nomeMae","nomePai","celPai",nacionalidade,naturalidade,"ufNascimento",endereco,cep,"dadosResponsaveis","documentosMatricula","autorizadosRetirada","transporteEscolar","fichaAdministrativa","isActive","createdAt","updatedAt")
  VALUES ('seed_pelicano_child_243054_esther_galeno_silva',v_mantenedora_id,v_unit_id,'Esther','Galeno Silva','2022-08-22 12:00:00','FEMININO'::"Gender",'116.901.551-40','PARDA',NULL,NULL,NULL,NULL,NULL,NULL,NULL,NULL,'243054',NULL,'Francisco',NULL,'BRASIL','Brasilia','DF',NULL,'07266900','{"mae": {"nome": null, "cpf": null, "telefone": null}, "pai": {"nome": "Francisco", "cpf": null, "telefone": null}, "responsavelPrincipal": {"nome": "Francisco", "cpf": null, "parentesco": null, "identidade": null, "orgaoExpedidor": null, "telefone": null}, "enderecoResponsavel": null, "cepResponsavel": null, "escolaridade": null, "profissao": null, "numeroDependentes": null, "numeroPessoasCasa": null}'::jsonb,'{"codigoAluno": null, "inscricao": "243054", "censo": null, "beneficio": null, "nis": null, "pisResponsavel": null, "cpfOriginalAluno": "116.901.551-40", "cpfPersistidoNoCampoCpf": "116.901.551-40", "cpfDuplicadoNaPlanilha": false, "serie2024": null, "origemLinhaPlanilha": 115}'::jsonb,'[]'::jsonb,'{"usaTransporteEscolar": null, "nomeTransporte": null}'::jsonb,'{"turmaPlanilha": "Maternal 2", "professoraPlanilha": "Shirlene", "fonte": "DADOS PARA PLATAFORMA PEDAGÓGICA (1) (1).xlsx / Planilha1", "linhaPlanilha": 115, "raw": {"INSCRIÇÃO": "243054", "NOME": "ESTHER GALENO SILVA", "SEXO": "F", "NASC": "2022-08-22T00:00:00", "NACIONALIDADE": "BRASIL", "NATURALIDADE": "Brasilia", "UF": "DF", "CPF": "11690155140", "RAÇA": "PARDA", "CEP": "7266900", "TURMA": "Maternal 2", "PROFESSORA": "Shirlene", "PAI": "Francisco"}}'::jsonb,TRUE,NOW(),NOW())
  ON CONFLICT (id) DO UPDATE SET "unitId"=v_unit_id, "firstName"=EXCLUDED."firstName", "lastName"=EXCLUDED."lastName", "dateOfBirth"=EXCLUDED."dateOfBirth", gender=EXCLUDED.gender, cpf=EXCLUDED.cpf, raca=EXCLUDED.raca, peso=EXCLUDED.peso, "bloodType"=EXCLUDED."bloodType", allergies=EXCLUDED.allergies, "medicalConditions"=EXCLUDED."medicalConditions", "usoImagem"=EXCLUDED."usoImagem", laudado=EXCLUDED.laudado, nis=EXCLUDED.nis, "codigoAluno"=EXCLUDED."codigoAluno", inscricao=EXCLUDED.inscricao, "nomeMae"=EXCLUDED."nomeMae", "nomePai"=EXCLUDED."nomePai", "celPai"=EXCLUDED."celPai", nacionalidade=EXCLUDED.nacionalidade, naturalidade=EXCLUDED.naturalidade, "ufNascimento"=EXCLUDED."ufNascimento", endereco=EXCLUDED.endereco, cep=EXCLUDED.cep, "dadosResponsaveis"=EXCLUDED."dadosResponsaveis", "documentosMatricula"=EXCLUDED."documentosMatricula", "autorizadosRetirada"=EXCLUDED."autorizadosRetirada", "transporteEscolar"=EXCLUDED."transporteEscolar", "fichaAdministrativa"=EXCLUDED."fichaAdministrativa", "isActive"=TRUE, "updatedAt"=NOW();
  INSERT INTO "Enrollment" (id,"childId","classroomId","enrollmentDate",status,"createdAt","updatedAt")
  VALUES ('seed_enr_' || 'seed_pelicano_child_243054_esther_galeno_silva_seed_pelicano_class_pel_maternal_2_shirlene', 'seed_pelicano_child_243054_esther_galeno_silva', 'seed_pelicano_class_pel_maternal_2_shirlene', '2026-02-01 12:00:00', 'ATIVA'::"EnrollmentStatus", NOW(), NOW())
  ON CONFLICT ("childId","classroomId") DO UPDATE SET status=EXCLUDED.status, "updatedAt"=NOW();
  -- Aluno: ESTHER SOPHIA DA SILVA
  INSERT INTO "Child" (id,"mantenedoraId","unitId","firstName","lastName","dateOfBirth",gender,cpf,raca,peso,"bloodType",allergies,"medicalConditions","usoImagem",laudado,nis,"codigoAluno",inscricao,"nomeMae","nomePai","celPai",nacionalidade,naturalidade,"ufNascimento",endereco,cep,"dadosResponsaveis","documentosMatricula","autorizadosRetirada","transporteEscolar","fichaAdministrativa","isActive","createdAt","updatedAt")
  VALUES ('seed_pelicano_child_215939_esther_sophia_da_silva',v_mantenedora_id,v_unit_id,'Esther','Sophia Da Silva','2022-07-18 12:00:00','FEMININO'::"Gender",'116.586.951-94','PARDA',NULL,NULL,NULL,NULL,NULL,NULL,NULL,NULL,'215939',NULL,NULL,NULL,'BRASIL','Brasilia','DF',NULL,'07266900','{"mae": {"nome": null, "cpf": null, "telefone": null}, "pai": {"nome": null, "cpf": null, "telefone": null}, "responsavelPrincipal": {"nome": null, "cpf": null, "parentesco": null, "identidade": null, "orgaoExpedidor": null, "telefone": null}, "enderecoResponsavel": null, "cepResponsavel": null, "escolaridade": null, "profissao": null, "numeroDependentes": null, "numeroPessoasCasa": null}'::jsonb,'{"codigoAluno": null, "inscricao": "215939", "censo": null, "beneficio": null, "nis": null, "pisResponsavel": null, "cpfOriginalAluno": "116.586.951-94", "cpfPersistidoNoCampoCpf": "116.586.951-94", "cpfDuplicadoNaPlanilha": false, "serie2024": null, "origemLinhaPlanilha": 116}'::jsonb,'[]'::jsonb,'{"usaTransporteEscolar": null, "nomeTransporte": null}'::jsonb,'{"turmaPlanilha": "Maternal 2", "professoraPlanilha": "Miriam", "fonte": "DADOS PARA PLATAFORMA PEDAGÓGICA (1) (1).xlsx / Planilha1", "linhaPlanilha": 116, "raw": {"INSCRIÇÃO": "215939", "NOME": "ESTHER SOPHIA DA SILVA", "SEXO": "F", "NASC": "2022-07-18T00:00:00", "NACIONALIDADE": "BRASIL", "NATURALIDADE": "Brasilia", "UF": "DF", "CPF": "11658695194", "RAÇA": "PARDA", "CEP": "7266900", "TURMA": "Maternal 2", "PROFESSORA": "Miriam"}}'::jsonb,TRUE,NOW(),NOW())
  ON CONFLICT (id) DO UPDATE SET "unitId"=v_unit_id, "firstName"=EXCLUDED."firstName", "lastName"=EXCLUDED."lastName", "dateOfBirth"=EXCLUDED."dateOfBirth", gender=EXCLUDED.gender, cpf=EXCLUDED.cpf, raca=EXCLUDED.raca, peso=EXCLUDED.peso, "bloodType"=EXCLUDED."bloodType", allergies=EXCLUDED.allergies, "medicalConditions"=EXCLUDED."medicalConditions", "usoImagem"=EXCLUDED."usoImagem", laudado=EXCLUDED.laudado, nis=EXCLUDED.nis, "codigoAluno"=EXCLUDED."codigoAluno", inscricao=EXCLUDED.inscricao, "nomeMae"=EXCLUDED."nomeMae", "nomePai"=EXCLUDED."nomePai", "celPai"=EXCLUDED."celPai", nacionalidade=EXCLUDED.nacionalidade, naturalidade=EXCLUDED.naturalidade, "ufNascimento"=EXCLUDED."ufNascimento", endereco=EXCLUDED.endereco, cep=EXCLUDED.cep, "dadosResponsaveis"=EXCLUDED."dadosResponsaveis", "documentosMatricula"=EXCLUDED."documentosMatricula", "autorizadosRetirada"=EXCLUDED."autorizadosRetirada", "transporteEscolar"=EXCLUDED."transporteEscolar", "fichaAdministrativa"=EXCLUDED."fichaAdministrativa", "isActive"=TRUE, "updatedAt"=NOW();
  INSERT INTO "Enrollment" (id,"childId","classroomId","enrollmentDate",status,"createdAt","updatedAt")
  VALUES ('seed_enr_' || 'seed_pelicano_child_215939_esther_sophia_da_silva_seed_pelicano_class_pel_maternal_2_miriam', 'seed_pelicano_child_215939_esther_sophia_da_silva', 'seed_pelicano_class_pel_maternal_2_miriam', '2026-02-01 12:00:00', 'ATIVA'::"EnrollmentStatus", NOW(), NOW())
  ON CONFLICT ("childId","classroomId") DO UPDATE SET status=EXCLUDED.status, "updatedAt"=NOW();
  -- Aluno: GABRIEL OLIVEIRA LIMA
  INSERT INTO "Child" (id,"mantenedoraId","unitId","firstName","lastName","dateOfBirth",gender,cpf,raca,peso,"bloodType",allergies,"medicalConditions","usoImagem",laudado,nis,"codigoAluno",inscricao,"nomeMae","nomePai","celPai",nacionalidade,naturalidade,"ufNascimento",endereco,cep,"dadosResponsaveis","documentosMatricula","autorizadosRetirada","transporteEscolar","fichaAdministrativa","isActive","createdAt","updatedAt")
  VALUES ('seed_pelicano_child_218851_gabriel_oliveira_lima',v_mantenedora_id,v_unit_id,'Gabriel','Oliveira Lima','2022-04-19 12:00:00','MASCULINO'::"Gender",'115.653.701-04','PARDA',NULL,NULL,NULL,NULL,NULL,NULL,NULL,NULL,'218851',NULL,NULL,NULL,'BRASIL','Brasilia','DF',NULL,'07266900','{"mae": {"nome": null, "cpf": null, "telefone": null}, "pai": {"nome": null, "cpf": null, "telefone": null}, "responsavelPrincipal": {"nome": null, "cpf": null, "parentesco": null, "identidade": null, "orgaoExpedidor": null, "telefone": null}, "enderecoResponsavel": null, "cepResponsavel": null, "escolaridade": null, "profissao": null, "numeroDependentes": null, "numeroPessoasCasa": null}'::jsonb,'{"codigoAluno": null, "inscricao": "218851", "censo": null, "beneficio": null, "nis": null, "pisResponsavel": null, "cpfOriginalAluno": "115.653.701-04", "cpfPersistidoNoCampoCpf": "115.653.701-04", "cpfDuplicadoNaPlanilha": false, "serie2024": null, "origemLinhaPlanilha": 117}'::jsonb,'[]'::jsonb,'{"usaTransporteEscolar": null, "nomeTransporte": null}'::jsonb,'{"turmaPlanilha": "Maternal 2", "professoraPlanilha": "Sabrina", "fonte": "DADOS PARA PLATAFORMA PEDAGÓGICA (1) (1).xlsx / Planilha1", "linhaPlanilha": 117, "raw": {"INSCRIÇÃO": "218851", "NOME": "GABRIEL OLIVEIRA LIMA", "SEXO": "M", "NASC": "2022-04-19T00:00:00", "NACIONALIDADE": "BRASIL", "NATURALIDADE": "Brasilia", "UF": "DF", "CPF": "11565370104", "RAÇA": "PARDA", "CEP": "7266900", "TURMA": "Maternal 2", "PROFESSORA": "Sabrina"}}'::jsonb,TRUE,NOW(),NOW())
  ON CONFLICT (id) DO UPDATE SET "unitId"=v_unit_id, "firstName"=EXCLUDED."firstName", "lastName"=EXCLUDED."lastName", "dateOfBirth"=EXCLUDED."dateOfBirth", gender=EXCLUDED.gender, cpf=EXCLUDED.cpf, raca=EXCLUDED.raca, peso=EXCLUDED.peso, "bloodType"=EXCLUDED."bloodType", allergies=EXCLUDED.allergies, "medicalConditions"=EXCLUDED."medicalConditions", "usoImagem"=EXCLUDED."usoImagem", laudado=EXCLUDED.laudado, nis=EXCLUDED.nis, "codigoAluno"=EXCLUDED."codigoAluno", inscricao=EXCLUDED.inscricao, "nomeMae"=EXCLUDED."nomeMae", "nomePai"=EXCLUDED."nomePai", "celPai"=EXCLUDED."celPai", nacionalidade=EXCLUDED.nacionalidade, naturalidade=EXCLUDED.naturalidade, "ufNascimento"=EXCLUDED."ufNascimento", endereco=EXCLUDED.endereco, cep=EXCLUDED.cep, "dadosResponsaveis"=EXCLUDED."dadosResponsaveis", "documentosMatricula"=EXCLUDED."documentosMatricula", "autorizadosRetirada"=EXCLUDED."autorizadosRetirada", "transporteEscolar"=EXCLUDED."transporteEscolar", "fichaAdministrativa"=EXCLUDED."fichaAdministrativa", "isActive"=TRUE, "updatedAt"=NOW();
  INSERT INTO "Enrollment" (id,"childId","classroomId","enrollmentDate",status,"createdAt","updatedAt")
  VALUES ('seed_enr_' || 'seed_pelicano_child_218851_gabriel_oliveira_lima_seed_pelicano_class_pel_maternal_2_sabrina', 'seed_pelicano_child_218851_gabriel_oliveira_lima', 'seed_pelicano_class_pel_maternal_2_sabrina', '2026-02-01 12:00:00', 'ATIVA'::"EnrollmentStatus", NOW(), NOW())
  ON CONFLICT ("childId","classroomId") DO UPDATE SET status=EXCLUDED.status, "updatedAt"=NOW();
  -- Aluno: GAEL ALVES DA SILVA
  INSERT INTO "Child" (id,"mantenedoraId","unitId","firstName","lastName","dateOfBirth",gender,cpf,raca,peso,"bloodType",allergies,"medicalConditions","usoImagem",laudado,nis,"codigoAluno",inscricao,"nomeMae","nomePai","celPai",nacionalidade,naturalidade,"ufNascimento",endereco,cep,"dadosResponsaveis","documentosMatricula","autorizadosRetirada","transporteEscolar","fichaAdministrativa","isActive","createdAt","updatedAt")
  VALUES ('seed_pelicano_child_242193_gael_alves_da_silva',v_mantenedora_id,v_unit_id,'Gael','Alves Da Silva','2022-11-12 12:00:00','MASCULINO'::"Gender",'117.667.231-28','PARDA',NULL,NULL,NULL,NULL,NULL,NULL,NULL,NULL,'242193',NULL,NULL,NULL,'BRASIL','Brasilia','DF',NULL,'07266900','{"mae": {"nome": null, "cpf": null, "telefone": null}, "pai": {"nome": null, "cpf": null, "telefone": null}, "responsavelPrincipal": {"nome": null, "cpf": null, "parentesco": null, "identidade": null, "orgaoExpedidor": null, "telefone": null}, "enderecoResponsavel": null, "cepResponsavel": null, "escolaridade": null, "profissao": null, "numeroDependentes": null, "numeroPessoasCasa": null}'::jsonb,'{"codigoAluno": null, "inscricao": "242193", "censo": null, "beneficio": null, "nis": null, "pisResponsavel": null, "cpfOriginalAluno": "117.667.231-28", "cpfPersistidoNoCampoCpf": "117.667.231-28", "cpfDuplicadoNaPlanilha": false, "serie2024": null, "origemLinhaPlanilha": 118}'::jsonb,'[]'::jsonb,'{"usaTransporteEscolar": null, "nomeTransporte": null}'::jsonb,'{"turmaPlanilha": "Maternal 2", "professoraPlanilha": "Miriam", "fonte": "DADOS PARA PLATAFORMA PEDAGÓGICA (1) (1).xlsx / Planilha1", "linhaPlanilha": 118, "raw": {"INSCRIÇÃO": "242193", "NOME": "GAEL ALVES DA SILVA", "SEXO": "M", "NASC": "2022-11-12T00:00:00", "NACIONALIDADE": "BRASIL", "NATURALIDADE": "Brasilia", "UF": "DF", "CPF": "11766723128", "RAÇA": "PARDA", "CEP": "7266900", "TURMA": "Maternal 2", "PROFESSORA": "Miriam"}}'::jsonb,TRUE,NOW(),NOW())
  ON CONFLICT (id) DO UPDATE SET "unitId"=v_unit_id, "firstName"=EXCLUDED."firstName", "lastName"=EXCLUDED."lastName", "dateOfBirth"=EXCLUDED."dateOfBirth", gender=EXCLUDED.gender, cpf=EXCLUDED.cpf, raca=EXCLUDED.raca, peso=EXCLUDED.peso, "bloodType"=EXCLUDED."bloodType", allergies=EXCLUDED.allergies, "medicalConditions"=EXCLUDED."medicalConditions", "usoImagem"=EXCLUDED."usoImagem", laudado=EXCLUDED.laudado, nis=EXCLUDED.nis, "codigoAluno"=EXCLUDED."codigoAluno", inscricao=EXCLUDED.inscricao, "nomeMae"=EXCLUDED."nomeMae", "nomePai"=EXCLUDED."nomePai", "celPai"=EXCLUDED."celPai", nacionalidade=EXCLUDED.nacionalidade, naturalidade=EXCLUDED.naturalidade, "ufNascimento"=EXCLUDED."ufNascimento", endereco=EXCLUDED.endereco, cep=EXCLUDED.cep, "dadosResponsaveis"=EXCLUDED."dadosResponsaveis", "documentosMatricula"=EXCLUDED."documentosMatricula", "autorizadosRetirada"=EXCLUDED."autorizadosRetirada", "transporteEscolar"=EXCLUDED."transporteEscolar", "fichaAdministrativa"=EXCLUDED."fichaAdministrativa", "isActive"=TRUE, "updatedAt"=NOW();
  INSERT INTO "Enrollment" (id,"childId","classroomId","enrollmentDate",status,"createdAt","updatedAt")
  VALUES ('seed_enr_' || 'seed_pelicano_child_242193_gael_alves_da_silva_seed_pelicano_class_pel_maternal_2_miriam', 'seed_pelicano_child_242193_gael_alves_da_silva', 'seed_pelicano_class_pel_maternal_2_miriam', '2026-02-01 12:00:00', 'ATIVA'::"EnrollmentStatus", NOW(), NOW())
  ON CONFLICT ("childId","classroomId") DO UPDATE SET status=EXCLUDED.status, "updatedAt"=NOW();
  -- Aluno: GAEL FRANCA COSTA E SILVA
  INSERT INTO "Child" (id,"mantenedoraId","unitId","firstName","lastName","dateOfBirth",gender,cpf,raca,peso,"bloodType",allergies,"medicalConditions","usoImagem",laudado,nis,"codigoAluno",inscricao,"nomeMae","nomePai","celPai",nacionalidade,naturalidade,"ufNascimento",endereco,cep,"dadosResponsaveis","documentosMatricula","autorizadosRetirada","transporteEscolar","fichaAdministrativa","isActive","createdAt","updatedAt")
  VALUES ('seed_pelicano_child_215541_gael_franca_costa_e_silva',v_mantenedora_id,v_unit_id,'Gael','Franca Costa E Silva','2022-07-31 12:00:00','MASCULINO'::"Gender",'116.691.841-61','PARDA',NULL,NULL,NULL,NULL,NULL,NULL,NULL,NULL,'215541',NULL,NULL,NULL,'BRASIL','Brasilia','DF',NULL,'07266900','{"mae": {"nome": null, "cpf": null, "telefone": null}, "pai": {"nome": null, "cpf": null, "telefone": null}, "responsavelPrincipal": {"nome": null, "cpf": null, "parentesco": null, "identidade": null, "orgaoExpedidor": null, "telefone": null}, "enderecoResponsavel": null, "cepResponsavel": null, "escolaridade": null, "profissao": null, "numeroDependentes": null, "numeroPessoasCasa": null}'::jsonb,'{"codigoAluno": null, "inscricao": "215541", "censo": null, "beneficio": null, "nis": null, "pisResponsavel": null, "cpfOriginalAluno": "116.691.841-61", "cpfPersistidoNoCampoCpf": "116.691.841-61", "cpfDuplicadoNaPlanilha": false, "serie2024": null, "origemLinhaPlanilha": 119}'::jsonb,'[]'::jsonb,'{"usaTransporteEscolar": null, "nomeTransporte": null}'::jsonb,'{"turmaPlanilha": "Maternal 2", "professoraPlanilha": "Ada", "fonte": "DADOS PARA PLATAFORMA PEDAGÓGICA (1) (1).xlsx / Planilha1", "linhaPlanilha": 119, "raw": {"INSCRIÇÃO": "215541", "NOME": "GAEL FRANCA COSTA E SILVA", "SEXO": "M", "NASC": "2022-07-31T00:00:00", "NACIONALIDADE": "BRASIL", "NATURALIDADE": "Brasilia", "UF": "DF", "CPF": "11669184161", "RAÇA": "PARDA", "CEP": "7266900", "TURMA": "Maternal 2", "PROFESSORA": "Ada"}}'::jsonb,TRUE,NOW(),NOW())
  ON CONFLICT (id) DO UPDATE SET "unitId"=v_unit_id, "firstName"=EXCLUDED."firstName", "lastName"=EXCLUDED."lastName", "dateOfBirth"=EXCLUDED."dateOfBirth", gender=EXCLUDED.gender, cpf=EXCLUDED.cpf, raca=EXCLUDED.raca, peso=EXCLUDED.peso, "bloodType"=EXCLUDED."bloodType", allergies=EXCLUDED.allergies, "medicalConditions"=EXCLUDED."medicalConditions", "usoImagem"=EXCLUDED."usoImagem", laudado=EXCLUDED.laudado, nis=EXCLUDED.nis, "codigoAluno"=EXCLUDED."codigoAluno", inscricao=EXCLUDED.inscricao, "nomeMae"=EXCLUDED."nomeMae", "nomePai"=EXCLUDED."nomePai", "celPai"=EXCLUDED."celPai", nacionalidade=EXCLUDED.nacionalidade, naturalidade=EXCLUDED.naturalidade, "ufNascimento"=EXCLUDED."ufNascimento", endereco=EXCLUDED.endereco, cep=EXCLUDED.cep, "dadosResponsaveis"=EXCLUDED."dadosResponsaveis", "documentosMatricula"=EXCLUDED."documentosMatricula", "autorizadosRetirada"=EXCLUDED."autorizadosRetirada", "transporteEscolar"=EXCLUDED."transporteEscolar", "fichaAdministrativa"=EXCLUDED."fichaAdministrativa", "isActive"=TRUE, "updatedAt"=NOW();
  INSERT INTO "Enrollment" (id,"childId","classroomId","enrollmentDate",status,"createdAt","updatedAt")
  VALUES ('seed_enr_' || 'seed_pelicano_child_215541_gael_franca_costa_e_silva_seed_pelicano_class_pel_maternal_2_ada', 'seed_pelicano_child_215541_gael_franca_costa_e_silva', 'seed_pelicano_class_pel_maternal_2_ada', '2026-02-01 12:00:00', 'ATIVA'::"EnrollmentStatus", NOW(), NOW())
  ON CONFLICT ("childId","classroomId") DO UPDATE SET status=EXCLUDED.status, "updatedAt"=NOW();
  -- Aluno: GEOVANA EMANUELLY COSTA ALVES
  INSERT INTO "Child" (id,"mantenedoraId","unitId","firstName","lastName","dateOfBirth",gender,cpf,raca,peso,"bloodType",allergies,"medicalConditions","usoImagem",laudado,nis,"codigoAluno",inscricao,"nomeMae","nomePai","celPai",nacionalidade,naturalidade,"ufNascimento",endereco,cep,"dadosResponsaveis","documentosMatricula","autorizadosRetirada","transporteEscolar","fichaAdministrativa","isActive","createdAt","updatedAt")
  VALUES ('seed_pelicano_child_247942_geovana_emanuelly_costa_alves',v_mantenedora_id,v_unit_id,'Geovana','Emanuelly Costa Alves','2022-05-28 12:00:00','FEMININO'::"Gender",'116.063.301-01','PARDA',NULL,NULL,NULL,NULL,NULL,NULL,NULL,NULL,'247942',NULL,NULL,NULL,'BRASIL','Brasilia','DF',NULL,'07266900','{"mae": {"nome": null, "cpf": null, "telefone": null}, "pai": {"nome": null, "cpf": null, "telefone": null}, "responsavelPrincipal": {"nome": null, "cpf": null, "parentesco": null, "identidade": null, "orgaoExpedidor": null, "telefone": null}, "enderecoResponsavel": null, "cepResponsavel": null, "escolaridade": null, "profissao": null, "numeroDependentes": null, "numeroPessoasCasa": null}'::jsonb,'{"codigoAluno": null, "inscricao": "247942", "censo": null, "beneficio": null, "nis": null, "pisResponsavel": null, "cpfOriginalAluno": "116.063.301-01", "cpfPersistidoNoCampoCpf": "116.063.301-01", "cpfDuplicadoNaPlanilha": false, "serie2024": null, "origemLinhaPlanilha": 120}'::jsonb,'[]'::jsonb,'{"usaTransporteEscolar": null, "nomeTransporte": null}'::jsonb,'{"turmaPlanilha": "Maternal 2", "professoraPlanilha": "Sabrina", "fonte": "DADOS PARA PLATAFORMA PEDAGÓGICA (1) (1).xlsx / Planilha1", "linhaPlanilha": 120, "raw": {"INSCRIÇÃO": "247942", "NOME": "GEOVANA EMANUELLY COSTA ALVES", "SEXO": "F", "NASC": "2022-05-28T00:00:00", "NACIONALIDADE": "BRASIL", "NATURALIDADE": "Brasilia", "UF": "DF", "CPF": "11606330101", "RAÇA": "PARDA", "CEP": "7266900", "TURMA": "Maternal 2", "PROFESSORA": "Sabrina"}}'::jsonb,TRUE,NOW(),NOW())
  ON CONFLICT (id) DO UPDATE SET "unitId"=v_unit_id, "firstName"=EXCLUDED."firstName", "lastName"=EXCLUDED."lastName", "dateOfBirth"=EXCLUDED."dateOfBirth", gender=EXCLUDED.gender, cpf=EXCLUDED.cpf, raca=EXCLUDED.raca, peso=EXCLUDED.peso, "bloodType"=EXCLUDED."bloodType", allergies=EXCLUDED.allergies, "medicalConditions"=EXCLUDED."medicalConditions", "usoImagem"=EXCLUDED."usoImagem", laudado=EXCLUDED.laudado, nis=EXCLUDED.nis, "codigoAluno"=EXCLUDED."codigoAluno", inscricao=EXCLUDED.inscricao, "nomeMae"=EXCLUDED."nomeMae", "nomePai"=EXCLUDED."nomePai", "celPai"=EXCLUDED."celPai", nacionalidade=EXCLUDED.nacionalidade, naturalidade=EXCLUDED.naturalidade, "ufNascimento"=EXCLUDED."ufNascimento", endereco=EXCLUDED.endereco, cep=EXCLUDED.cep, "dadosResponsaveis"=EXCLUDED."dadosResponsaveis", "documentosMatricula"=EXCLUDED."documentosMatricula", "autorizadosRetirada"=EXCLUDED."autorizadosRetirada", "transporteEscolar"=EXCLUDED."transporteEscolar", "fichaAdministrativa"=EXCLUDED."fichaAdministrativa", "isActive"=TRUE, "updatedAt"=NOW();
  INSERT INTO "Enrollment" (id,"childId","classroomId","enrollmentDate",status,"createdAt","updatedAt")
  VALUES ('seed_enr_' || 'seed_pelicano_child_247942_geovana_emanuelly_costa_alves_seed_pelicano_class_pel_maternal_2_sabrina', 'seed_pelicano_child_247942_geovana_emanuelly_costa_alves', 'seed_pelicano_class_pel_maternal_2_sabrina', '2026-02-01 12:00:00', 'ATIVA'::"EnrollmentStatus", NOW(), NOW())
  ON CONFLICT ("childId","classroomId") DO UPDATE SET status=EXCLUDED.status, "updatedAt"=NOW();
  -- Aluno: GEOVANNA DOS SANTOS MIRANDA
  INSERT INTO "Child" (id,"mantenedoraId","unitId","firstName","lastName","dateOfBirth",gender,cpf,raca,peso,"bloodType",allergies,"medicalConditions","usoImagem",laudado,nis,"codigoAluno",inscricao,"nomeMae","nomePai","celPai",nacionalidade,naturalidade,"ufNascimento",endereco,cep,"dadosResponsaveis","documentosMatricula","autorizadosRetirada","transporteEscolar","fichaAdministrativa","isActive","createdAt","updatedAt")
  VALUES ('seed_pelicano_child_234561_geovanna_dos_santos_miranda',v_mantenedora_id,v_unit_id,'Geovanna','Dos Santos Miranda','2023-03-02 12:00:00','FEMININO'::"Gender",'118.888.941-99','PARDA',NULL,NULL,NULL,NULL,NULL,NULL,NULL,NULL,'234561',NULL,NULL,NULL,'BRASIL','Brasilia','DF',NULL,'07266900','{"mae": {"nome": null, "cpf": null, "telefone": null}, "pai": {"nome": null, "cpf": null, "telefone": null}, "responsavelPrincipal": {"nome": null, "cpf": null, "parentesco": null, "identidade": null, "orgaoExpedidor": null, "telefone": null}, "enderecoResponsavel": null, "cepResponsavel": null, "escolaridade": null, "profissao": null, "numeroDependentes": null, "numeroPessoasCasa": null}'::jsonb,'{"codigoAluno": null, "inscricao": "234561", "censo": null, "beneficio": null, "nis": null, "pisResponsavel": null, "cpfOriginalAluno": "118.888.941-99", "cpfPersistidoNoCampoCpf": "118.888.941-99", "cpfDuplicadoNaPlanilha": false, "serie2024": null, "origemLinhaPlanilha": 121}'::jsonb,'[]'::jsonb,'{"usaTransporteEscolar": null, "nomeTransporte": null}'::jsonb,'{"turmaPlanilha": "Maternal 2", "professoraPlanilha": "Ada", "fonte": "DADOS PARA PLATAFORMA PEDAGÓGICA (1) (1).xlsx / Planilha1", "linhaPlanilha": 121, "raw": {"INSCRIÇÃO": "234561", "NOME": "GEOVANNA DOS SANTOS MIRANDA", "SEXO": "F", "NASC": "2023-03-02T00:00:00", "NACIONALIDADE": "BRASIL", "NATURALIDADE": "Brasilia", "UF": "DF", "CPF": "11888894199", "RAÇA": "PARDA", "CEP": "7266900", "TURMA": "Maternal 2", "PROFESSORA": "Ada"}}'::jsonb,TRUE,NOW(),NOW())
  ON CONFLICT (id) DO UPDATE SET "unitId"=v_unit_id, "firstName"=EXCLUDED."firstName", "lastName"=EXCLUDED."lastName", "dateOfBirth"=EXCLUDED."dateOfBirth", gender=EXCLUDED.gender, cpf=EXCLUDED.cpf, raca=EXCLUDED.raca, peso=EXCLUDED.peso, "bloodType"=EXCLUDED."bloodType", allergies=EXCLUDED.allergies, "medicalConditions"=EXCLUDED."medicalConditions", "usoImagem"=EXCLUDED."usoImagem", laudado=EXCLUDED.laudado, nis=EXCLUDED.nis, "codigoAluno"=EXCLUDED."codigoAluno", inscricao=EXCLUDED.inscricao, "nomeMae"=EXCLUDED."nomeMae", "nomePai"=EXCLUDED."nomePai", "celPai"=EXCLUDED."celPai", nacionalidade=EXCLUDED.nacionalidade, naturalidade=EXCLUDED.naturalidade, "ufNascimento"=EXCLUDED."ufNascimento", endereco=EXCLUDED.endereco, cep=EXCLUDED.cep, "dadosResponsaveis"=EXCLUDED."dadosResponsaveis", "documentosMatricula"=EXCLUDED."documentosMatricula", "autorizadosRetirada"=EXCLUDED."autorizadosRetirada", "transporteEscolar"=EXCLUDED."transporteEscolar", "fichaAdministrativa"=EXCLUDED."fichaAdministrativa", "isActive"=TRUE, "updatedAt"=NOW();
  INSERT INTO "Enrollment" (id,"childId","classroomId","enrollmentDate",status,"createdAt","updatedAt")
  VALUES ('seed_enr_' || 'seed_pelicano_child_234561_geovanna_dos_santos_miranda_seed_pelicano_class_pel_maternal_2_ada', 'seed_pelicano_child_234561_geovanna_dos_santos_miranda', 'seed_pelicano_class_pel_maternal_2_ada', '2026-02-01 12:00:00', 'ATIVA'::"EnrollmentStatus", NOW(), NOW())
  ON CONFLICT ("childId","classroomId") DO UPDATE SET status=EXCLUDED.status, "updatedAt"=NOW();
  -- Aluno: HEITOR AUGUSTO DOS SANTOS MARCAL
  INSERT INTO "Child" (id,"mantenedoraId","unitId","firstName","lastName","dateOfBirth",gender,cpf,raca,peso,"bloodType",allergies,"medicalConditions","usoImagem",laudado,nis,"codigoAluno",inscricao,"nomeMae","nomePai","celPai",nacionalidade,naturalidade,"ufNascimento",endereco,cep,"dadosResponsaveis","documentosMatricula","autorizadosRetirada","transporteEscolar","fichaAdministrativa","isActive","createdAt","updatedAt")
  VALUES ('seed_pelicano_child_247409_heitor_augusto_dos_santos_marcal',v_mantenedora_id,v_unit_id,'Heitor','Augusto Dos Santos Marcal','2022-06-24 12:00:00','MASCULINO'::"Gender",'116.339.931-08','PARDA',NULL,NULL,NULL,NULL,NULL,NULL,NULL,NULL,'247409',NULL,'Ivan',NULL,'BRASIL','Brasilia','DF',NULL,'07266900','{"mae": {"nome": null, "cpf": null, "telefone": null}, "pai": {"nome": "Ivan", "cpf": null, "telefone": null}, "responsavelPrincipal": {"nome": "Ivan", "cpf": null, "parentesco": null, "identidade": null, "orgaoExpedidor": null, "telefone": null}, "enderecoResponsavel": null, "cepResponsavel": null, "escolaridade": null, "profissao": null, "numeroDependentes": null, "numeroPessoasCasa": null}'::jsonb,'{"codigoAluno": null, "inscricao": "247409", "censo": null, "beneficio": null, "nis": null, "pisResponsavel": null, "cpfOriginalAluno": "116.339.931-08", "cpfPersistidoNoCampoCpf": "116.339.931-08", "cpfDuplicadoNaPlanilha": false, "serie2024": null, "origemLinhaPlanilha": 122}'::jsonb,'[]'::jsonb,'{"usaTransporteEscolar": null, "nomeTransporte": null}'::jsonb,'{"turmaPlanilha": "Maternal 2", "professoraPlanilha": "Salete", "fonte": "DADOS PARA PLATAFORMA PEDAGÓGICA (1) (1).xlsx / Planilha1", "linhaPlanilha": 122, "raw": {"INSCRIÇÃO": "247409", "NOME": "HEITOR AUGUSTO DOS SANTOS MARCAL", "SEXO": "M", "NASC": "2022-06-24T00:00:00", "NACIONALIDADE": "BRASIL", "NATURALIDADE": "Brasilia", "UF": "DF", "CPF": "11633993108", "RAÇA": "PARDA", "CEP": "7266900", "TURMA": "Maternal 2", "PROFESSORA": "Salete", "PAI": "Ivan"}}'::jsonb,TRUE,NOW(),NOW())
  ON CONFLICT (id) DO UPDATE SET "unitId"=v_unit_id, "firstName"=EXCLUDED."firstName", "lastName"=EXCLUDED."lastName", "dateOfBirth"=EXCLUDED."dateOfBirth", gender=EXCLUDED.gender, cpf=EXCLUDED.cpf, raca=EXCLUDED.raca, peso=EXCLUDED.peso, "bloodType"=EXCLUDED."bloodType", allergies=EXCLUDED.allergies, "medicalConditions"=EXCLUDED."medicalConditions", "usoImagem"=EXCLUDED."usoImagem", laudado=EXCLUDED.laudado, nis=EXCLUDED.nis, "codigoAluno"=EXCLUDED."codigoAluno", inscricao=EXCLUDED.inscricao, "nomeMae"=EXCLUDED."nomeMae", "nomePai"=EXCLUDED."nomePai", "celPai"=EXCLUDED."celPai", nacionalidade=EXCLUDED.nacionalidade, naturalidade=EXCLUDED.naturalidade, "ufNascimento"=EXCLUDED."ufNascimento", endereco=EXCLUDED.endereco, cep=EXCLUDED.cep, "dadosResponsaveis"=EXCLUDED."dadosResponsaveis", "documentosMatricula"=EXCLUDED."documentosMatricula", "autorizadosRetirada"=EXCLUDED."autorizadosRetirada", "transporteEscolar"=EXCLUDED."transporteEscolar", "fichaAdministrativa"=EXCLUDED."fichaAdministrativa", "isActive"=TRUE, "updatedAt"=NOW();
  INSERT INTO "Enrollment" (id,"childId","classroomId","enrollmentDate",status,"createdAt","updatedAt")
  VALUES ('seed_enr_' || 'seed_pelicano_child_247409_heitor_augusto_dos_santos_marcal_seed_pelicano_class_pel_maternal_2_salet', 'seed_pelicano_child_247409_heitor_augusto_dos_santos_marcal', 'seed_pelicano_class_pel_maternal_2_salete', '2026-02-01 12:00:00', 'ATIVA'::"EnrollmentStatus", NOW(), NOW())
  ON CONFLICT ("childId","classroomId") DO UPDATE SET status=EXCLUDED.status, "updatedAt"=NOW();
  -- Aluno: HEITOR MARTINS DIAS
  INSERT INTO "Child" (id,"mantenedoraId","unitId","firstName","lastName","dateOfBirth",gender,cpf,raca,peso,"bloodType",allergies,"medicalConditions","usoImagem",laudado,nis,"codigoAluno",inscricao,"nomeMae","nomePai","celPai",nacionalidade,naturalidade,"ufNascimento",endereco,cep,"dadosResponsaveis","documentosMatricula","autorizadosRetirada","transporteEscolar","fichaAdministrativa","isActive","createdAt","updatedAt")
  VALUES ('seed_pelicano_child_228231_heitor_martins_dias',v_mantenedora_id,v_unit_id,'Heitor','Martins Dias','2022-05-24 12:00:00','MASCULINO'::"Gender",'116.057.301-81','PARDA',NULL,NULL,NULL,NULL,NULL,NULL,NULL,NULL,'228231',NULL,'Antonio Dias',NULL,'BRASIL','Brasilia','DF',NULL,'07266900','{"mae": {"nome": null, "cpf": null, "telefone": null}, "pai": {"nome": "Antonio Dias", "cpf": null, "telefone": null}, "responsavelPrincipal": {"nome": "Antonio Dias", "cpf": null, "parentesco": null, "identidade": null, "orgaoExpedidor": null, "telefone": null}, "enderecoResponsavel": null, "cepResponsavel": null, "escolaridade": null, "profissao": null, "numeroDependentes": null, "numeroPessoasCasa": null}'::jsonb,'{"codigoAluno": null, "inscricao": "228231", "censo": null, "beneficio": null, "nis": null, "pisResponsavel": null, "cpfOriginalAluno": "116.057.301-81", "cpfPersistidoNoCampoCpf": "116.057.301-81", "cpfDuplicadoNaPlanilha": false, "serie2024": null, "origemLinhaPlanilha": 123}'::jsonb,'[]'::jsonb,'{"usaTransporteEscolar": null, "nomeTransporte": null}'::jsonb,'{"turmaPlanilha": "Maternal 2", "professoraPlanilha": "Salete", "fonte": "DADOS PARA PLATAFORMA PEDAGÓGICA (1) (1).xlsx / Planilha1", "linhaPlanilha": 123, "raw": {"INSCRIÇÃO": "228231", "NOME": "HEITOR MARTINS DIAS", "SEXO": "M", "NASC": "2022-05-24T00:00:00", "NACIONALIDADE": "BRASIL", "NATURALIDADE": "Brasilia", "UF": "DF", "CPF": "11605730181", "RAÇA": "PARDA", "CEP": "7266900", "TURMA": "Maternal 2", "PROFESSORA": "Salete", "PAI": "Antonio Dias"}}'::jsonb,TRUE,NOW(),NOW())
  ON CONFLICT (id) DO UPDATE SET "unitId"=v_unit_id, "firstName"=EXCLUDED."firstName", "lastName"=EXCLUDED."lastName", "dateOfBirth"=EXCLUDED."dateOfBirth", gender=EXCLUDED.gender, cpf=EXCLUDED.cpf, raca=EXCLUDED.raca, peso=EXCLUDED.peso, "bloodType"=EXCLUDED."bloodType", allergies=EXCLUDED.allergies, "medicalConditions"=EXCLUDED."medicalConditions", "usoImagem"=EXCLUDED."usoImagem", laudado=EXCLUDED.laudado, nis=EXCLUDED.nis, "codigoAluno"=EXCLUDED."codigoAluno", inscricao=EXCLUDED.inscricao, "nomeMae"=EXCLUDED."nomeMae", "nomePai"=EXCLUDED."nomePai", "celPai"=EXCLUDED."celPai", nacionalidade=EXCLUDED.nacionalidade, naturalidade=EXCLUDED.naturalidade, "ufNascimento"=EXCLUDED."ufNascimento", endereco=EXCLUDED.endereco, cep=EXCLUDED.cep, "dadosResponsaveis"=EXCLUDED."dadosResponsaveis", "documentosMatricula"=EXCLUDED."documentosMatricula", "autorizadosRetirada"=EXCLUDED."autorizadosRetirada", "transporteEscolar"=EXCLUDED."transporteEscolar", "fichaAdministrativa"=EXCLUDED."fichaAdministrativa", "isActive"=TRUE, "updatedAt"=NOW();
  INSERT INTO "Enrollment" (id,"childId","classroomId","enrollmentDate",status,"createdAt","updatedAt")
  VALUES ('seed_enr_' || 'seed_pelicano_child_228231_heitor_martins_dias_seed_pelicano_class_pel_maternal_2_salete', 'seed_pelicano_child_228231_heitor_martins_dias', 'seed_pelicano_class_pel_maternal_2_salete', '2026-02-01 12:00:00', 'ATIVA'::"EnrollmentStatus", NOW(), NOW())
  ON CONFLICT ("childId","classroomId") DO UPDATE SET status=EXCLUDED.status, "updatedAt"=NOW();
  -- Aluno: HELOA MARTINS SOUZA CASTRO
  INSERT INTO "Child" (id,"mantenedoraId","unitId","firstName","lastName","dateOfBirth",gender,cpf,raca,peso,"bloodType",allergies,"medicalConditions","usoImagem",laudado,nis,"codigoAluno",inscricao,"nomeMae","nomePai","celPai",nacionalidade,naturalidade,"ufNascimento",endereco,cep,"dadosResponsaveis","documentosMatricula","autorizadosRetirada","transporteEscolar","fichaAdministrativa","isActive","createdAt","updatedAt")
  VALUES ('seed_pelicano_child_214587_heloa_martins_souza_castro',v_mantenedora_id,v_unit_id,'Heloa','Martins Souza Castro','2022-07-09 12:00:00','FEMININO'::"Gender",'116.480.841-92','PARDA',NULL,NULL,NULL,NULL,NULL,NULL,NULL,NULL,'214587',NULL,NULL,NULL,'BRASIL','Brasilia','DF',NULL,'07266900','{"mae": {"nome": null, "cpf": null, "telefone": null}, "pai": {"nome": null, "cpf": null, "telefone": null}, "responsavelPrincipal": {"nome": null, "cpf": null, "parentesco": null, "identidade": null, "orgaoExpedidor": null, "telefone": null}, "enderecoResponsavel": null, "cepResponsavel": null, "escolaridade": null, "profissao": null, "numeroDependentes": null, "numeroPessoasCasa": null}'::jsonb,'{"codigoAluno": null, "inscricao": "214587", "censo": null, "beneficio": null, "nis": null, "pisResponsavel": null, "cpfOriginalAluno": "116.480.841-92", "cpfPersistidoNoCampoCpf": "116.480.841-92", "cpfDuplicadoNaPlanilha": false, "serie2024": null, "origemLinhaPlanilha": 124}'::jsonb,'[]'::jsonb,'{"usaTransporteEscolar": null, "nomeTransporte": null}'::jsonb,'{"turmaPlanilha": "Maternal 2", "professoraPlanilha": "Miriam", "fonte": "DADOS PARA PLATAFORMA PEDAGÓGICA (1) (1).xlsx / Planilha1", "linhaPlanilha": 124, "raw": {"INSCRIÇÃO": "214587", "NOME": "HELOA MARTINS SOUZA CASTRO", "SEXO": "F", "NASC": "2022-07-09T00:00:00", "NACIONALIDADE": "BRASIL", "NATURALIDADE": "Brasilia", "UF": "DF", "CPF": "11648084192", "RAÇA": "PARDA", "CEP": "7266900", "TURMA": "Maternal 2", "PROFESSORA": "Miriam"}}'::jsonb,TRUE,NOW(),NOW())
  ON CONFLICT (id) DO UPDATE SET "unitId"=v_unit_id, "firstName"=EXCLUDED."firstName", "lastName"=EXCLUDED."lastName", "dateOfBirth"=EXCLUDED."dateOfBirth", gender=EXCLUDED.gender, cpf=EXCLUDED.cpf, raca=EXCLUDED.raca, peso=EXCLUDED.peso, "bloodType"=EXCLUDED."bloodType", allergies=EXCLUDED.allergies, "medicalConditions"=EXCLUDED."medicalConditions", "usoImagem"=EXCLUDED."usoImagem", laudado=EXCLUDED.laudado, nis=EXCLUDED.nis, "codigoAluno"=EXCLUDED."codigoAluno", inscricao=EXCLUDED.inscricao, "nomeMae"=EXCLUDED."nomeMae", "nomePai"=EXCLUDED."nomePai", "celPai"=EXCLUDED."celPai", nacionalidade=EXCLUDED.nacionalidade, naturalidade=EXCLUDED.naturalidade, "ufNascimento"=EXCLUDED."ufNascimento", endereco=EXCLUDED.endereco, cep=EXCLUDED.cep, "dadosResponsaveis"=EXCLUDED."dadosResponsaveis", "documentosMatricula"=EXCLUDED."documentosMatricula", "autorizadosRetirada"=EXCLUDED."autorizadosRetirada", "transporteEscolar"=EXCLUDED."transporteEscolar", "fichaAdministrativa"=EXCLUDED."fichaAdministrativa", "isActive"=TRUE, "updatedAt"=NOW();
  INSERT INTO "Enrollment" (id,"childId","classroomId","enrollmentDate",status,"createdAt","updatedAt")
  VALUES ('seed_enr_' || 'seed_pelicano_child_214587_heloa_martins_souza_castro_seed_pelicano_class_pel_maternal_2_miriam', 'seed_pelicano_child_214587_heloa_martins_souza_castro', 'seed_pelicano_class_pel_maternal_2_miriam', '2026-02-01 12:00:00', 'ATIVA'::"EnrollmentStatus", NOW(), NOW())
  ON CONFLICT ("childId","classroomId") DO UPDATE SET status=EXCLUDED.status, "updatedAt"=NOW();
  -- Aluno: HELOISA AYLA ARAUJO DIAS
  INSERT INTO "Child" (id,"mantenedoraId","unitId","firstName","lastName","dateOfBirth",gender,cpf,raca,peso,"bloodType",allergies,"medicalConditions","usoImagem",laudado,nis,"codigoAluno",inscricao,"nomeMae","nomePai","celPai",nacionalidade,naturalidade,"ufNascimento",endereco,cep,"dadosResponsaveis","documentosMatricula","autorizadosRetirada","transporteEscolar","fichaAdministrativa","isActive","createdAt","updatedAt")
  VALUES ('seed_pelicano_child_233589_heloisa_ayla_araujo_dias',v_mantenedora_id,v_unit_id,'Heloisa','Ayla Araujo Dias','2022-05-24 12:00:00','FEMININO'::"Gender",'116.036.791-46','PARDA',NULL,NULL,NULL,NULL,NULL,NULL,NULL,NULL,'233589',NULL,'Joao Victor',NULL,'BRASIL','Brasilia','DF',NULL,'07266900','{"mae": {"nome": null, "cpf": null, "telefone": null}, "pai": {"nome": "Joao Victor", "cpf": null, "telefone": null}, "responsavelPrincipal": {"nome": "Joao Victor", "cpf": null, "parentesco": null, "identidade": null, "orgaoExpedidor": null, "telefone": null}, "enderecoResponsavel": null, "cepResponsavel": null, "escolaridade": null, "profissao": null, "numeroDependentes": null, "numeroPessoasCasa": null}'::jsonb,'{"codigoAluno": null, "inscricao": "233589", "censo": null, "beneficio": null, "nis": null, "pisResponsavel": null, "cpfOriginalAluno": "116.036.791-46", "cpfPersistidoNoCampoCpf": "116.036.791-46", "cpfDuplicadoNaPlanilha": false, "serie2024": null, "origemLinhaPlanilha": 125}'::jsonb,'[]'::jsonb,'{"usaTransporteEscolar": null, "nomeTransporte": null}'::jsonb,'{"turmaPlanilha": "Maternal 2", "professoraPlanilha": "Shirlene", "fonte": "DADOS PARA PLATAFORMA PEDAGÓGICA (1) (1).xlsx / Planilha1", "linhaPlanilha": 125, "raw": {"INSCRIÇÃO": "233589", "NOME": "HELOISA AYLA ARAUJO DIAS", "SEXO": "F", "NASC": "2022-05-24T00:00:00", "NACIONALIDADE": "BRASIL", "NATURALIDADE": "Brasilia", "UF": "DF", "CPF": "11603679146", "RAÇA": "PARDA", "CEP": "7266900", "TURMA": "Maternal 2", "PROFESSORA": "Shirlene", "PAI": "Joao Victor"}}'::jsonb,TRUE,NOW(),NOW())
  ON CONFLICT (id) DO UPDATE SET "unitId"=v_unit_id, "firstName"=EXCLUDED."firstName", "lastName"=EXCLUDED."lastName", "dateOfBirth"=EXCLUDED."dateOfBirth", gender=EXCLUDED.gender, cpf=EXCLUDED.cpf, raca=EXCLUDED.raca, peso=EXCLUDED.peso, "bloodType"=EXCLUDED."bloodType", allergies=EXCLUDED.allergies, "medicalConditions"=EXCLUDED."medicalConditions", "usoImagem"=EXCLUDED."usoImagem", laudado=EXCLUDED.laudado, nis=EXCLUDED.nis, "codigoAluno"=EXCLUDED."codigoAluno", inscricao=EXCLUDED.inscricao, "nomeMae"=EXCLUDED."nomeMae", "nomePai"=EXCLUDED."nomePai", "celPai"=EXCLUDED."celPai", nacionalidade=EXCLUDED.nacionalidade, naturalidade=EXCLUDED.naturalidade, "ufNascimento"=EXCLUDED."ufNascimento", endereco=EXCLUDED.endereco, cep=EXCLUDED.cep, "dadosResponsaveis"=EXCLUDED."dadosResponsaveis", "documentosMatricula"=EXCLUDED."documentosMatricula", "autorizadosRetirada"=EXCLUDED."autorizadosRetirada", "transporteEscolar"=EXCLUDED."transporteEscolar", "fichaAdministrativa"=EXCLUDED."fichaAdministrativa", "isActive"=TRUE, "updatedAt"=NOW();
  INSERT INTO "Enrollment" (id,"childId","classroomId","enrollmentDate",status,"createdAt","updatedAt")
  VALUES ('seed_enr_' || 'seed_pelicano_child_233589_heloisa_ayla_araujo_dias_seed_pelicano_class_pel_maternal_2_shirlene', 'seed_pelicano_child_233589_heloisa_ayla_araujo_dias', 'seed_pelicano_class_pel_maternal_2_shirlene', '2026-02-01 12:00:00', 'ATIVA'::"EnrollmentStatus", NOW(), NOW())
  ON CONFLICT ("childId","classroomId") DO UPDATE SET status=EXCLUDED.status, "updatedAt"=NOW();
  -- Aluno: HELOISA DE SOUZA ALMEIDA
  INSERT INTO "Child" (id,"mantenedoraId","unitId","firstName","lastName","dateOfBirth",gender,cpf,raca,peso,"bloodType",allergies,"medicalConditions","usoImagem",laudado,nis,"codigoAluno",inscricao,"nomeMae","nomePai","celPai",nacionalidade,naturalidade,"ufNascimento",endereco,cep,"dadosResponsaveis","documentosMatricula","autorizadosRetirada","transporteEscolar","fichaAdministrativa","isActive","createdAt","updatedAt")
  VALUES ('seed_pelicano_child_250570_heloisa_de_souza_almeida',v_mantenedora_id,v_unit_id,'Heloisa','De Souza Almeida','2022-12-23 12:00:00','FEMININO'::"Gender",'118.068.041-31','PARDA',NULL,NULL,NULL,NULL,NULL,NULL,NULL,NULL,'250570',NULL,NULL,NULL,'BRASIL','Brasilia','DF',NULL,'07266900','{"mae": {"nome": null, "cpf": null, "telefone": null}, "pai": {"nome": null, "cpf": null, "telefone": null}, "responsavelPrincipal": {"nome": null, "cpf": null, "parentesco": null, "identidade": null, "orgaoExpedidor": null, "telefone": null}, "enderecoResponsavel": null, "cepResponsavel": null, "escolaridade": null, "profissao": null, "numeroDependentes": null, "numeroPessoasCasa": null}'::jsonb,'{"codigoAluno": null, "inscricao": "250570", "censo": null, "beneficio": null, "nis": null, "pisResponsavel": null, "cpfOriginalAluno": "118.068.041-31", "cpfPersistidoNoCampoCpf": "118.068.041-31", "cpfDuplicadoNaPlanilha": false, "serie2024": null, "origemLinhaPlanilha": 126}'::jsonb,'[]'::jsonb,'{"usaTransporteEscolar": null, "nomeTransporte": null}'::jsonb,'{"turmaPlanilha": "Maternal 2", "professoraPlanilha": "Ada", "fonte": "DADOS PARA PLATAFORMA PEDAGÓGICA (1) (1).xlsx / Planilha1", "linhaPlanilha": 126, "raw": {"INSCRIÇÃO": "250570", "NOME": "HELOISA DE SOUZA ALMEIDA", "SEXO": "F", "NASC": "2022-12-23T00:00:00", "NACIONALIDADE": "BRASIL", "NATURALIDADE": "Brasilia", "UF": "DF", "CPF": "11806804131", "RAÇA": "PARDA", "CEP": "7266900", "TURMA": "Maternal 2", "PROFESSORA": "Ada"}}'::jsonb,TRUE,NOW(),NOW())
  ON CONFLICT (id) DO UPDATE SET "unitId"=v_unit_id, "firstName"=EXCLUDED."firstName", "lastName"=EXCLUDED."lastName", "dateOfBirth"=EXCLUDED."dateOfBirth", gender=EXCLUDED.gender, cpf=EXCLUDED.cpf, raca=EXCLUDED.raca, peso=EXCLUDED.peso, "bloodType"=EXCLUDED."bloodType", allergies=EXCLUDED.allergies, "medicalConditions"=EXCLUDED."medicalConditions", "usoImagem"=EXCLUDED."usoImagem", laudado=EXCLUDED.laudado, nis=EXCLUDED.nis, "codigoAluno"=EXCLUDED."codigoAluno", inscricao=EXCLUDED.inscricao, "nomeMae"=EXCLUDED."nomeMae", "nomePai"=EXCLUDED."nomePai", "celPai"=EXCLUDED."celPai", nacionalidade=EXCLUDED.nacionalidade, naturalidade=EXCLUDED.naturalidade, "ufNascimento"=EXCLUDED."ufNascimento", endereco=EXCLUDED.endereco, cep=EXCLUDED.cep, "dadosResponsaveis"=EXCLUDED."dadosResponsaveis", "documentosMatricula"=EXCLUDED."documentosMatricula", "autorizadosRetirada"=EXCLUDED."autorizadosRetirada", "transporteEscolar"=EXCLUDED."transporteEscolar", "fichaAdministrativa"=EXCLUDED."fichaAdministrativa", "isActive"=TRUE, "updatedAt"=NOW();
  INSERT INTO "Enrollment" (id,"childId","classroomId","enrollmentDate",status,"createdAt","updatedAt")
  VALUES ('seed_enr_' || 'seed_pelicano_child_250570_heloisa_de_souza_almeida_seed_pelicano_class_pel_maternal_2_ada', 'seed_pelicano_child_250570_heloisa_de_souza_almeida', 'seed_pelicano_class_pel_maternal_2_ada', '2026-02-01 12:00:00', 'ATIVA'::"EnrollmentStatus", NOW(), NOW())
  ON CONFLICT ("childId","classroomId") DO UPDATE SET status=EXCLUDED.status, "updatedAt"=NOW();
  -- Aluno: HENRI DE OLIVEIRA LINO
  INSERT INTO "Child" (id,"mantenedoraId","unitId","firstName","lastName","dateOfBirth",gender,cpf,raca,peso,"bloodType",allergies,"medicalConditions","usoImagem",laudado,nis,"codigoAluno",inscricao,"nomeMae","nomePai","celPai",nacionalidade,naturalidade,"ufNascimento",endereco,cep,"dadosResponsaveis","documentosMatricula","autorizadosRetirada","transporteEscolar","fichaAdministrativa","isActive","createdAt","updatedAt")
  VALUES ('seed_pelicano_child_248432_henri_de_oliveira_lino',v_mantenedora_id,v_unit_id,'Henri','De Oliveira Lino','2022-10-14 12:00:00','MASCULINO'::"Gender",'117.467.511-00','PARDA',NULL,NULL,NULL,NULL,NULL,NULL,NULL,NULL,'248432',NULL,NULL,NULL,'BRASIL','Brasilia','DF',NULL,'07266900','{"mae": {"nome": null, "cpf": null, "telefone": null}, "pai": {"nome": null, "cpf": null, "telefone": null}, "responsavelPrincipal": {"nome": null, "cpf": null, "parentesco": null, "identidade": null, "orgaoExpedidor": null, "telefone": null}, "enderecoResponsavel": null, "cepResponsavel": null, "escolaridade": null, "profissao": null, "numeroDependentes": null, "numeroPessoasCasa": null}'::jsonb,'{"codigoAluno": null, "inscricao": "248432", "censo": null, "beneficio": null, "nis": null, "pisResponsavel": null, "cpfOriginalAluno": "117.467.511-00", "cpfPersistidoNoCampoCpf": "117.467.511-00", "cpfDuplicadoNaPlanilha": false, "serie2024": null, "origemLinhaPlanilha": 127}'::jsonb,'[]'::jsonb,'{"usaTransporteEscolar": null, "nomeTransporte": null}'::jsonb,'{"turmaPlanilha": "Maternal 2", "professoraPlanilha": "Miriam", "fonte": "DADOS PARA PLATAFORMA PEDAGÓGICA (1) (1).xlsx / Planilha1", "linhaPlanilha": 127, "raw": {"INSCRIÇÃO": "248432", "NOME": "HENRI DE OLIVEIRA LINO", "SEXO": "M", "NASC": "2022-10-14T00:00:00", "NACIONALIDADE": "BRASIL", "NATURALIDADE": "Brasilia", "UF": "DF", "CPF": "11746751100", "RAÇA": "PARDA", "CEP": "7266900", "TURMA": "Maternal 2", "PROFESSORA": "Miriam"}}'::jsonb,TRUE,NOW(),NOW())
  ON CONFLICT (id) DO UPDATE SET "unitId"=v_unit_id, "firstName"=EXCLUDED."firstName", "lastName"=EXCLUDED."lastName", "dateOfBirth"=EXCLUDED."dateOfBirth", gender=EXCLUDED.gender, cpf=EXCLUDED.cpf, raca=EXCLUDED.raca, peso=EXCLUDED.peso, "bloodType"=EXCLUDED."bloodType", allergies=EXCLUDED.allergies, "medicalConditions"=EXCLUDED."medicalConditions", "usoImagem"=EXCLUDED."usoImagem", laudado=EXCLUDED.laudado, nis=EXCLUDED.nis, "codigoAluno"=EXCLUDED."codigoAluno", inscricao=EXCLUDED.inscricao, "nomeMae"=EXCLUDED."nomeMae", "nomePai"=EXCLUDED."nomePai", "celPai"=EXCLUDED."celPai", nacionalidade=EXCLUDED.nacionalidade, naturalidade=EXCLUDED.naturalidade, "ufNascimento"=EXCLUDED."ufNascimento", endereco=EXCLUDED.endereco, cep=EXCLUDED.cep, "dadosResponsaveis"=EXCLUDED."dadosResponsaveis", "documentosMatricula"=EXCLUDED."documentosMatricula", "autorizadosRetirada"=EXCLUDED."autorizadosRetirada", "transporteEscolar"=EXCLUDED."transporteEscolar", "fichaAdministrativa"=EXCLUDED."fichaAdministrativa", "isActive"=TRUE, "updatedAt"=NOW();
  INSERT INTO "Enrollment" (id,"childId","classroomId","enrollmentDate",status,"createdAt","updatedAt")
  VALUES ('seed_enr_' || 'seed_pelicano_child_248432_henri_de_oliveira_lino_seed_pelicano_class_pel_maternal_2_miriam', 'seed_pelicano_child_248432_henri_de_oliveira_lino', 'seed_pelicano_class_pel_maternal_2_miriam', '2026-02-01 12:00:00', 'ATIVA'::"EnrollmentStatus", NOW(), NOW())
  ON CONFLICT ("childId","classroomId") DO UPDATE SET status=EXCLUDED.status, "updatedAt"=NOW();
  -- Aluno: HENRIQUE EMANOEL COSTA SILVA
  INSERT INTO "Child" (id,"mantenedoraId","unitId","firstName","lastName","dateOfBirth",gender,cpf,raca,peso,"bloodType",allergies,"medicalConditions","usoImagem",laudado,nis,"codigoAluno",inscricao,"nomeMae","nomePai","celPai",nacionalidade,naturalidade,"ufNascimento",endereco,cep,"dadosResponsaveis","documentosMatricula","autorizadosRetirada","transporteEscolar","fichaAdministrativa","isActive","createdAt","updatedAt")
  VALUES ('seed_pelicano_child_250803_henrique_emanoel_costa_silva',v_mantenedora_id,v_unit_id,'Henrique','Emanoel Costa Silva','2022-09-30 12:00:00','MASCULINO'::"Gender",'117.274.001-19','PARDA',NULL,NULL,NULL,NULL,NULL,NULL,NULL,NULL,'250803',NULL,NULL,NULL,'BRASIL','Brasilia','DF',NULL,'07266900','{"mae": {"nome": null, "cpf": null, "telefone": null}, "pai": {"nome": null, "cpf": null, "telefone": null}, "responsavelPrincipal": {"nome": null, "cpf": null, "parentesco": null, "identidade": null, "orgaoExpedidor": null, "telefone": null}, "enderecoResponsavel": null, "cepResponsavel": null, "escolaridade": null, "profissao": null, "numeroDependentes": null, "numeroPessoasCasa": null}'::jsonb,'{"codigoAluno": null, "inscricao": "250803", "censo": null, "beneficio": null, "nis": null, "pisResponsavel": null, "cpfOriginalAluno": "117.274.001-19", "cpfPersistidoNoCampoCpf": "117.274.001-19", "cpfDuplicadoNaPlanilha": false, "serie2024": null, "origemLinhaPlanilha": 128}'::jsonb,'[]'::jsonb,'{"usaTransporteEscolar": null, "nomeTransporte": null}'::jsonb,'{"turmaPlanilha": "Maternal 2", "professoraPlanilha": "Miriam", "fonte": "DADOS PARA PLATAFORMA PEDAGÓGICA (1) (1).xlsx / Planilha1", "linhaPlanilha": 128, "raw": {"INSCRIÇÃO": "250803", "NOME": "HENRIQUE EMANOEL COSTA SILVA", "SEXO": "M", "NASC": "2022-09-30T00:00:00", "NACIONALIDADE": "BRASIL", "NATURALIDADE": "Brasilia", "UF": "DF", "CPF": "11727400119", "RAÇA": "PARDA", "CEP": "7266900", "TURMA": "Maternal 2", "PROFESSORA": "Miriam"}}'::jsonb,TRUE,NOW(),NOW())
  ON CONFLICT (id) DO UPDATE SET "unitId"=v_unit_id, "firstName"=EXCLUDED."firstName", "lastName"=EXCLUDED."lastName", "dateOfBirth"=EXCLUDED."dateOfBirth", gender=EXCLUDED.gender, cpf=EXCLUDED.cpf, raca=EXCLUDED.raca, peso=EXCLUDED.peso, "bloodType"=EXCLUDED."bloodType", allergies=EXCLUDED.allergies, "medicalConditions"=EXCLUDED."medicalConditions", "usoImagem"=EXCLUDED."usoImagem", laudado=EXCLUDED.laudado, nis=EXCLUDED.nis, "codigoAluno"=EXCLUDED."codigoAluno", inscricao=EXCLUDED.inscricao, "nomeMae"=EXCLUDED."nomeMae", "nomePai"=EXCLUDED."nomePai", "celPai"=EXCLUDED."celPai", nacionalidade=EXCLUDED.nacionalidade, naturalidade=EXCLUDED.naturalidade, "ufNascimento"=EXCLUDED."ufNascimento", endereco=EXCLUDED.endereco, cep=EXCLUDED.cep, "dadosResponsaveis"=EXCLUDED."dadosResponsaveis", "documentosMatricula"=EXCLUDED."documentosMatricula", "autorizadosRetirada"=EXCLUDED."autorizadosRetirada", "transporteEscolar"=EXCLUDED."transporteEscolar", "fichaAdministrativa"=EXCLUDED."fichaAdministrativa", "isActive"=TRUE, "updatedAt"=NOW();
  INSERT INTO "Enrollment" (id,"childId","classroomId","enrollmentDate",status,"createdAt","updatedAt")
  VALUES ('seed_enr_' || 'seed_pelicano_child_250803_henrique_emanoel_costa_silva_seed_pelicano_class_pel_maternal_2_miriam', 'seed_pelicano_child_250803_henrique_emanoel_costa_silva', 'seed_pelicano_class_pel_maternal_2_miriam', '2026-02-01 12:00:00', 'ATIVA'::"EnrollmentStatus", NOW(), NOW())
  ON CONFLICT ("childId","classroomId") DO UPDATE SET status=EXCLUDED.status, "updatedAt"=NOW();
  -- Aluno: IAN FRANCISCO ARAUJO DOS SANTOS
  INSERT INTO "Child" (id,"mantenedoraId","unitId","firstName","lastName","dateOfBirth",gender,cpf,raca,peso,"bloodType",allergies,"medicalConditions","usoImagem",laudado,nis,"codigoAluno",inscricao,"nomeMae","nomePai","celPai",nacionalidade,naturalidade,"ufNascimento",endereco,cep,"dadosResponsaveis","documentosMatricula","autorizadosRetirada","transporteEscolar","fichaAdministrativa","isActive","createdAt","updatedAt")
  VALUES ('seed_pelicano_child_247399_ian_francisco_araujo_dos_santos',v_mantenedora_id,v_unit_id,'Ian','Francisco Araujo Dos Santos','2022-06-05 12:00:00','MASCULINO'::"Gender",'116.150.221-12','PARDA',NULL,NULL,NULL,NULL,NULL,NULL,NULL,NULL,'247399',NULL,NULL,NULL,'BRASIL','Brasilia','DF',NULL,'07266900','{"mae": {"nome": null, "cpf": null, "telefone": null}, "pai": {"nome": null, "cpf": null, "telefone": null}, "responsavelPrincipal": {"nome": null, "cpf": null, "parentesco": null, "identidade": null, "orgaoExpedidor": null, "telefone": null}, "enderecoResponsavel": null, "cepResponsavel": null, "escolaridade": null, "profissao": null, "numeroDependentes": null, "numeroPessoasCasa": null}'::jsonb,'{"codigoAluno": null, "inscricao": "247399", "censo": null, "beneficio": null, "nis": null, "pisResponsavel": null, "cpfOriginalAluno": "116.150.221-12", "cpfPersistidoNoCampoCpf": "116.150.221-12", "cpfDuplicadoNaPlanilha": false, "serie2024": null, "origemLinhaPlanilha": 129}'::jsonb,'[]'::jsonb,'{"usaTransporteEscolar": null, "nomeTransporte": null}'::jsonb,'{"turmaPlanilha": "Maternal 2", "professoraPlanilha": "Miriam", "fonte": "DADOS PARA PLATAFORMA PEDAGÓGICA (1) (1).xlsx / Planilha1", "linhaPlanilha": 129, "raw": {"INSCRIÇÃO": "247399", "NOME": "IAN FRANCISCO ARAUJO DOS SANTOS", "SEXO": "M", "NASC": "2022-06-05T00:00:00", "NACIONALIDADE": "BRASIL", "NATURALIDADE": "Brasilia", "UF": "DF", "CPF": "11615022112", "RAÇA": "PARDA", "CEP": "7266900", "TURMA": "Maternal 2", "PROFESSORA": "Miriam"}}'::jsonb,TRUE,NOW(),NOW())
  ON CONFLICT (id) DO UPDATE SET "unitId"=v_unit_id, "firstName"=EXCLUDED."firstName", "lastName"=EXCLUDED."lastName", "dateOfBirth"=EXCLUDED."dateOfBirth", gender=EXCLUDED.gender, cpf=EXCLUDED.cpf, raca=EXCLUDED.raca, peso=EXCLUDED.peso, "bloodType"=EXCLUDED."bloodType", allergies=EXCLUDED.allergies, "medicalConditions"=EXCLUDED."medicalConditions", "usoImagem"=EXCLUDED."usoImagem", laudado=EXCLUDED.laudado, nis=EXCLUDED.nis, "codigoAluno"=EXCLUDED."codigoAluno", inscricao=EXCLUDED.inscricao, "nomeMae"=EXCLUDED."nomeMae", "nomePai"=EXCLUDED."nomePai", "celPai"=EXCLUDED."celPai", nacionalidade=EXCLUDED.nacionalidade, naturalidade=EXCLUDED.naturalidade, "ufNascimento"=EXCLUDED."ufNascimento", endereco=EXCLUDED.endereco, cep=EXCLUDED.cep, "dadosResponsaveis"=EXCLUDED."dadosResponsaveis", "documentosMatricula"=EXCLUDED."documentosMatricula", "autorizadosRetirada"=EXCLUDED."autorizadosRetirada", "transporteEscolar"=EXCLUDED."transporteEscolar", "fichaAdministrativa"=EXCLUDED."fichaAdministrativa", "isActive"=TRUE, "updatedAt"=NOW();
  INSERT INTO "Enrollment" (id,"childId","classroomId","enrollmentDate",status,"createdAt","updatedAt")
  VALUES ('seed_enr_' || 'seed_pelicano_child_247399_ian_francisco_araujo_dos_santos_seed_pelicano_class_pel_maternal_2_miriam', 'seed_pelicano_child_247399_ian_francisco_araujo_dos_santos', 'seed_pelicano_class_pel_maternal_2_miriam', '2026-02-01 12:00:00', 'ATIVA'::"EnrollmentStatus", NOW(), NOW())
  ON CONFLICT ("childId","classroomId") DO UPDATE SET status=EXCLUDED.status, "updatedAt"=NOW();
  -- Aluno: ISAAC ALENCAR
  INSERT INTO "Child" (id,"mantenedoraId","unitId","firstName","lastName","dateOfBirth",gender,cpf,raca,peso,"bloodType",allergies,"medicalConditions","usoImagem",laudado,nis,"codigoAluno",inscricao,"nomeMae","nomePai","celPai",nacionalidade,naturalidade,"ufNascimento",endereco,cep,"dadosResponsaveis","documentosMatricula","autorizadosRetirada","transporteEscolar","fichaAdministrativa","isActive","createdAt","updatedAt")
  VALUES ('seed_pelicano_child_196313_isaac_alencar',v_mantenedora_id,v_unit_id,'Isaac','Alencar','2022-08-27 12:00:00','MASCULINO'::"Gender",'116.960.571-08','PARDA',NULL,NULL,NULL,NULL,NULL,NULL,NULL,NULL,'196313',NULL,NULL,NULL,'BRASIL','Brasilia','DF',NULL,'07266900','{"mae": {"nome": null, "cpf": null, "telefone": null}, "pai": {"nome": null, "cpf": null, "telefone": null}, "responsavelPrincipal": {"nome": null, "cpf": null, "parentesco": null, "identidade": null, "orgaoExpedidor": null, "telefone": null}, "enderecoResponsavel": null, "cepResponsavel": null, "escolaridade": null, "profissao": null, "numeroDependentes": null, "numeroPessoasCasa": null}'::jsonb,'{"codigoAluno": null, "inscricao": "196313", "censo": null, "beneficio": null, "nis": null, "pisResponsavel": null, "cpfOriginalAluno": "116.960.571-08", "cpfPersistidoNoCampoCpf": "116.960.571-08", "cpfDuplicadoNaPlanilha": false, "serie2024": null, "origemLinhaPlanilha": 130}'::jsonb,'[]'::jsonb,'{"usaTransporteEscolar": null, "nomeTransporte": null}'::jsonb,'{"turmaPlanilha": "Maternal 2", "professoraPlanilha": "Ada", "fonte": "DADOS PARA PLATAFORMA PEDAGÓGICA (1) (1).xlsx / Planilha1", "linhaPlanilha": 130, "raw": {"INSCRIÇÃO": "196313", "NOME": "ISAAC ALENCAR", "SEXO": "M", "NASC": "2022-08-27T00:00:00", "NACIONALIDADE": "BRASIL", "NATURALIDADE": "Brasilia", "UF": "DF", "CPF": "11696057108", "RAÇA": "PARDA", "CEP": "7266900", "TURMA": "Maternal 2", "PROFESSORA": "Ada"}}'::jsonb,TRUE,NOW(),NOW())
  ON CONFLICT (id) DO UPDATE SET "unitId"=v_unit_id, "firstName"=EXCLUDED."firstName", "lastName"=EXCLUDED."lastName", "dateOfBirth"=EXCLUDED."dateOfBirth", gender=EXCLUDED.gender, cpf=EXCLUDED.cpf, raca=EXCLUDED.raca, peso=EXCLUDED.peso, "bloodType"=EXCLUDED."bloodType", allergies=EXCLUDED.allergies, "medicalConditions"=EXCLUDED."medicalConditions", "usoImagem"=EXCLUDED."usoImagem", laudado=EXCLUDED.laudado, nis=EXCLUDED.nis, "codigoAluno"=EXCLUDED."codigoAluno", inscricao=EXCLUDED.inscricao, "nomeMae"=EXCLUDED."nomeMae", "nomePai"=EXCLUDED."nomePai", "celPai"=EXCLUDED."celPai", nacionalidade=EXCLUDED.nacionalidade, naturalidade=EXCLUDED.naturalidade, "ufNascimento"=EXCLUDED."ufNascimento", endereco=EXCLUDED.endereco, cep=EXCLUDED.cep, "dadosResponsaveis"=EXCLUDED."dadosResponsaveis", "documentosMatricula"=EXCLUDED."documentosMatricula", "autorizadosRetirada"=EXCLUDED."autorizadosRetirada", "transporteEscolar"=EXCLUDED."transporteEscolar", "fichaAdministrativa"=EXCLUDED."fichaAdministrativa", "isActive"=TRUE, "updatedAt"=NOW();
  INSERT INTO "Enrollment" (id,"childId","classroomId","enrollmentDate",status,"createdAt","updatedAt")
  VALUES ('seed_enr_' || 'seed_pelicano_child_196313_isaac_alencar_seed_pelicano_class_pel_maternal_2_ada', 'seed_pelicano_child_196313_isaac_alencar', 'seed_pelicano_class_pel_maternal_2_ada', '2026-02-01 12:00:00', 'ATIVA'::"EnrollmentStatus", NOW(), NOW())
  ON CONFLICT ("childId","classroomId") DO UPDATE SET status=EXCLUDED.status, "updatedAt"=NOW();
  -- Aluno: ISADORA FIRMINO DA SILVA
  INSERT INTO "Child" (id,"mantenedoraId","unitId","firstName","lastName","dateOfBirth",gender,cpf,raca,peso,"bloodType",allergies,"medicalConditions","usoImagem",laudado,nis,"codigoAluno",inscricao,"nomeMae","nomePai","celPai",nacionalidade,naturalidade,"ufNascimento",endereco,cep,"dadosResponsaveis","documentosMatricula","autorizadosRetirada","transporteEscolar","fichaAdministrativa","isActive","createdAt","updatedAt")
  VALUES ('seed_pelicano_child_215684_isadora_firmino_da_silva',v_mantenedora_id,v_unit_id,'Isadora','Firmino Da Silva','2022-11-21 12:00:00','FEMININO'::"Gender",'117.761.971-78','PARDA',NULL,NULL,NULL,NULL,NULL,NULL,NULL,NULL,'215684',NULL,NULL,NULL,'BRASIL','Brasilia','DF',NULL,'07266900','{"mae": {"nome": null, "cpf": null, "telefone": null}, "pai": {"nome": null, "cpf": null, "telefone": null}, "responsavelPrincipal": {"nome": null, "cpf": null, "parentesco": null, "identidade": null, "orgaoExpedidor": null, "telefone": null}, "enderecoResponsavel": null, "cepResponsavel": null, "escolaridade": null, "profissao": null, "numeroDependentes": null, "numeroPessoasCasa": null}'::jsonb,'{"codigoAluno": null, "inscricao": "215684", "censo": null, "beneficio": null, "nis": null, "pisResponsavel": null, "cpfOriginalAluno": "117.761.971-78", "cpfPersistidoNoCampoCpf": "117.761.971-78", "cpfDuplicadoNaPlanilha": false, "serie2024": null, "origemLinhaPlanilha": 131}'::jsonb,'[]'::jsonb,'{"usaTransporteEscolar": null, "nomeTransporte": null}'::jsonb,'{"turmaPlanilha": "Maternal 2", "professoraPlanilha": "Ada", "fonte": "DADOS PARA PLATAFORMA PEDAGÓGICA (1) (1).xlsx / Planilha1", "linhaPlanilha": 131, "raw": {"INSCRIÇÃO": "215684", "NOME": "ISADORA FIRMINO DA SILVA", "SEXO": "F", "NASC": "2022-11-21T00:00:00", "NACIONALIDADE": "BRASIL", "NATURALIDADE": "Brasilia", "UF": "DF", "CPF": "11776197178", "RAÇA": "PARDA", "CEP": "7266900", "TURMA": "Maternal 2", "PROFESSORA": "Ada"}}'::jsonb,TRUE,NOW(),NOW())
  ON CONFLICT (id) DO UPDATE SET "unitId"=v_unit_id, "firstName"=EXCLUDED."firstName", "lastName"=EXCLUDED."lastName", "dateOfBirth"=EXCLUDED."dateOfBirth", gender=EXCLUDED.gender, cpf=EXCLUDED.cpf, raca=EXCLUDED.raca, peso=EXCLUDED.peso, "bloodType"=EXCLUDED."bloodType", allergies=EXCLUDED.allergies, "medicalConditions"=EXCLUDED."medicalConditions", "usoImagem"=EXCLUDED."usoImagem", laudado=EXCLUDED.laudado, nis=EXCLUDED.nis, "codigoAluno"=EXCLUDED."codigoAluno", inscricao=EXCLUDED.inscricao, "nomeMae"=EXCLUDED."nomeMae", "nomePai"=EXCLUDED."nomePai", "celPai"=EXCLUDED."celPai", nacionalidade=EXCLUDED.nacionalidade, naturalidade=EXCLUDED.naturalidade, "ufNascimento"=EXCLUDED."ufNascimento", endereco=EXCLUDED.endereco, cep=EXCLUDED.cep, "dadosResponsaveis"=EXCLUDED."dadosResponsaveis", "documentosMatricula"=EXCLUDED."documentosMatricula", "autorizadosRetirada"=EXCLUDED."autorizadosRetirada", "transporteEscolar"=EXCLUDED."transporteEscolar", "fichaAdministrativa"=EXCLUDED."fichaAdministrativa", "isActive"=TRUE, "updatedAt"=NOW();
  INSERT INTO "Enrollment" (id,"childId","classroomId","enrollmentDate",status,"createdAt","updatedAt")
  VALUES ('seed_enr_' || 'seed_pelicano_child_215684_isadora_firmino_da_silva_seed_pelicano_class_pel_maternal_2_ada', 'seed_pelicano_child_215684_isadora_firmino_da_silva', 'seed_pelicano_class_pel_maternal_2_ada', '2026-02-01 12:00:00', 'ATIVA'::"EnrollmentStatus", NOW(), NOW())
  ON CONFLICT ("childId","classroomId") DO UPDATE SET status=EXCLUDED.status, "updatedAt"=NOW();
  -- Aluno: ISIS VITORIA SILVA SANTOS
  INSERT INTO "Child" (id,"mantenedoraId","unitId","firstName","lastName","dateOfBirth",gender,cpf,raca,peso,"bloodType",allergies,"medicalConditions","usoImagem",laudado,nis,"codigoAluno",inscricao,"nomeMae","nomePai","celPai",nacionalidade,naturalidade,"ufNascimento",endereco,cep,"dadosResponsaveis","documentosMatricula","autorizadosRetirada","transporteEscolar","fichaAdministrativa","isActive","createdAt","updatedAt")
  VALUES ('seed_pelicano_child_237535_isis_vitoria_silva_santos',v_mantenedora_id,v_unit_id,'Isis','Vitoria Silva Santos','2022-04-07 12:00:00','FEMININO'::"Gender",'115.515.741-95','PARDA',NULL,NULL,NULL,NULL,NULL,NULL,NULL,NULL,'237535',NULL,NULL,NULL,'BRASIL','Brasilia','DF',NULL,'07266900','{"mae": {"nome": null, "cpf": null, "telefone": null}, "pai": {"nome": null, "cpf": null, "telefone": null}, "responsavelPrincipal": {"nome": null, "cpf": null, "parentesco": null, "identidade": null, "orgaoExpedidor": null, "telefone": null}, "enderecoResponsavel": null, "cepResponsavel": null, "escolaridade": null, "profissao": null, "numeroDependentes": null, "numeroPessoasCasa": null}'::jsonb,'{"codigoAluno": null, "inscricao": "237535", "censo": null, "beneficio": null, "nis": null, "pisResponsavel": null, "cpfOriginalAluno": "115.515.741-95", "cpfPersistidoNoCampoCpf": "115.515.741-95", "cpfDuplicadoNaPlanilha": false, "serie2024": null, "origemLinhaPlanilha": 132}'::jsonb,'[]'::jsonb,'{"usaTransporteEscolar": null, "nomeTransporte": null}'::jsonb,'{"turmaPlanilha": "Maternal 2", "professoraPlanilha": "Ada", "fonte": "DADOS PARA PLATAFORMA PEDAGÓGICA (1) (1).xlsx / Planilha1", "linhaPlanilha": 132, "raw": {"INSCRIÇÃO": "237535", "NOME": "ISIS VITORIA SILVA SANTOS", "SEXO": "F", "NASC": "2022-04-07T00:00:00", "NACIONALIDADE": "BRASIL", "NATURALIDADE": "Brasilia", "UF": "DF", "CPF": "11551574195", "RAÇA": "PARDA", "CEP": "7266900", "TURMA": "Maternal 2", "PROFESSORA": "Ada"}}'::jsonb,TRUE,NOW(),NOW())
  ON CONFLICT (id) DO UPDATE SET "unitId"=v_unit_id, "firstName"=EXCLUDED."firstName", "lastName"=EXCLUDED."lastName", "dateOfBirth"=EXCLUDED."dateOfBirth", gender=EXCLUDED.gender, cpf=EXCLUDED.cpf, raca=EXCLUDED.raca, peso=EXCLUDED.peso, "bloodType"=EXCLUDED."bloodType", allergies=EXCLUDED.allergies, "medicalConditions"=EXCLUDED."medicalConditions", "usoImagem"=EXCLUDED."usoImagem", laudado=EXCLUDED.laudado, nis=EXCLUDED.nis, "codigoAluno"=EXCLUDED."codigoAluno", inscricao=EXCLUDED.inscricao, "nomeMae"=EXCLUDED."nomeMae", "nomePai"=EXCLUDED."nomePai", "celPai"=EXCLUDED."celPai", nacionalidade=EXCLUDED.nacionalidade, naturalidade=EXCLUDED.naturalidade, "ufNascimento"=EXCLUDED."ufNascimento", endereco=EXCLUDED.endereco, cep=EXCLUDED.cep, "dadosResponsaveis"=EXCLUDED."dadosResponsaveis", "documentosMatricula"=EXCLUDED."documentosMatricula", "autorizadosRetirada"=EXCLUDED."autorizadosRetirada", "transporteEscolar"=EXCLUDED."transporteEscolar", "fichaAdministrativa"=EXCLUDED."fichaAdministrativa", "isActive"=TRUE, "updatedAt"=NOW();
  INSERT INTO "Enrollment" (id,"childId","classroomId","enrollmentDate",status,"createdAt","updatedAt")
  VALUES ('seed_enr_' || 'seed_pelicano_child_237535_isis_vitoria_silva_santos_seed_pelicano_class_pel_maternal_2_ada', 'seed_pelicano_child_237535_isis_vitoria_silva_santos', 'seed_pelicano_class_pel_maternal_2_ada', '2026-02-01 12:00:00', 'ATIVA'::"EnrollmentStatus", NOW(), NOW())
  ON CONFLICT ("childId","classroomId") DO UPDATE SET status=EXCLUDED.status, "updatedAt"=NOW();
  -- Aluno: JHONAS RAVY RODRIGUES DAS CHAGAS
  INSERT INTO "Child" (id,"mantenedoraId","unitId","firstName","lastName","dateOfBirth",gender,cpf,raca,peso,"bloodType",allergies,"medicalConditions","usoImagem",laudado,nis,"codigoAluno",inscricao,"nomeMae","nomePai","celPai",nacionalidade,naturalidade,"ufNascimento",endereco,cep,"dadosResponsaveis","documentosMatricula","autorizadosRetirada","transporteEscolar","fichaAdministrativa","isActive","createdAt","updatedAt")
  VALUES ('seed_pelicano_child_212648_jhonas_ravy_rodrigues_das_chagas',v_mantenedora_id,v_unit_id,'Jhonas','Ravy Rodrigues Das Chagas','2022-04-14 12:00:00','MASCULINO'::"Gender",'115.593.751-16','PARDA',NULL,NULL,NULL,NULL,NULL,NULL,NULL,NULL,'212648',NULL,'Jhonatas',NULL,'BRASIL','Brasilia','DF',NULL,'07266900','{"mae": {"nome": null, "cpf": null, "telefone": null}, "pai": {"nome": "Jhonatas", "cpf": null, "telefone": null}, "responsavelPrincipal": {"nome": "Jhonatas", "cpf": null, "parentesco": null, "identidade": null, "orgaoExpedidor": null, "telefone": null}, "enderecoResponsavel": null, "cepResponsavel": null, "escolaridade": null, "profissao": null, "numeroDependentes": null, "numeroPessoasCasa": null}'::jsonb,'{"codigoAluno": null, "inscricao": "212648", "censo": null, "beneficio": null, "nis": null, "pisResponsavel": null, "cpfOriginalAluno": "115.593.751-16", "cpfPersistidoNoCampoCpf": "115.593.751-16", "cpfDuplicadoNaPlanilha": false, "serie2024": null, "origemLinhaPlanilha": 133}'::jsonb,'[]'::jsonb,'{"usaTransporteEscolar": null, "nomeTransporte": null}'::jsonb,'{"turmaPlanilha": "Maternal 2", "professoraPlanilha": "Shirlene", "fonte": "DADOS PARA PLATAFORMA PEDAGÓGICA (1) (1).xlsx / Planilha1", "linhaPlanilha": 133, "raw": {"INSCRIÇÃO": "212648", "NOME": "JHONAS RAVY RODRIGUES DAS CHAGAS", "SEXO": "M", "NASC": "2022-04-14T00:00:00", "NACIONALIDADE": "BRASIL", "NATURALIDADE": "Brasilia", "UF": "DF", "CPF": "11559375116", "RAÇA": "PARDA", "CEP": "7266900", "TURMA": "Maternal 2", "PROFESSORA": "Shirlene", "PAI": "Jhonatas"}}'::jsonb,TRUE,NOW(),NOW())
  ON CONFLICT (id) DO UPDATE SET "unitId"=v_unit_id, "firstName"=EXCLUDED."firstName", "lastName"=EXCLUDED."lastName", "dateOfBirth"=EXCLUDED."dateOfBirth", gender=EXCLUDED.gender, cpf=EXCLUDED.cpf, raca=EXCLUDED.raca, peso=EXCLUDED.peso, "bloodType"=EXCLUDED."bloodType", allergies=EXCLUDED.allergies, "medicalConditions"=EXCLUDED."medicalConditions", "usoImagem"=EXCLUDED."usoImagem", laudado=EXCLUDED.laudado, nis=EXCLUDED.nis, "codigoAluno"=EXCLUDED."codigoAluno", inscricao=EXCLUDED.inscricao, "nomeMae"=EXCLUDED."nomeMae", "nomePai"=EXCLUDED."nomePai", "celPai"=EXCLUDED."celPai", nacionalidade=EXCLUDED.nacionalidade, naturalidade=EXCLUDED.naturalidade, "ufNascimento"=EXCLUDED."ufNascimento", endereco=EXCLUDED.endereco, cep=EXCLUDED.cep, "dadosResponsaveis"=EXCLUDED."dadosResponsaveis", "documentosMatricula"=EXCLUDED."documentosMatricula", "autorizadosRetirada"=EXCLUDED."autorizadosRetirada", "transporteEscolar"=EXCLUDED."transporteEscolar", "fichaAdministrativa"=EXCLUDED."fichaAdministrativa", "isActive"=TRUE, "updatedAt"=NOW();
  INSERT INTO "Enrollment" (id,"childId","classroomId","enrollmentDate",status,"createdAt","updatedAt")
  VALUES ('seed_enr_' || 'seed_pelicano_child_212648_jhonas_ravy_rodrigues_das_chagas_seed_pelicano_class_pel_maternal_2_shirl', 'seed_pelicano_child_212648_jhonas_ravy_rodrigues_das_chagas', 'seed_pelicano_class_pel_maternal_2_shirlene', '2026-02-01 12:00:00', 'ATIVA'::"EnrollmentStatus", NOW(), NOW())
  ON CONFLICT ("childId","classroomId") DO UPDATE SET status=EXCLUDED.status, "updatedAt"=NOW();
  -- Aluno: JOAO BRYAN PEREIRA MOREIRA
  INSERT INTO "Child" (id,"mantenedoraId","unitId","firstName","lastName","dateOfBirth",gender,cpf,raca,peso,"bloodType",allergies,"medicalConditions","usoImagem",laudado,nis,"codigoAluno",inscricao,"nomeMae","nomePai","celPai",nacionalidade,naturalidade,"ufNascimento",endereco,cep,"dadosResponsaveis","documentosMatricula","autorizadosRetirada","transporteEscolar","fichaAdministrativa","isActive","createdAt","updatedAt")
  VALUES ('seed_pelicano_child_262960_joao_bryan_pereira_moreira',v_mantenedora_id,v_unit_id,'Joao','Bryan Pereira Moreira','2022-11-16 12:00:00','MASCULINO'::"Gender",'117.690.241-58','PARDA','10KG','A+',NULL,NULL,NULL,NULL,NULL,NULL,'262960','Graciele','Joao Batista','61999299429','BRASIL','Brasilia','DF','Chacara Final Feliz','72600000','{"mae": {"nome": "Graciele", "cpf": null, "telefone": "88981193468"}, "pai": {"nome": "Joao Batista", "cpf": "116.254.006-08", "telefone": "61999299429"}, "responsavelPrincipal": {"nome": "Graciele", "cpf": "116.254.006-08", "parentesco": "Mãe", "identidade": "3481957", "orgaoExpedidor": "SSP", "telefone": null}, "enderecoResponsavel": null, "cepResponsavel": null, "escolaridade": null, "profissao": "Dona de Casa", "numeroDependentes": null, "numeroPessoasCasa": null}'::jsonb,'{"codigoAluno": null, "inscricao": "262960", "censo": null, "beneficio": null, "nis": null, "pisResponsavel": null, "cpfOriginalAluno": "117.690.241-58", "cpfPersistidoNoCampoCpf": "117.690.241-58", "cpfDuplicadoNaPlanilha": false, "serie2024": null, "origemLinhaPlanilha": 134}'::jsonb,'[]'::jsonb,'{"usaTransporteEscolar": null, "nomeTransporte": null}'::jsonb,'{"turmaPlanilha": "Maternal 2", "professoraPlanilha": "Sabrina", "fonte": "DADOS PARA PLATAFORMA PEDAGÓGICA (1) (1).xlsx / Planilha1", "linhaPlanilha": 134, "raw": {"INSCRIÇÃO": "262960", "NOME": "JOAO BRYAN PEREIRA MOREIRA", "SEXO": "M", "NASC": "2022-11-16T00:00:00", "NACIONALIDADE": "BRASIL", "NATURALIDADE": "Brasilia", "UF": "DF", "CPF": "11769024158", "RAÇA": "PARDA", "PESO": "10KG", "TIPAGEM SANGUINEA": "A+", "ENDEREÇO": "Chacara Final Feliz", "CEP": "72600000", "TURMA": "Maternal 2", "PROFESSORA": "Sabrina", "MÃE": "Graciele", "PAI": "Joao Batista", "RESPONSÁVEL_2": "Graciele", "PARENTESCO": "Mãe", "IDENTIDADE RESP": "3481957", "ORG. EXPEDITOR": "SSP", "CPF_3": "11625400608", "NASCIMENTO": "1995-06-10T00:00:00", "NATURALIDADE_2": "Arinos", "UF_2": "MG", "CEL. MÃE": "8898119-3468", "CEL. PAI": "6199929-9429", "PROFISSÃO": "Dona de Casa"}}'::jsonb,TRUE,NOW(),NOW())
  ON CONFLICT (id) DO UPDATE SET "unitId"=v_unit_id, "firstName"=EXCLUDED."firstName", "lastName"=EXCLUDED."lastName", "dateOfBirth"=EXCLUDED."dateOfBirth", gender=EXCLUDED.gender, cpf=EXCLUDED.cpf, raca=EXCLUDED.raca, peso=EXCLUDED.peso, "bloodType"=EXCLUDED."bloodType", allergies=EXCLUDED.allergies, "medicalConditions"=EXCLUDED."medicalConditions", "usoImagem"=EXCLUDED."usoImagem", laudado=EXCLUDED.laudado, nis=EXCLUDED.nis, "codigoAluno"=EXCLUDED."codigoAluno", inscricao=EXCLUDED.inscricao, "nomeMae"=EXCLUDED."nomeMae", "nomePai"=EXCLUDED."nomePai", "celPai"=EXCLUDED."celPai", nacionalidade=EXCLUDED.nacionalidade, naturalidade=EXCLUDED.naturalidade, "ufNascimento"=EXCLUDED."ufNascimento", endereco=EXCLUDED.endereco, cep=EXCLUDED.cep, "dadosResponsaveis"=EXCLUDED."dadosResponsaveis", "documentosMatricula"=EXCLUDED."documentosMatricula", "autorizadosRetirada"=EXCLUDED."autorizadosRetirada", "transporteEscolar"=EXCLUDED."transporteEscolar", "fichaAdministrativa"=EXCLUDED."fichaAdministrativa", "isActive"=TRUE, "updatedAt"=NOW();
  INSERT INTO "Enrollment" (id,"childId","classroomId","enrollmentDate",status,"createdAt","updatedAt")
  VALUES ('seed_enr_' || 'seed_pelicano_child_262960_joao_bryan_pereira_moreira_seed_pelicano_class_pel_maternal_2_sabrina', 'seed_pelicano_child_262960_joao_bryan_pereira_moreira', 'seed_pelicano_class_pel_maternal_2_sabrina', '2026-02-01 12:00:00', 'ATIVA'::"EnrollmentStatus", NOW(), NOW())
  ON CONFLICT ("childId","classroomId") DO UPDATE SET status=EXCLUDED.status, "updatedAt"=NOW();
  -- Aluno: JOAO LUCAS AVELAR DO ROSARIO
  INSERT INTO "Child" (id,"mantenedoraId","unitId","firstName","lastName","dateOfBirth",gender,cpf,raca,peso,"bloodType",allergies,"medicalConditions","usoImagem",laudado,nis,"codigoAluno",inscricao,"nomeMae","nomePai","celPai",nacionalidade,naturalidade,"ufNascimento",endereco,cep,"dadosResponsaveis","documentosMatricula","autorizadosRetirada","transporteEscolar","fichaAdministrativa","isActive","createdAt","updatedAt")
  VALUES ('seed_pelicano_child_229602_joao_lucas_avelar_do_rosario',v_mantenedora_id,v_unit_id,'Joao','Lucas Avelar Do Rosario','2023-02-02 12:00:00','MASCULINO'::"Gender",'118.539.891-00','PARDA',NULL,NULL,NULL,NULL,NULL,NULL,NULL,NULL,'229602',NULL,'Milton',NULL,'BRASIL','Brasilia','DF',NULL,'07266900','{"mae": {"nome": null, "cpf": null, "telefone": null}, "pai": {"nome": "Milton", "cpf": null, "telefone": null}, "responsavelPrincipal": {"nome": "Milton", "cpf": null, "parentesco": null, "identidade": null, "orgaoExpedidor": null, "telefone": null}, "enderecoResponsavel": null, "cepResponsavel": null, "escolaridade": null, "profissao": null, "numeroDependentes": null, "numeroPessoasCasa": null}'::jsonb,'{"codigoAluno": null, "inscricao": "229602", "censo": null, "beneficio": null, "nis": null, "pisResponsavel": null, "cpfOriginalAluno": "118.539.891-00", "cpfPersistidoNoCampoCpf": "118.539.891-00", "cpfDuplicadoNaPlanilha": false, "serie2024": null, "origemLinhaPlanilha": 135}'::jsonb,'[]'::jsonb,'{"usaTransporteEscolar": null, "nomeTransporte": null}'::jsonb,'{"turmaPlanilha": "Maternal 2", "professoraPlanilha": "Salete", "fonte": "DADOS PARA PLATAFORMA PEDAGÓGICA (1) (1).xlsx / Planilha1", "linhaPlanilha": 135, "raw": {"INSCRIÇÃO": "229602", "NOME": "JOAO LUCAS AVELAR DO ROSARIO", "SEXO": "M", "NASC": "2023-02-02T00:00:00", "NACIONALIDADE": "BRASIL", "NATURALIDADE": "Brasilia", "UF": "DF", "CPF": "11853989100", "RAÇA": "PARDA", "CEP": "7266900", "TURMA": "Maternal 2", "PROFESSORA": "Salete", "PAI": "Milton"}}'::jsonb,TRUE,NOW(),NOW())
  ON CONFLICT (id) DO UPDATE SET "unitId"=v_unit_id, "firstName"=EXCLUDED."firstName", "lastName"=EXCLUDED."lastName", "dateOfBirth"=EXCLUDED."dateOfBirth", gender=EXCLUDED.gender, cpf=EXCLUDED.cpf, raca=EXCLUDED.raca, peso=EXCLUDED.peso, "bloodType"=EXCLUDED."bloodType", allergies=EXCLUDED.allergies, "medicalConditions"=EXCLUDED."medicalConditions", "usoImagem"=EXCLUDED."usoImagem", laudado=EXCLUDED.laudado, nis=EXCLUDED.nis, "codigoAluno"=EXCLUDED."codigoAluno", inscricao=EXCLUDED.inscricao, "nomeMae"=EXCLUDED."nomeMae", "nomePai"=EXCLUDED."nomePai", "celPai"=EXCLUDED."celPai", nacionalidade=EXCLUDED.nacionalidade, naturalidade=EXCLUDED.naturalidade, "ufNascimento"=EXCLUDED."ufNascimento", endereco=EXCLUDED.endereco, cep=EXCLUDED.cep, "dadosResponsaveis"=EXCLUDED."dadosResponsaveis", "documentosMatricula"=EXCLUDED."documentosMatricula", "autorizadosRetirada"=EXCLUDED."autorizadosRetirada", "transporteEscolar"=EXCLUDED."transporteEscolar", "fichaAdministrativa"=EXCLUDED."fichaAdministrativa", "isActive"=TRUE, "updatedAt"=NOW();
  INSERT INTO "Enrollment" (id,"childId","classroomId","enrollmentDate",status,"createdAt","updatedAt")
  VALUES ('seed_enr_' || 'seed_pelicano_child_229602_joao_lucas_avelar_do_rosario_seed_pelicano_class_pel_maternal_2_salete', 'seed_pelicano_child_229602_joao_lucas_avelar_do_rosario', 'seed_pelicano_class_pel_maternal_2_salete', '2026-02-01 12:00:00', 'ATIVA'::"EnrollmentStatus", NOW(), NOW())
  ON CONFLICT ("childId","classroomId") DO UPDATE SET status=EXCLUDED.status, "updatedAt"=NOW();
  -- Aluno: JOAO RAVI CARNEIRO DIAS
  INSERT INTO "Child" (id,"mantenedoraId","unitId","firstName","lastName","dateOfBirth",gender,cpf,raca,peso,"bloodType",allergies,"medicalConditions","usoImagem",laudado,nis,"codigoAluno",inscricao,"nomeMae","nomePai","celPai",nacionalidade,naturalidade,"ufNascimento",endereco,cep,"dadosResponsaveis","documentosMatricula","autorizadosRetirada","transporteEscolar","fichaAdministrativa","isActive","createdAt","updatedAt")
  VALUES ('seed_pelicano_child_248067_joao_ravi_carneiro_dias',v_mantenedora_id,v_unit_id,'Joao','Ravi Carneiro Dias','2023-02-21 12:00:00','MASCULINO'::"Gender",'118.736.331-65','PARDA',NULL,NULL,NULL,NULL,NULL,NULL,NULL,NULL,'248067',NULL,'Joao Carlos',NULL,'BRASIL','Brasilia','DF',NULL,'07266900','{"mae": {"nome": null, "cpf": null, "telefone": null}, "pai": {"nome": "Joao Carlos", "cpf": null, "telefone": null}, "responsavelPrincipal": {"nome": "Joao Carlos", "cpf": null, "parentesco": null, "identidade": null, "orgaoExpedidor": null, "telefone": null}, "enderecoResponsavel": null, "cepResponsavel": null, "escolaridade": null, "profissao": null, "numeroDependentes": null, "numeroPessoasCasa": null}'::jsonb,'{"codigoAluno": null, "inscricao": "248067", "censo": null, "beneficio": null, "nis": null, "pisResponsavel": null, "cpfOriginalAluno": "118.736.331-65", "cpfPersistidoNoCampoCpf": "118.736.331-65", "cpfDuplicadoNaPlanilha": false, "serie2024": null, "origemLinhaPlanilha": 136}'::jsonb,'[]'::jsonb,'{"usaTransporteEscolar": null, "nomeTransporte": null}'::jsonb,'{"turmaPlanilha": "Maternal 2", "professoraPlanilha": "Shirlene", "fonte": "DADOS PARA PLATAFORMA PEDAGÓGICA (1) (1).xlsx / Planilha1", "linhaPlanilha": 136, "raw": {"INSCRIÇÃO": "248067", "NOME": "JOAO RAVI CARNEIRO DIAS", "SEXO": "M", "NASC": "2023-02-21T00:00:00", "NACIONALIDADE": "BRASIL", "NATURALIDADE": "Brasilia", "UF": "DF", "CPF": "11873633165", "RAÇA": "PARDA", "CEP": "7266900", "TURMA": "Maternal 2", "PROFESSORA": "Shirlene", "PAI": "Joao Carlos"}}'::jsonb,TRUE,NOW(),NOW())
  ON CONFLICT (id) DO UPDATE SET "unitId"=v_unit_id, "firstName"=EXCLUDED."firstName", "lastName"=EXCLUDED."lastName", "dateOfBirth"=EXCLUDED."dateOfBirth", gender=EXCLUDED.gender, cpf=EXCLUDED.cpf, raca=EXCLUDED.raca, peso=EXCLUDED.peso, "bloodType"=EXCLUDED."bloodType", allergies=EXCLUDED.allergies, "medicalConditions"=EXCLUDED."medicalConditions", "usoImagem"=EXCLUDED."usoImagem", laudado=EXCLUDED.laudado, nis=EXCLUDED.nis, "codigoAluno"=EXCLUDED."codigoAluno", inscricao=EXCLUDED.inscricao, "nomeMae"=EXCLUDED."nomeMae", "nomePai"=EXCLUDED."nomePai", "celPai"=EXCLUDED."celPai", nacionalidade=EXCLUDED.nacionalidade, naturalidade=EXCLUDED.naturalidade, "ufNascimento"=EXCLUDED."ufNascimento", endereco=EXCLUDED.endereco, cep=EXCLUDED.cep, "dadosResponsaveis"=EXCLUDED."dadosResponsaveis", "documentosMatricula"=EXCLUDED."documentosMatricula", "autorizadosRetirada"=EXCLUDED."autorizadosRetirada", "transporteEscolar"=EXCLUDED."transporteEscolar", "fichaAdministrativa"=EXCLUDED."fichaAdministrativa", "isActive"=TRUE, "updatedAt"=NOW();
  INSERT INTO "Enrollment" (id,"childId","classroomId","enrollmentDate",status,"createdAt","updatedAt")
  VALUES ('seed_enr_' || 'seed_pelicano_child_248067_joao_ravi_carneiro_dias_seed_pelicano_class_pel_maternal_2_shirlene', 'seed_pelicano_child_248067_joao_ravi_carneiro_dias', 'seed_pelicano_class_pel_maternal_2_shirlene', '2026-02-01 12:00:00', 'ATIVA'::"EnrollmentStatus", NOW(), NOW())
  ON CONFLICT ("childId","classroomId") DO UPDATE SET status=EXCLUDED.status, "updatedAt"=NOW();
  -- Aluno: JOSE ARTHUR LOURENCO FRANCO
  INSERT INTO "Child" (id,"mantenedoraId","unitId","firstName","lastName","dateOfBirth",gender,cpf,raca,peso,"bloodType",allergies,"medicalConditions","usoImagem",laudado,nis,"codigoAluno",inscricao,"nomeMae","nomePai","celPai",nacionalidade,naturalidade,"ufNascimento",endereco,cep,"dadosResponsaveis","documentosMatricula","autorizadosRetirada","transporteEscolar","fichaAdministrativa","isActive","createdAt","updatedAt")
  VALUES ('seed_pelicano_child_200163_jose_arthur_lourenco_franco',v_mantenedora_id,v_unit_id,'Jose','Arthur Lourenco Franco','2022-06-26 12:00:00','MASCULINO'::"Gender",'116.341.501-47','PARDA',NULL,NULL,NULL,NULL,NULL,NULL,NULL,NULL,'200163',NULL,'Helder',NULL,'BRASIL','Brasilia','DF',NULL,'07266900','{"mae": {"nome": null, "cpf": null, "telefone": null}, "pai": {"nome": "Helder", "cpf": null, "telefone": null}, "responsavelPrincipal": {"nome": "Helder", "cpf": null, "parentesco": null, "identidade": null, "orgaoExpedidor": null, "telefone": null}, "enderecoResponsavel": null, "cepResponsavel": null, "escolaridade": null, "profissao": null, "numeroDependentes": null, "numeroPessoasCasa": null}'::jsonb,'{"codigoAluno": null, "inscricao": "200163", "censo": null, "beneficio": null, "nis": null, "pisResponsavel": null, "cpfOriginalAluno": "116.341.501-47", "cpfPersistidoNoCampoCpf": "116.341.501-47", "cpfDuplicadoNaPlanilha": false, "serie2024": null, "origemLinhaPlanilha": 137}'::jsonb,'[]'::jsonb,'{"usaTransporteEscolar": null, "nomeTransporte": null}'::jsonb,'{"turmaPlanilha": "Maternal 2", "professoraPlanilha": "Salete", "fonte": "DADOS PARA PLATAFORMA PEDAGÓGICA (1) (1).xlsx / Planilha1", "linhaPlanilha": 137, "raw": {"INSCRIÇÃO": "200163", "NOME": "JOSE ARTHUR LOURENCO FRANCO", "SEXO": "M", "NASC": "2022-06-26T00:00:00", "NACIONALIDADE": "BRASIL", "NATURALIDADE": "Brasilia", "UF": "DF", "CPF": "11634150147", "RAÇA": "PARDA", "CEP": "7266900", "TURMA": "Maternal 2", "PROFESSORA": "Salete", "PAI": "Helder"}}'::jsonb,TRUE,NOW(),NOW())
  ON CONFLICT (id) DO UPDATE SET "unitId"=v_unit_id, "firstName"=EXCLUDED."firstName", "lastName"=EXCLUDED."lastName", "dateOfBirth"=EXCLUDED."dateOfBirth", gender=EXCLUDED.gender, cpf=EXCLUDED.cpf, raca=EXCLUDED.raca, peso=EXCLUDED.peso, "bloodType"=EXCLUDED."bloodType", allergies=EXCLUDED.allergies, "medicalConditions"=EXCLUDED."medicalConditions", "usoImagem"=EXCLUDED."usoImagem", laudado=EXCLUDED.laudado, nis=EXCLUDED.nis, "codigoAluno"=EXCLUDED."codigoAluno", inscricao=EXCLUDED.inscricao, "nomeMae"=EXCLUDED."nomeMae", "nomePai"=EXCLUDED."nomePai", "celPai"=EXCLUDED."celPai", nacionalidade=EXCLUDED.nacionalidade, naturalidade=EXCLUDED.naturalidade, "ufNascimento"=EXCLUDED."ufNascimento", endereco=EXCLUDED.endereco, cep=EXCLUDED.cep, "dadosResponsaveis"=EXCLUDED."dadosResponsaveis", "documentosMatricula"=EXCLUDED."documentosMatricula", "autorizadosRetirada"=EXCLUDED."autorizadosRetirada", "transporteEscolar"=EXCLUDED."transporteEscolar", "fichaAdministrativa"=EXCLUDED."fichaAdministrativa", "isActive"=TRUE, "updatedAt"=NOW();
  INSERT INTO "Enrollment" (id,"childId","classroomId","enrollmentDate",status,"createdAt","updatedAt")
  VALUES ('seed_enr_' || 'seed_pelicano_child_200163_jose_arthur_lourenco_franco_seed_pelicano_class_pel_maternal_2_salete', 'seed_pelicano_child_200163_jose_arthur_lourenco_franco', 'seed_pelicano_class_pel_maternal_2_salete', '2026-02-01 12:00:00', 'ATIVA'::"EnrollmentStatus", NOW(), NOW())
  ON CONFLICT ("childId","classroomId") DO UPDATE SET status=EXCLUDED.status, "updatedAt"=NOW();
  -- Aluno: JULIA BEZERRA SENE
  INSERT INTO "Child" (id,"mantenedoraId","unitId","firstName","lastName","dateOfBirth",gender,cpf,raca,peso,"bloodType",allergies,"medicalConditions","usoImagem",laudado,nis,"codigoAluno",inscricao,"nomeMae","nomePai","celPai",nacionalidade,naturalidade,"ufNascimento",endereco,cep,"dadosResponsaveis","documentosMatricula","autorizadosRetirada","transporteEscolar","fichaAdministrativa","isActive","createdAt","updatedAt")
  VALUES ('seed_pelicano_child_220681_julia_bezerra_sene',v_mantenedora_id,v_unit_id,'Julia','Bezerra Sene','2022-10-08 12:00:00','FEMININO'::"Gender",NULL,'PARDA',NULL,NULL,NULL,NULL,NULL,NULL,NULL,NULL,'220681',NULL,NULL,NULL,'BRASIL','Brasilia','DF',NULL,'07266900','{"mae": {"nome": null, "cpf": null, "telefone": null}, "pai": {"nome": null, "cpf": null, "telefone": null}, "responsavelPrincipal": {"nome": null, "cpf": null, "parentesco": null, "identidade": null, "orgaoExpedidor": null, "telefone": null}, "enderecoResponsavel": null, "cepResponsavel": null, "escolaridade": null, "profissao": null, "numeroDependentes": null, "numeroPessoasCasa": null}'::jsonb,'{"codigoAluno": null, "inscricao": "220681", "censo": null, "beneficio": null, "nis": null, "pisResponsavel": null, "cpfOriginalAluno": "116.150.221-12", "cpfPersistidoNoCampoCpf": null, "cpfDuplicadoNaPlanilha": true, "serie2024": null, "origemLinhaPlanilha": 138}'::jsonb,'[]'::jsonb,'{"usaTransporteEscolar": null, "nomeTransporte": null}'::jsonb,'{"turmaPlanilha": "Maternal 2", "professoraPlanilha": "Miriam", "fonte": "DADOS PARA PLATAFORMA PEDAGÓGICA (1) (1).xlsx / Planilha1", "linhaPlanilha": 138, "raw": {"INSCRIÇÃO": "220681", "NOME": "JULIA BEZERRA SENE", "SEXO": "F", "NASC": "2022-10-08T00:00:00", "NACIONALIDADE": "BRASIL", "NATURALIDADE": "Brasilia", "UF": "DF", "CPF": "11615022112", "RAÇA": "PARDA", "CEP": "7266900", "TURMA": "Maternal 2", "PROFESSORA": "Miriam"}}'::jsonb,TRUE,NOW(),NOW())
  ON CONFLICT (id) DO UPDATE SET "unitId"=v_unit_id, "firstName"=EXCLUDED."firstName", "lastName"=EXCLUDED."lastName", "dateOfBirth"=EXCLUDED."dateOfBirth", gender=EXCLUDED.gender, cpf=EXCLUDED.cpf, raca=EXCLUDED.raca, peso=EXCLUDED.peso, "bloodType"=EXCLUDED."bloodType", allergies=EXCLUDED.allergies, "medicalConditions"=EXCLUDED."medicalConditions", "usoImagem"=EXCLUDED."usoImagem", laudado=EXCLUDED.laudado, nis=EXCLUDED.nis, "codigoAluno"=EXCLUDED."codigoAluno", inscricao=EXCLUDED.inscricao, "nomeMae"=EXCLUDED."nomeMae", "nomePai"=EXCLUDED."nomePai", "celPai"=EXCLUDED."celPai", nacionalidade=EXCLUDED.nacionalidade, naturalidade=EXCLUDED.naturalidade, "ufNascimento"=EXCLUDED."ufNascimento", endereco=EXCLUDED.endereco, cep=EXCLUDED.cep, "dadosResponsaveis"=EXCLUDED."dadosResponsaveis", "documentosMatricula"=EXCLUDED."documentosMatricula", "autorizadosRetirada"=EXCLUDED."autorizadosRetirada", "transporteEscolar"=EXCLUDED."transporteEscolar", "fichaAdministrativa"=EXCLUDED."fichaAdministrativa", "isActive"=TRUE, "updatedAt"=NOW();
  INSERT INTO "Enrollment" (id,"childId","classroomId","enrollmentDate",status,"createdAt","updatedAt")
  VALUES ('seed_enr_' || 'seed_pelicano_child_220681_julia_bezerra_sene_seed_pelicano_class_pel_maternal_2_miriam', 'seed_pelicano_child_220681_julia_bezerra_sene', 'seed_pelicano_class_pel_maternal_2_miriam', '2026-02-01 12:00:00', 'ATIVA'::"EnrollmentStatus", NOW(), NOW())
  ON CONFLICT ("childId","classroomId") DO UPDATE SET status=EXCLUDED.status, "updatedAt"=NOW();
  -- Aluno: LARA LORRANY PEREIRA DA SILVA
  INSERT INTO "Child" (id,"mantenedoraId","unitId","firstName","lastName","dateOfBirth",gender,cpf,raca,peso,"bloodType",allergies,"medicalConditions","usoImagem",laudado,nis,"codigoAluno",inscricao,"nomeMae","nomePai","celPai",nacionalidade,naturalidade,"ufNascimento",endereco,cep,"dadosResponsaveis","documentosMatricula","autorizadosRetirada","transporteEscolar","fichaAdministrativa","isActive","createdAt","updatedAt")
  VALUES ('seed_pelicano_child_213829_lara_lorrany_pereira_da_silva',v_mantenedora_id,v_unit_id,'Lara','Lorrany Pereira Da Silva','2022-10-03 12:00:00','FEMININO'::"Gender",'117.295.881-58','PARDA',NULL,NULL,NULL,NULL,NULL,NULL,NULL,NULL,'213829',NULL,NULL,NULL,'BRASIL','Brasilia','DF',NULL,'07266900','{"mae": {"nome": null, "cpf": null, "telefone": null}, "pai": {"nome": null, "cpf": null, "telefone": null}, "responsavelPrincipal": {"nome": null, "cpf": null, "parentesco": null, "identidade": null, "orgaoExpedidor": null, "telefone": null}, "enderecoResponsavel": null, "cepResponsavel": null, "escolaridade": null, "profissao": null, "numeroDependentes": null, "numeroPessoasCasa": null}'::jsonb,'{"codigoAluno": null, "inscricao": "213829", "censo": null, "beneficio": null, "nis": null, "pisResponsavel": null, "cpfOriginalAluno": "117.295.881-58", "cpfPersistidoNoCampoCpf": "117.295.881-58", "cpfDuplicadoNaPlanilha": false, "serie2024": null, "origemLinhaPlanilha": 139}'::jsonb,'[]'::jsonb,'{"usaTransporteEscolar": null, "nomeTransporte": null}'::jsonb,'{"turmaPlanilha": "Maternal 2", "professoraPlanilha": "Sabrina", "fonte": "DADOS PARA PLATAFORMA PEDAGÓGICA (1) (1).xlsx / Planilha1", "linhaPlanilha": 139, "raw": {"INSCRIÇÃO": "213829", "NOME": "LARA LORRANY PEREIRA DA SILVA", "SEXO": "F", "NASC": "2022-10-03T00:00:00", "NACIONALIDADE": "BRASIL", "NATURALIDADE": "Brasilia", "UF": "DF", "CPF": "11729588158", "RAÇA": "PARDA", "CEP": "7266900", "TURMA": "Maternal 2", "PROFESSORA": "Sabrina"}}'::jsonb,TRUE,NOW(),NOW())
  ON CONFLICT (id) DO UPDATE SET "unitId"=v_unit_id, "firstName"=EXCLUDED."firstName", "lastName"=EXCLUDED."lastName", "dateOfBirth"=EXCLUDED."dateOfBirth", gender=EXCLUDED.gender, cpf=EXCLUDED.cpf, raca=EXCLUDED.raca, peso=EXCLUDED.peso, "bloodType"=EXCLUDED."bloodType", allergies=EXCLUDED.allergies, "medicalConditions"=EXCLUDED."medicalConditions", "usoImagem"=EXCLUDED."usoImagem", laudado=EXCLUDED.laudado, nis=EXCLUDED.nis, "codigoAluno"=EXCLUDED."codigoAluno", inscricao=EXCLUDED.inscricao, "nomeMae"=EXCLUDED."nomeMae", "nomePai"=EXCLUDED."nomePai", "celPai"=EXCLUDED."celPai", nacionalidade=EXCLUDED.nacionalidade, naturalidade=EXCLUDED.naturalidade, "ufNascimento"=EXCLUDED."ufNascimento", endereco=EXCLUDED.endereco, cep=EXCLUDED.cep, "dadosResponsaveis"=EXCLUDED."dadosResponsaveis", "documentosMatricula"=EXCLUDED."documentosMatricula", "autorizadosRetirada"=EXCLUDED."autorizadosRetirada", "transporteEscolar"=EXCLUDED."transporteEscolar", "fichaAdministrativa"=EXCLUDED."fichaAdministrativa", "isActive"=TRUE, "updatedAt"=NOW();
  INSERT INTO "Enrollment" (id,"childId","classroomId","enrollmentDate",status,"createdAt","updatedAt")
  VALUES ('seed_enr_' || 'seed_pelicano_child_213829_lara_lorrany_pereira_da_silva_seed_pelicano_class_pel_maternal_2_sabrina', 'seed_pelicano_child_213829_lara_lorrany_pereira_da_silva', 'seed_pelicano_class_pel_maternal_2_sabrina', '2026-02-01 12:00:00', 'ATIVA'::"EnrollmentStatus", NOW(), NOW())
  ON CONFLICT ("childId","classroomId") DO UPDATE SET status=EXCLUDED.status, "updatedAt"=NOW();
  -- Aluno: LAURA CECILIA DA SILVA LIMA
  INSERT INTO "Child" (id,"mantenedoraId","unitId","firstName","lastName","dateOfBirth",gender,cpf,raca,peso,"bloodType",allergies,"medicalConditions","usoImagem",laudado,nis,"codigoAluno",inscricao,"nomeMae","nomePai","celPai",nacionalidade,naturalidade,"ufNascimento",endereco,cep,"dadosResponsaveis","documentosMatricula","autorizadosRetirada","transporteEscolar","fichaAdministrativa","isActive","createdAt","updatedAt")
  VALUES ('seed_pelicano_child_241719_laura_cecilia_da_silva_lima',v_mantenedora_id,v_unit_id,'Laura','Cecilia Da Silva Lima','2023-03-11 12:00:00','FEMININO'::"Gender",'118.943.141-66','PARDA',NULL,NULL,NULL,NULL,NULL,NULL,NULL,NULL,'241719',NULL,NULL,NULL,'BRASIL','Brasilia','DF',NULL,'07266900','{"mae": {"nome": null, "cpf": null, "telefone": null}, "pai": {"nome": null, "cpf": null, "telefone": null}, "responsavelPrincipal": {"nome": null, "cpf": null, "parentesco": null, "identidade": null, "orgaoExpedidor": null, "telefone": null}, "enderecoResponsavel": null, "cepResponsavel": null, "escolaridade": null, "profissao": null, "numeroDependentes": null, "numeroPessoasCasa": null}'::jsonb,'{"codigoAluno": null, "inscricao": "241719", "censo": null, "beneficio": null, "nis": null, "pisResponsavel": null, "cpfOriginalAluno": "118.943.141-66", "cpfPersistidoNoCampoCpf": "118.943.141-66", "cpfDuplicadoNaPlanilha": false, "serie2024": null, "origemLinhaPlanilha": 140}'::jsonb,'[]'::jsonb,'{"usaTransporteEscolar": null, "nomeTransporte": null}'::jsonb,'{"turmaPlanilha": "Maternal 2", "professoraPlanilha": "Ada", "fonte": "DADOS PARA PLATAFORMA PEDAGÓGICA (1) (1).xlsx / Planilha1", "linhaPlanilha": 140, "raw": {"INSCRIÇÃO": "241719", "NOME": "LAURA CECILIA DA SILVA LIMA", "SEXO": "F", "NASC": "2023-03-11T00:00:00", "NACIONALIDADE": "BRASIL", "NATURALIDADE": "Brasilia", "UF": "DF", "CPF": "11894314166", "RAÇA": "PARDA", "CEP": "7266900", "TURMA": "Maternal 2", "PROFESSORA": "Ada"}}'::jsonb,TRUE,NOW(),NOW())
  ON CONFLICT (id) DO UPDATE SET "unitId"=v_unit_id, "firstName"=EXCLUDED."firstName", "lastName"=EXCLUDED."lastName", "dateOfBirth"=EXCLUDED."dateOfBirth", gender=EXCLUDED.gender, cpf=EXCLUDED.cpf, raca=EXCLUDED.raca, peso=EXCLUDED.peso, "bloodType"=EXCLUDED."bloodType", allergies=EXCLUDED.allergies, "medicalConditions"=EXCLUDED."medicalConditions", "usoImagem"=EXCLUDED."usoImagem", laudado=EXCLUDED.laudado, nis=EXCLUDED.nis, "codigoAluno"=EXCLUDED."codigoAluno", inscricao=EXCLUDED.inscricao, "nomeMae"=EXCLUDED."nomeMae", "nomePai"=EXCLUDED."nomePai", "celPai"=EXCLUDED."celPai", nacionalidade=EXCLUDED.nacionalidade, naturalidade=EXCLUDED.naturalidade, "ufNascimento"=EXCLUDED."ufNascimento", endereco=EXCLUDED.endereco, cep=EXCLUDED.cep, "dadosResponsaveis"=EXCLUDED."dadosResponsaveis", "documentosMatricula"=EXCLUDED."documentosMatricula", "autorizadosRetirada"=EXCLUDED."autorizadosRetirada", "transporteEscolar"=EXCLUDED."transporteEscolar", "fichaAdministrativa"=EXCLUDED."fichaAdministrativa", "isActive"=TRUE, "updatedAt"=NOW();
  INSERT INTO "Enrollment" (id,"childId","classroomId","enrollmentDate",status,"createdAt","updatedAt")
  VALUES ('seed_enr_' || 'seed_pelicano_child_241719_laura_cecilia_da_silva_lima_seed_pelicano_class_pel_maternal_2_ada', 'seed_pelicano_child_241719_laura_cecilia_da_silva_lima', 'seed_pelicano_class_pel_maternal_2_ada', '2026-02-01 12:00:00', 'ATIVA'::"EnrollmentStatus", NOW(), NOW())
  ON CONFLICT ("childId","classroomId") DO UPDATE SET status=EXCLUDED.status, "updatedAt"=NOW();
  -- Aluno: LEILA DIAS XAVIER
  INSERT INTO "Child" (id,"mantenedoraId","unitId","firstName","lastName","dateOfBirth",gender,cpf,raca,peso,"bloodType",allergies,"medicalConditions","usoImagem",laudado,nis,"codigoAluno",inscricao,"nomeMae","nomePai","celPai",nacionalidade,naturalidade,"ufNascimento",endereco,cep,"dadosResponsaveis","documentosMatricula","autorizadosRetirada","transporteEscolar","fichaAdministrativa","isActive","createdAt","updatedAt")
  VALUES ('seed_pelicano_child_250568_leila_dias_xavier',v_mantenedora_id,v_unit_id,'Leila','Dias Xavier','2022-12-29 12:00:00','FEMININO'::"Gender",'118.124.901-51','PARDA',NULL,NULL,NULL,NULL,NULL,NULL,NULL,NULL,'250568',NULL,NULL,NULL,'BRASIL','Brasilia','DF',NULL,'07266900','{"mae": {"nome": null, "cpf": null, "telefone": null}, "pai": {"nome": null, "cpf": null, "telefone": null}, "responsavelPrincipal": {"nome": null, "cpf": null, "parentesco": null, "identidade": null, "orgaoExpedidor": null, "telefone": null}, "enderecoResponsavel": null, "cepResponsavel": null, "escolaridade": null, "profissao": null, "numeroDependentes": null, "numeroPessoasCasa": null}'::jsonb,'{"codigoAluno": null, "inscricao": "250568", "censo": null, "beneficio": null, "nis": null, "pisResponsavel": null, "cpfOriginalAluno": "118.124.901-51", "cpfPersistidoNoCampoCpf": "118.124.901-51", "cpfDuplicadoNaPlanilha": false, "serie2024": null, "origemLinhaPlanilha": 141}'::jsonb,'[]'::jsonb,'{"usaTransporteEscolar": null, "nomeTransporte": null}'::jsonb,'{"turmaPlanilha": "Maternal 2", "professoraPlanilha": "Sabrina", "fonte": "DADOS PARA PLATAFORMA PEDAGÓGICA (1) (1).xlsx / Planilha1", "linhaPlanilha": 141, "raw": {"INSCRIÇÃO": "250568", "NOME": "LEILA DIAS XAVIER", "SEXO": "F", "NASC": "2022-12-29T00:00:00", "NACIONALIDADE": "BRASIL", "NATURALIDADE": "Brasilia", "UF": "DF", "CPF": "11812490151", "RAÇA": "PARDA", "CEP": "7266900", "TURMA": "Maternal 2", "PROFESSORA": "Sabrina"}}'::jsonb,TRUE,NOW(),NOW())
  ON CONFLICT (id) DO UPDATE SET "unitId"=v_unit_id, "firstName"=EXCLUDED."firstName", "lastName"=EXCLUDED."lastName", "dateOfBirth"=EXCLUDED."dateOfBirth", gender=EXCLUDED.gender, cpf=EXCLUDED.cpf, raca=EXCLUDED.raca, peso=EXCLUDED.peso, "bloodType"=EXCLUDED."bloodType", allergies=EXCLUDED.allergies, "medicalConditions"=EXCLUDED."medicalConditions", "usoImagem"=EXCLUDED."usoImagem", laudado=EXCLUDED.laudado, nis=EXCLUDED.nis, "codigoAluno"=EXCLUDED."codigoAluno", inscricao=EXCLUDED.inscricao, "nomeMae"=EXCLUDED."nomeMae", "nomePai"=EXCLUDED."nomePai", "celPai"=EXCLUDED."celPai", nacionalidade=EXCLUDED.nacionalidade, naturalidade=EXCLUDED.naturalidade, "ufNascimento"=EXCLUDED."ufNascimento", endereco=EXCLUDED.endereco, cep=EXCLUDED.cep, "dadosResponsaveis"=EXCLUDED."dadosResponsaveis", "documentosMatricula"=EXCLUDED."documentosMatricula", "autorizadosRetirada"=EXCLUDED."autorizadosRetirada", "transporteEscolar"=EXCLUDED."transporteEscolar", "fichaAdministrativa"=EXCLUDED."fichaAdministrativa", "isActive"=TRUE, "updatedAt"=NOW();
  INSERT INTO "Enrollment" (id,"childId","classroomId","enrollmentDate",status,"createdAt","updatedAt")
  VALUES ('seed_enr_' || 'seed_pelicano_child_250568_leila_dias_xavier_seed_pelicano_class_pel_maternal_2_sabrina', 'seed_pelicano_child_250568_leila_dias_xavier', 'seed_pelicano_class_pel_maternal_2_sabrina', '2026-02-01 12:00:00', 'ATIVA'::"EnrollmentStatus", NOW(), NOW())
  ON CONFLICT ("childId","classroomId") DO UPDATE SET status=EXCLUDED.status, "updatedAt"=NOW();
  -- Aluno: LEONARDO LIMA DE CASTRO
  INSERT INTO "Child" (id,"mantenedoraId","unitId","firstName","lastName","dateOfBirth",gender,cpf,raca,peso,"bloodType",allergies,"medicalConditions","usoImagem",laudado,nis,"codigoAluno",inscricao,"nomeMae","nomePai","celPai",nacionalidade,naturalidade,"ufNascimento",endereco,cep,"dadosResponsaveis","documentosMatricula","autorizadosRetirada","transporteEscolar","fichaAdministrativa","isActive","createdAt","updatedAt")
  VALUES ('seed_pelicano_child_219067_leonardo_lima_de_castro',v_mantenedora_id,v_unit_id,'Leonardo','Lima De Castro','2022-10-25 12:00:00','MASCULINO'::"Gender",'117.500.341-74','PARDA',NULL,NULL,NULL,NULL,NULL,NULL,NULL,NULL,'219067',NULL,'Rodrigo',NULL,'BRASIL','Brasilia','DF',NULL,'07266900','{"mae": {"nome": null, "cpf": null, "telefone": null}, "pai": {"nome": "Rodrigo", "cpf": null, "telefone": null}, "responsavelPrincipal": {"nome": "Rodrigo", "cpf": null, "parentesco": null, "identidade": null, "orgaoExpedidor": null, "telefone": null}, "enderecoResponsavel": null, "cepResponsavel": null, "escolaridade": null, "profissao": null, "numeroDependentes": null, "numeroPessoasCasa": null}'::jsonb,'{"codigoAluno": null, "inscricao": "219067", "censo": null, "beneficio": null, "nis": null, "pisResponsavel": null, "cpfOriginalAluno": "117.500.341-74", "cpfPersistidoNoCampoCpf": "117.500.341-74", "cpfDuplicadoNaPlanilha": false, "serie2024": null, "origemLinhaPlanilha": 142}'::jsonb,'[]'::jsonb,'{"usaTransporteEscolar": null, "nomeTransporte": null}'::jsonb,'{"turmaPlanilha": "Maternal 2", "professoraPlanilha": "Salete", "fonte": "DADOS PARA PLATAFORMA PEDAGÓGICA (1) (1).xlsx / Planilha1", "linhaPlanilha": 142, "raw": {"INSCRIÇÃO": "219067", "NOME": "LEONARDO LIMA DE CASTRO", "SEXO": "M", "NASC": "2022-10-25T00:00:00", "NACIONALIDADE": "BRASIL", "NATURALIDADE": "Brasilia", "UF": "DF", "CPF": "11750034174", "RAÇA": "PARDA", "CEP": "7266900", "TURMA": "Maternal 2", "PROFESSORA": "Salete", "PAI": "Rodrigo"}}'::jsonb,TRUE,NOW(),NOW())
  ON CONFLICT (id) DO UPDATE SET "unitId"=v_unit_id, "firstName"=EXCLUDED."firstName", "lastName"=EXCLUDED."lastName", "dateOfBirth"=EXCLUDED."dateOfBirth", gender=EXCLUDED.gender, cpf=EXCLUDED.cpf, raca=EXCLUDED.raca, peso=EXCLUDED.peso, "bloodType"=EXCLUDED."bloodType", allergies=EXCLUDED.allergies, "medicalConditions"=EXCLUDED."medicalConditions", "usoImagem"=EXCLUDED."usoImagem", laudado=EXCLUDED.laudado, nis=EXCLUDED.nis, "codigoAluno"=EXCLUDED."codigoAluno", inscricao=EXCLUDED.inscricao, "nomeMae"=EXCLUDED."nomeMae", "nomePai"=EXCLUDED."nomePai", "celPai"=EXCLUDED."celPai", nacionalidade=EXCLUDED.nacionalidade, naturalidade=EXCLUDED.naturalidade, "ufNascimento"=EXCLUDED."ufNascimento", endereco=EXCLUDED.endereco, cep=EXCLUDED.cep, "dadosResponsaveis"=EXCLUDED."dadosResponsaveis", "documentosMatricula"=EXCLUDED."documentosMatricula", "autorizadosRetirada"=EXCLUDED."autorizadosRetirada", "transporteEscolar"=EXCLUDED."transporteEscolar", "fichaAdministrativa"=EXCLUDED."fichaAdministrativa", "isActive"=TRUE, "updatedAt"=NOW();
  INSERT INTO "Enrollment" (id,"childId","classroomId","enrollmentDate",status,"createdAt","updatedAt")
  VALUES ('seed_enr_' || 'seed_pelicano_child_219067_leonardo_lima_de_castro_seed_pelicano_class_pel_maternal_2_salete', 'seed_pelicano_child_219067_leonardo_lima_de_castro', 'seed_pelicano_class_pel_maternal_2_salete', '2026-02-01 12:00:00', 'ATIVA'::"EnrollmentStatus", NOW(), NOW())
  ON CONFLICT ("childId","classroomId") DO UPDATE SET status=EXCLUDED.status, "updatedAt"=NOW();
  -- Aluno: LIAM XAVIER DO ORIENTE
  INSERT INTO "Child" (id,"mantenedoraId","unitId","firstName","lastName","dateOfBirth",gender,cpf,raca,peso,"bloodType",allergies,"medicalConditions","usoImagem",laudado,nis,"codigoAluno",inscricao,"nomeMae","nomePai","celPai",nacionalidade,naturalidade,"ufNascimento",endereco,cep,"dadosResponsaveis","documentosMatricula","autorizadosRetirada","transporteEscolar","fichaAdministrativa","isActive","createdAt","updatedAt")
  VALUES ('seed_pelicano_child_224105_liam_xavier_do_oriente',v_mantenedora_id,v_unit_id,'Liam','Xavier Do Oriente','2023-02-01 12:00:00','MASCULINO'::"Gender",'117.343.381-30','PARDA',NULL,NULL,NULL,NULL,NULL,NULL,NULL,NULL,'224105',NULL,NULL,NULL,'BRASIL','Brasilia','DF',NULL,'07266900','{"mae": {"nome": null, "cpf": null, "telefone": null}, "pai": {"nome": null, "cpf": null, "telefone": null}, "responsavelPrincipal": {"nome": null, "cpf": null, "parentesco": null, "identidade": null, "orgaoExpedidor": null, "telefone": null}, "enderecoResponsavel": null, "cepResponsavel": null, "escolaridade": null, "profissao": null, "numeroDependentes": null, "numeroPessoasCasa": null}'::jsonb,'{"codigoAluno": null, "inscricao": "224105", "censo": null, "beneficio": null, "nis": null, "pisResponsavel": null, "cpfOriginalAluno": "117.343.381-30", "cpfPersistidoNoCampoCpf": "117.343.381-30", "cpfDuplicadoNaPlanilha": false, "serie2024": null, "origemLinhaPlanilha": 143}'::jsonb,'[]'::jsonb,'{"usaTransporteEscolar": null, "nomeTransporte": null}'::jsonb,'{"turmaPlanilha": "Maternal 2", "professoraPlanilha": "Miriam", "fonte": "DADOS PARA PLATAFORMA PEDAGÓGICA (1) (1).xlsx / Planilha1", "linhaPlanilha": 143, "raw": {"INSCRIÇÃO": "224105", "NOME": "LIAM XAVIER DO ORIENTE", "SEXO": "M", "NASC": "2023-02-01T00:00:00", "NACIONALIDADE": "BRASIL", "NATURALIDADE": "Brasilia", "UF": "DF", "CPF": "11734338130", "RAÇA": "PARDA", "CEP": "7266900", "TURMA": "Maternal 2", "PROFESSORA": "Miriam"}}'::jsonb,TRUE,NOW(),NOW())
  ON CONFLICT (id) DO UPDATE SET "unitId"=v_unit_id, "firstName"=EXCLUDED."firstName", "lastName"=EXCLUDED."lastName", "dateOfBirth"=EXCLUDED."dateOfBirth", gender=EXCLUDED.gender, cpf=EXCLUDED.cpf, raca=EXCLUDED.raca, peso=EXCLUDED.peso, "bloodType"=EXCLUDED."bloodType", allergies=EXCLUDED.allergies, "medicalConditions"=EXCLUDED."medicalConditions", "usoImagem"=EXCLUDED."usoImagem", laudado=EXCLUDED.laudado, nis=EXCLUDED.nis, "codigoAluno"=EXCLUDED."codigoAluno", inscricao=EXCLUDED.inscricao, "nomeMae"=EXCLUDED."nomeMae", "nomePai"=EXCLUDED."nomePai", "celPai"=EXCLUDED."celPai", nacionalidade=EXCLUDED.nacionalidade, naturalidade=EXCLUDED.naturalidade, "ufNascimento"=EXCLUDED."ufNascimento", endereco=EXCLUDED.endereco, cep=EXCLUDED.cep, "dadosResponsaveis"=EXCLUDED."dadosResponsaveis", "documentosMatricula"=EXCLUDED."documentosMatricula", "autorizadosRetirada"=EXCLUDED."autorizadosRetirada", "transporteEscolar"=EXCLUDED."transporteEscolar", "fichaAdministrativa"=EXCLUDED."fichaAdministrativa", "isActive"=TRUE, "updatedAt"=NOW();
  INSERT INTO "Enrollment" (id,"childId","classroomId","enrollmentDate",status,"createdAt","updatedAt")
  VALUES ('seed_enr_' || 'seed_pelicano_child_224105_liam_xavier_do_oriente_seed_pelicano_class_pel_maternal_2_miriam', 'seed_pelicano_child_224105_liam_xavier_do_oriente', 'seed_pelicano_class_pel_maternal_2_miriam', '2026-02-01 12:00:00', 'ATIVA'::"EnrollmentStatus", NOW(), NOW())
  ON CONFLICT ("childId","classroomId") DO UPDATE SET status=EXCLUDED.status, "updatedAt"=NOW();
  -- Aluno: LIZ ELOA SILVA COSTA
  INSERT INTO "Child" (id,"mantenedoraId","unitId","firstName","lastName","dateOfBirth",gender,cpf,raca,peso,"bloodType",allergies,"medicalConditions","usoImagem",laudado,nis,"codigoAluno",inscricao,"nomeMae","nomePai","celPai",nacionalidade,naturalidade,"ufNascimento",endereco,cep,"dadosResponsaveis","documentosMatricula","autorizadosRetirada","transporteEscolar","fichaAdministrativa","isActive","createdAt","updatedAt")
  VALUES ('seed_pelicano_child_248272_liz_eloa_silva_costa',v_mantenedora_id,v_unit_id,'Liz','Eloa Silva Costa','2022-06-20 12:00:00','FEMININO'::"Gender",'116.294.411-04','PARDA',NULL,NULL,NULL,NULL,NULL,NULL,NULL,NULL,'248272',NULL,'Yuri Eriel',NULL,'BRASIL','Brasilia','DF',NULL,'07266900','{"mae": {"nome": null, "cpf": null, "telefone": null}, "pai": {"nome": "Yuri Eriel", "cpf": null, "telefone": null}, "responsavelPrincipal": {"nome": "Yuri Eriel", "cpf": null, "parentesco": null, "identidade": null, "orgaoExpedidor": null, "telefone": null}, "enderecoResponsavel": null, "cepResponsavel": null, "escolaridade": null, "profissao": null, "numeroDependentes": null, "numeroPessoasCasa": null}'::jsonb,'{"codigoAluno": null, "inscricao": "248272", "censo": null, "beneficio": null, "nis": null, "pisResponsavel": null, "cpfOriginalAluno": "116.294.411-04", "cpfPersistidoNoCampoCpf": "116.294.411-04", "cpfDuplicadoNaPlanilha": false, "serie2024": null, "origemLinhaPlanilha": 144}'::jsonb,'[]'::jsonb,'{"usaTransporteEscolar": null, "nomeTransporte": null}'::jsonb,'{"turmaPlanilha": "Maternal 2", "professoraPlanilha": "Shirlene", "fonte": "DADOS PARA PLATAFORMA PEDAGÓGICA (1) (1).xlsx / Planilha1", "linhaPlanilha": 144, "raw": {"INSCRIÇÃO": "248272", "NOME": "LIZ ELOA SILVA COSTA", "SEXO": "F", "NASC": "2022-06-20T00:00:00", "NACIONALIDADE": "BRASIL", "NATURALIDADE": "Brasilia", "UF": "DF", "CPF": "11629441104", "RAÇA": "PARDA", "CEP": "7266900", "TURMA": "Maternal 2", "PROFESSORA": "Shirlene", "PAI": "Yuri Eriel"}}'::jsonb,TRUE,NOW(),NOW())
  ON CONFLICT (id) DO UPDATE SET "unitId"=v_unit_id, "firstName"=EXCLUDED."firstName", "lastName"=EXCLUDED."lastName", "dateOfBirth"=EXCLUDED."dateOfBirth", gender=EXCLUDED.gender, cpf=EXCLUDED.cpf, raca=EXCLUDED.raca, peso=EXCLUDED.peso, "bloodType"=EXCLUDED."bloodType", allergies=EXCLUDED.allergies, "medicalConditions"=EXCLUDED."medicalConditions", "usoImagem"=EXCLUDED."usoImagem", laudado=EXCLUDED.laudado, nis=EXCLUDED.nis, "codigoAluno"=EXCLUDED."codigoAluno", inscricao=EXCLUDED.inscricao, "nomeMae"=EXCLUDED."nomeMae", "nomePai"=EXCLUDED."nomePai", "celPai"=EXCLUDED."celPai", nacionalidade=EXCLUDED.nacionalidade, naturalidade=EXCLUDED.naturalidade, "ufNascimento"=EXCLUDED."ufNascimento", endereco=EXCLUDED.endereco, cep=EXCLUDED.cep, "dadosResponsaveis"=EXCLUDED."dadosResponsaveis", "documentosMatricula"=EXCLUDED."documentosMatricula", "autorizadosRetirada"=EXCLUDED."autorizadosRetirada", "transporteEscolar"=EXCLUDED."transporteEscolar", "fichaAdministrativa"=EXCLUDED."fichaAdministrativa", "isActive"=TRUE, "updatedAt"=NOW();
  INSERT INTO "Enrollment" (id,"childId","classroomId","enrollmentDate",status,"createdAt","updatedAt")
  VALUES ('seed_enr_' || 'seed_pelicano_child_248272_liz_eloa_silva_costa_seed_pelicano_class_pel_maternal_2_shirlene', 'seed_pelicano_child_248272_liz_eloa_silva_costa', 'seed_pelicano_class_pel_maternal_2_shirlene', '2026-02-01 12:00:00', 'ATIVA'::"EnrollmentStatus", NOW(), NOW())
  ON CONFLICT ("childId","classroomId") DO UPDATE SET status=EXCLUDED.status, "updatedAt"=NOW();
  -- Aluno: LIZ GABRIELLY COSTA REIS
  INSERT INTO "Child" (id,"mantenedoraId","unitId","firstName","lastName","dateOfBirth",gender,cpf,raca,peso,"bloodType",allergies,"medicalConditions","usoImagem",laudado,nis,"codigoAluno",inscricao,"nomeMae","nomePai","celPai",nacionalidade,naturalidade,"ufNascimento",endereco,cep,"dadosResponsaveis","documentosMatricula","autorizadosRetirada","transporteEscolar","fichaAdministrativa","isActive","createdAt","updatedAt")
  VALUES ('seed_pelicano_child_237051_liz_gabrielly_costa_reis',v_mantenedora_id,v_unit_id,'Liz','Gabrielly Costa Reis','2022-08-02 12:00:00','FEMININO'::"Gender",'116.710.381-50','PARDA',NULL,NULL,NULL,NULL,NULL,NULL,NULL,NULL,'237051',NULL,NULL,NULL,'BRASIL','Brasilia','DF',NULL,'07266900','{"mae": {"nome": null, "cpf": null, "telefone": null}, "pai": {"nome": null, "cpf": null, "telefone": null}, "responsavelPrincipal": {"nome": null, "cpf": null, "parentesco": null, "identidade": null, "orgaoExpedidor": null, "telefone": null}, "enderecoResponsavel": null, "cepResponsavel": null, "escolaridade": null, "profissao": null, "numeroDependentes": null, "numeroPessoasCasa": null}'::jsonb,'{"codigoAluno": null, "inscricao": "237051", "censo": null, "beneficio": null, "nis": null, "pisResponsavel": null, "cpfOriginalAluno": "116.710.381-50", "cpfPersistidoNoCampoCpf": "116.710.381-50", "cpfDuplicadoNaPlanilha": false, "serie2024": null, "origemLinhaPlanilha": 145}'::jsonb,'[]'::jsonb,'{"usaTransporteEscolar": null, "nomeTransporte": null}'::jsonb,'{"turmaPlanilha": "Maternal 2", "professoraPlanilha": "Miriam", "fonte": "DADOS PARA PLATAFORMA PEDAGÓGICA (1) (1).xlsx / Planilha1", "linhaPlanilha": 145, "raw": {"INSCRIÇÃO": "237051", "NOME": "LIZ GABRIELLY COSTA REIS", "SEXO": "F", "NASC": "2022-08-02T00:00:00", "NACIONALIDADE": "BRASIL", "NATURALIDADE": "Brasilia", "UF": "DF", "CPF": "11671038150", "RAÇA": "PARDA", "CEP": "7266900", "TURMA": "Maternal 2", "PROFESSORA": "Miriam"}}'::jsonb,TRUE,NOW(),NOW())
  ON CONFLICT (id) DO UPDATE SET "unitId"=v_unit_id, "firstName"=EXCLUDED."firstName", "lastName"=EXCLUDED."lastName", "dateOfBirth"=EXCLUDED."dateOfBirth", gender=EXCLUDED.gender, cpf=EXCLUDED.cpf, raca=EXCLUDED.raca, peso=EXCLUDED.peso, "bloodType"=EXCLUDED."bloodType", allergies=EXCLUDED.allergies, "medicalConditions"=EXCLUDED."medicalConditions", "usoImagem"=EXCLUDED."usoImagem", laudado=EXCLUDED.laudado, nis=EXCLUDED.nis, "codigoAluno"=EXCLUDED."codigoAluno", inscricao=EXCLUDED.inscricao, "nomeMae"=EXCLUDED."nomeMae", "nomePai"=EXCLUDED."nomePai", "celPai"=EXCLUDED."celPai", nacionalidade=EXCLUDED.nacionalidade, naturalidade=EXCLUDED.naturalidade, "ufNascimento"=EXCLUDED."ufNascimento", endereco=EXCLUDED.endereco, cep=EXCLUDED.cep, "dadosResponsaveis"=EXCLUDED."dadosResponsaveis", "documentosMatricula"=EXCLUDED."documentosMatricula", "autorizadosRetirada"=EXCLUDED."autorizadosRetirada", "transporteEscolar"=EXCLUDED."transporteEscolar", "fichaAdministrativa"=EXCLUDED."fichaAdministrativa", "isActive"=TRUE, "updatedAt"=NOW();
  INSERT INTO "Enrollment" (id,"childId","classroomId","enrollmentDate",status,"createdAt","updatedAt")
  VALUES ('seed_enr_' || 'seed_pelicano_child_237051_liz_gabrielly_costa_reis_seed_pelicano_class_pel_maternal_2_miriam', 'seed_pelicano_child_237051_liz_gabrielly_costa_reis', 'seed_pelicano_class_pel_maternal_2_miriam', '2026-02-01 12:00:00', 'ATIVA'::"EnrollmentStatus", NOW(), NOW())
  ON CONFLICT ("childId","classroomId") DO UPDATE SET status=EXCLUDED.status, "updatedAt"=NOW();
  -- Aluno: LUCAS MARTINS DIAS
  INSERT INTO "Child" (id,"mantenedoraId","unitId","firstName","lastName","dateOfBirth",gender,cpf,raca,peso,"bloodType",allergies,"medicalConditions","usoImagem",laudado,nis,"codigoAluno",inscricao,"nomeMae","nomePai","celPai",nacionalidade,naturalidade,"ufNascimento",endereco,cep,"dadosResponsaveis","documentosMatricula","autorizadosRetirada","transporteEscolar","fichaAdministrativa","isActive","createdAt","updatedAt")
  VALUES ('seed_pelicano_child_228233_lucas_martins_dias',v_mantenedora_id,v_unit_id,'Lucas','Martins Dias','2022-05-24 12:00:00','MASCULINO'::"Gender",'116.057.361-12','PARDA',NULL,NULL,NULL,NULL,NULL,NULL,NULL,NULL,'228233',NULL,'Antonio Dias',NULL,'BRASIL','Brasilia','DF',NULL,'07266900','{"mae": {"nome": null, "cpf": null, "telefone": null}, "pai": {"nome": "Antonio Dias", "cpf": null, "telefone": null}, "responsavelPrincipal": {"nome": "Antonio Dias", "cpf": null, "parentesco": null, "identidade": null, "orgaoExpedidor": null, "telefone": null}, "enderecoResponsavel": null, "cepResponsavel": null, "escolaridade": null, "profissao": null, "numeroDependentes": null, "numeroPessoasCasa": null}'::jsonb,'{"codigoAluno": null, "inscricao": "228233", "censo": null, "beneficio": null, "nis": null, "pisResponsavel": null, "cpfOriginalAluno": "116.057.361-12", "cpfPersistidoNoCampoCpf": "116.057.361-12", "cpfDuplicadoNaPlanilha": false, "serie2024": null, "origemLinhaPlanilha": 146}'::jsonb,'[]'::jsonb,'{"usaTransporteEscolar": null, "nomeTransporte": null}'::jsonb,'{"turmaPlanilha": "Maternal 2", "professoraPlanilha": "Salete", "fonte": "DADOS PARA PLATAFORMA PEDAGÓGICA (1) (1).xlsx / Planilha1", "linhaPlanilha": 146, "raw": {"INSCRIÇÃO": "228233", "NOME": "LUCAS MARTINS DIAS", "SEXO": "M", "NASC": "2022-05-24T00:00:00", "NACIONALIDADE": "BRASIL", "NATURALIDADE": "Brasilia", "UF": "DF", "CPF": "11605736112", "RAÇA": "PARDA", "CEP": "7266900", "TURMA": "Maternal 2", "PROFESSORA": "Salete", "PAI": "Antonio Dias"}}'::jsonb,TRUE,NOW(),NOW())
  ON CONFLICT (id) DO UPDATE SET "unitId"=v_unit_id, "firstName"=EXCLUDED."firstName", "lastName"=EXCLUDED."lastName", "dateOfBirth"=EXCLUDED."dateOfBirth", gender=EXCLUDED.gender, cpf=EXCLUDED.cpf, raca=EXCLUDED.raca, peso=EXCLUDED.peso, "bloodType"=EXCLUDED."bloodType", allergies=EXCLUDED.allergies, "medicalConditions"=EXCLUDED."medicalConditions", "usoImagem"=EXCLUDED."usoImagem", laudado=EXCLUDED.laudado, nis=EXCLUDED.nis, "codigoAluno"=EXCLUDED."codigoAluno", inscricao=EXCLUDED.inscricao, "nomeMae"=EXCLUDED."nomeMae", "nomePai"=EXCLUDED."nomePai", "celPai"=EXCLUDED."celPai", nacionalidade=EXCLUDED.nacionalidade, naturalidade=EXCLUDED.naturalidade, "ufNascimento"=EXCLUDED."ufNascimento", endereco=EXCLUDED.endereco, cep=EXCLUDED.cep, "dadosResponsaveis"=EXCLUDED."dadosResponsaveis", "documentosMatricula"=EXCLUDED."documentosMatricula", "autorizadosRetirada"=EXCLUDED."autorizadosRetirada", "transporteEscolar"=EXCLUDED."transporteEscolar", "fichaAdministrativa"=EXCLUDED."fichaAdministrativa", "isActive"=TRUE, "updatedAt"=NOW();
  INSERT INTO "Enrollment" (id,"childId","classroomId","enrollmentDate",status,"createdAt","updatedAt")
  VALUES ('seed_enr_' || 'seed_pelicano_child_228233_lucas_martins_dias_seed_pelicano_class_pel_maternal_2_salete', 'seed_pelicano_child_228233_lucas_martins_dias', 'seed_pelicano_class_pel_maternal_2_salete', '2026-02-01 12:00:00', 'ATIVA'::"EnrollmentStatus", NOW(), NOW())
  ON CONFLICT ("childId","classroomId") DO UPDATE SET status=EXCLUDED.status, "updatedAt"=NOW();
  -- Aluno: LUNA MARTINS CEDRO
  INSERT INTO "Child" (id,"mantenedoraId","unitId","firstName","lastName","dateOfBirth",gender,cpf,raca,peso,"bloodType",allergies,"medicalConditions","usoImagem",laudado,nis,"codigoAluno",inscricao,"nomeMae","nomePai","celPai",nacionalidade,naturalidade,"ufNascimento",endereco,cep,"dadosResponsaveis","documentosMatricula","autorizadosRetirada","transporteEscolar","fichaAdministrativa","isActive","createdAt","updatedAt")
  VALUES ('seed_pelicano_child_241239_luna_martins_cedro',v_mantenedora_id,v_unit_id,'Luna','Martins Cedro','2022-08-25 12:00:00','FEMININO'::"Gender",'116.949.351-32','PARDA',NULL,NULL,NULL,NULL,NULL,NULL,NULL,NULL,'241239',NULL,NULL,NULL,'BRASIL','Brasilia','DF',NULL,'07266900','{"mae": {"nome": null, "cpf": null, "telefone": null}, "pai": {"nome": null, "cpf": null, "telefone": null}, "responsavelPrincipal": {"nome": null, "cpf": null, "parentesco": null, "identidade": null, "orgaoExpedidor": null, "telefone": null}, "enderecoResponsavel": null, "cepResponsavel": null, "escolaridade": null, "profissao": null, "numeroDependentes": null, "numeroPessoasCasa": null}'::jsonb,'{"codigoAluno": null, "inscricao": "241239", "censo": null, "beneficio": null, "nis": null, "pisResponsavel": null, "cpfOriginalAluno": "116.949.351-32", "cpfPersistidoNoCampoCpf": "116.949.351-32", "cpfDuplicadoNaPlanilha": false, "serie2024": null, "origemLinhaPlanilha": 147}'::jsonb,'[]'::jsonb,'{"usaTransporteEscolar": null, "nomeTransporte": null}'::jsonb,'{"turmaPlanilha": "Maternal 2", "professoraPlanilha": "Sabrina", "fonte": "DADOS PARA PLATAFORMA PEDAGÓGICA (1) (1).xlsx / Planilha1", "linhaPlanilha": 147, "raw": {"INSCRIÇÃO": "241239", "NOME": "LUNA MARTINS CEDRO", "SEXO": "F", "NASC": "2022-08-25T00:00:00", "NACIONALIDADE": "BRASIL", "NATURALIDADE": "Brasilia", "UF": "DF", "CPF": "11694935132", "RAÇA": "PARDA", "CEP": "7266900", "TURMA": "Maternal 2", "PROFESSORA": "Sabrina"}}'::jsonb,TRUE,NOW(),NOW())
  ON CONFLICT (id) DO UPDATE SET "unitId"=v_unit_id, "firstName"=EXCLUDED."firstName", "lastName"=EXCLUDED."lastName", "dateOfBirth"=EXCLUDED."dateOfBirth", gender=EXCLUDED.gender, cpf=EXCLUDED.cpf, raca=EXCLUDED.raca, peso=EXCLUDED.peso, "bloodType"=EXCLUDED."bloodType", allergies=EXCLUDED.allergies, "medicalConditions"=EXCLUDED."medicalConditions", "usoImagem"=EXCLUDED."usoImagem", laudado=EXCLUDED.laudado, nis=EXCLUDED.nis, "codigoAluno"=EXCLUDED."codigoAluno", inscricao=EXCLUDED.inscricao, "nomeMae"=EXCLUDED."nomeMae", "nomePai"=EXCLUDED."nomePai", "celPai"=EXCLUDED."celPai", nacionalidade=EXCLUDED.nacionalidade, naturalidade=EXCLUDED.naturalidade, "ufNascimento"=EXCLUDED."ufNascimento", endereco=EXCLUDED.endereco, cep=EXCLUDED.cep, "dadosResponsaveis"=EXCLUDED."dadosResponsaveis", "documentosMatricula"=EXCLUDED."documentosMatricula", "autorizadosRetirada"=EXCLUDED."autorizadosRetirada", "transporteEscolar"=EXCLUDED."transporteEscolar", "fichaAdministrativa"=EXCLUDED."fichaAdministrativa", "isActive"=TRUE, "updatedAt"=NOW();
  INSERT INTO "Enrollment" (id,"childId","classroomId","enrollmentDate",status,"createdAt","updatedAt")
  VALUES ('seed_enr_' || 'seed_pelicano_child_241239_luna_martins_cedro_seed_pelicano_class_pel_maternal_2_sabrina', 'seed_pelicano_child_241239_luna_martins_cedro', 'seed_pelicano_class_pel_maternal_2_sabrina', '2026-02-01 12:00:00', 'ATIVA'::"EnrollmentStatus", NOW(), NOW())
  ON CONFLICT ("childId","classroomId") DO UPDATE SET status=EXCLUDED.status, "updatedAt"=NOW();
  -- Aluno: MAITE DIAS FERREIRA
  INSERT INTO "Child" (id,"mantenedoraId","unitId","firstName","lastName","dateOfBirth",gender,cpf,raca,peso,"bloodType",allergies,"medicalConditions","usoImagem",laudado,nis,"codigoAluno",inscricao,"nomeMae","nomePai","celPai",nacionalidade,naturalidade,"ufNascimento",endereco,cep,"dadosResponsaveis","documentosMatricula","autorizadosRetirada","transporteEscolar","fichaAdministrativa","isActive","createdAt","updatedAt")
  VALUES ('seed_pelicano_child_220527_maite_dias_ferreira',v_mantenedora_id,v_unit_id,'Maite','Dias Ferreira','2022-08-04 12:00:00','FEMININO'::"Gender",'116.761.251-59','PARDA',NULL,NULL,NULL,NULL,NULL,NULL,NULL,NULL,'220527',NULL,NULL,NULL,'BRASIL','Brasilia','DF',NULL,'07266900','{"mae": {"nome": null, "cpf": null, "telefone": null}, "pai": {"nome": null, "cpf": null, "telefone": null}, "responsavelPrincipal": {"nome": null, "cpf": null, "parentesco": null, "identidade": null, "orgaoExpedidor": null, "telefone": null}, "enderecoResponsavel": null, "cepResponsavel": null, "escolaridade": null, "profissao": null, "numeroDependentes": null, "numeroPessoasCasa": null}'::jsonb,'{"codigoAluno": null, "inscricao": "220527", "censo": null, "beneficio": null, "nis": null, "pisResponsavel": null, "cpfOriginalAluno": "116.761.251-59", "cpfPersistidoNoCampoCpf": "116.761.251-59", "cpfDuplicadoNaPlanilha": false, "serie2024": null, "origemLinhaPlanilha": 148}'::jsonb,'[]'::jsonb,'{"usaTransporteEscolar": null, "nomeTransporte": null}'::jsonb,'{"turmaPlanilha": "Maternal 2", "professoraPlanilha": "Ada", "fonte": "DADOS PARA PLATAFORMA PEDAGÓGICA (1) (1).xlsx / Planilha1", "linhaPlanilha": 148, "raw": {"INSCRIÇÃO": "220527", "NOME": "MAITE DIAS FERREIRA", "SEXO": "F", "NASC": "2022-08-04T00:00:00", "NACIONALIDADE": "BRASIL", "NATURALIDADE": "Brasilia", "UF": "DF", "CPF": "11676125159", "RAÇA": "PARDA", "CEP": "7266900", "TURMA": "Maternal 2", "PROFESSORA": "Ada"}}'::jsonb,TRUE,NOW(),NOW())
  ON CONFLICT (id) DO UPDATE SET "unitId"=v_unit_id, "firstName"=EXCLUDED."firstName", "lastName"=EXCLUDED."lastName", "dateOfBirth"=EXCLUDED."dateOfBirth", gender=EXCLUDED.gender, cpf=EXCLUDED.cpf, raca=EXCLUDED.raca, peso=EXCLUDED.peso, "bloodType"=EXCLUDED."bloodType", allergies=EXCLUDED.allergies, "medicalConditions"=EXCLUDED."medicalConditions", "usoImagem"=EXCLUDED."usoImagem", laudado=EXCLUDED.laudado, nis=EXCLUDED.nis, "codigoAluno"=EXCLUDED."codigoAluno", inscricao=EXCLUDED.inscricao, "nomeMae"=EXCLUDED."nomeMae", "nomePai"=EXCLUDED."nomePai", "celPai"=EXCLUDED."celPai", nacionalidade=EXCLUDED.nacionalidade, naturalidade=EXCLUDED.naturalidade, "ufNascimento"=EXCLUDED."ufNascimento", endereco=EXCLUDED.endereco, cep=EXCLUDED.cep, "dadosResponsaveis"=EXCLUDED."dadosResponsaveis", "documentosMatricula"=EXCLUDED."documentosMatricula", "autorizadosRetirada"=EXCLUDED."autorizadosRetirada", "transporteEscolar"=EXCLUDED."transporteEscolar", "fichaAdministrativa"=EXCLUDED."fichaAdministrativa", "isActive"=TRUE, "updatedAt"=NOW();
  INSERT INTO "Enrollment" (id,"childId","classroomId","enrollmentDate",status,"createdAt","updatedAt")
  VALUES ('seed_enr_' || 'seed_pelicano_child_220527_maite_dias_ferreira_seed_pelicano_class_pel_maternal_2_ada', 'seed_pelicano_child_220527_maite_dias_ferreira', 'seed_pelicano_class_pel_maternal_2_ada', '2026-02-01 12:00:00', 'ATIVA'::"EnrollmentStatus", NOW(), NOW())
  ON CONFLICT ("childId","classroomId") DO UPDATE SET status=EXCLUDED.status, "updatedAt"=NOW();
  -- Aluno: MAITE OLIVEIRA DO AMARAL
  INSERT INTO "Child" (id,"mantenedoraId","unitId","firstName","lastName","dateOfBirth",gender,cpf,raca,peso,"bloodType",allergies,"medicalConditions","usoImagem",laudado,nis,"codigoAluno",inscricao,"nomeMae","nomePai","celPai",nacionalidade,naturalidade,"ufNascimento",endereco,cep,"dadosResponsaveis","documentosMatricula","autorizadosRetirada","transporteEscolar","fichaAdministrativa","isActive","createdAt","updatedAt")
  VALUES ('seed_pelicano_child_210423_maite_oliveira_do_amaral',v_mantenedora_id,v_unit_id,'Maite','Oliveira Do Amaral','2022-08-18 12:00:00','FEMININO'::"Gender",'116.880.041-22','PARDA',NULL,NULL,NULL,NULL,NULL,NULL,NULL,NULL,'210423',NULL,'Nelson',NULL,'BRASIL','Brasilia','DF',NULL,'07266900','{"mae": {"nome": null, "cpf": null, "telefone": null}, "pai": {"nome": "Nelson", "cpf": null, "telefone": null}, "responsavelPrincipal": {"nome": "Nelson", "cpf": null, "parentesco": null, "identidade": null, "orgaoExpedidor": null, "telefone": null}, "enderecoResponsavel": null, "cepResponsavel": null, "escolaridade": null, "profissao": null, "numeroDependentes": null, "numeroPessoasCasa": null}'::jsonb,'{"codigoAluno": null, "inscricao": "210423", "censo": null, "beneficio": null, "nis": null, "pisResponsavel": null, "cpfOriginalAluno": "116.880.041-22", "cpfPersistidoNoCampoCpf": "116.880.041-22", "cpfDuplicadoNaPlanilha": false, "serie2024": null, "origemLinhaPlanilha": 149}'::jsonb,'[]'::jsonb,'{"usaTransporteEscolar": null, "nomeTransporte": null}'::jsonb,'{"turmaPlanilha": "Maternal 2", "professoraPlanilha": "Shirlene", "fonte": "DADOS PARA PLATAFORMA PEDAGÓGICA (1) (1).xlsx / Planilha1", "linhaPlanilha": 149, "raw": {"INSCRIÇÃO": "210423", "NOME": "MAITE OLIVEIRA DO AMARAL", "SEXO": "F", "NASC": "2022-08-18T00:00:00", "NACIONALIDADE": "BRASIL", "NATURALIDADE": "Brasilia", "UF": "DF", "CPF": "11688004122", "RAÇA": "PARDA", "CEP": "7266900", "TURMA": "Maternal 2", "PROFESSORA": "Shirlene", "PAI": "Nelson"}}'::jsonb,TRUE,NOW(),NOW())
  ON CONFLICT (id) DO UPDATE SET "unitId"=v_unit_id, "firstName"=EXCLUDED."firstName", "lastName"=EXCLUDED."lastName", "dateOfBirth"=EXCLUDED."dateOfBirth", gender=EXCLUDED.gender, cpf=EXCLUDED.cpf, raca=EXCLUDED.raca, peso=EXCLUDED.peso, "bloodType"=EXCLUDED."bloodType", allergies=EXCLUDED.allergies, "medicalConditions"=EXCLUDED."medicalConditions", "usoImagem"=EXCLUDED."usoImagem", laudado=EXCLUDED.laudado, nis=EXCLUDED.nis, "codigoAluno"=EXCLUDED."codigoAluno", inscricao=EXCLUDED.inscricao, "nomeMae"=EXCLUDED."nomeMae", "nomePai"=EXCLUDED."nomePai", "celPai"=EXCLUDED."celPai", nacionalidade=EXCLUDED.nacionalidade, naturalidade=EXCLUDED.naturalidade, "ufNascimento"=EXCLUDED."ufNascimento", endereco=EXCLUDED.endereco, cep=EXCLUDED.cep, "dadosResponsaveis"=EXCLUDED."dadosResponsaveis", "documentosMatricula"=EXCLUDED."documentosMatricula", "autorizadosRetirada"=EXCLUDED."autorizadosRetirada", "transporteEscolar"=EXCLUDED."transporteEscolar", "fichaAdministrativa"=EXCLUDED."fichaAdministrativa", "isActive"=TRUE, "updatedAt"=NOW();
  INSERT INTO "Enrollment" (id,"childId","classroomId","enrollmentDate",status,"createdAt","updatedAt")
  VALUES ('seed_enr_' || 'seed_pelicano_child_210423_maite_oliveira_do_amaral_seed_pelicano_class_pel_maternal_2_shirlene', 'seed_pelicano_child_210423_maite_oliveira_do_amaral', 'seed_pelicano_class_pel_maternal_2_shirlene', '2026-02-01 12:00:00', 'ATIVA'::"EnrollmentStatus", NOW(), NOW())
  ON CONFLICT ("childId","classroomId") DO UPDATE SET status=EXCLUDED.status, "updatedAt"=NOW();
  -- Aluno: MAITE RIBEIRO RODRIGUES
  INSERT INTO "Child" (id,"mantenedoraId","unitId","firstName","lastName","dateOfBirth",gender,cpf,raca,peso,"bloodType",allergies,"medicalConditions","usoImagem",laudado,nis,"codigoAluno",inscricao,"nomeMae","nomePai","celPai",nacionalidade,naturalidade,"ufNascimento",endereco,cep,"dadosResponsaveis","documentosMatricula","autorizadosRetirada","transporteEscolar","fichaAdministrativa","isActive","createdAt","updatedAt")
  VALUES ('seed_pelicano_child_227465_maite_ribeiro_rodrigues',v_mantenedora_id,v_unit_id,'Maite','Ribeiro Rodrigues','2022-07-31 12:00:00','FEMININO'::"Gender",'116.682.601-58','PARDA',NULL,NULL,NULL,NULL,NULL,NULL,NULL,NULL,'227465',NULL,NULL,NULL,'BRASIL','Brasilia','DF',NULL,'07266900','{"mae": {"nome": null, "cpf": null, "telefone": null}, "pai": {"nome": null, "cpf": null, "telefone": null}, "responsavelPrincipal": {"nome": null, "cpf": null, "parentesco": null, "identidade": null, "orgaoExpedidor": null, "telefone": null}, "enderecoResponsavel": null, "cepResponsavel": null, "escolaridade": null, "profissao": null, "numeroDependentes": null, "numeroPessoasCasa": null}'::jsonb,'{"codigoAluno": null, "inscricao": "227465", "censo": null, "beneficio": null, "nis": null, "pisResponsavel": null, "cpfOriginalAluno": "116.682.601-58", "cpfPersistidoNoCampoCpf": "116.682.601-58", "cpfDuplicadoNaPlanilha": false, "serie2024": null, "origemLinhaPlanilha": 150}'::jsonb,'[]'::jsonb,'{"usaTransporteEscolar": null, "nomeTransporte": null}'::jsonb,'{"turmaPlanilha": "Maternal 2", "professoraPlanilha": "Miriam", "fonte": "DADOS PARA PLATAFORMA PEDAGÓGICA (1) (1).xlsx / Planilha1", "linhaPlanilha": 150, "raw": {"INSCRIÇÃO": "227465", "NOME": "MAITE RIBEIRO RODRIGUES", "SEXO": "F", "NASC": "2022-07-31T00:00:00", "NACIONALIDADE": "BRASIL", "NATURALIDADE": "Brasilia", "UF": "DF", "CPF": "11668260158", "RAÇA": "PARDA", "CEP": "7266900", "TURMA": "Maternal 2", "PROFESSORA": "Miriam"}}'::jsonb,TRUE,NOW(),NOW())
  ON CONFLICT (id) DO UPDATE SET "unitId"=v_unit_id, "firstName"=EXCLUDED."firstName", "lastName"=EXCLUDED."lastName", "dateOfBirth"=EXCLUDED."dateOfBirth", gender=EXCLUDED.gender, cpf=EXCLUDED.cpf, raca=EXCLUDED.raca, peso=EXCLUDED.peso, "bloodType"=EXCLUDED."bloodType", allergies=EXCLUDED.allergies, "medicalConditions"=EXCLUDED."medicalConditions", "usoImagem"=EXCLUDED."usoImagem", laudado=EXCLUDED.laudado, nis=EXCLUDED.nis, "codigoAluno"=EXCLUDED."codigoAluno", inscricao=EXCLUDED.inscricao, "nomeMae"=EXCLUDED."nomeMae", "nomePai"=EXCLUDED."nomePai", "celPai"=EXCLUDED."celPai", nacionalidade=EXCLUDED.nacionalidade, naturalidade=EXCLUDED.naturalidade, "ufNascimento"=EXCLUDED."ufNascimento", endereco=EXCLUDED.endereco, cep=EXCLUDED.cep, "dadosResponsaveis"=EXCLUDED."dadosResponsaveis", "documentosMatricula"=EXCLUDED."documentosMatricula", "autorizadosRetirada"=EXCLUDED."autorizadosRetirada", "transporteEscolar"=EXCLUDED."transporteEscolar", "fichaAdministrativa"=EXCLUDED."fichaAdministrativa", "isActive"=TRUE, "updatedAt"=NOW();
  INSERT INTO "Enrollment" (id,"childId","classroomId","enrollmentDate",status,"createdAt","updatedAt")
  VALUES ('seed_enr_' || 'seed_pelicano_child_227465_maite_ribeiro_rodrigues_seed_pelicano_class_pel_maternal_2_miriam', 'seed_pelicano_child_227465_maite_ribeiro_rodrigues', 'seed_pelicano_class_pel_maternal_2_miriam', '2026-02-01 12:00:00', 'ATIVA'::"EnrollmentStatus", NOW(), NOW())
  ON CONFLICT ("childId","classroomId") DO UPDATE SET status=EXCLUDED.status, "updatedAt"=NOW();
  -- Aluno: MAITE VITORIA NICOLAU RODRIGUES
  INSERT INTO "Child" (id,"mantenedoraId","unitId","firstName","lastName","dateOfBirth",gender,cpf,raca,peso,"bloodType",allergies,"medicalConditions","usoImagem",laudado,nis,"codigoAluno",inscricao,"nomeMae","nomePai","celPai",nacionalidade,naturalidade,"ufNascimento",endereco,cep,"dadosResponsaveis","documentosMatricula","autorizadosRetirada","transporteEscolar","fichaAdministrativa","isActive","createdAt","updatedAt")
  VALUES ('seed_pelicano_child_233636_maite_vitoria_nicolau_rodrigues',v_mantenedora_id,v_unit_id,'Maite','Vitoria Nicolau Rodrigues','2022-09-12 12:00:00','FEMININO'::"Gender",'117.092.981-89','PARDA',NULL,NULL,NULL,NULL,NULL,NULL,NULL,NULL,'233636',NULL,'Edmilson',NULL,'BRASIL','Brasilia','DF',NULL,'07266900','{"mae": {"nome": null, "cpf": null, "telefone": null}, "pai": {"nome": "Edmilson", "cpf": null, "telefone": null}, "responsavelPrincipal": {"nome": "Edmilson", "cpf": null, "parentesco": null, "identidade": null, "orgaoExpedidor": null, "telefone": null}, "enderecoResponsavel": null, "cepResponsavel": null, "escolaridade": null, "profissao": null, "numeroDependentes": null, "numeroPessoasCasa": null}'::jsonb,'{"codigoAluno": null, "inscricao": "233636", "censo": null, "beneficio": null, "nis": null, "pisResponsavel": null, "cpfOriginalAluno": "117.092.981-89", "cpfPersistidoNoCampoCpf": "117.092.981-89", "cpfDuplicadoNaPlanilha": false, "serie2024": null, "origemLinhaPlanilha": 151}'::jsonb,'[]'::jsonb,'{"usaTransporteEscolar": null, "nomeTransporte": null}'::jsonb,'{"turmaPlanilha": "Maternal 2", "professoraPlanilha": "Salete", "fonte": "DADOS PARA PLATAFORMA PEDAGÓGICA (1) (1).xlsx / Planilha1", "linhaPlanilha": 151, "raw": {"INSCRIÇÃO": "233636", "NOME": "MAITE VITORIA NICOLAU RODRIGUES", "SEXO": "F", "NASC": "2022-09-12T00:00:00", "NACIONALIDADE": "BRASIL", "NATURALIDADE": "Brasilia", "UF": "DF", "CPF": "11709298189", "RAÇA": "PARDA", "CEP": "7266900", "TURMA": "Maternal 2", "PROFESSORA": "Salete", "PAI": "Edmilson"}}'::jsonb,TRUE,NOW(),NOW())
  ON CONFLICT (id) DO UPDATE SET "unitId"=v_unit_id, "firstName"=EXCLUDED."firstName", "lastName"=EXCLUDED."lastName", "dateOfBirth"=EXCLUDED."dateOfBirth", gender=EXCLUDED.gender, cpf=EXCLUDED.cpf, raca=EXCLUDED.raca, peso=EXCLUDED.peso, "bloodType"=EXCLUDED."bloodType", allergies=EXCLUDED.allergies, "medicalConditions"=EXCLUDED."medicalConditions", "usoImagem"=EXCLUDED."usoImagem", laudado=EXCLUDED.laudado, nis=EXCLUDED.nis, "codigoAluno"=EXCLUDED."codigoAluno", inscricao=EXCLUDED.inscricao, "nomeMae"=EXCLUDED."nomeMae", "nomePai"=EXCLUDED."nomePai", "celPai"=EXCLUDED."celPai", nacionalidade=EXCLUDED.nacionalidade, naturalidade=EXCLUDED.naturalidade, "ufNascimento"=EXCLUDED."ufNascimento", endereco=EXCLUDED.endereco, cep=EXCLUDED.cep, "dadosResponsaveis"=EXCLUDED."dadosResponsaveis", "documentosMatricula"=EXCLUDED."documentosMatricula", "autorizadosRetirada"=EXCLUDED."autorizadosRetirada", "transporteEscolar"=EXCLUDED."transporteEscolar", "fichaAdministrativa"=EXCLUDED."fichaAdministrativa", "isActive"=TRUE, "updatedAt"=NOW();
  INSERT INTO "Enrollment" (id,"childId","classroomId","enrollmentDate",status,"createdAt","updatedAt")
  VALUES ('seed_enr_' || 'seed_pelicano_child_233636_maite_vitoria_nicolau_rodrigues_seed_pelicano_class_pel_maternal_2_salete', 'seed_pelicano_child_233636_maite_vitoria_nicolau_rodrigues', 'seed_pelicano_class_pel_maternal_2_salete', '2026-02-01 12:00:00', 'ATIVA'::"EnrollmentStatus", NOW(), NOW())
  ON CONFLICT ("childId","classroomId") DO UPDATE SET status=EXCLUDED.status, "updatedAt"=NOW();
  -- Aluno: MARCIO GUIMARAES RODRIGUES
  INSERT INTO "Child" (id,"mantenedoraId","unitId","firstName","lastName","dateOfBirth",gender,cpf,raca,peso,"bloodType",allergies,"medicalConditions","usoImagem",laudado,nis,"codigoAluno",inscricao,"nomeMae","nomePai","celPai",nacionalidade,naturalidade,"ufNascimento",endereco,cep,"dadosResponsaveis","documentosMatricula","autorizadosRetirada","transporteEscolar","fichaAdministrativa","isActive","createdAt","updatedAt")
  VALUES ('seed_pelicano_child_236027_marcio_guimaraes_rodrigues',v_mantenedora_id,v_unit_id,'Marcio','Guimaraes Rodrigues','2022-10-26 12:00:00','MASCULINO'::"Gender",'117.527.171-39','PARDA',NULL,NULL,NULL,NULL,NULL,NULL,NULL,NULL,'236027',NULL,'Mateus Guimarães',NULL,'BRASIL','Brasilia','DF',NULL,'07266900','{"mae": {"nome": null, "cpf": null, "telefone": null}, "pai": {"nome": "Mateus Guimarães", "cpf": null, "telefone": null}, "responsavelPrincipal": {"nome": "Mateus Guimarães", "cpf": null, "parentesco": null, "identidade": null, "orgaoExpedidor": null, "telefone": null}, "enderecoResponsavel": null, "cepResponsavel": null, "escolaridade": null, "profissao": null, "numeroDependentes": null, "numeroPessoasCasa": null}'::jsonb,'{"codigoAluno": null, "inscricao": "236027", "censo": null, "beneficio": null, "nis": null, "pisResponsavel": null, "cpfOriginalAluno": "117.527.171-39", "cpfPersistidoNoCampoCpf": "117.527.171-39", "cpfDuplicadoNaPlanilha": false, "serie2024": null, "origemLinhaPlanilha": 152}'::jsonb,'[]'::jsonb,'{"usaTransporteEscolar": null, "nomeTransporte": null}'::jsonb,'{"turmaPlanilha": "Maternal 2", "professoraPlanilha": "Shirlene", "fonte": "DADOS PARA PLATAFORMA PEDAGÓGICA (1) (1).xlsx / Planilha1", "linhaPlanilha": 152, "raw": {"INSCRIÇÃO": "236027", "NOME": "MARCIO GUIMARAES RODRIGUES", "SEXO": "M", "NASC": "2022-10-26T00:00:00", "NACIONALIDADE": "BRASIL", "NATURALIDADE": "Brasilia", "UF": "DF", "CPF": "11752717139", "RAÇA": "PARDA", "CEP": "7266900", "TURMA": "Maternal 2", "PROFESSORA": "Shirlene", "PAI": "Mateus Guimarães"}}'::jsonb,TRUE,NOW(),NOW())
  ON CONFLICT (id) DO UPDATE SET "unitId"=v_unit_id, "firstName"=EXCLUDED."firstName", "lastName"=EXCLUDED."lastName", "dateOfBirth"=EXCLUDED."dateOfBirth", gender=EXCLUDED.gender, cpf=EXCLUDED.cpf, raca=EXCLUDED.raca, peso=EXCLUDED.peso, "bloodType"=EXCLUDED."bloodType", allergies=EXCLUDED.allergies, "medicalConditions"=EXCLUDED."medicalConditions", "usoImagem"=EXCLUDED."usoImagem", laudado=EXCLUDED.laudado, nis=EXCLUDED.nis, "codigoAluno"=EXCLUDED."codigoAluno", inscricao=EXCLUDED.inscricao, "nomeMae"=EXCLUDED."nomeMae", "nomePai"=EXCLUDED."nomePai", "celPai"=EXCLUDED."celPai", nacionalidade=EXCLUDED.nacionalidade, naturalidade=EXCLUDED.naturalidade, "ufNascimento"=EXCLUDED."ufNascimento", endereco=EXCLUDED.endereco, cep=EXCLUDED.cep, "dadosResponsaveis"=EXCLUDED."dadosResponsaveis", "documentosMatricula"=EXCLUDED."documentosMatricula", "autorizadosRetirada"=EXCLUDED."autorizadosRetirada", "transporteEscolar"=EXCLUDED."transporteEscolar", "fichaAdministrativa"=EXCLUDED."fichaAdministrativa", "isActive"=TRUE, "updatedAt"=NOW();
  INSERT INTO "Enrollment" (id,"childId","classroomId","enrollmentDate",status,"createdAt","updatedAt")
  VALUES ('seed_enr_' || 'seed_pelicano_child_236027_marcio_guimaraes_rodrigues_seed_pelicano_class_pel_maternal_2_shirlene', 'seed_pelicano_child_236027_marcio_guimaraes_rodrigues', 'seed_pelicano_class_pel_maternal_2_shirlene', '2026-02-01 12:00:00', 'ATIVA'::"EnrollmentStatus", NOW(), NOW())
  ON CONFLICT ("childId","classroomId") DO UPDATE SET status=EXCLUDED.status, "updatedAt"=NOW();
  -- Aluno: MARCOS CARVALHO BATISTA
  INSERT INTO "Child" (id,"mantenedoraId","unitId","firstName","lastName","dateOfBirth",gender,cpf,raca,peso,"bloodType",allergies,"medicalConditions","usoImagem",laudado,nis,"codigoAluno",inscricao,"nomeMae","nomePai","celPai",nacionalidade,naturalidade,"ufNascimento",endereco,cep,"dadosResponsaveis","documentosMatricula","autorizadosRetirada","transporteEscolar","fichaAdministrativa","isActive","createdAt","updatedAt")
  VALUES ('seed_pelicano_child_217989_marcos_carvalho_batista',v_mantenedora_id,v_unit_id,'Marcos','Carvalho Batista','2022-04-20 12:00:00','MASCULINO'::"Gender",'115.786.791-09','PARDA',NULL,NULL,NULL,NULL,NULL,NULL,NULL,NULL,'217989',NULL,'Enos Gomes',NULL,'BRASIL','Brasilia','DF',NULL,'07266900','{"mae": {"nome": null, "cpf": null, "telefone": null}, "pai": {"nome": "Enos Gomes", "cpf": null, "telefone": null}, "responsavelPrincipal": {"nome": "Enos Gomes", "cpf": null, "parentesco": null, "identidade": null, "orgaoExpedidor": null, "telefone": null}, "enderecoResponsavel": null, "cepResponsavel": null, "escolaridade": null, "profissao": null, "numeroDependentes": null, "numeroPessoasCasa": null}'::jsonb,'{"codigoAluno": null, "inscricao": "217989", "censo": null, "beneficio": null, "nis": null, "pisResponsavel": null, "cpfOriginalAluno": "115.786.791-09", "cpfPersistidoNoCampoCpf": "115.786.791-09", "cpfDuplicadoNaPlanilha": false, "serie2024": null, "origemLinhaPlanilha": 153}'::jsonb,'[]'::jsonb,'{"usaTransporteEscolar": null, "nomeTransporte": null}'::jsonb,'{"turmaPlanilha": "Maternal 2", "professoraPlanilha": "Salete", "fonte": "DADOS PARA PLATAFORMA PEDAGÓGICA (1) (1).xlsx / Planilha1", "linhaPlanilha": 153, "raw": {"INSCRIÇÃO": "217989", "NOME": "MARCOS CARVALHO BATISTA", "SEXO": "M", "NASC": "2022-04-20T00:00:00", "NACIONALIDADE": "BRASIL", "NATURALIDADE": "Brasilia", "UF": "DF", "CPF": "11578679109", "RAÇA": "PARDA", "CEP": "7266900", "TURMA": "Maternal 2", "PROFESSORA": "Salete", "PAI": "Enos Gomes"}}'::jsonb,TRUE,NOW(),NOW())
  ON CONFLICT (id) DO UPDATE SET "unitId"=v_unit_id, "firstName"=EXCLUDED."firstName", "lastName"=EXCLUDED."lastName", "dateOfBirth"=EXCLUDED."dateOfBirth", gender=EXCLUDED.gender, cpf=EXCLUDED.cpf, raca=EXCLUDED.raca, peso=EXCLUDED.peso, "bloodType"=EXCLUDED."bloodType", allergies=EXCLUDED.allergies, "medicalConditions"=EXCLUDED."medicalConditions", "usoImagem"=EXCLUDED."usoImagem", laudado=EXCLUDED.laudado, nis=EXCLUDED.nis, "codigoAluno"=EXCLUDED."codigoAluno", inscricao=EXCLUDED.inscricao, "nomeMae"=EXCLUDED."nomeMae", "nomePai"=EXCLUDED."nomePai", "celPai"=EXCLUDED."celPai", nacionalidade=EXCLUDED.nacionalidade, naturalidade=EXCLUDED.naturalidade, "ufNascimento"=EXCLUDED."ufNascimento", endereco=EXCLUDED.endereco, cep=EXCLUDED.cep, "dadosResponsaveis"=EXCLUDED."dadosResponsaveis", "documentosMatricula"=EXCLUDED."documentosMatricula", "autorizadosRetirada"=EXCLUDED."autorizadosRetirada", "transporteEscolar"=EXCLUDED."transporteEscolar", "fichaAdministrativa"=EXCLUDED."fichaAdministrativa", "isActive"=TRUE, "updatedAt"=NOW();
  INSERT INTO "Enrollment" (id,"childId","classroomId","enrollmentDate",status,"createdAt","updatedAt")
  VALUES ('seed_enr_' || 'seed_pelicano_child_217989_marcos_carvalho_batista_seed_pelicano_class_pel_maternal_2_salete', 'seed_pelicano_child_217989_marcos_carvalho_batista', 'seed_pelicano_class_pel_maternal_2_salete', '2026-02-01 12:00:00', 'ATIVA'::"EnrollmentStatus", NOW(), NOW())
  ON CONFLICT ("childId","classroomId") DO UPDATE SET status=EXCLUDED.status, "updatedAt"=NOW();
  -- Aluno: MARIA ALICE ALVES MOURA
  INSERT INTO "Child" (id,"mantenedoraId","unitId","firstName","lastName","dateOfBirth",gender,cpf,raca,peso,"bloodType",allergies,"medicalConditions","usoImagem",laudado,nis,"codigoAluno",inscricao,"nomeMae","nomePai","celPai",nacionalidade,naturalidade,"ufNascimento",endereco,cep,"dadosResponsaveis","documentosMatricula","autorizadosRetirada","transporteEscolar","fichaAdministrativa","isActive","createdAt","updatedAt")
  VALUES ('seed_pelicano_child_227504_maria_alice_alves_moura',v_mantenedora_id,v_unit_id,'Maria','Alice Alves Moura','2022-07-08 12:00:00','FEMININO'::"Gender",'116.492.381-18','PARDA',NULL,NULL,NULL,NULL,NULL,NULL,NULL,NULL,'227504',NULL,NULL,NULL,'BRASIL','Brasilia','DF',NULL,'07266900','{"mae": {"nome": null, "cpf": null, "telefone": null}, "pai": {"nome": null, "cpf": null, "telefone": null}, "responsavelPrincipal": {"nome": null, "cpf": null, "parentesco": null, "identidade": null, "orgaoExpedidor": null, "telefone": null}, "enderecoResponsavel": null, "cepResponsavel": null, "escolaridade": null, "profissao": null, "numeroDependentes": null, "numeroPessoasCasa": null}'::jsonb,'{"codigoAluno": null, "inscricao": "227504", "censo": null, "beneficio": null, "nis": null, "pisResponsavel": null, "cpfOriginalAluno": "116.492.381-18", "cpfPersistidoNoCampoCpf": "116.492.381-18", "cpfDuplicadoNaPlanilha": false, "serie2024": null, "origemLinhaPlanilha": 154}'::jsonb,'[]'::jsonb,'{"usaTransporteEscolar": null, "nomeTransporte": null}'::jsonb,'{"turmaPlanilha": "Maternal 2", "professoraPlanilha": "Miriam", "fonte": "DADOS PARA PLATAFORMA PEDAGÓGICA (1) (1).xlsx / Planilha1", "linhaPlanilha": 154, "raw": {"INSCRIÇÃO": "227504", "NOME": "MARIA ALICE ALVES MOURA", "SEXO": "F", "NASC": "2022-07-08T00:00:00", "NACIONALIDADE": "BRASIL", "NATURALIDADE": "Brasilia", "UF": "DF", "CPF": "11649238118", "RAÇA": "PARDA", "CEP": "7266900", "TURMA": "Maternal 2", "PROFESSORA": "Miriam"}}'::jsonb,TRUE,NOW(),NOW())
  ON CONFLICT (id) DO UPDATE SET "unitId"=v_unit_id, "firstName"=EXCLUDED."firstName", "lastName"=EXCLUDED."lastName", "dateOfBirth"=EXCLUDED."dateOfBirth", gender=EXCLUDED.gender, cpf=EXCLUDED.cpf, raca=EXCLUDED.raca, peso=EXCLUDED.peso, "bloodType"=EXCLUDED."bloodType", allergies=EXCLUDED.allergies, "medicalConditions"=EXCLUDED."medicalConditions", "usoImagem"=EXCLUDED."usoImagem", laudado=EXCLUDED.laudado, nis=EXCLUDED.nis, "codigoAluno"=EXCLUDED."codigoAluno", inscricao=EXCLUDED.inscricao, "nomeMae"=EXCLUDED."nomeMae", "nomePai"=EXCLUDED."nomePai", "celPai"=EXCLUDED."celPai", nacionalidade=EXCLUDED.nacionalidade, naturalidade=EXCLUDED.naturalidade, "ufNascimento"=EXCLUDED."ufNascimento", endereco=EXCLUDED.endereco, cep=EXCLUDED.cep, "dadosResponsaveis"=EXCLUDED."dadosResponsaveis", "documentosMatricula"=EXCLUDED."documentosMatricula", "autorizadosRetirada"=EXCLUDED."autorizadosRetirada", "transporteEscolar"=EXCLUDED."transporteEscolar", "fichaAdministrativa"=EXCLUDED."fichaAdministrativa", "isActive"=TRUE, "updatedAt"=NOW();
  INSERT INTO "Enrollment" (id,"childId","classroomId","enrollmentDate",status,"createdAt","updatedAt")
  VALUES ('seed_enr_' || 'seed_pelicano_child_227504_maria_alice_alves_moura_seed_pelicano_class_pel_maternal_2_miriam', 'seed_pelicano_child_227504_maria_alice_alves_moura', 'seed_pelicano_class_pel_maternal_2_miriam', '2026-02-01 12:00:00', 'ATIVA'::"EnrollmentStatus", NOW(), NOW())
  ON CONFLICT ("childId","classroomId") DO UPDATE SET status=EXCLUDED.status, "updatedAt"=NOW();
  -- Aluno: MARIA CECILIA DA COSTA SILVA
  INSERT INTO "Child" (id,"mantenedoraId","unitId","firstName","lastName","dateOfBirth",gender,cpf,raca,peso,"bloodType",allergies,"medicalConditions","usoImagem",laudado,nis,"codigoAluno",inscricao,"nomeMae","nomePai","celPai",nacionalidade,naturalidade,"ufNascimento",endereco,cep,"dadosResponsaveis","documentosMatricula","autorizadosRetirada","transporteEscolar","fichaAdministrativa","isActive","createdAt","updatedAt")
  VALUES ('seed_pelicano_child_241484_maria_cecilia_da_costa_silva',v_mantenedora_id,v_unit_id,'Maria','Cecilia Da Costa Silva','2022-05-31 12:00:00','FEMININO'::"Gender",'116.106.291-24','PARDA',NULL,NULL,NULL,NULL,NULL,NULL,NULL,NULL,'241484',NULL,NULL,NULL,'BRASIL','Brasilia','DF',NULL,'07266900','{"mae": {"nome": null, "cpf": null, "telefone": null}, "pai": {"nome": null, "cpf": null, "telefone": null}, "responsavelPrincipal": {"nome": null, "cpf": null, "parentesco": null, "identidade": null, "orgaoExpedidor": null, "telefone": null}, "enderecoResponsavel": null, "cepResponsavel": null, "escolaridade": null, "profissao": null, "numeroDependentes": null, "numeroPessoasCasa": null}'::jsonb,'{"codigoAluno": null, "inscricao": "241484", "censo": null, "beneficio": null, "nis": null, "pisResponsavel": null, "cpfOriginalAluno": "116.106.291-24", "cpfPersistidoNoCampoCpf": "116.106.291-24", "cpfDuplicadoNaPlanilha": false, "serie2024": null, "origemLinhaPlanilha": 155}'::jsonb,'[]'::jsonb,'{"usaTransporteEscolar": null, "nomeTransporte": null}'::jsonb,'{"turmaPlanilha": "Maternal 2", "professoraPlanilha": "Sabrina", "fonte": "DADOS PARA PLATAFORMA PEDAGÓGICA (1) (1).xlsx / Planilha1", "linhaPlanilha": 155, "raw": {"INSCRIÇÃO": "241484", "NOME": "MARIA CECILIA DA COSTA SILVA", "SEXO": "F", "NASC": "2022-05-31T00:00:00", "NACIONALIDADE": "BRASIL", "NATURALIDADE": "Brasilia", "UF": "DF", "CPF": "11610629124", "RAÇA": "PARDA", "CEP": "7266900", "TURMA": "Maternal 2", "PROFESSORA": "Sabrina"}}'::jsonb,TRUE,NOW(),NOW())
  ON CONFLICT (id) DO UPDATE SET "unitId"=v_unit_id, "firstName"=EXCLUDED."firstName", "lastName"=EXCLUDED."lastName", "dateOfBirth"=EXCLUDED."dateOfBirth", gender=EXCLUDED.gender, cpf=EXCLUDED.cpf, raca=EXCLUDED.raca, peso=EXCLUDED.peso, "bloodType"=EXCLUDED."bloodType", allergies=EXCLUDED.allergies, "medicalConditions"=EXCLUDED."medicalConditions", "usoImagem"=EXCLUDED."usoImagem", laudado=EXCLUDED.laudado, nis=EXCLUDED.nis, "codigoAluno"=EXCLUDED."codigoAluno", inscricao=EXCLUDED.inscricao, "nomeMae"=EXCLUDED."nomeMae", "nomePai"=EXCLUDED."nomePai", "celPai"=EXCLUDED."celPai", nacionalidade=EXCLUDED.nacionalidade, naturalidade=EXCLUDED.naturalidade, "ufNascimento"=EXCLUDED."ufNascimento", endereco=EXCLUDED.endereco, cep=EXCLUDED.cep, "dadosResponsaveis"=EXCLUDED."dadosResponsaveis", "documentosMatricula"=EXCLUDED."documentosMatricula", "autorizadosRetirada"=EXCLUDED."autorizadosRetirada", "transporteEscolar"=EXCLUDED."transporteEscolar", "fichaAdministrativa"=EXCLUDED."fichaAdministrativa", "isActive"=TRUE, "updatedAt"=NOW();
  INSERT INTO "Enrollment" (id,"childId","classroomId","enrollmentDate",status,"createdAt","updatedAt")
  VALUES ('seed_enr_' || 'seed_pelicano_child_241484_maria_cecilia_da_costa_silva_seed_pelicano_class_pel_maternal_2_sabrina', 'seed_pelicano_child_241484_maria_cecilia_da_costa_silva', 'seed_pelicano_class_pel_maternal_2_sabrina', '2026-02-01 12:00:00', 'ATIVA'::"EnrollmentStatus", NOW(), NOW())
  ON CONFLICT ("childId","classroomId") DO UPDATE SET status=EXCLUDED.status, "updatedAt"=NOW();
  -- Aluno: MARIA CECILIA SILVA DE ARAUJO
  INSERT INTO "Child" (id,"mantenedoraId","unitId","firstName","lastName","dateOfBirth",gender,cpf,raca,peso,"bloodType",allergies,"medicalConditions","usoImagem",laudado,nis,"codigoAluno",inscricao,"nomeMae","nomePai","celPai",nacionalidade,naturalidade,"ufNascimento",endereco,cep,"dadosResponsaveis","documentosMatricula","autorizadosRetirada","transporteEscolar","fichaAdministrativa","isActive","createdAt","updatedAt")
  VALUES ('seed_pelicano_child_1171166_maria_cecilia_silva_de_araujo',v_mantenedora_id,v_unit_id,'Maria','Cecilia Silva De Araujo','2022-08-07 12:00:00','FEMININO'::"Gender",'116.770.161-59','PARDA',NULL,NULL,NULL,NULL,NULL,NULL,NULL,'1171166','205528',NULL,NULL,NULL,'BRASIL','Brasilia','DF',NULL,'07266900','{"mae": {"nome": null, "cpf": null, "telefone": null}, "pai": {"nome": null, "cpf": null, "telefone": null}, "responsavelPrincipal": {"nome": null, "cpf": null, "parentesco": null, "identidade": null, "orgaoExpedidor": null, "telefone": null}, "enderecoResponsavel": null, "cepResponsavel": null, "escolaridade": null, "profissao": null, "numeroDependentes": null, "numeroPessoasCasa": null}'::jsonb,'{"codigoAluno": "1171166", "inscricao": "205528", "censo": null, "beneficio": null, "nis": null, "pisResponsavel": null, "cpfOriginalAluno": "116.770.161-59", "cpfPersistidoNoCampoCpf": "116.770.161-59", "cpfDuplicadoNaPlanilha": false, "serie2024": null, "origemLinhaPlanilha": 156}'::jsonb,'[]'::jsonb,'{"usaTransporteEscolar": null, "nomeTransporte": null}'::jsonb,'{"turmaPlanilha": "Maternal 2", "professoraPlanilha": "Miriam", "fonte": "DADOS PARA PLATAFORMA PEDAGÓGICA (1) (1).xlsx / Planilha1", "linhaPlanilha": 156, "raw": {"COD. ALUNO": "1171166", "INSCRIÇÃO": "205528", "NOME": "MARIA CECILIA SILVA DE ARAUJO", "SEXO": "F", "NASC": "2022-08-07T00:00:00", "NACIONALIDADE": "BRASIL", "NATURALIDADE": "Brasilia", "UF": "DF", "CPF": "11677016159", "RAÇA": "PARDA", "CEP": "7266900", "TURMA": "Maternal 2", "PROFESSORA": "Miriam"}}'::jsonb,TRUE,NOW(),NOW())
  ON CONFLICT (id) DO UPDATE SET "unitId"=v_unit_id, "firstName"=EXCLUDED."firstName", "lastName"=EXCLUDED."lastName", "dateOfBirth"=EXCLUDED."dateOfBirth", gender=EXCLUDED.gender, cpf=EXCLUDED.cpf, raca=EXCLUDED.raca, peso=EXCLUDED.peso, "bloodType"=EXCLUDED."bloodType", allergies=EXCLUDED.allergies, "medicalConditions"=EXCLUDED."medicalConditions", "usoImagem"=EXCLUDED."usoImagem", laudado=EXCLUDED.laudado, nis=EXCLUDED.nis, "codigoAluno"=EXCLUDED."codigoAluno", inscricao=EXCLUDED.inscricao, "nomeMae"=EXCLUDED."nomeMae", "nomePai"=EXCLUDED."nomePai", "celPai"=EXCLUDED."celPai", nacionalidade=EXCLUDED.nacionalidade, naturalidade=EXCLUDED.naturalidade, "ufNascimento"=EXCLUDED."ufNascimento", endereco=EXCLUDED.endereco, cep=EXCLUDED.cep, "dadosResponsaveis"=EXCLUDED."dadosResponsaveis", "documentosMatricula"=EXCLUDED."documentosMatricula", "autorizadosRetirada"=EXCLUDED."autorizadosRetirada", "transporteEscolar"=EXCLUDED."transporteEscolar", "fichaAdministrativa"=EXCLUDED."fichaAdministrativa", "isActive"=TRUE, "updatedAt"=NOW();
  INSERT INTO "Enrollment" (id,"childId","classroomId","enrollmentDate",status,"createdAt","updatedAt")
  VALUES ('seed_enr_' || 'seed_pelicano_child_1171166_maria_cecilia_silva_de_araujo_seed_pelicano_class_pel_maternal_2_miriam', 'seed_pelicano_child_1171166_maria_cecilia_silva_de_araujo', 'seed_pelicano_class_pel_maternal_2_miriam', '2026-02-01 12:00:00', 'ATIVA'::"EnrollmentStatus", NOW(), NOW())
  ON CONFLICT ("childId","classroomId") DO UPDATE SET status=EXCLUDED.status, "updatedAt"=NOW();
  -- Aluno: MARIA FERNANDA MARCAL DO NASCIMENTO
  INSERT INTO "Child" (id,"mantenedoraId","unitId","firstName","lastName","dateOfBirth",gender,cpf,raca,peso,"bloodType",allergies,"medicalConditions","usoImagem",laudado,nis,"codigoAluno",inscricao,"nomeMae","nomePai","celPai",nacionalidade,naturalidade,"ufNascimento",endereco,cep,"dadosResponsaveis","documentosMatricula","autorizadosRetirada","transporteEscolar","fichaAdministrativa","isActive","createdAt","updatedAt")
  VALUES ('seed_pelicano_child_205528_maria_fernanda_marcal_do_nascimento',v_mantenedora_id,v_unit_id,'Maria','Fernanda Marcal Do Nascimento','2022-11-20 12:00:00','FEMININO'::"Gender",'117.752.831-27','PARDA',NULL,NULL,NULL,NULL,NULL,NULL,NULL,NULL,'205528',NULL,NULL,NULL,'BRASIL','Brasilia','DF',NULL,'07266900','{"mae": {"nome": null, "cpf": null, "telefone": null}, "pai": {"nome": null, "cpf": null, "telefone": null}, "responsavelPrincipal": {"nome": null, "cpf": null, "parentesco": null, "identidade": null, "orgaoExpedidor": null, "telefone": null}, "enderecoResponsavel": null, "cepResponsavel": null, "escolaridade": null, "profissao": null, "numeroDependentes": null, "numeroPessoasCasa": null}'::jsonb,'{"codigoAluno": null, "inscricao": "205528", "censo": null, "beneficio": null, "nis": null, "pisResponsavel": null, "cpfOriginalAluno": "117.752.831-27", "cpfPersistidoNoCampoCpf": "117.752.831-27", "cpfDuplicadoNaPlanilha": false, "serie2024": null, "origemLinhaPlanilha": 157}'::jsonb,'[]'::jsonb,'{"usaTransporteEscolar": null, "nomeTransporte": null}'::jsonb,'{"turmaPlanilha": "Maternal 2", "professoraPlanilha": "Ada", "fonte": "DADOS PARA PLATAFORMA PEDAGÓGICA (1) (1).xlsx / Planilha1", "linhaPlanilha": 157, "raw": {"INSCRIÇÃO": "205528", "NOME": "MARIA FERNANDA MARCAL DO NASCIMENTO", "SEXO": "F", "NASC": "2022-11-20T00:00:00", "NACIONALIDADE": "BRASIL", "NATURALIDADE": "Brasilia", "UF": "DF", "CPF": "11775283127", "RAÇA": "PARDA", "CEP": "7266900", "TURMA": "Maternal 2", "PROFESSORA": "Ada"}}'::jsonb,TRUE,NOW(),NOW())
  ON CONFLICT (id) DO UPDATE SET "unitId"=v_unit_id, "firstName"=EXCLUDED."firstName", "lastName"=EXCLUDED."lastName", "dateOfBirth"=EXCLUDED."dateOfBirth", gender=EXCLUDED.gender, cpf=EXCLUDED.cpf, raca=EXCLUDED.raca, peso=EXCLUDED.peso, "bloodType"=EXCLUDED."bloodType", allergies=EXCLUDED.allergies, "medicalConditions"=EXCLUDED."medicalConditions", "usoImagem"=EXCLUDED."usoImagem", laudado=EXCLUDED.laudado, nis=EXCLUDED.nis, "codigoAluno"=EXCLUDED."codigoAluno", inscricao=EXCLUDED.inscricao, "nomeMae"=EXCLUDED."nomeMae", "nomePai"=EXCLUDED."nomePai", "celPai"=EXCLUDED."celPai", nacionalidade=EXCLUDED.nacionalidade, naturalidade=EXCLUDED.naturalidade, "ufNascimento"=EXCLUDED."ufNascimento", endereco=EXCLUDED.endereco, cep=EXCLUDED.cep, "dadosResponsaveis"=EXCLUDED."dadosResponsaveis", "documentosMatricula"=EXCLUDED."documentosMatricula", "autorizadosRetirada"=EXCLUDED."autorizadosRetirada", "transporteEscolar"=EXCLUDED."transporteEscolar", "fichaAdministrativa"=EXCLUDED."fichaAdministrativa", "isActive"=TRUE, "updatedAt"=NOW();
  INSERT INTO "Enrollment" (id,"childId","classroomId","enrollmentDate",status,"createdAt","updatedAt")
  VALUES ('seed_enr_' || 'seed_pelicano_child_205528_maria_fernanda_marcal_do_nascimento_seed_pelicano_class_pel_maternal_2_ad', 'seed_pelicano_child_205528_maria_fernanda_marcal_do_nascimento', 'seed_pelicano_class_pel_maternal_2_ada', '2026-02-01 12:00:00', 'ATIVA'::"EnrollmentStatus", NOW(), NOW())
  ON CONFLICT ("childId","classroomId") DO UPDATE SET status=EXCLUDED.status, "updatedAt"=NOW();
  -- Aluno: MARIA HELENA RAMOS COSTA
  INSERT INTO "Child" (id,"mantenedoraId","unitId","firstName","lastName","dateOfBirth",gender,cpf,raca,peso,"bloodType",allergies,"medicalConditions","usoImagem",laudado,nis,"codigoAluno",inscricao,"nomeMae","nomePai","celPai",nacionalidade,naturalidade,"ufNascimento",endereco,cep,"dadosResponsaveis","documentosMatricula","autorizadosRetirada","transporteEscolar","fichaAdministrativa","isActive","createdAt","updatedAt")
  VALUES ('seed_pelicano_child_1249423_maria_helena_ramos_costa',v_mantenedora_id,v_unit_id,'Maria','Helena Ramos Costa','2022-12-16 12:00:00','FEMININO'::"Gender",'118.001.761-71','PARDA',NULL,NULL,NULL,NULL,NULL,NULL,NULL,'1249423','241488',NULL,'Raimundo',NULL,'BRASIL','Brasilia','DF',NULL,'07266900','{"mae": {"nome": null, "cpf": null, "telefone": null}, "pai": {"nome": "Raimundo", "cpf": null, "telefone": null}, "responsavelPrincipal": {"nome": "Raimundo", "cpf": null, "parentesco": null, "identidade": null, "orgaoExpedidor": null, "telefone": null}, "enderecoResponsavel": null, "cepResponsavel": null, "escolaridade": null, "profissao": null, "numeroDependentes": null, "numeroPessoasCasa": null}'::jsonb,'{"codigoAluno": "1249423", "inscricao": "241488", "censo": null, "beneficio": null, "nis": null, "pisResponsavel": null, "cpfOriginalAluno": "118.001.761-71", "cpfPersistidoNoCampoCpf": "118.001.761-71", "cpfDuplicadoNaPlanilha": false, "serie2024": null, "origemLinhaPlanilha": 158}'::jsonb,'[]'::jsonb,'{"usaTransporteEscolar": null, "nomeTransporte": null}'::jsonb,'{"turmaPlanilha": "Maternal 2", "professoraPlanilha": "Shirlene", "fonte": "DADOS PARA PLATAFORMA PEDAGÓGICA (1) (1).xlsx / Planilha1", "linhaPlanilha": 158, "raw": {"COD. ALUNO": "1249423", "INSCRIÇÃO": "241488", "NOME": "MARIA HELENA RAMOS COSTA", "SEXO": "F", "NASC": "2022-12-16T00:00:00", "NACIONALIDADE": "BRASIL", "NATURALIDADE": "Brasilia", "UF": "DF", "CPF": "11800176171", "RAÇA": "PARDA", "CEP": "7266900", "TURMA": "Maternal 2", "PROFESSORA": "Shirlene", "PAI": "Raimundo"}}'::jsonb,TRUE,NOW(),NOW())
  ON CONFLICT (id) DO UPDATE SET "unitId"=v_unit_id, "firstName"=EXCLUDED."firstName", "lastName"=EXCLUDED."lastName", "dateOfBirth"=EXCLUDED."dateOfBirth", gender=EXCLUDED.gender, cpf=EXCLUDED.cpf, raca=EXCLUDED.raca, peso=EXCLUDED.peso, "bloodType"=EXCLUDED."bloodType", allergies=EXCLUDED.allergies, "medicalConditions"=EXCLUDED."medicalConditions", "usoImagem"=EXCLUDED."usoImagem", laudado=EXCLUDED.laudado, nis=EXCLUDED.nis, "codigoAluno"=EXCLUDED."codigoAluno", inscricao=EXCLUDED.inscricao, "nomeMae"=EXCLUDED."nomeMae", "nomePai"=EXCLUDED."nomePai", "celPai"=EXCLUDED."celPai", nacionalidade=EXCLUDED.nacionalidade, naturalidade=EXCLUDED.naturalidade, "ufNascimento"=EXCLUDED."ufNascimento", endereco=EXCLUDED.endereco, cep=EXCLUDED.cep, "dadosResponsaveis"=EXCLUDED."dadosResponsaveis", "documentosMatricula"=EXCLUDED."documentosMatricula", "autorizadosRetirada"=EXCLUDED."autorizadosRetirada", "transporteEscolar"=EXCLUDED."transporteEscolar", "fichaAdministrativa"=EXCLUDED."fichaAdministrativa", "isActive"=TRUE, "updatedAt"=NOW();
  INSERT INTO "Enrollment" (id,"childId","classroomId","enrollmentDate",status,"createdAt","updatedAt")
  VALUES ('seed_enr_' || 'seed_pelicano_child_1249423_maria_helena_ramos_costa_seed_pelicano_class_pel_maternal_2_shirlene', 'seed_pelicano_child_1249423_maria_helena_ramos_costa', 'seed_pelicano_class_pel_maternal_2_shirlene', '2026-02-01 12:00:00', 'ATIVA'::"EnrollmentStatus", NOW(), NOW())
  ON CONFLICT ("childId","classroomId") DO UPDATE SET status=EXCLUDED.status, "updatedAt"=NOW();
  -- Aluno: MARIA JULIA DA COSTA SILVA
  INSERT INTO "Child" (id,"mantenedoraId","unitId","firstName","lastName","dateOfBirth",gender,cpf,raca,peso,"bloodType",allergies,"medicalConditions","usoImagem",laudado,nis,"codigoAluno",inscricao,"nomeMae","nomePai","celPai",nacionalidade,naturalidade,"ufNascimento",endereco,cep,"dadosResponsaveis","documentosMatricula","autorizadosRetirada","transporteEscolar","fichaAdministrativa","isActive","createdAt","updatedAt")
  VALUES ('seed_pelicano_child_241488_maria_julia_da_costa_silva',v_mantenedora_id,v_unit_id,'Maria','Julia Da Costa Silva','2022-05-31 12:00:00','FEMININO'::"Gender",'116.106.311-02','PARDA',NULL,NULL,NULL,NULL,NULL,NULL,NULL,NULL,'241488',NULL,NULL,NULL,'BRASIL','Brasilia','DF',NULL,'07266900','{"mae": {"nome": null, "cpf": null, "telefone": null}, "pai": {"nome": null, "cpf": null, "telefone": null}, "responsavelPrincipal": {"nome": null, "cpf": null, "parentesco": null, "identidade": null, "orgaoExpedidor": null, "telefone": null}, "enderecoResponsavel": null, "cepResponsavel": null, "escolaridade": null, "profissao": null, "numeroDependentes": null, "numeroPessoasCasa": null}'::jsonb,'{"codigoAluno": null, "inscricao": "241488", "censo": null, "beneficio": null, "nis": null, "pisResponsavel": null, "cpfOriginalAluno": "116.106.311-02", "cpfPersistidoNoCampoCpf": "116.106.311-02", "cpfDuplicadoNaPlanilha": false, "serie2024": null, "origemLinhaPlanilha": 159}'::jsonb,'[]'::jsonb,'{"usaTransporteEscolar": null, "nomeTransporte": null}'::jsonb,'{"turmaPlanilha": "Maternal 2", "professoraPlanilha": "Sabrina", "fonte": "DADOS PARA PLATAFORMA PEDAGÓGICA (1) (1).xlsx / Planilha1", "linhaPlanilha": 159, "raw": {"INSCRIÇÃO": "241488", "NOME": "MARIA JULIA DA COSTA SILVA", "SEXO": "F", "NASC": "2022-05-31T00:00:00", "NACIONALIDADE": "BRASIL", "NATURALIDADE": "Brasilia", "UF": "DF", "CPF": "11610631102", "RAÇA": "PARDA", "CEP": "7266900", "TURMA": "Maternal 2", "PROFESSORA": "Sabrina"}}'::jsonb,TRUE,NOW(),NOW())
  ON CONFLICT (id) DO UPDATE SET "unitId"=v_unit_id, "firstName"=EXCLUDED."firstName", "lastName"=EXCLUDED."lastName", "dateOfBirth"=EXCLUDED."dateOfBirth", gender=EXCLUDED.gender, cpf=EXCLUDED.cpf, raca=EXCLUDED.raca, peso=EXCLUDED.peso, "bloodType"=EXCLUDED."bloodType", allergies=EXCLUDED.allergies, "medicalConditions"=EXCLUDED."medicalConditions", "usoImagem"=EXCLUDED."usoImagem", laudado=EXCLUDED.laudado, nis=EXCLUDED.nis, "codigoAluno"=EXCLUDED."codigoAluno", inscricao=EXCLUDED.inscricao, "nomeMae"=EXCLUDED."nomeMae", "nomePai"=EXCLUDED."nomePai", "celPai"=EXCLUDED."celPai", nacionalidade=EXCLUDED.nacionalidade, naturalidade=EXCLUDED.naturalidade, "ufNascimento"=EXCLUDED."ufNascimento", endereco=EXCLUDED.endereco, cep=EXCLUDED.cep, "dadosResponsaveis"=EXCLUDED."dadosResponsaveis", "documentosMatricula"=EXCLUDED."documentosMatricula", "autorizadosRetirada"=EXCLUDED."autorizadosRetirada", "transporteEscolar"=EXCLUDED."transporteEscolar", "fichaAdministrativa"=EXCLUDED."fichaAdministrativa", "isActive"=TRUE, "updatedAt"=NOW();
  INSERT INTO "Enrollment" (id,"childId","classroomId","enrollmentDate",status,"createdAt","updatedAt")
  VALUES ('seed_enr_' || 'seed_pelicano_child_241488_maria_julia_da_costa_silva_seed_pelicano_class_pel_maternal_2_sabrina', 'seed_pelicano_child_241488_maria_julia_da_costa_silva', 'seed_pelicano_class_pel_maternal_2_sabrina', '2026-02-01 12:00:00', 'ATIVA'::"EnrollmentStatus", NOW(), NOW())
  ON CONFLICT ("childId","classroomId") DO UPDATE SET status=EXCLUDED.status, "updatedAt"=NOW();
  -- Aluno: MARIA LIZ SOUSA DOS SANTOS
  INSERT INTO "Child" (id,"mantenedoraId","unitId","firstName","lastName","dateOfBirth",gender,cpf,raca,peso,"bloodType",allergies,"medicalConditions","usoImagem",laudado,nis,"codigoAluno",inscricao,"nomeMae","nomePai","celPai",nacionalidade,naturalidade,"ufNascimento",endereco,cep,"dadosResponsaveis","documentosMatricula","autorizadosRetirada","transporteEscolar","fichaAdministrativa","isActive","createdAt","updatedAt")
  VALUES ('seed_pelicano_child_241882_maria_liz_sousa_dos_santos',v_mantenedora_id,v_unit_id,'Maria','Liz Sousa Dos Santos','2022-12-07 12:00:00','FEMININO'::"Gender",'117.928.731-23','PARDA',NULL,NULL,NULL,NULL,NULL,NULL,NULL,NULL,'241882',NULL,NULL,NULL,'BRASIL','Brasilia','DF',NULL,'07266900','{"mae": {"nome": null, "cpf": null, "telefone": null}, "pai": {"nome": null, "cpf": null, "telefone": null}, "responsavelPrincipal": {"nome": null, "cpf": null, "parentesco": null, "identidade": null, "orgaoExpedidor": null, "telefone": null}, "enderecoResponsavel": null, "cepResponsavel": null, "escolaridade": null, "profissao": null, "numeroDependentes": null, "numeroPessoasCasa": null}'::jsonb,'{"codigoAluno": null, "inscricao": "241882", "censo": null, "beneficio": null, "nis": null, "pisResponsavel": null, "cpfOriginalAluno": "117.928.731-23", "cpfPersistidoNoCampoCpf": "117.928.731-23", "cpfDuplicadoNaPlanilha": false, "serie2024": null, "origemLinhaPlanilha": 160}'::jsonb,'[]'::jsonb,'{"usaTransporteEscolar": null, "nomeTransporte": null}'::jsonb,'{"turmaPlanilha": "Maternal 2", "professoraPlanilha": "Miriam", "fonte": "DADOS PARA PLATAFORMA PEDAGÓGICA (1) (1).xlsx / Planilha1", "linhaPlanilha": 160, "raw": {"INSCRIÇÃO": "241882", "NOME": "MARIA LIZ SOUSA DOS SANTOS", "SEXO": "F", "NASC": "2022-12-07T00:00:00", "NACIONALIDADE": "BRASIL", "NATURALIDADE": "Brasilia", "UF": "DF", "CPF": "11792873123", "RAÇA": "PARDA", "CEP": "7266900", "TURMA": "Maternal 2", "PROFESSORA": "Miriam"}}'::jsonb,TRUE,NOW(),NOW())
  ON CONFLICT (id) DO UPDATE SET "unitId"=v_unit_id, "firstName"=EXCLUDED."firstName", "lastName"=EXCLUDED."lastName", "dateOfBirth"=EXCLUDED."dateOfBirth", gender=EXCLUDED.gender, cpf=EXCLUDED.cpf, raca=EXCLUDED.raca, peso=EXCLUDED.peso, "bloodType"=EXCLUDED."bloodType", allergies=EXCLUDED.allergies, "medicalConditions"=EXCLUDED."medicalConditions", "usoImagem"=EXCLUDED."usoImagem", laudado=EXCLUDED.laudado, nis=EXCLUDED.nis, "codigoAluno"=EXCLUDED."codigoAluno", inscricao=EXCLUDED.inscricao, "nomeMae"=EXCLUDED."nomeMae", "nomePai"=EXCLUDED."nomePai", "celPai"=EXCLUDED."celPai", nacionalidade=EXCLUDED.nacionalidade, naturalidade=EXCLUDED.naturalidade, "ufNascimento"=EXCLUDED."ufNascimento", endereco=EXCLUDED.endereco, cep=EXCLUDED.cep, "dadosResponsaveis"=EXCLUDED."dadosResponsaveis", "documentosMatricula"=EXCLUDED."documentosMatricula", "autorizadosRetirada"=EXCLUDED."autorizadosRetirada", "transporteEscolar"=EXCLUDED."transporteEscolar", "fichaAdministrativa"=EXCLUDED."fichaAdministrativa", "isActive"=TRUE, "updatedAt"=NOW();
  INSERT INTO "Enrollment" (id,"childId","classroomId","enrollmentDate",status,"createdAt","updatedAt")
  VALUES ('seed_enr_' || 'seed_pelicano_child_241882_maria_liz_sousa_dos_santos_seed_pelicano_class_pel_maternal_2_miriam', 'seed_pelicano_child_241882_maria_liz_sousa_dos_santos', 'seed_pelicano_class_pel_maternal_2_miriam', '2026-02-01 12:00:00', 'ATIVA'::"EnrollmentStatus", NOW(), NOW())
  ON CONFLICT ("childId","classroomId") DO UPDATE SET status=EXCLUDED.status, "updatedAt"=NOW();
  -- Aluno: MARIA LUISA CORREA PEREIRA
  INSERT INTO "Child" (id,"mantenedoraId","unitId","firstName","lastName","dateOfBirth",gender,cpf,raca,peso,"bloodType",allergies,"medicalConditions","usoImagem",laudado,nis,"codigoAluno",inscricao,"nomeMae","nomePai","celPai",nacionalidade,naturalidade,"ufNascimento",endereco,cep,"dadosResponsaveis","documentosMatricula","autorizadosRetirada","transporteEscolar","fichaAdministrativa","isActive","createdAt","updatedAt")
  VALUES ('seed_pelicano_child_222998_maria_luisa_correa_pereira',v_mantenedora_id,v_unit_id,'Maria','Luisa Correa Pereira','2023-01-27 12:00:00','FEMININO'::"Gender",'118.472.411-31','PARDA',NULL,NULL,NULL,NULL,NULL,NULL,NULL,NULL,'222998',NULL,NULL,NULL,'BRASIL','Brasilia','DF',NULL,'07266900','{"mae": {"nome": null, "cpf": null, "telefone": null}, "pai": {"nome": null, "cpf": null, "telefone": null}, "responsavelPrincipal": {"nome": null, "cpf": null, "parentesco": null, "identidade": null, "orgaoExpedidor": null, "telefone": null}, "enderecoResponsavel": null, "cepResponsavel": null, "escolaridade": null, "profissao": null, "numeroDependentes": null, "numeroPessoasCasa": null}'::jsonb,'{"codigoAluno": null, "inscricao": "222998", "censo": null, "beneficio": null, "nis": null, "pisResponsavel": null, "cpfOriginalAluno": "118.472.411-31", "cpfPersistidoNoCampoCpf": "118.472.411-31", "cpfDuplicadoNaPlanilha": false, "serie2024": null, "origemLinhaPlanilha": 161}'::jsonb,'[]'::jsonb,'{"usaTransporteEscolar": null, "nomeTransporte": null}'::jsonb,'{"turmaPlanilha": "Maternal 2", "professoraPlanilha": "Ada", "fonte": "DADOS PARA PLATAFORMA PEDAGÓGICA (1) (1).xlsx / Planilha1", "linhaPlanilha": 161, "raw": {"INSCRIÇÃO": "222998", "NOME": "MARIA LUISA CORREA PEREIRA", "SEXO": "F", "NASC": "2023-01-27T00:00:00", "NACIONALIDADE": "BRASIL", "NATURALIDADE": "Brasilia", "UF": "DF", "CPF": "11847241131", "RAÇA": "PARDA", "CEP": "7266900", "TURMA": "Maternal 2", "PROFESSORA": "Ada"}}'::jsonb,TRUE,NOW(),NOW())
  ON CONFLICT (id) DO UPDATE SET "unitId"=v_unit_id, "firstName"=EXCLUDED."firstName", "lastName"=EXCLUDED."lastName", "dateOfBirth"=EXCLUDED."dateOfBirth", gender=EXCLUDED.gender, cpf=EXCLUDED.cpf, raca=EXCLUDED.raca, peso=EXCLUDED.peso, "bloodType"=EXCLUDED."bloodType", allergies=EXCLUDED.allergies, "medicalConditions"=EXCLUDED."medicalConditions", "usoImagem"=EXCLUDED."usoImagem", laudado=EXCLUDED.laudado, nis=EXCLUDED.nis, "codigoAluno"=EXCLUDED."codigoAluno", inscricao=EXCLUDED.inscricao, "nomeMae"=EXCLUDED."nomeMae", "nomePai"=EXCLUDED."nomePai", "celPai"=EXCLUDED."celPai", nacionalidade=EXCLUDED.nacionalidade, naturalidade=EXCLUDED.naturalidade, "ufNascimento"=EXCLUDED."ufNascimento", endereco=EXCLUDED.endereco, cep=EXCLUDED.cep, "dadosResponsaveis"=EXCLUDED."dadosResponsaveis", "documentosMatricula"=EXCLUDED."documentosMatricula", "autorizadosRetirada"=EXCLUDED."autorizadosRetirada", "transporteEscolar"=EXCLUDED."transporteEscolar", "fichaAdministrativa"=EXCLUDED."fichaAdministrativa", "isActive"=TRUE, "updatedAt"=NOW();
  INSERT INTO "Enrollment" (id,"childId","classroomId","enrollmentDate",status,"createdAt","updatedAt")
  VALUES ('seed_enr_' || 'seed_pelicano_child_222998_maria_luisa_correa_pereira_seed_pelicano_class_pel_maternal_2_ada', 'seed_pelicano_child_222998_maria_luisa_correa_pereira', 'seed_pelicano_class_pel_maternal_2_ada', '2026-02-01 12:00:00', 'ATIVA'::"EnrollmentStatus", NOW(), NOW())
  ON CONFLICT ("childId","classroomId") DO UPDATE SET status=EXCLUDED.status, "updatedAt"=NOW();
  -- Aluno: MARIANA AGATA ALVES SOUZA
  INSERT INTO "Child" (id,"mantenedoraId","unitId","firstName","lastName","dateOfBirth",gender,cpf,raca,peso,"bloodType",allergies,"medicalConditions","usoImagem",laudado,nis,"codigoAluno",inscricao,"nomeMae","nomePai","celPai",nacionalidade,naturalidade,"ufNascimento",endereco,cep,"dadosResponsaveis","documentosMatricula","autorizadosRetirada","transporteEscolar","fichaAdministrativa","isActive","createdAt","updatedAt")
  VALUES ('seed_pelicano_child_238433_mariana_agata_alves_souza',v_mantenedora_id,v_unit_id,'Mariana','Agata Alves Souza','2023-02-10 12:00:00','FEMININO'::"Gender",'118.638.281-33','PARDA',NULL,NULL,NULL,NULL,NULL,NULL,NULL,NULL,'238433',NULL,'Marcos dos Santos',NULL,'BRASIL','Brasilia','DF',NULL,'07266900','{"mae": {"nome": null, "cpf": null, "telefone": null}, "pai": {"nome": "Marcos dos Santos", "cpf": null, "telefone": null}, "responsavelPrincipal": {"nome": "Marcos dos Santos", "cpf": null, "parentesco": null, "identidade": null, "orgaoExpedidor": null, "telefone": null}, "enderecoResponsavel": null, "cepResponsavel": null, "escolaridade": null, "profissao": null, "numeroDependentes": null, "numeroPessoasCasa": null}'::jsonb,'{"codigoAluno": null, "inscricao": "238433", "censo": null, "beneficio": null, "nis": null, "pisResponsavel": null, "cpfOriginalAluno": "118.638.281-33", "cpfPersistidoNoCampoCpf": "118.638.281-33", "cpfDuplicadoNaPlanilha": false, "serie2024": null, "origemLinhaPlanilha": 162}'::jsonb,'[]'::jsonb,'{"usaTransporteEscolar": null, "nomeTransporte": null}'::jsonb,'{"turmaPlanilha": "Maternal 2", "professoraPlanilha": "Shirlene", "fonte": "DADOS PARA PLATAFORMA PEDAGÓGICA (1) (1).xlsx / Planilha1", "linhaPlanilha": 162, "raw": {"INSCRIÇÃO": "238433", "NOME": "MARIANA AGATA ALVES SOUZA", "SEXO": "F", "NASC": "2023-02-10T00:00:00", "NACIONALIDADE": "BRASIL", "NATURALIDADE": "Brasilia", "UF": "DF", "CPF": "11863828133", "RAÇA": "PARDA", "CEP": "7266900", "TURMA": "Maternal 2", "PROFESSORA": "Shirlene", "PAI": "Marcos dos Santos"}}'::jsonb,TRUE,NOW(),NOW())
  ON CONFLICT (id) DO UPDATE SET "unitId"=v_unit_id, "firstName"=EXCLUDED."firstName", "lastName"=EXCLUDED."lastName", "dateOfBirth"=EXCLUDED."dateOfBirth", gender=EXCLUDED.gender, cpf=EXCLUDED.cpf, raca=EXCLUDED.raca, peso=EXCLUDED.peso, "bloodType"=EXCLUDED."bloodType", allergies=EXCLUDED.allergies, "medicalConditions"=EXCLUDED."medicalConditions", "usoImagem"=EXCLUDED."usoImagem", laudado=EXCLUDED.laudado, nis=EXCLUDED.nis, "codigoAluno"=EXCLUDED."codigoAluno", inscricao=EXCLUDED.inscricao, "nomeMae"=EXCLUDED."nomeMae", "nomePai"=EXCLUDED."nomePai", "celPai"=EXCLUDED."celPai", nacionalidade=EXCLUDED.nacionalidade, naturalidade=EXCLUDED.naturalidade, "ufNascimento"=EXCLUDED."ufNascimento", endereco=EXCLUDED.endereco, cep=EXCLUDED.cep, "dadosResponsaveis"=EXCLUDED."dadosResponsaveis", "documentosMatricula"=EXCLUDED."documentosMatricula", "autorizadosRetirada"=EXCLUDED."autorizadosRetirada", "transporteEscolar"=EXCLUDED."transporteEscolar", "fichaAdministrativa"=EXCLUDED."fichaAdministrativa", "isActive"=TRUE, "updatedAt"=NOW();
  INSERT INTO "Enrollment" (id,"childId","classroomId","enrollmentDate",status,"createdAt","updatedAt")
  VALUES ('seed_enr_' || 'seed_pelicano_child_238433_mariana_agata_alves_souza_seed_pelicano_class_pel_maternal_2_shirlene', 'seed_pelicano_child_238433_mariana_agata_alves_souza', 'seed_pelicano_class_pel_maternal_2_shirlene', '2026-02-01 12:00:00', 'ATIVA'::"EnrollmentStatus", NOW(), NOW())
  ON CONFLICT ("childId","classroomId") DO UPDATE SET status=EXCLUDED.status, "updatedAt"=NOW();
  -- Aluno: MAYA LOISE ABRANTES PINHEIRO
  INSERT INTO "Child" (id,"mantenedoraId","unitId","firstName","lastName","dateOfBirth",gender,cpf,raca,peso,"bloodType",allergies,"medicalConditions","usoImagem",laudado,nis,"codigoAluno",inscricao,"nomeMae","nomePai","celPai",nacionalidade,naturalidade,"ufNascimento",endereco,cep,"dadosResponsaveis","documentosMatricula","autorizadosRetirada","transporteEscolar","fichaAdministrativa","isActive","createdAt","updatedAt")
  VALUES ('seed_pelicano_child_195633_maya_loise_abrantes_pinheiro',v_mantenedora_id,v_unit_id,'Maya','Loise Abrantes Pinheiro','2022-04-20 12:00:00','FEMININO'::"Gender",'115.655.461-64','PARDA',NULL,NULL,NULL,NULL,NULL,NULL,NULL,NULL,'195633',NULL,NULL,NULL,'BRASIL','Brasilia','DF',NULL,'07266900','{"mae": {"nome": null, "cpf": null, "telefone": null}, "pai": {"nome": null, "cpf": null, "telefone": null}, "responsavelPrincipal": {"nome": null, "cpf": null, "parentesco": null, "identidade": null, "orgaoExpedidor": null, "telefone": null}, "enderecoResponsavel": null, "cepResponsavel": null, "escolaridade": null, "profissao": null, "numeroDependentes": null, "numeroPessoasCasa": null}'::jsonb,'{"codigoAluno": null, "inscricao": "195633", "censo": null, "beneficio": null, "nis": null, "pisResponsavel": null, "cpfOriginalAluno": "115.655.461-64", "cpfPersistidoNoCampoCpf": "115.655.461-64", "cpfDuplicadoNaPlanilha": false, "serie2024": null, "origemLinhaPlanilha": 163}'::jsonb,'[]'::jsonb,'{"usaTransporteEscolar": null, "nomeTransporte": null}'::jsonb,'{"turmaPlanilha": "Maternal 2", "professoraPlanilha": "Ada", "fonte": "DADOS PARA PLATAFORMA PEDAGÓGICA (1) (1).xlsx / Planilha1", "linhaPlanilha": 163, "raw": {"INSCRIÇÃO": "195633", "NOME": "MAYA LOISE ABRANTES PINHEIRO", "SEXO": "F", "NASC": "2022-04-20T00:00:00", "NACIONALIDADE": "BRASIL", "NATURALIDADE": "Brasilia", "UF": "DF", "CPF": "11565546164", "RAÇA": "PARDA", "CEP": "7266900", "TURMA": "Maternal 2", "PROFESSORA": "Ada"}}'::jsonb,TRUE,NOW(),NOW())
  ON CONFLICT (id) DO UPDATE SET "unitId"=v_unit_id, "firstName"=EXCLUDED."firstName", "lastName"=EXCLUDED."lastName", "dateOfBirth"=EXCLUDED."dateOfBirth", gender=EXCLUDED.gender, cpf=EXCLUDED.cpf, raca=EXCLUDED.raca, peso=EXCLUDED.peso, "bloodType"=EXCLUDED."bloodType", allergies=EXCLUDED.allergies, "medicalConditions"=EXCLUDED."medicalConditions", "usoImagem"=EXCLUDED."usoImagem", laudado=EXCLUDED.laudado, nis=EXCLUDED.nis, "codigoAluno"=EXCLUDED."codigoAluno", inscricao=EXCLUDED.inscricao, "nomeMae"=EXCLUDED."nomeMae", "nomePai"=EXCLUDED."nomePai", "celPai"=EXCLUDED."celPai", nacionalidade=EXCLUDED.nacionalidade, naturalidade=EXCLUDED.naturalidade, "ufNascimento"=EXCLUDED."ufNascimento", endereco=EXCLUDED.endereco, cep=EXCLUDED.cep, "dadosResponsaveis"=EXCLUDED."dadosResponsaveis", "documentosMatricula"=EXCLUDED."documentosMatricula", "autorizadosRetirada"=EXCLUDED."autorizadosRetirada", "transporteEscolar"=EXCLUDED."transporteEscolar", "fichaAdministrativa"=EXCLUDED."fichaAdministrativa", "isActive"=TRUE, "updatedAt"=NOW();
  INSERT INTO "Enrollment" (id,"childId","classroomId","enrollmentDate",status,"createdAt","updatedAt")
  VALUES ('seed_enr_' || 'seed_pelicano_child_195633_maya_loise_abrantes_pinheiro_seed_pelicano_class_pel_maternal_2_ada', 'seed_pelicano_child_195633_maya_loise_abrantes_pinheiro', 'seed_pelicano_class_pel_maternal_2_ada', '2026-02-01 12:00:00', 'ATIVA'::"EnrollmentStatus", NOW(), NOW())
  ON CONFLICT ("childId","classroomId") DO UPDATE SET status=EXCLUDED.status, "updatedAt"=NOW();
  -- Aluno: MELYNDA ACUCENA SOUSA PEREIRA
  INSERT INTO "Child" (id,"mantenedoraId","unitId","firstName","lastName","dateOfBirth",gender,cpf,raca,peso,"bloodType",allergies,"medicalConditions","usoImagem",laudado,nis,"codigoAluno",inscricao,"nomeMae","nomePai","celPai",nacionalidade,naturalidade,"ufNascimento",endereco,cep,"dadosResponsaveis","documentosMatricula","autorizadosRetirada","transporteEscolar","fichaAdministrativa","isActive","createdAt","updatedAt")
  VALUES ('seed_pelicano_child_230537_melynda_acucena_sousa_pereira',v_mantenedora_id,v_unit_id,'Melynda','Acucena Sousa Pereira','2022-07-30 12:00:00','FEMININO'::"Gender",'116.688.561-58','PARDA',NULL,NULL,NULL,NULL,NULL,NULL,NULL,NULL,'230537',NULL,'David',NULL,'BRASIL','Brasilia','DF',NULL,'07266900','{"mae": {"nome": null, "cpf": null, "telefone": null}, "pai": {"nome": "David", "cpf": null, "telefone": null}, "responsavelPrincipal": {"nome": "David", "cpf": null, "parentesco": null, "identidade": null, "orgaoExpedidor": null, "telefone": null}, "enderecoResponsavel": null, "cepResponsavel": null, "escolaridade": null, "profissao": null, "numeroDependentes": null, "numeroPessoasCasa": null}'::jsonb,'{"codigoAluno": null, "inscricao": "230537", "censo": null, "beneficio": null, "nis": null, "pisResponsavel": null, "cpfOriginalAluno": "116.688.561-58", "cpfPersistidoNoCampoCpf": "116.688.561-58", "cpfDuplicadoNaPlanilha": false, "serie2024": null, "origemLinhaPlanilha": 164}'::jsonb,'[]'::jsonb,'{"usaTransporteEscolar": null, "nomeTransporte": null}'::jsonb,'{"turmaPlanilha": "Maternal 2", "professoraPlanilha": "Shirlene", "fonte": "DADOS PARA PLATAFORMA PEDAGÓGICA (1) (1).xlsx / Planilha1", "linhaPlanilha": 164, "raw": {"INSCRIÇÃO": "230537", "NOME": "MELYNDA ACUCENA SOUSA PEREIRA", "SEXO": "F", "NASC": "2022-07-30T00:00:00", "NACIONALIDADE": "BRASIL", "NATURALIDADE": "Brasilia", "UF": "DF", "CPF": "11668856158", "RAÇA": "PARDA", "CEP": "7266900", "TURMA": "Maternal 2", "PROFESSORA": "Shirlene", "PAI": "David"}}'::jsonb,TRUE,NOW(),NOW())
  ON CONFLICT (id) DO UPDATE SET "unitId"=v_unit_id, "firstName"=EXCLUDED."firstName", "lastName"=EXCLUDED."lastName", "dateOfBirth"=EXCLUDED."dateOfBirth", gender=EXCLUDED.gender, cpf=EXCLUDED.cpf, raca=EXCLUDED.raca, peso=EXCLUDED.peso, "bloodType"=EXCLUDED."bloodType", allergies=EXCLUDED.allergies, "medicalConditions"=EXCLUDED."medicalConditions", "usoImagem"=EXCLUDED."usoImagem", laudado=EXCLUDED.laudado, nis=EXCLUDED.nis, "codigoAluno"=EXCLUDED."codigoAluno", inscricao=EXCLUDED.inscricao, "nomeMae"=EXCLUDED."nomeMae", "nomePai"=EXCLUDED."nomePai", "celPai"=EXCLUDED."celPai", nacionalidade=EXCLUDED.nacionalidade, naturalidade=EXCLUDED.naturalidade, "ufNascimento"=EXCLUDED."ufNascimento", endereco=EXCLUDED.endereco, cep=EXCLUDED.cep, "dadosResponsaveis"=EXCLUDED."dadosResponsaveis", "documentosMatricula"=EXCLUDED."documentosMatricula", "autorizadosRetirada"=EXCLUDED."autorizadosRetirada", "transporteEscolar"=EXCLUDED."transporteEscolar", "fichaAdministrativa"=EXCLUDED."fichaAdministrativa", "isActive"=TRUE, "updatedAt"=NOW();
  INSERT INTO "Enrollment" (id,"childId","classroomId","enrollmentDate",status,"createdAt","updatedAt")
  VALUES ('seed_enr_' || 'seed_pelicano_child_230537_melynda_acucena_sousa_pereira_seed_pelicano_class_pel_maternal_2_shirlene', 'seed_pelicano_child_230537_melynda_acucena_sousa_pereira', 'seed_pelicano_class_pel_maternal_2_shirlene', '2026-02-01 12:00:00', 'ATIVA'::"EnrollmentStatus", NOW(), NOW())
  ON CONFLICT ("childId","classroomId") DO UPDATE SET status=EXCLUDED.status, "updatedAt"=NOW();
  -- Aluno: NICOLAS FARIAS DE SOUSA
  INSERT INTO "Child" (id,"mantenedoraId","unitId","firstName","lastName","dateOfBirth",gender,cpf,raca,peso,"bloodType",allergies,"medicalConditions","usoImagem",laudado,nis,"codigoAluno",inscricao,"nomeMae","nomePai","celPai",nacionalidade,naturalidade,"ufNascimento",endereco,cep,"dadosResponsaveis","documentosMatricula","autorizadosRetirada","transporteEscolar","fichaAdministrativa","isActive","createdAt","updatedAt")
  VALUES ('seed_pelicano_child_233353_nicolas_farias_de_sousa',v_mantenedora_id,v_unit_id,'Nicolas','Farias De Sousa','2022-10-25 12:00:00','MASCULINO'::"Gender",'117.506.721-03','PARDA',NULL,NULL,NULL,NULL,NULL,NULL,NULL,NULL,'233353',NULL,'Jaaziel',NULL,'BRASIL','Brasilia','DF',NULL,'07266900','{"mae": {"nome": null, "cpf": null, "telefone": null}, "pai": {"nome": "Jaaziel", "cpf": null, "telefone": null}, "responsavelPrincipal": {"nome": "Jaaziel", "cpf": null, "parentesco": null, "identidade": null, "orgaoExpedidor": null, "telefone": null}, "enderecoResponsavel": null, "cepResponsavel": null, "escolaridade": null, "profissao": null, "numeroDependentes": null, "numeroPessoasCasa": null}'::jsonb,'{"codigoAluno": null, "inscricao": "233353", "censo": null, "beneficio": null, "nis": null, "pisResponsavel": null, "cpfOriginalAluno": "117.506.721-03", "cpfPersistidoNoCampoCpf": "117.506.721-03", "cpfDuplicadoNaPlanilha": false, "serie2024": null, "origemLinhaPlanilha": 165}'::jsonb,'[]'::jsonb,'{"usaTransporteEscolar": null, "nomeTransporte": null}'::jsonb,'{"turmaPlanilha": "Maternal 2", "professoraPlanilha": "Salete", "fonte": "DADOS PARA PLATAFORMA PEDAGÓGICA (1) (1).xlsx / Planilha1", "linhaPlanilha": 165, "raw": {"INSCRIÇÃO": "233353", "NOME": "NICOLAS FARIAS DE SOUSA", "SEXO": "M", "NASC": "2022-10-25T00:00:00", "NACIONALIDADE": "BRASIL", "NATURALIDADE": "Brasilia", "UF": "DF", "CPF": "11750672103", "RAÇA": "PARDA", "CEP": "7266900", "TURMA": "Maternal 2", "PROFESSORA": "Salete", "PAI": "Jaaziel"}}'::jsonb,TRUE,NOW(),NOW())
  ON CONFLICT (id) DO UPDATE SET "unitId"=v_unit_id, "firstName"=EXCLUDED."firstName", "lastName"=EXCLUDED."lastName", "dateOfBirth"=EXCLUDED."dateOfBirth", gender=EXCLUDED.gender, cpf=EXCLUDED.cpf, raca=EXCLUDED.raca, peso=EXCLUDED.peso, "bloodType"=EXCLUDED."bloodType", allergies=EXCLUDED.allergies, "medicalConditions"=EXCLUDED."medicalConditions", "usoImagem"=EXCLUDED."usoImagem", laudado=EXCLUDED.laudado, nis=EXCLUDED.nis, "codigoAluno"=EXCLUDED."codigoAluno", inscricao=EXCLUDED.inscricao, "nomeMae"=EXCLUDED."nomeMae", "nomePai"=EXCLUDED."nomePai", "celPai"=EXCLUDED."celPai", nacionalidade=EXCLUDED.nacionalidade, naturalidade=EXCLUDED.naturalidade, "ufNascimento"=EXCLUDED."ufNascimento", endereco=EXCLUDED.endereco, cep=EXCLUDED.cep, "dadosResponsaveis"=EXCLUDED."dadosResponsaveis", "documentosMatricula"=EXCLUDED."documentosMatricula", "autorizadosRetirada"=EXCLUDED."autorizadosRetirada", "transporteEscolar"=EXCLUDED."transporteEscolar", "fichaAdministrativa"=EXCLUDED."fichaAdministrativa", "isActive"=TRUE, "updatedAt"=NOW();
  INSERT INTO "Enrollment" (id,"childId","classroomId","enrollmentDate",status,"createdAt","updatedAt")
  VALUES ('seed_enr_' || 'seed_pelicano_child_233353_nicolas_farias_de_sousa_seed_pelicano_class_pel_maternal_2_salete', 'seed_pelicano_child_233353_nicolas_farias_de_sousa', 'seed_pelicano_class_pel_maternal_2_salete', '2026-02-01 12:00:00', 'ATIVA'::"EnrollmentStatus", NOW(), NOW())
  ON CONFLICT ("childId","classroomId") DO UPDATE SET status=EXCLUDED.status, "updatedAt"=NOW();
  -- Aluno: NOAH TEIXEIRA BOMFIM
  INSERT INTO "Child" (id,"mantenedoraId","unitId","firstName","lastName","dateOfBirth",gender,cpf,raca,peso,"bloodType",allergies,"medicalConditions","usoImagem",laudado,nis,"codigoAluno",inscricao,"nomeMae","nomePai","celPai",nacionalidade,naturalidade,"ufNascimento",endereco,cep,"dadosResponsaveis","documentosMatricula","autorizadosRetirada","transporteEscolar","fichaAdministrativa","isActive","createdAt","updatedAt")
  VALUES ('seed_pelicano_child_242129_noah_teixeira_bomfim',v_mantenedora_id,v_unit_id,'Noah','Teixeira Bomfim','2023-02-04 12:00:00','MASCULINO'::"Gender",'118.572.731-09','PARDA',NULL,NULL,NULL,NULL,NULL,NULL,NULL,NULL,'242129',NULL,NULL,NULL,'BRASIL','Brasilia','DF',NULL,'07266900','{"mae": {"nome": null, "cpf": null, "telefone": null}, "pai": {"nome": null, "cpf": null, "telefone": null}, "responsavelPrincipal": {"nome": null, "cpf": null, "parentesco": null, "identidade": null, "orgaoExpedidor": null, "telefone": null}, "enderecoResponsavel": null, "cepResponsavel": null, "escolaridade": null, "profissao": null, "numeroDependentes": null, "numeroPessoasCasa": null}'::jsonb,'{"codigoAluno": null, "inscricao": "242129", "censo": null, "beneficio": null, "nis": null, "pisResponsavel": null, "cpfOriginalAluno": "118.572.731-09", "cpfPersistidoNoCampoCpf": "118.572.731-09", "cpfDuplicadoNaPlanilha": false, "serie2024": null, "origemLinhaPlanilha": 166}'::jsonb,'[]'::jsonb,'{"usaTransporteEscolar": null, "nomeTransporte": null}'::jsonb,'{"turmaPlanilha": "Maternal 2", "professoraPlanilha": "Ada", "fonte": "DADOS PARA PLATAFORMA PEDAGÓGICA (1) (1).xlsx / Planilha1", "linhaPlanilha": 166, "raw": {"INSCRIÇÃO": "242129", "NOME": "NOAH TEIXEIRA BOMFIM", "SEXO": "M", "NASC": "2023-02-04T00:00:00", "NACIONALIDADE": "BRASIL", "NATURALIDADE": "Brasilia", "UF": "DF", "CPF": "11857273109", "RAÇA": "PARDA", "CEP": "7266900", "TURMA": "Maternal 2", "PROFESSORA": "Ada"}}'::jsonb,TRUE,NOW(),NOW())
  ON CONFLICT (id) DO UPDATE SET "unitId"=v_unit_id, "firstName"=EXCLUDED."firstName", "lastName"=EXCLUDED."lastName", "dateOfBirth"=EXCLUDED."dateOfBirth", gender=EXCLUDED.gender, cpf=EXCLUDED.cpf, raca=EXCLUDED.raca, peso=EXCLUDED.peso, "bloodType"=EXCLUDED."bloodType", allergies=EXCLUDED.allergies, "medicalConditions"=EXCLUDED."medicalConditions", "usoImagem"=EXCLUDED."usoImagem", laudado=EXCLUDED.laudado, nis=EXCLUDED.nis, "codigoAluno"=EXCLUDED."codigoAluno", inscricao=EXCLUDED.inscricao, "nomeMae"=EXCLUDED."nomeMae", "nomePai"=EXCLUDED."nomePai", "celPai"=EXCLUDED."celPai", nacionalidade=EXCLUDED.nacionalidade, naturalidade=EXCLUDED.naturalidade, "ufNascimento"=EXCLUDED."ufNascimento", endereco=EXCLUDED.endereco, cep=EXCLUDED.cep, "dadosResponsaveis"=EXCLUDED."dadosResponsaveis", "documentosMatricula"=EXCLUDED."documentosMatricula", "autorizadosRetirada"=EXCLUDED."autorizadosRetirada", "transporteEscolar"=EXCLUDED."transporteEscolar", "fichaAdministrativa"=EXCLUDED."fichaAdministrativa", "isActive"=TRUE, "updatedAt"=NOW();
  INSERT INTO "Enrollment" (id,"childId","classroomId","enrollmentDate",status,"createdAt","updatedAt")
  VALUES ('seed_enr_' || 'seed_pelicano_child_242129_noah_teixeira_bomfim_seed_pelicano_class_pel_maternal_2_ada', 'seed_pelicano_child_242129_noah_teixeira_bomfim', 'seed_pelicano_class_pel_maternal_2_ada', '2026-02-01 12:00:00', 'ATIVA'::"EnrollmentStatus", NOW(), NOW())
  ON CONFLICT ("childId","classroomId") DO UPDATE SET status=EXCLUDED.status, "updatedAt"=NOW();
  -- Aluno: NOAH TEODORO SILVA CALASANS
  INSERT INTO "Child" (id,"mantenedoraId","unitId","firstName","lastName","dateOfBirth",gender,cpf,raca,peso,"bloodType",allergies,"medicalConditions","usoImagem",laudado,nis,"codigoAluno",inscricao,"nomeMae","nomePai","celPai",nacionalidade,naturalidade,"ufNascimento",endereco,cep,"dadosResponsaveis","documentosMatricula","autorizadosRetirada","transporteEscolar","fichaAdministrativa","isActive","createdAt","updatedAt")
  VALUES ('seed_pelicano_child_222497_noah_teodoro_silva_calasans',v_mantenedora_id,v_unit_id,'Noah','Teodoro Silva Calasans','2022-05-31 12:00:00','MASCULINO'::"Gender",'116.799.161-30','PARDA',NULL,NULL,NULL,NULL,NULL,NULL,NULL,NULL,'222497',NULL,NULL,NULL,'BRASIL','Brasilia','DF',NULL,'07266900','{"mae": {"nome": null, "cpf": null, "telefone": null}, "pai": {"nome": null, "cpf": null, "telefone": null}, "responsavelPrincipal": {"nome": null, "cpf": null, "parentesco": null, "identidade": null, "orgaoExpedidor": null, "telefone": null}, "enderecoResponsavel": null, "cepResponsavel": null, "escolaridade": null, "profissao": null, "numeroDependentes": null, "numeroPessoasCasa": null}'::jsonb,'{"codigoAluno": null, "inscricao": "222497", "censo": null, "beneficio": null, "nis": null, "pisResponsavel": null, "cpfOriginalAluno": "116.799.161-30", "cpfPersistidoNoCampoCpf": "116.799.161-30", "cpfDuplicadoNaPlanilha": false, "serie2024": null, "origemLinhaPlanilha": 167}'::jsonb,'[]'::jsonb,'{"usaTransporteEscolar": null, "nomeTransporte": null}'::jsonb,'{"turmaPlanilha": "Maternal 2", "professoraPlanilha": "Miriam", "fonte": "DADOS PARA PLATAFORMA PEDAGÓGICA (1) (1).xlsx / Planilha1", "linhaPlanilha": 167, "raw": {"INSCRIÇÃO": "222497", "NOME": "NOAH TEODORO SILVA CALASANS", "SEXO": "M", "NASC": "2022-05-31T00:00:00", "NACIONALIDADE": "BRASIL", "NATURALIDADE": "Brasilia", "UF": "DF", "CPF": "11679916130", "RAÇA": "PARDA", "CEP": "7266900", "TURMA": "Maternal 2", "PROFESSORA": "Miriam"}}'::jsonb,TRUE,NOW(),NOW())
  ON CONFLICT (id) DO UPDATE SET "unitId"=v_unit_id, "firstName"=EXCLUDED."firstName", "lastName"=EXCLUDED."lastName", "dateOfBirth"=EXCLUDED."dateOfBirth", gender=EXCLUDED.gender, cpf=EXCLUDED.cpf, raca=EXCLUDED.raca, peso=EXCLUDED.peso, "bloodType"=EXCLUDED."bloodType", allergies=EXCLUDED.allergies, "medicalConditions"=EXCLUDED."medicalConditions", "usoImagem"=EXCLUDED."usoImagem", laudado=EXCLUDED.laudado, nis=EXCLUDED.nis, "codigoAluno"=EXCLUDED."codigoAluno", inscricao=EXCLUDED.inscricao, "nomeMae"=EXCLUDED."nomeMae", "nomePai"=EXCLUDED."nomePai", "celPai"=EXCLUDED."celPai", nacionalidade=EXCLUDED.nacionalidade, naturalidade=EXCLUDED.naturalidade, "ufNascimento"=EXCLUDED."ufNascimento", endereco=EXCLUDED.endereco, cep=EXCLUDED.cep, "dadosResponsaveis"=EXCLUDED."dadosResponsaveis", "documentosMatricula"=EXCLUDED."documentosMatricula", "autorizadosRetirada"=EXCLUDED."autorizadosRetirada", "transporteEscolar"=EXCLUDED."transporteEscolar", "fichaAdministrativa"=EXCLUDED."fichaAdministrativa", "isActive"=TRUE, "updatedAt"=NOW();
  INSERT INTO "Enrollment" (id,"childId","classroomId","enrollmentDate",status,"createdAt","updatedAt")
  VALUES ('seed_enr_' || 'seed_pelicano_child_222497_noah_teodoro_silva_calasans_seed_pelicano_class_pel_maternal_2_miriam', 'seed_pelicano_child_222497_noah_teodoro_silva_calasans', 'seed_pelicano_class_pel_maternal_2_miriam', '2026-02-01 12:00:00', 'ATIVA'::"EnrollmentStatus", NOW(), NOW())
  ON CONFLICT ("childId","classroomId") DO UPDATE SET status=EXCLUDED.status, "updatedAt"=NOW();
  -- Aluno: PEDRO HENRIQUE DA ROCHA SANTOS
  INSERT INTO "Child" (id,"mantenedoraId","unitId","firstName","lastName","dateOfBirth",gender,cpf,raca,peso,"bloodType",allergies,"medicalConditions","usoImagem",laudado,nis,"codigoAluno",inscricao,"nomeMae","nomePai","celPai",nacionalidade,naturalidade,"ufNascimento",endereco,cep,"dadosResponsaveis","documentosMatricula","autorizadosRetirada","transporteEscolar","fichaAdministrativa","isActive","createdAt","updatedAt")
  VALUES ('seed_pelicano_child_235518_pedro_henrique_da_rocha_santos',v_mantenedora_id,v_unit_id,'Pedro','Henrique Da Rocha Santos','2022-05-19 12:00:00','MASCULINO'::"Gender",'115.984.481-02','PARDA',NULL,NULL,NULL,NULL,NULL,NULL,NULL,NULL,'235518',NULL,NULL,NULL,'BRASIL','Brasilia','DF',NULL,'07266900','{"mae": {"nome": null, "cpf": null, "telefone": null}, "pai": {"nome": null, "cpf": null, "telefone": null}, "responsavelPrincipal": {"nome": null, "cpf": null, "parentesco": null, "identidade": null, "orgaoExpedidor": null, "telefone": null}, "enderecoResponsavel": null, "cepResponsavel": null, "escolaridade": null, "profissao": null, "numeroDependentes": null, "numeroPessoasCasa": null}'::jsonb,'{"codigoAluno": null, "inscricao": "235518", "censo": null, "beneficio": null, "nis": null, "pisResponsavel": null, "cpfOriginalAluno": "115.984.481-02", "cpfPersistidoNoCampoCpf": "115.984.481-02", "cpfDuplicadoNaPlanilha": false, "serie2024": null, "origemLinhaPlanilha": 168}'::jsonb,'[]'::jsonb,'{"usaTransporteEscolar": null, "nomeTransporte": null}'::jsonb,'{"turmaPlanilha": "Maternal 2", "professoraPlanilha": "Miriam", "fonte": "DADOS PARA PLATAFORMA PEDAGÓGICA (1) (1).xlsx / Planilha1", "linhaPlanilha": 168, "raw": {"INSCRIÇÃO": "235518", "NOME": "PEDRO HENRIQUE DA ROCHA SANTOS", "SEXO": "M", "NASC": "2022-05-19T00:00:00", "NACIONALIDADE": "BRASIL", "NATURALIDADE": "Brasilia", "UF": "DF", "CPF": "11598448102", "RAÇA": "PARDA", "CEP": "7266900", "TURMA": "Maternal 2", "PROFESSORA": "Miriam"}}'::jsonb,TRUE,NOW(),NOW())
  ON CONFLICT (id) DO UPDATE SET "unitId"=v_unit_id, "firstName"=EXCLUDED."firstName", "lastName"=EXCLUDED."lastName", "dateOfBirth"=EXCLUDED."dateOfBirth", gender=EXCLUDED.gender, cpf=EXCLUDED.cpf, raca=EXCLUDED.raca, peso=EXCLUDED.peso, "bloodType"=EXCLUDED."bloodType", allergies=EXCLUDED.allergies, "medicalConditions"=EXCLUDED."medicalConditions", "usoImagem"=EXCLUDED."usoImagem", laudado=EXCLUDED.laudado, nis=EXCLUDED.nis, "codigoAluno"=EXCLUDED."codigoAluno", inscricao=EXCLUDED.inscricao, "nomeMae"=EXCLUDED."nomeMae", "nomePai"=EXCLUDED."nomePai", "celPai"=EXCLUDED."celPai", nacionalidade=EXCLUDED.nacionalidade, naturalidade=EXCLUDED.naturalidade, "ufNascimento"=EXCLUDED."ufNascimento", endereco=EXCLUDED.endereco, cep=EXCLUDED.cep, "dadosResponsaveis"=EXCLUDED."dadosResponsaveis", "documentosMatricula"=EXCLUDED."documentosMatricula", "autorizadosRetirada"=EXCLUDED."autorizadosRetirada", "transporteEscolar"=EXCLUDED."transporteEscolar", "fichaAdministrativa"=EXCLUDED."fichaAdministrativa", "isActive"=TRUE, "updatedAt"=NOW();
  INSERT INTO "Enrollment" (id,"childId","classroomId","enrollmentDate",status,"createdAt","updatedAt")
  VALUES ('seed_enr_' || 'seed_pelicano_child_235518_pedro_henrique_da_rocha_santos_seed_pelicano_class_pel_maternal_2_miriam', 'seed_pelicano_child_235518_pedro_henrique_da_rocha_santos', 'seed_pelicano_class_pel_maternal_2_miriam', '2026-02-01 12:00:00', 'ATIVA'::"EnrollmentStatus", NOW(), NOW())
  ON CONFLICT ("childId","classroomId") DO UPDATE SET status=EXCLUDED.status, "updatedAt"=NOW();
  -- Aluno: PEDRO VITOR BARBOSA SOUZA
  INSERT INTO "Child" (id,"mantenedoraId","unitId","firstName","lastName","dateOfBirth",gender,cpf,raca,peso,"bloodType",allergies,"medicalConditions","usoImagem",laudado,nis,"codigoAluno",inscricao,"nomeMae","nomePai","celPai",nacionalidade,naturalidade,"ufNascimento",endereco,cep,"dadosResponsaveis","documentosMatricula","autorizadosRetirada","transporteEscolar","fichaAdministrativa","isActive","createdAt","updatedAt")
  VALUES ('seed_pelicano_child_230399_pedro_vitor_barbosa_souza',v_mantenedora_id,v_unit_id,'Pedro','Vitor Barbosa Souza','2023-01-16 12:00:00','MASCULINO'::"Gender",'118.317.781-06','PARDA',NULL,NULL,NULL,NULL,NULL,NULL,NULL,NULL,'230399',NULL,'Diego',NULL,'BRASIL','Brasilia','DF',NULL,'07266900','{"mae": {"nome": null, "cpf": null, "telefone": null}, "pai": {"nome": "Diego", "cpf": null, "telefone": null}, "responsavelPrincipal": {"nome": "Diego", "cpf": null, "parentesco": null, "identidade": null, "orgaoExpedidor": null, "telefone": null}, "enderecoResponsavel": null, "cepResponsavel": null, "escolaridade": null, "profissao": null, "numeroDependentes": null, "numeroPessoasCasa": null}'::jsonb,'{"codigoAluno": null, "inscricao": "230399", "censo": null, "beneficio": null, "nis": null, "pisResponsavel": null, "cpfOriginalAluno": "118.317.781-06", "cpfPersistidoNoCampoCpf": "118.317.781-06", "cpfDuplicadoNaPlanilha": false, "serie2024": null, "origemLinhaPlanilha": 169}'::jsonb,'[]'::jsonb,'{"usaTransporteEscolar": null, "nomeTransporte": null}'::jsonb,'{"turmaPlanilha": "Maternal 2", "professoraPlanilha": "Salete", "fonte": "DADOS PARA PLATAFORMA PEDAGÓGICA (1) (1).xlsx / Planilha1", "linhaPlanilha": 169, "raw": {"INSCRIÇÃO": "230399", "NOME": "PEDRO VITOR BARBOSA SOUZA", "SEXO": "M", "NASC": "2023-01-16T00:00:00", "NACIONALIDADE": "BRASIL", "NATURALIDADE": "Brasilia", "UF": "DF", "CPF": "11831778106", "RAÇA": "PARDA", "CEP": "7266900", "TURMA": "Maternal 2", "PROFESSORA": "Salete", "PAI": "Diego"}}'::jsonb,TRUE,NOW(),NOW())
  ON CONFLICT (id) DO UPDATE SET "unitId"=v_unit_id, "firstName"=EXCLUDED."firstName", "lastName"=EXCLUDED."lastName", "dateOfBirth"=EXCLUDED."dateOfBirth", gender=EXCLUDED.gender, cpf=EXCLUDED.cpf, raca=EXCLUDED.raca, peso=EXCLUDED.peso, "bloodType"=EXCLUDED."bloodType", allergies=EXCLUDED.allergies, "medicalConditions"=EXCLUDED."medicalConditions", "usoImagem"=EXCLUDED."usoImagem", laudado=EXCLUDED.laudado, nis=EXCLUDED.nis, "codigoAluno"=EXCLUDED."codigoAluno", inscricao=EXCLUDED.inscricao, "nomeMae"=EXCLUDED."nomeMae", "nomePai"=EXCLUDED."nomePai", "celPai"=EXCLUDED."celPai", nacionalidade=EXCLUDED.nacionalidade, naturalidade=EXCLUDED.naturalidade, "ufNascimento"=EXCLUDED."ufNascimento", endereco=EXCLUDED.endereco, cep=EXCLUDED.cep, "dadosResponsaveis"=EXCLUDED."dadosResponsaveis", "documentosMatricula"=EXCLUDED."documentosMatricula", "autorizadosRetirada"=EXCLUDED."autorizadosRetirada", "transporteEscolar"=EXCLUDED."transporteEscolar", "fichaAdministrativa"=EXCLUDED."fichaAdministrativa", "isActive"=TRUE, "updatedAt"=NOW();
  INSERT INTO "Enrollment" (id,"childId","classroomId","enrollmentDate",status,"createdAt","updatedAt")
  VALUES ('seed_enr_' || 'seed_pelicano_child_230399_pedro_vitor_barbosa_souza_seed_pelicano_class_pel_maternal_2_salete', 'seed_pelicano_child_230399_pedro_vitor_barbosa_souza', 'seed_pelicano_class_pel_maternal_2_salete', '2026-02-01 12:00:00', 'ATIVA'::"EnrollmentStatus", NOW(), NOW())
  ON CONFLICT ("childId","classroomId") DO UPDATE SET status=EXCLUDED.status, "updatedAt"=NOW();
  -- Aluno: RAFAEL DA COSTA SILVA
  INSERT INTO "Child" (id,"mantenedoraId","unitId","firstName","lastName","dateOfBirth",gender,cpf,raca,peso,"bloodType",allergies,"medicalConditions","usoImagem",laudado,nis,"codigoAluno",inscricao,"nomeMae","nomePai","celPai",nacionalidade,naturalidade,"ufNascimento",endereco,cep,"dadosResponsaveis","documentosMatricula","autorizadosRetirada","transporteEscolar","fichaAdministrativa","isActive","createdAt","updatedAt")
  VALUES ('seed_pelicano_child_241489_rafael_da_costa_silva',v_mantenedora_id,v_unit_id,'Rafael','Da Costa Silva','2022-05-31 12:00:00','MASCULINO'::"Gender",'116.106.331-56','PARDA',NULL,NULL,NULL,NULL,NULL,NULL,NULL,NULL,'241489',NULL,NULL,NULL,'BRASIL','Brasilia','DF',NULL,'07266900','{"mae": {"nome": null, "cpf": null, "telefone": null}, "pai": {"nome": null, "cpf": null, "telefone": null}, "responsavelPrincipal": {"nome": null, "cpf": null, "parentesco": null, "identidade": null, "orgaoExpedidor": null, "telefone": null}, "enderecoResponsavel": null, "cepResponsavel": null, "escolaridade": null, "profissao": null, "numeroDependentes": null, "numeroPessoasCasa": null}'::jsonb,'{"codigoAluno": null, "inscricao": "241489", "censo": null, "beneficio": null, "nis": null, "pisResponsavel": null, "cpfOriginalAluno": "116.106.331-56", "cpfPersistidoNoCampoCpf": "116.106.331-56", "cpfDuplicadoNaPlanilha": false, "serie2024": null, "origemLinhaPlanilha": 170}'::jsonb,'[]'::jsonb,'{"usaTransporteEscolar": null, "nomeTransporte": null}'::jsonb,'{"turmaPlanilha": "Maternal 2", "professoraPlanilha": "Sabrina", "fonte": "DADOS PARA PLATAFORMA PEDAGÓGICA (1) (1).xlsx / Planilha1", "linhaPlanilha": 170, "raw": {"INSCRIÇÃO": "241489", "NOME": "RAFAEL DA COSTA SILVA", "SEXO": "M", "NASC": "2022-05-31T00:00:00", "NACIONALIDADE": "BRASIL", "NATURALIDADE": "Brasilia", "UF": "DF", "CPF": "11610633156", "RAÇA": "PARDA", "CEP": "7266900", "TURMA": "Maternal 2", "PROFESSORA": "Sabrina"}}'::jsonb,TRUE,NOW(),NOW())
  ON CONFLICT (id) DO UPDATE SET "unitId"=v_unit_id, "firstName"=EXCLUDED."firstName", "lastName"=EXCLUDED."lastName", "dateOfBirth"=EXCLUDED."dateOfBirth", gender=EXCLUDED.gender, cpf=EXCLUDED.cpf, raca=EXCLUDED.raca, peso=EXCLUDED.peso, "bloodType"=EXCLUDED."bloodType", allergies=EXCLUDED.allergies, "medicalConditions"=EXCLUDED."medicalConditions", "usoImagem"=EXCLUDED."usoImagem", laudado=EXCLUDED.laudado, nis=EXCLUDED.nis, "codigoAluno"=EXCLUDED."codigoAluno", inscricao=EXCLUDED.inscricao, "nomeMae"=EXCLUDED."nomeMae", "nomePai"=EXCLUDED."nomePai", "celPai"=EXCLUDED."celPai", nacionalidade=EXCLUDED.nacionalidade, naturalidade=EXCLUDED.naturalidade, "ufNascimento"=EXCLUDED."ufNascimento", endereco=EXCLUDED.endereco, cep=EXCLUDED.cep, "dadosResponsaveis"=EXCLUDED."dadosResponsaveis", "documentosMatricula"=EXCLUDED."documentosMatricula", "autorizadosRetirada"=EXCLUDED."autorizadosRetirada", "transporteEscolar"=EXCLUDED."transporteEscolar", "fichaAdministrativa"=EXCLUDED."fichaAdministrativa", "isActive"=TRUE, "updatedAt"=NOW();
  INSERT INTO "Enrollment" (id,"childId","classroomId","enrollmentDate",status,"createdAt","updatedAt")
  VALUES ('seed_enr_' || 'seed_pelicano_child_241489_rafael_da_costa_silva_seed_pelicano_class_pel_maternal_2_sabrina', 'seed_pelicano_child_241489_rafael_da_costa_silva', 'seed_pelicano_class_pel_maternal_2_sabrina', '2026-02-01 12:00:00', 'ATIVA'::"EnrollmentStatus", NOW(), NOW())
  ON CONFLICT ("childId","classroomId") DO UPDATE SET status=EXCLUDED.status, "updatedAt"=NOW();
  -- Aluno: RAVI ALMEIDA BARBOSA
  INSERT INTO "Child" (id,"mantenedoraId","unitId","firstName","lastName","dateOfBirth",gender,cpf,raca,peso,"bloodType",allergies,"medicalConditions","usoImagem",laudado,nis,"codigoAluno",inscricao,"nomeMae","nomePai","celPai",nacionalidade,naturalidade,"ufNascimento",endereco,cep,"dadosResponsaveis","documentosMatricula","autorizadosRetirada","transporteEscolar","fichaAdministrativa","isActive","createdAt","updatedAt")
  VALUES ('seed_pelicano_child_239437_ravi_almeida_barbosa',v_mantenedora_id,v_unit_id,'Ravi','Almeida Barbosa','2022-11-01 12:00:00','MASCULINO'::"Gender",'117.562.071-86','PARDA',NULL,NULL,NULL,NULL,NULL,NULL,NULL,NULL,'239437',NULL,NULL,NULL,'BRASIL','Brasilia','DF',NULL,'07266900','{"mae": {"nome": null, "cpf": null, "telefone": null}, "pai": {"nome": null, "cpf": null, "telefone": null}, "responsavelPrincipal": {"nome": null, "cpf": null, "parentesco": null, "identidade": null, "orgaoExpedidor": null, "telefone": null}, "enderecoResponsavel": null, "cepResponsavel": null, "escolaridade": null, "profissao": null, "numeroDependentes": null, "numeroPessoasCasa": null}'::jsonb,'{"codigoAluno": null, "inscricao": "239437", "censo": null, "beneficio": null, "nis": null, "pisResponsavel": null, "cpfOriginalAluno": "117.562.071-86", "cpfPersistidoNoCampoCpf": "117.562.071-86", "cpfDuplicadoNaPlanilha": false, "serie2024": null, "origemLinhaPlanilha": 171}'::jsonb,'[]'::jsonb,'{"usaTransporteEscolar": null, "nomeTransporte": null}'::jsonb,'{"turmaPlanilha": "Maternal 2", "professoraPlanilha": "Sabrina", "fonte": "DADOS PARA PLATAFORMA PEDAGÓGICA (1) (1).xlsx / Planilha1", "linhaPlanilha": 171, "raw": {"INSCRIÇÃO": "239437", "NOME": "RAVI ALMEIDA BARBOSA", "SEXO": "M", "NASC": "2022-11-01T00:00:00", "NACIONALIDADE": "BRASIL", "NATURALIDADE": "Brasilia", "UF": "DF", "CPF": "11756207186", "RAÇA": "PARDA", "CEP": "7266900", "TURMA": "Maternal 2", "PROFESSORA": "Sabrina"}}'::jsonb,TRUE,NOW(),NOW())
  ON CONFLICT (id) DO UPDATE SET "unitId"=v_unit_id, "firstName"=EXCLUDED."firstName", "lastName"=EXCLUDED."lastName", "dateOfBirth"=EXCLUDED."dateOfBirth", gender=EXCLUDED.gender, cpf=EXCLUDED.cpf, raca=EXCLUDED.raca, peso=EXCLUDED.peso, "bloodType"=EXCLUDED."bloodType", allergies=EXCLUDED.allergies, "medicalConditions"=EXCLUDED."medicalConditions", "usoImagem"=EXCLUDED."usoImagem", laudado=EXCLUDED.laudado, nis=EXCLUDED.nis, "codigoAluno"=EXCLUDED."codigoAluno", inscricao=EXCLUDED.inscricao, "nomeMae"=EXCLUDED."nomeMae", "nomePai"=EXCLUDED."nomePai", "celPai"=EXCLUDED."celPai", nacionalidade=EXCLUDED.nacionalidade, naturalidade=EXCLUDED.naturalidade, "ufNascimento"=EXCLUDED."ufNascimento", endereco=EXCLUDED.endereco, cep=EXCLUDED.cep, "dadosResponsaveis"=EXCLUDED."dadosResponsaveis", "documentosMatricula"=EXCLUDED."documentosMatricula", "autorizadosRetirada"=EXCLUDED."autorizadosRetirada", "transporteEscolar"=EXCLUDED."transporteEscolar", "fichaAdministrativa"=EXCLUDED."fichaAdministrativa", "isActive"=TRUE, "updatedAt"=NOW();
  INSERT INTO "Enrollment" (id,"childId","classroomId","enrollmentDate",status,"createdAt","updatedAt")
  VALUES ('seed_enr_' || 'seed_pelicano_child_239437_ravi_almeida_barbosa_seed_pelicano_class_pel_maternal_2_sabrina', 'seed_pelicano_child_239437_ravi_almeida_barbosa', 'seed_pelicano_class_pel_maternal_2_sabrina', '2026-02-01 12:00:00', 'ATIVA'::"EnrollmentStatus", NOW(), NOW())
  ON CONFLICT ("childId","classroomId") DO UPDATE SET status=EXCLUDED.status, "updatedAt"=NOW();
  -- Aluno: RAVI LUCCA GOMES LIMA
  INSERT INTO "Child" (id,"mantenedoraId","unitId","firstName","lastName","dateOfBirth",gender,cpf,raca,peso,"bloodType",allergies,"medicalConditions","usoImagem",laudado,nis,"codigoAluno",inscricao,"nomeMae","nomePai","celPai",nacionalidade,naturalidade,"ufNascimento",endereco,cep,"dadosResponsaveis","documentosMatricula","autorizadosRetirada","transporteEscolar","fichaAdministrativa","isActive","createdAt","updatedAt")
  VALUES ('seed_pelicano_child_222139_ravi_lucca_gomes_lima',v_mantenedora_id,v_unit_id,'Ravi','Lucca Gomes Lima','2022-12-13 12:00:00','MASCULINO'::"Gender",'117.971.541-17','PARDA',NULL,NULL,NULL,NULL,NULL,NULL,NULL,NULL,'222139',NULL,'Francisco',NULL,'BRASIL','Brasilia','DF',NULL,'07266900','{"mae": {"nome": null, "cpf": null, "telefone": null}, "pai": {"nome": "Francisco", "cpf": null, "telefone": null}, "responsavelPrincipal": {"nome": "Francisco", "cpf": null, "parentesco": null, "identidade": null, "orgaoExpedidor": null, "telefone": null}, "enderecoResponsavel": null, "cepResponsavel": null, "escolaridade": null, "profissao": null, "numeroDependentes": null, "numeroPessoasCasa": null}'::jsonb,'{"codigoAluno": null, "inscricao": "222139", "censo": null, "beneficio": null, "nis": null, "pisResponsavel": null, "cpfOriginalAluno": "117.971.541-17", "cpfPersistidoNoCampoCpf": "117.971.541-17", "cpfDuplicadoNaPlanilha": false, "serie2024": null, "origemLinhaPlanilha": 172}'::jsonb,'[]'::jsonb,'{"usaTransporteEscolar": null, "nomeTransporte": null}'::jsonb,'{"turmaPlanilha": "Maternal 2", "professoraPlanilha": "Salete", "fonte": "DADOS PARA PLATAFORMA PEDAGÓGICA (1) (1).xlsx / Planilha1", "linhaPlanilha": 172, "raw": {"INSCRIÇÃO": "222139", "NOME": "RAVI LUCCA GOMES LIMA", "SEXO": "M", "NASC": "2022-12-13T00:00:00", "NACIONALIDADE": "BRASIL", "NATURALIDADE": "Brasilia", "UF": "DF", "CPF": "11797154117", "RAÇA": "PARDA", "CEP": "7266900", "TURMA": "Maternal 2", "PROFESSORA": "Salete", "PAI": "Francisco"}}'::jsonb,TRUE,NOW(),NOW())
  ON CONFLICT (id) DO UPDATE SET "unitId"=v_unit_id, "firstName"=EXCLUDED."firstName", "lastName"=EXCLUDED."lastName", "dateOfBirth"=EXCLUDED."dateOfBirth", gender=EXCLUDED.gender, cpf=EXCLUDED.cpf, raca=EXCLUDED.raca, peso=EXCLUDED.peso, "bloodType"=EXCLUDED."bloodType", allergies=EXCLUDED.allergies, "medicalConditions"=EXCLUDED."medicalConditions", "usoImagem"=EXCLUDED."usoImagem", laudado=EXCLUDED.laudado, nis=EXCLUDED.nis, "codigoAluno"=EXCLUDED."codigoAluno", inscricao=EXCLUDED.inscricao, "nomeMae"=EXCLUDED."nomeMae", "nomePai"=EXCLUDED."nomePai", "celPai"=EXCLUDED."celPai", nacionalidade=EXCLUDED.nacionalidade, naturalidade=EXCLUDED.naturalidade, "ufNascimento"=EXCLUDED."ufNascimento", endereco=EXCLUDED.endereco, cep=EXCLUDED.cep, "dadosResponsaveis"=EXCLUDED."dadosResponsaveis", "documentosMatricula"=EXCLUDED."documentosMatricula", "autorizadosRetirada"=EXCLUDED."autorizadosRetirada", "transporteEscolar"=EXCLUDED."transporteEscolar", "fichaAdministrativa"=EXCLUDED."fichaAdministrativa", "isActive"=TRUE, "updatedAt"=NOW();
  INSERT INTO "Enrollment" (id,"childId","classroomId","enrollmentDate",status,"createdAt","updatedAt")
  VALUES ('seed_enr_' || 'seed_pelicano_child_222139_ravi_lucca_gomes_lima_seed_pelicano_class_pel_maternal_2_salete', 'seed_pelicano_child_222139_ravi_lucca_gomes_lima', 'seed_pelicano_class_pel_maternal_2_salete', '2026-02-01 12:00:00', 'ATIVA'::"EnrollmentStatus", NOW(), NOW())
  ON CONFLICT ("childId","classroomId") DO UPDATE SET status=EXCLUDED.status, "updatedAt"=NOW();
  -- Aluno: RAVY GABRIEL BARBOSA MARTINS SILVA
  INSERT INTO "Child" (id,"mantenedoraId","unitId","firstName","lastName","dateOfBirth",gender,cpf,raca,peso,"bloodType",allergies,"medicalConditions","usoImagem",laudado,nis,"codigoAluno",inscricao,"nomeMae","nomePai","celPai",nacionalidade,naturalidade,"ufNascimento",endereco,cep,"dadosResponsaveis","documentosMatricula","autorizadosRetirada","transporteEscolar","fichaAdministrativa","isActive","createdAt","updatedAt")
  VALUES ('seed_pelicano_child_243831_ravy_gabriel_barbosa_martins_silva',v_mantenedora_id,v_unit_id,'Ravy','Gabriel Barbosa Martins Silva','2022-08-19 12:00:00','MASCULINO'::"Gender",'116.886.411-90','PARDA',NULL,NULL,NULL,NULL,NULL,NULL,NULL,NULL,'243831',NULL,NULL,NULL,'BRASIL','Brasilia','DF',NULL,'07266900','{"mae": {"nome": null, "cpf": null, "telefone": null}, "pai": {"nome": null, "cpf": null, "telefone": null}, "responsavelPrincipal": {"nome": null, "cpf": null, "parentesco": null, "identidade": null, "orgaoExpedidor": null, "telefone": null}, "enderecoResponsavel": null, "cepResponsavel": null, "escolaridade": null, "profissao": null, "numeroDependentes": null, "numeroPessoasCasa": null}'::jsonb,'{"codigoAluno": null, "inscricao": "243831", "censo": null, "beneficio": null, "nis": null, "pisResponsavel": null, "cpfOriginalAluno": "116.886.411-90", "cpfPersistidoNoCampoCpf": "116.886.411-90", "cpfDuplicadoNaPlanilha": false, "serie2024": null, "origemLinhaPlanilha": 173}'::jsonb,'[]'::jsonb,'{"usaTransporteEscolar": null, "nomeTransporte": null}'::jsonb,'{"turmaPlanilha": "Maternal 2", "professoraPlanilha": "Miriam", "fonte": "DADOS PARA PLATAFORMA PEDAGÓGICA (1) (1).xlsx / Planilha1", "linhaPlanilha": 173, "raw": {"INSCRIÇÃO": "243831", "NOME": "RAVY GABRIEL BARBOSA MARTINS SILVA", "SEXO": "M", "NASC": "2022-08-19T00:00:00", "NACIONALIDADE": "BRASIL", "NATURALIDADE": "Brasilia", "UF": "DF", "CPF": "11688641190", "RAÇA": "PARDA", "CEP": "7266900", "TURMA": "Maternal 2", "PROFESSORA": "Miriam"}}'::jsonb,TRUE,NOW(),NOW())
  ON CONFLICT (id) DO UPDATE SET "unitId"=v_unit_id, "firstName"=EXCLUDED."firstName", "lastName"=EXCLUDED."lastName", "dateOfBirth"=EXCLUDED."dateOfBirth", gender=EXCLUDED.gender, cpf=EXCLUDED.cpf, raca=EXCLUDED.raca, peso=EXCLUDED.peso, "bloodType"=EXCLUDED."bloodType", allergies=EXCLUDED.allergies, "medicalConditions"=EXCLUDED."medicalConditions", "usoImagem"=EXCLUDED."usoImagem", laudado=EXCLUDED.laudado, nis=EXCLUDED.nis, "codigoAluno"=EXCLUDED."codigoAluno", inscricao=EXCLUDED.inscricao, "nomeMae"=EXCLUDED."nomeMae", "nomePai"=EXCLUDED."nomePai", "celPai"=EXCLUDED."celPai", nacionalidade=EXCLUDED.nacionalidade, naturalidade=EXCLUDED.naturalidade, "ufNascimento"=EXCLUDED."ufNascimento", endereco=EXCLUDED.endereco, cep=EXCLUDED.cep, "dadosResponsaveis"=EXCLUDED."dadosResponsaveis", "documentosMatricula"=EXCLUDED."documentosMatricula", "autorizadosRetirada"=EXCLUDED."autorizadosRetirada", "transporteEscolar"=EXCLUDED."transporteEscolar", "fichaAdministrativa"=EXCLUDED."fichaAdministrativa", "isActive"=TRUE, "updatedAt"=NOW();
  INSERT INTO "Enrollment" (id,"childId","classroomId","enrollmentDate",status,"createdAt","updatedAt")
  VALUES ('seed_enr_' || 'seed_pelicano_child_243831_ravy_gabriel_barbosa_martins_silva_seed_pelicano_class_pel_maternal_2_mir', 'seed_pelicano_child_243831_ravy_gabriel_barbosa_martins_silva', 'seed_pelicano_class_pel_maternal_2_miriam', '2026-02-01 12:00:00', 'ATIVA'::"EnrollmentStatus", NOW(), NOW())
  ON CONFLICT ("childId","classroomId") DO UPDATE SET status=EXCLUDED.status, "updatedAt"=NOW();
  -- Aluno: RHAVI LIMA SANTOS
  INSERT INTO "Child" (id,"mantenedoraId","unitId","firstName","lastName","dateOfBirth",gender,cpf,raca,peso,"bloodType",allergies,"medicalConditions","usoImagem",laudado,nis,"codigoAluno",inscricao,"nomeMae","nomePai","celPai",nacionalidade,naturalidade,"ufNascimento",endereco,cep,"dadosResponsaveis","documentosMatricula","autorizadosRetirada","transporteEscolar","fichaAdministrativa","isActive","createdAt","updatedAt")
  VALUES ('seed_pelicano_child_1254966_rhavi_lima_santos',v_mantenedora_id,v_unit_id,'Rhavi','Lima Santos','2022-10-06 12:00:00','MASCULINO'::"Gender",'117.351.591-74','PARDA',NULL,NULL,NULL,NULL,NULL,NULL,NULL,'1254966','246088',NULL,NULL,NULL,'BRASIL','Brasilia','DF',NULL,'72669000','{"mae": {"nome": null, "cpf": null, "telefone": null}, "pai": {"nome": null, "cpf": null, "telefone": null}, "responsavelPrincipal": {"nome": null, "cpf": null, "parentesco": null, "identidade": null, "orgaoExpedidor": null, "telefone": null}, "enderecoResponsavel": null, "cepResponsavel": null, "escolaridade": null, "profissao": null, "numeroDependentes": null, "numeroPessoasCasa": null}'::jsonb,'{"codigoAluno": "1254966", "inscricao": "246088", "censo": null, "beneficio": null, "nis": null, "pisResponsavel": null, "cpfOriginalAluno": "117.351.591-74", "cpfPersistidoNoCampoCpf": "117.351.591-74", "cpfDuplicadoNaPlanilha": false, "serie2024": null, "origemLinhaPlanilha": 174}'::jsonb,'[]'::jsonb,'{"usaTransporteEscolar": null, "nomeTransporte": null}'::jsonb,'{"turmaPlanilha": "Maternal 2", "professoraPlanilha": "Sabrina", "fonte": "DADOS PARA PLATAFORMA PEDAGÓGICA (1) (1).xlsx / Planilha1", "linhaPlanilha": 174, "raw": {"COD. ALUNO": "1254966", "INSCRIÇÃO": "246088", "NOME": "RHAVI LIMA SANTOS", "SEXO": "M", "NASC": "2022-10-06T00:00:00", "NACIONALIDADE": "BRASIL", "NATURALIDADE": "Brasilia", "UF": "DF", "CPF": "11735159174", "RAÇA": "PARDA", "CEP": "72669000", "TURMA": "Maternal 2", "PROFESSORA": "Sabrina"}}'::jsonb,TRUE,NOW(),NOW())
  ON CONFLICT (id) DO UPDATE SET "unitId"=v_unit_id, "firstName"=EXCLUDED."firstName", "lastName"=EXCLUDED."lastName", "dateOfBirth"=EXCLUDED."dateOfBirth", gender=EXCLUDED.gender, cpf=EXCLUDED.cpf, raca=EXCLUDED.raca, peso=EXCLUDED.peso, "bloodType"=EXCLUDED."bloodType", allergies=EXCLUDED.allergies, "medicalConditions"=EXCLUDED."medicalConditions", "usoImagem"=EXCLUDED."usoImagem", laudado=EXCLUDED.laudado, nis=EXCLUDED.nis, "codigoAluno"=EXCLUDED."codigoAluno", inscricao=EXCLUDED.inscricao, "nomeMae"=EXCLUDED."nomeMae", "nomePai"=EXCLUDED."nomePai", "celPai"=EXCLUDED."celPai", nacionalidade=EXCLUDED.nacionalidade, naturalidade=EXCLUDED.naturalidade, "ufNascimento"=EXCLUDED."ufNascimento", endereco=EXCLUDED.endereco, cep=EXCLUDED.cep, "dadosResponsaveis"=EXCLUDED."dadosResponsaveis", "documentosMatricula"=EXCLUDED."documentosMatricula", "autorizadosRetirada"=EXCLUDED."autorizadosRetirada", "transporteEscolar"=EXCLUDED."transporteEscolar", "fichaAdministrativa"=EXCLUDED."fichaAdministrativa", "isActive"=TRUE, "updatedAt"=NOW();
  INSERT INTO "Enrollment" (id,"childId","classroomId","enrollmentDate",status,"createdAt","updatedAt")
  VALUES ('seed_enr_' || 'seed_pelicano_child_1254966_rhavi_lima_santos_seed_pelicano_class_pel_maternal_2_sabrina', 'seed_pelicano_child_1254966_rhavi_lima_santos', 'seed_pelicano_class_pel_maternal_2_sabrina', '2026-02-01 12:00:00', 'ATIVA'::"EnrollmentStatus", NOW(), NOW())
  ON CONFLICT ("childId","classroomId") DO UPDATE SET status=EXCLUDED.status, "updatedAt"=NOW();
  -- Aluno: RIAN KELVYN VIEIRA LIMA
  INSERT INTO "Child" (id,"mantenedoraId","unitId","firstName","lastName","dateOfBirth",gender,cpf,raca,peso,"bloodType",allergies,"medicalConditions","usoImagem",laudado,nis,"codigoAluno",inscricao,"nomeMae","nomePai","celPai",nacionalidade,naturalidade,"ufNascimento",endereco,cep,"dadosResponsaveis","documentosMatricula","autorizadosRetirada","transporteEscolar","fichaAdministrativa","isActive","createdAt","updatedAt")
  VALUES ('seed_pelicano_child_1251338_rian_kelvyn_vieira_lima',v_mantenedora_id,v_unit_id,'Rian','Kelvyn Vieira Lima','2022-05-10 12:00:00','MASCULINO'::"Gender",'115.882.461-08','PARDA',NULL,NULL,NULL,NULL,NULL,NULL,NULL,'1251338','243000',NULL,'Witheney',NULL,'BRASIL','Brasilia','DF',NULL,'07266900','{"mae": {"nome": null, "cpf": null, "telefone": null}, "pai": {"nome": "Witheney", "cpf": null, "telefone": null}, "responsavelPrincipal": {"nome": "Witheney", "cpf": null, "parentesco": null, "identidade": null, "orgaoExpedidor": null, "telefone": null}, "enderecoResponsavel": null, "cepResponsavel": null, "escolaridade": null, "profissao": null, "numeroDependentes": null, "numeroPessoasCasa": null}'::jsonb,'{"codigoAluno": "1251338", "inscricao": "243000", "censo": null, "beneficio": null, "nis": null, "pisResponsavel": null, "cpfOriginalAluno": "115.882.461-08", "cpfPersistidoNoCampoCpf": "115.882.461-08", "cpfDuplicadoNaPlanilha": false, "serie2024": null, "origemLinhaPlanilha": 175}'::jsonb,'[]'::jsonb,'{"usaTransporteEscolar": null, "nomeTransporte": null}'::jsonb,'{"turmaPlanilha": "Maternal 2", "professoraPlanilha": "Salete", "fonte": "DADOS PARA PLATAFORMA PEDAGÓGICA (1) (1).xlsx / Planilha1", "linhaPlanilha": 175, "raw": {"COD. ALUNO": "1251338", "INSCRIÇÃO": "243000", "NOME": "RIAN KELVYN VIEIRA LIMA", "SEXO": "M", "NASC": "2022-05-10T00:00:00", "NACIONALIDADE": "BRASIL", "NATURALIDADE": "Brasilia", "UF": "DF", "CPF": "11588246108", "RAÇA": "PARDA", "CEP": "7266900", "TURMA": "Maternal 2", "PROFESSORA": "Salete", "PAI": "Witheney"}}'::jsonb,TRUE,NOW(),NOW())
  ON CONFLICT (id) DO UPDATE SET "unitId"=v_unit_id, "firstName"=EXCLUDED."firstName", "lastName"=EXCLUDED."lastName", "dateOfBirth"=EXCLUDED."dateOfBirth", gender=EXCLUDED.gender, cpf=EXCLUDED.cpf, raca=EXCLUDED.raca, peso=EXCLUDED.peso, "bloodType"=EXCLUDED."bloodType", allergies=EXCLUDED.allergies, "medicalConditions"=EXCLUDED."medicalConditions", "usoImagem"=EXCLUDED."usoImagem", laudado=EXCLUDED.laudado, nis=EXCLUDED.nis, "codigoAluno"=EXCLUDED."codigoAluno", inscricao=EXCLUDED.inscricao, "nomeMae"=EXCLUDED."nomeMae", "nomePai"=EXCLUDED."nomePai", "celPai"=EXCLUDED."celPai", nacionalidade=EXCLUDED.nacionalidade, naturalidade=EXCLUDED.naturalidade, "ufNascimento"=EXCLUDED."ufNascimento", endereco=EXCLUDED.endereco, cep=EXCLUDED.cep, "dadosResponsaveis"=EXCLUDED."dadosResponsaveis", "documentosMatricula"=EXCLUDED."documentosMatricula", "autorizadosRetirada"=EXCLUDED."autorizadosRetirada", "transporteEscolar"=EXCLUDED."transporteEscolar", "fichaAdministrativa"=EXCLUDED."fichaAdministrativa", "isActive"=TRUE, "updatedAt"=NOW();
  INSERT INTO "Enrollment" (id,"childId","classroomId","enrollmentDate",status,"createdAt","updatedAt")
  VALUES ('seed_enr_' || 'seed_pelicano_child_1251338_rian_kelvyn_vieira_lima_seed_pelicano_class_pel_maternal_2_salete', 'seed_pelicano_child_1251338_rian_kelvyn_vieira_lima', 'seed_pelicano_class_pel_maternal_2_salete', '2026-02-01 12:00:00', 'ATIVA'::"EnrollmentStatus", NOW(), NOW())
  ON CONFLICT ("childId","classroomId") DO UPDATE SET status=EXCLUDED.status, "updatedAt"=NOW();
  -- Aluno: RIQUELME DA SILVA CAVALCANTE
  INSERT INTO "Child" (id,"mantenedoraId","unitId","firstName","lastName","dateOfBirth",gender,cpf,raca,peso,"bloodType",allergies,"medicalConditions","usoImagem",laudado,nis,"codigoAluno",inscricao,"nomeMae","nomePai","celPai",nacionalidade,naturalidade,"ufNascimento",endereco,cep,"dadosResponsaveis","documentosMatricula","autorizadosRetirada","transporteEscolar","fichaAdministrativa","isActive","createdAt","updatedAt")
  VALUES ('seed_pelicano_child_1181580_riquelme_da_silva_cavalcante',v_mantenedora_id,v_unit_id,'Riquelme','Da Silva Cavalcante','2022-08-26 12:00:00','MASCULINO'::"Gender",'116.960.481-17','PARDA',NULL,NULL,NULL,NULL,NULL,NULL,NULL,'1181580','211269',NULL,NULL,NULL,'BRASIL','Brasilia','DF',NULL,'07266900','{"mae": {"nome": null, "cpf": null, "telefone": null}, "pai": {"nome": null, "cpf": null, "telefone": null}, "responsavelPrincipal": {"nome": null, "cpf": null, "parentesco": null, "identidade": null, "orgaoExpedidor": null, "telefone": null}, "enderecoResponsavel": null, "cepResponsavel": null, "escolaridade": null, "profissao": null, "numeroDependentes": null, "numeroPessoasCasa": null}'::jsonb,'{"codigoAluno": "1181580", "inscricao": "211269", "censo": null, "beneficio": null, "nis": null, "pisResponsavel": null, "cpfOriginalAluno": "116.960.481-17", "cpfPersistidoNoCampoCpf": "116.960.481-17", "cpfDuplicadoNaPlanilha": false, "serie2024": null, "origemLinhaPlanilha": 176}'::jsonb,'[]'::jsonb,'{"usaTransporteEscolar": null, "nomeTransporte": null}'::jsonb,'{"turmaPlanilha": "Maternal 2", "professoraPlanilha": "Miriam", "fonte": "DADOS PARA PLATAFORMA PEDAGÓGICA (1) (1).xlsx / Planilha1", "linhaPlanilha": 176, "raw": {"COD. ALUNO": "1181580", "INSCRIÇÃO": "211269", "NOME": "RIQUELME DA SILVA CAVALCANTE", "SEXO": "M", "NASC": "2022-08-26T00:00:00", "NACIONALIDADE": "BRASIL", "NATURALIDADE": "Brasilia", "UF": "DF", "CPF": "11696048117", "RAÇA": "PARDA", "CEP": "7266900", "TURMA": "Maternal 2", "PROFESSORA": "Miriam"}}'::jsonb,TRUE,NOW(),NOW())
  ON CONFLICT (id) DO UPDATE SET "unitId"=v_unit_id, "firstName"=EXCLUDED."firstName", "lastName"=EXCLUDED."lastName", "dateOfBirth"=EXCLUDED."dateOfBirth", gender=EXCLUDED.gender, cpf=EXCLUDED.cpf, raca=EXCLUDED.raca, peso=EXCLUDED.peso, "bloodType"=EXCLUDED."bloodType", allergies=EXCLUDED.allergies, "medicalConditions"=EXCLUDED."medicalConditions", "usoImagem"=EXCLUDED."usoImagem", laudado=EXCLUDED.laudado, nis=EXCLUDED.nis, "codigoAluno"=EXCLUDED."codigoAluno", inscricao=EXCLUDED.inscricao, "nomeMae"=EXCLUDED."nomeMae", "nomePai"=EXCLUDED."nomePai", "celPai"=EXCLUDED."celPai", nacionalidade=EXCLUDED.nacionalidade, naturalidade=EXCLUDED.naturalidade, "ufNascimento"=EXCLUDED."ufNascimento", endereco=EXCLUDED.endereco, cep=EXCLUDED.cep, "dadosResponsaveis"=EXCLUDED."dadosResponsaveis", "documentosMatricula"=EXCLUDED."documentosMatricula", "autorizadosRetirada"=EXCLUDED."autorizadosRetirada", "transporteEscolar"=EXCLUDED."transporteEscolar", "fichaAdministrativa"=EXCLUDED."fichaAdministrativa", "isActive"=TRUE, "updatedAt"=NOW();
  INSERT INTO "Enrollment" (id,"childId","classroomId","enrollmentDate",status,"createdAt","updatedAt")
  VALUES ('seed_enr_' || 'seed_pelicano_child_1181580_riquelme_da_silva_cavalcante_seed_pelicano_class_pel_maternal_2_miriam', 'seed_pelicano_child_1181580_riquelme_da_silva_cavalcante', 'seed_pelicano_class_pel_maternal_2_miriam', '2026-02-01 12:00:00', 'ATIVA'::"EnrollmentStatus", NOW(), NOW())
  ON CONFLICT ("childId","classroomId") DO UPDATE SET status=EXCLUDED.status, "updatedAt"=NOW();
  -- Aluno: ROMANA VALADARES RODRIGUES
  INSERT INTO "Child" (id,"mantenedoraId","unitId","firstName","lastName","dateOfBirth",gender,cpf,raca,peso,"bloodType",allergies,"medicalConditions","usoImagem",laudado,nis,"codigoAluno",inscricao,"nomeMae","nomePai","celPai",nacionalidade,naturalidade,"ufNascimento",endereco,cep,"dadosResponsaveis","documentosMatricula","autorizadosRetirada","transporteEscolar","fichaAdministrativa","isActive","createdAt","updatedAt")
  VALUES ('seed_pelicano_child_1229787_romana_valadares_rodrigues',v_mantenedora_id,v_unit_id,'Romana','Valadares Rodrigues','2022-07-25 12:00:00','FEMININO'::"Gender",'116.662.061-13','PARDA',NULL,NULL,NULL,NULL,NULL,NULL,NULL,'1229787','231126',NULL,NULL,NULL,'BRASIL','Brasilia','DF',NULL,'07266900','{"mae": {"nome": null, "cpf": null, "telefone": null}, "pai": {"nome": null, "cpf": null, "telefone": null}, "responsavelPrincipal": {"nome": null, "cpf": null, "parentesco": null, "identidade": null, "orgaoExpedidor": null, "telefone": null}, "enderecoResponsavel": null, "cepResponsavel": null, "escolaridade": null, "profissao": null, "numeroDependentes": null, "numeroPessoasCasa": null}'::jsonb,'{"codigoAluno": "1229787", "inscricao": "231126", "censo": null, "beneficio": null, "nis": null, "pisResponsavel": null, "cpfOriginalAluno": "116.662.061-13", "cpfPersistidoNoCampoCpf": "116.662.061-13", "cpfDuplicadoNaPlanilha": false, "serie2024": null, "origemLinhaPlanilha": 177}'::jsonb,'[]'::jsonb,'{"usaTransporteEscolar": null, "nomeTransporte": null}'::jsonb,'{"turmaPlanilha": "Maternal 2", "professoraPlanilha": "Sabrina", "fonte": "DADOS PARA PLATAFORMA PEDAGÓGICA (1) (1).xlsx / Planilha1", "linhaPlanilha": 177, "raw": {"COD. ALUNO": "1229787", "INSCRIÇÃO": "231126", "NOME": "ROMANA VALADARES RODRIGUES", "SEXO": "F", "NASC": "2022-07-25T00:00:00", "NACIONALIDADE": "BRASIL", "NATURALIDADE": "Brasilia", "UF": "DF", "CPF": "11666206113", "RAÇA": "PARDA", "CEP": "7266900", "TURMA": "Maternal 2", "PROFESSORA": "Sabrina"}}'::jsonb,TRUE,NOW(),NOW())
  ON CONFLICT (id) DO UPDATE SET "unitId"=v_unit_id, "firstName"=EXCLUDED."firstName", "lastName"=EXCLUDED."lastName", "dateOfBirth"=EXCLUDED."dateOfBirth", gender=EXCLUDED.gender, cpf=EXCLUDED.cpf, raca=EXCLUDED.raca, peso=EXCLUDED.peso, "bloodType"=EXCLUDED."bloodType", allergies=EXCLUDED.allergies, "medicalConditions"=EXCLUDED."medicalConditions", "usoImagem"=EXCLUDED."usoImagem", laudado=EXCLUDED.laudado, nis=EXCLUDED.nis, "codigoAluno"=EXCLUDED."codigoAluno", inscricao=EXCLUDED.inscricao, "nomeMae"=EXCLUDED."nomeMae", "nomePai"=EXCLUDED."nomePai", "celPai"=EXCLUDED."celPai", nacionalidade=EXCLUDED.nacionalidade, naturalidade=EXCLUDED.naturalidade, "ufNascimento"=EXCLUDED."ufNascimento", endereco=EXCLUDED.endereco, cep=EXCLUDED.cep, "dadosResponsaveis"=EXCLUDED."dadosResponsaveis", "documentosMatricula"=EXCLUDED."documentosMatricula", "autorizadosRetirada"=EXCLUDED."autorizadosRetirada", "transporteEscolar"=EXCLUDED."transporteEscolar", "fichaAdministrativa"=EXCLUDED."fichaAdministrativa", "isActive"=TRUE, "updatedAt"=NOW();
  INSERT INTO "Enrollment" (id,"childId","classroomId","enrollmentDate",status,"createdAt","updatedAt")
  VALUES ('seed_enr_' || 'seed_pelicano_child_1229787_romana_valadares_rodrigues_seed_pelicano_class_pel_maternal_2_sabrina', 'seed_pelicano_child_1229787_romana_valadares_rodrigues', 'seed_pelicano_class_pel_maternal_2_sabrina', '2026-02-01 12:00:00', 'ATIVA'::"EnrollmentStatus", NOW(), NOW())
  ON CONFLICT ("childId","classroomId") DO UPDATE SET status=EXCLUDED.status, "updatedAt"=NOW();
  -- Aluno: SAMUEL DE ALMEIDA CLARINDO
  INSERT INTO "Child" (id,"mantenedoraId","unitId","firstName","lastName","dateOfBirth",gender,cpf,raca,peso,"bloodType",allergies,"medicalConditions","usoImagem",laudado,nis,"codigoAluno",inscricao,"nomeMae","nomePai","celPai",nacionalidade,naturalidade,"ufNascimento",endereco,cep,"dadosResponsaveis","documentosMatricula","autorizadosRetirada","transporteEscolar","fichaAdministrativa","isActive","createdAt","updatedAt")
  VALUES ('seed_pelicano_child_218809_samuel_de_almeida_clarindo',v_mantenedora_id,v_unit_id,'Samuel','De Almeida Clarindo','2022-06-08 12:00:00','MASCULINO'::"Gender",'116.186.831-36','PARDA',NULL,NULL,NULL,NULL,NULL,NULL,NULL,NULL,'218809',NULL,'Manoel',NULL,'BRASIL','Brasilia','DF',NULL,'07266900','{"mae": {"nome": null, "cpf": null, "telefone": null}, "pai": {"nome": "Manoel", "cpf": null, "telefone": null}, "responsavelPrincipal": {"nome": "Manoel", "cpf": null, "parentesco": null, "identidade": null, "orgaoExpedidor": null, "telefone": null}, "enderecoResponsavel": null, "cepResponsavel": null, "escolaridade": null, "profissao": null, "numeroDependentes": null, "numeroPessoasCasa": null}'::jsonb,'{"codigoAluno": null, "inscricao": "218809", "censo": null, "beneficio": null, "nis": null, "pisResponsavel": null, "cpfOriginalAluno": "116.186.831-36", "cpfPersistidoNoCampoCpf": "116.186.831-36", "cpfDuplicadoNaPlanilha": false, "serie2024": null, "origemLinhaPlanilha": 178}'::jsonb,'[]'::jsonb,'{"usaTransporteEscolar": null, "nomeTransporte": null}'::jsonb,'{"turmaPlanilha": "Maternal 2", "professoraPlanilha": "Salete", "fonte": "DADOS PARA PLATAFORMA PEDAGÓGICA (1) (1).xlsx / Planilha1", "linhaPlanilha": 178, "raw": {"INSCRIÇÃO": "218809", "NOME": "SAMUEL DE ALMEIDA CLARINDO", "SEXO": "M", "NASC": "2022-06-08T00:00:00", "NACIONALIDADE": "BRASIL", "NATURALIDADE": "Brasilia", "UF": "DF", "CPF": "11618683136", "RAÇA": "PARDA", "CEP": "7266900", "TURMA": "Maternal 2", "PROFESSORA": "Salete", "PAI": "Manoel"}}'::jsonb,TRUE,NOW(),NOW())
  ON CONFLICT (id) DO UPDATE SET "unitId"=v_unit_id, "firstName"=EXCLUDED."firstName", "lastName"=EXCLUDED."lastName", "dateOfBirth"=EXCLUDED."dateOfBirth", gender=EXCLUDED.gender, cpf=EXCLUDED.cpf, raca=EXCLUDED.raca, peso=EXCLUDED.peso, "bloodType"=EXCLUDED."bloodType", allergies=EXCLUDED.allergies, "medicalConditions"=EXCLUDED."medicalConditions", "usoImagem"=EXCLUDED."usoImagem", laudado=EXCLUDED.laudado, nis=EXCLUDED.nis, "codigoAluno"=EXCLUDED."codigoAluno", inscricao=EXCLUDED.inscricao, "nomeMae"=EXCLUDED."nomeMae", "nomePai"=EXCLUDED."nomePai", "celPai"=EXCLUDED."celPai", nacionalidade=EXCLUDED.nacionalidade, naturalidade=EXCLUDED.naturalidade, "ufNascimento"=EXCLUDED."ufNascimento", endereco=EXCLUDED.endereco, cep=EXCLUDED.cep, "dadosResponsaveis"=EXCLUDED."dadosResponsaveis", "documentosMatricula"=EXCLUDED."documentosMatricula", "autorizadosRetirada"=EXCLUDED."autorizadosRetirada", "transporteEscolar"=EXCLUDED."transporteEscolar", "fichaAdministrativa"=EXCLUDED."fichaAdministrativa", "isActive"=TRUE, "updatedAt"=NOW();
  INSERT INTO "Enrollment" (id,"childId","classroomId","enrollmentDate",status,"createdAt","updatedAt")
  VALUES ('seed_enr_' || 'seed_pelicano_child_218809_samuel_de_almeida_clarindo_seed_pelicano_class_pel_maternal_2_salete', 'seed_pelicano_child_218809_samuel_de_almeida_clarindo', 'seed_pelicano_class_pel_maternal_2_salete', '2026-02-01 12:00:00', 'ATIVA'::"EnrollmentStatus", NOW(), NOW())
  ON CONFLICT ("childId","classroomId") DO UPDATE SET status=EXCLUDED.status, "updatedAt"=NOW();
  -- Aluno: SCARLETT DA SILVA MARIANO
  INSERT INTO "Child" (id,"mantenedoraId","unitId","firstName","lastName","dateOfBirth",gender,cpf,raca,peso,"bloodType",allergies,"medicalConditions","usoImagem",laudado,nis,"codigoAluno",inscricao,"nomeMae","nomePai","celPai",nacionalidade,naturalidade,"ufNascimento",endereco,cep,"dadosResponsaveis","documentosMatricula","autorizadosRetirada","transporteEscolar","fichaAdministrativa","isActive","createdAt","updatedAt")
  VALUES ('seed_pelicano_child_209177_scarlett_da_silva_mariano',v_mantenedora_id,v_unit_id,'Scarlett','Da Silva Mariano','2022-10-15 12:00:00','FEMININO'::"Gender",'117.885.671-29','PARDA',NULL,NULL,NULL,NULL,NULL,NULL,NULL,NULL,'209177',NULL,NULL,NULL,'BRASIL','Brasilia','DF',NULL,'07266900','{"mae": {"nome": null, "cpf": null, "telefone": null}, "pai": {"nome": null, "cpf": null, "telefone": null}, "responsavelPrincipal": {"nome": null, "cpf": null, "parentesco": null, "identidade": null, "orgaoExpedidor": null, "telefone": null}, "enderecoResponsavel": null, "cepResponsavel": null, "escolaridade": null, "profissao": null, "numeroDependentes": null, "numeroPessoasCasa": null}'::jsonb,'{"codigoAluno": null, "inscricao": "209177", "censo": null, "beneficio": null, "nis": null, "pisResponsavel": null, "cpfOriginalAluno": "117.885.671-29", "cpfPersistidoNoCampoCpf": "117.885.671-29", "cpfDuplicadoNaPlanilha": false, "serie2024": null, "origemLinhaPlanilha": 179}'::jsonb,'[]'::jsonb,'{"usaTransporteEscolar": null, "nomeTransporte": null}'::jsonb,'{"turmaPlanilha": "Maternal 2", "professoraPlanilha": "Shirlene", "fonte": "DADOS PARA PLATAFORMA PEDAGÓGICA (1) (1).xlsx / Planilha1", "linhaPlanilha": 179, "raw": {"INSCRIÇÃO": "209177", "NOME": "SCARLETT DA SILVA MARIANO", "SEXO": "F", "NASC": "2022-10-15T00:00:00", "NACIONALIDADE": "BRASIL", "NATURALIDADE": "Brasilia", "UF": "DF", "CPF": "11788567129", "RAÇA": "PARDA", "CEP": "7266900", "TURMA": "Maternal 2", "PROFESSORA": "Shirlene"}}'::jsonb,TRUE,NOW(),NOW())
  ON CONFLICT (id) DO UPDATE SET "unitId"=v_unit_id, "firstName"=EXCLUDED."firstName", "lastName"=EXCLUDED."lastName", "dateOfBirth"=EXCLUDED."dateOfBirth", gender=EXCLUDED.gender, cpf=EXCLUDED.cpf, raca=EXCLUDED.raca, peso=EXCLUDED.peso, "bloodType"=EXCLUDED."bloodType", allergies=EXCLUDED.allergies, "medicalConditions"=EXCLUDED."medicalConditions", "usoImagem"=EXCLUDED."usoImagem", laudado=EXCLUDED.laudado, nis=EXCLUDED.nis, "codigoAluno"=EXCLUDED."codigoAluno", inscricao=EXCLUDED.inscricao, "nomeMae"=EXCLUDED."nomeMae", "nomePai"=EXCLUDED."nomePai", "celPai"=EXCLUDED."celPai", nacionalidade=EXCLUDED.nacionalidade, naturalidade=EXCLUDED.naturalidade, "ufNascimento"=EXCLUDED."ufNascimento", endereco=EXCLUDED.endereco, cep=EXCLUDED.cep, "dadosResponsaveis"=EXCLUDED."dadosResponsaveis", "documentosMatricula"=EXCLUDED."documentosMatricula", "autorizadosRetirada"=EXCLUDED."autorizadosRetirada", "transporteEscolar"=EXCLUDED."transporteEscolar", "fichaAdministrativa"=EXCLUDED."fichaAdministrativa", "isActive"=TRUE, "updatedAt"=NOW();
  INSERT INTO "Enrollment" (id,"childId","classroomId","enrollmentDate",status,"createdAt","updatedAt")
  VALUES ('seed_enr_' || 'seed_pelicano_child_209177_scarlett_da_silva_mariano_seed_pelicano_class_pel_maternal_2_shirlene', 'seed_pelicano_child_209177_scarlett_da_silva_mariano', 'seed_pelicano_class_pel_maternal_2_shirlene', '2026-02-01 12:00:00', 'ATIVA'::"EnrollmentStatus", NOW(), NOW())
  ON CONFLICT ("childId","classroomId") DO UPDATE SET status=EXCLUDED.status, "updatedAt"=NOW();
  -- Aluno: STELLA FELIX DE ARAUJO
  INSERT INTO "Child" (id,"mantenedoraId","unitId","firstName","lastName","dateOfBirth",gender,cpf,raca,peso,"bloodType",allergies,"medicalConditions","usoImagem",laudado,nis,"codigoAluno",inscricao,"nomeMae","nomePai","celPai",nacionalidade,naturalidade,"ufNascimento",endereco,cep,"dadosResponsaveis","documentosMatricula","autorizadosRetirada","transporteEscolar","fichaAdministrativa","isActive","createdAt","updatedAt")
  VALUES ('seed_pelicano_child_216097_stella_felix_de_araujo',v_mantenedora_id,v_unit_id,'Stella','Felix De Araujo','2022-04-12 12:00:00','FEMININO'::"Gender",'115.600.641-45','PARDA',NULL,NULL,NULL,NULL,NULL,NULL,NULL,NULL,'216097',NULL,NULL,NULL,'BRASIL','Brasilia','DF',NULL,'07266900','{"mae": {"nome": null, "cpf": null, "telefone": null}, "pai": {"nome": null, "cpf": null, "telefone": null}, "responsavelPrincipal": {"nome": null, "cpf": null, "parentesco": null, "identidade": null, "orgaoExpedidor": null, "telefone": null}, "enderecoResponsavel": null, "cepResponsavel": null, "escolaridade": null, "profissao": null, "numeroDependentes": null, "numeroPessoasCasa": null}'::jsonb,'{"codigoAluno": null, "inscricao": "216097", "censo": null, "beneficio": null, "nis": null, "pisResponsavel": null, "cpfOriginalAluno": "115.600.641-45", "cpfPersistidoNoCampoCpf": "115.600.641-45", "cpfDuplicadoNaPlanilha": false, "serie2024": null, "origemLinhaPlanilha": 180}'::jsonb,'[]'::jsonb,'{"usaTransporteEscolar": null, "nomeTransporte": null}'::jsonb,'{"turmaPlanilha": "Maternal 2", "professoraPlanilha": "Sabrina", "fonte": "DADOS PARA PLATAFORMA PEDAGÓGICA (1) (1).xlsx / Planilha1", "linhaPlanilha": 180, "raw": {"INSCRIÇÃO": "216097", "NOME": "STELLA FELIX DE ARAUJO", "SEXO": "F", "NASC": "2022-04-12T00:00:00", "NACIONALIDADE": "BRASIL", "NATURALIDADE": "Brasilia", "UF": "DF", "CPF": "11560064145", "RAÇA": "PARDA", "CEP": "7266900", "TURMA": "Maternal 2", "PROFESSORA": "Sabrina"}}'::jsonb,TRUE,NOW(),NOW())
  ON CONFLICT (id) DO UPDATE SET "unitId"=v_unit_id, "firstName"=EXCLUDED."firstName", "lastName"=EXCLUDED."lastName", "dateOfBirth"=EXCLUDED."dateOfBirth", gender=EXCLUDED.gender, cpf=EXCLUDED.cpf, raca=EXCLUDED.raca, peso=EXCLUDED.peso, "bloodType"=EXCLUDED."bloodType", allergies=EXCLUDED.allergies, "medicalConditions"=EXCLUDED."medicalConditions", "usoImagem"=EXCLUDED."usoImagem", laudado=EXCLUDED.laudado, nis=EXCLUDED.nis, "codigoAluno"=EXCLUDED."codigoAluno", inscricao=EXCLUDED.inscricao, "nomeMae"=EXCLUDED."nomeMae", "nomePai"=EXCLUDED."nomePai", "celPai"=EXCLUDED."celPai", nacionalidade=EXCLUDED.nacionalidade, naturalidade=EXCLUDED.naturalidade, "ufNascimento"=EXCLUDED."ufNascimento", endereco=EXCLUDED.endereco, cep=EXCLUDED.cep, "dadosResponsaveis"=EXCLUDED."dadosResponsaveis", "documentosMatricula"=EXCLUDED."documentosMatricula", "autorizadosRetirada"=EXCLUDED."autorizadosRetirada", "transporteEscolar"=EXCLUDED."transporteEscolar", "fichaAdministrativa"=EXCLUDED."fichaAdministrativa", "isActive"=TRUE, "updatedAt"=NOW();
  INSERT INTO "Enrollment" (id,"childId","classroomId","enrollmentDate",status,"createdAt","updatedAt")
  VALUES ('seed_enr_' || 'seed_pelicano_child_216097_stella_felix_de_araujo_seed_pelicano_class_pel_maternal_2_sabrina', 'seed_pelicano_child_216097_stella_felix_de_araujo', 'seed_pelicano_class_pel_maternal_2_sabrina', '2026-02-01 12:00:00', 'ATIVA'::"EnrollmentStatus", NOW(), NOW())
  ON CONFLICT ("childId","classroomId") DO UPDATE SET status=EXCLUDED.status, "updatedAt"=NOW();
  -- Aluno: THEO HENRIQUE DE SOUZA SANTOS
  INSERT INTO "Child" (id,"mantenedoraId","unitId","firstName","lastName","dateOfBirth",gender,cpf,raca,peso,"bloodType",allergies,"medicalConditions","usoImagem",laudado,nis,"codigoAluno",inscricao,"nomeMae","nomePai","celPai",nacionalidade,naturalidade,"ufNascimento",endereco,cep,"dadosResponsaveis","documentosMatricula","autorizadosRetirada","transporteEscolar","fichaAdministrativa","isActive","createdAt","updatedAt")
  VALUES ('seed_pelicano_child_213583_theo_henrique_de_souza_santos',v_mantenedora_id,v_unit_id,'Theo','Henrique De Souza Santos','2022-10-24 12:00:00','MASCULINO'::"Gender",'117.502.081-80','PARDA',NULL,NULL,NULL,NULL,NULL,NULL,NULL,NULL,'213583',NULL,NULL,NULL,'BRASIL','Brasilia','DF',NULL,'07266900','{"mae": {"nome": null, "cpf": null, "telefone": null}, "pai": {"nome": null, "cpf": null, "telefone": null}, "responsavelPrincipal": {"nome": null, "cpf": null, "parentesco": null, "identidade": null, "orgaoExpedidor": null, "telefone": null}, "enderecoResponsavel": null, "cepResponsavel": null, "escolaridade": null, "profissao": null, "numeroDependentes": null, "numeroPessoasCasa": null}'::jsonb,'{"codigoAluno": null, "inscricao": "213583", "censo": null, "beneficio": null, "nis": null, "pisResponsavel": null, "cpfOriginalAluno": "117.502.081-80", "cpfPersistidoNoCampoCpf": "117.502.081-80", "cpfDuplicadoNaPlanilha": false, "serie2024": null, "origemLinhaPlanilha": 181}'::jsonb,'[]'::jsonb,'{"usaTransporteEscolar": null, "nomeTransporte": null}'::jsonb,'{"turmaPlanilha": "Maternal 2", "professoraPlanilha": "Sabrina", "fonte": "DADOS PARA PLATAFORMA PEDAGÓGICA (1) (1).xlsx / Planilha1", "linhaPlanilha": 181, "raw": {"INSCRIÇÃO": "213583", "NOME": "THEO HENRIQUE DE SOUZA SANTOS", "SEXO": "M", "NASC": "2022-10-24T00:00:00", "NACIONALIDADE": "BRASIL", "NATURALIDADE": "Brasilia", "UF": "DF", "CPF": "11750208180", "RAÇA": "PARDA", "CEP": "7266900", "TURMA": "Maternal 2", "PROFESSORA": "Sabrina"}}'::jsonb,TRUE,NOW(),NOW())
  ON CONFLICT (id) DO UPDATE SET "unitId"=v_unit_id, "firstName"=EXCLUDED."firstName", "lastName"=EXCLUDED."lastName", "dateOfBirth"=EXCLUDED."dateOfBirth", gender=EXCLUDED.gender, cpf=EXCLUDED.cpf, raca=EXCLUDED.raca, peso=EXCLUDED.peso, "bloodType"=EXCLUDED."bloodType", allergies=EXCLUDED.allergies, "medicalConditions"=EXCLUDED."medicalConditions", "usoImagem"=EXCLUDED."usoImagem", laudado=EXCLUDED.laudado, nis=EXCLUDED.nis, "codigoAluno"=EXCLUDED."codigoAluno", inscricao=EXCLUDED.inscricao, "nomeMae"=EXCLUDED."nomeMae", "nomePai"=EXCLUDED."nomePai", "celPai"=EXCLUDED."celPai", nacionalidade=EXCLUDED.nacionalidade, naturalidade=EXCLUDED.naturalidade, "ufNascimento"=EXCLUDED."ufNascimento", endereco=EXCLUDED.endereco, cep=EXCLUDED.cep, "dadosResponsaveis"=EXCLUDED."dadosResponsaveis", "documentosMatricula"=EXCLUDED."documentosMatricula", "autorizadosRetirada"=EXCLUDED."autorizadosRetirada", "transporteEscolar"=EXCLUDED."transporteEscolar", "fichaAdministrativa"=EXCLUDED."fichaAdministrativa", "isActive"=TRUE, "updatedAt"=NOW();
  INSERT INTO "Enrollment" (id,"childId","classroomId","enrollmentDate",status,"createdAt","updatedAt")
  VALUES ('seed_enr_' || 'seed_pelicano_child_213583_theo_henrique_de_souza_santos_seed_pelicano_class_pel_maternal_2_sabrina', 'seed_pelicano_child_213583_theo_henrique_de_souza_santos', 'seed_pelicano_class_pel_maternal_2_sabrina', '2026-02-01 12:00:00', 'ATIVA'::"EnrollmentStatus", NOW(), NOW())
  ON CONFLICT ("childId","classroomId") DO UPDATE SET status=EXCLUDED.status, "updatedAt"=NOW();
  -- Aluno: THOMAS OLIVEIRA TELES
  INSERT INTO "Child" (id,"mantenedoraId","unitId","firstName","lastName","dateOfBirth",gender,cpf,raca,peso,"bloodType",allergies,"medicalConditions","usoImagem",laudado,nis,"codigoAluno",inscricao,"nomeMae","nomePai","celPai",nacionalidade,naturalidade,"ufNascimento",endereco,cep,"dadosResponsaveis","documentosMatricula","autorizadosRetirada","transporteEscolar","fichaAdministrativa","isActive","createdAt","updatedAt")
  VALUES ('seed_pelicano_child_1195012_thomas_oliveira_teles',v_mantenedora_id,v_unit_id,'Thomas','Oliveira Teles','2022-09-17 12:00:00','MASCULINO'::"Gender",'117.158.531-48','PARDA',NULL,NULL,NULL,NULL,NULL,NULL,NULL,'1195012','219155',NULL,NULL,NULL,'BRASIL','Brasilia','DF',NULL,'07266900','{"mae": {"nome": null, "cpf": null, "telefone": null}, "pai": {"nome": null, "cpf": null, "telefone": null}, "responsavelPrincipal": {"nome": null, "cpf": null, "parentesco": null, "identidade": null, "orgaoExpedidor": null, "telefone": null}, "enderecoResponsavel": null, "cepResponsavel": null, "escolaridade": null, "profissao": null, "numeroDependentes": null, "numeroPessoasCasa": null}'::jsonb,'{"codigoAluno": "1195012", "inscricao": "219155", "censo": null, "beneficio": null, "nis": null, "pisResponsavel": null, "cpfOriginalAluno": "117.158.531-48", "cpfPersistidoNoCampoCpf": "117.158.531-48", "cpfDuplicadoNaPlanilha": false, "serie2024": null, "origemLinhaPlanilha": 182}'::jsonb,'[]'::jsonb,'{"usaTransporteEscolar": null, "nomeTransporte": null}'::jsonb,'{"turmaPlanilha": "Maternal 2", "professoraPlanilha": "Sabrina", "fonte": "DADOS PARA PLATAFORMA PEDAGÓGICA (1) (1).xlsx / Planilha1", "linhaPlanilha": 182, "raw": {"COD. ALUNO": "1195012", "INSCRIÇÃO": "219155", "NOME": "THOMAS OLIVEIRA TELES", "SEXO": "M", "NASC": "2022-09-17T00:00:00", "NACIONALIDADE": "BRASIL", "NATURALIDADE": "Brasilia", "UF": "DF", "CPF": "11715853148", "RAÇA": "PARDA", "CEP": "7266900", "TURMA": "Maternal 2", "PROFESSORA": "Sabrina"}}'::jsonb,TRUE,NOW(),NOW())
  ON CONFLICT (id) DO UPDATE SET "unitId"=v_unit_id, "firstName"=EXCLUDED."firstName", "lastName"=EXCLUDED."lastName", "dateOfBirth"=EXCLUDED."dateOfBirth", gender=EXCLUDED.gender, cpf=EXCLUDED.cpf, raca=EXCLUDED.raca, peso=EXCLUDED.peso, "bloodType"=EXCLUDED."bloodType", allergies=EXCLUDED.allergies, "medicalConditions"=EXCLUDED."medicalConditions", "usoImagem"=EXCLUDED."usoImagem", laudado=EXCLUDED.laudado, nis=EXCLUDED.nis, "codigoAluno"=EXCLUDED."codigoAluno", inscricao=EXCLUDED.inscricao, "nomeMae"=EXCLUDED."nomeMae", "nomePai"=EXCLUDED."nomePai", "celPai"=EXCLUDED."celPai", nacionalidade=EXCLUDED.nacionalidade, naturalidade=EXCLUDED.naturalidade, "ufNascimento"=EXCLUDED."ufNascimento", endereco=EXCLUDED.endereco, cep=EXCLUDED.cep, "dadosResponsaveis"=EXCLUDED."dadosResponsaveis", "documentosMatricula"=EXCLUDED."documentosMatricula", "autorizadosRetirada"=EXCLUDED."autorizadosRetirada", "transporteEscolar"=EXCLUDED."transporteEscolar", "fichaAdministrativa"=EXCLUDED."fichaAdministrativa", "isActive"=TRUE, "updatedAt"=NOW();
  INSERT INTO "Enrollment" (id,"childId","classroomId","enrollmentDate",status,"createdAt","updatedAt")
  VALUES ('seed_enr_' || 'seed_pelicano_child_1195012_thomas_oliveira_teles_seed_pelicano_class_pel_maternal_2_sabrina', 'seed_pelicano_child_1195012_thomas_oliveira_teles', 'seed_pelicano_class_pel_maternal_2_sabrina', '2026-02-01 12:00:00', 'ATIVA'::"EnrollmentStatus", NOW(), NOW())
  ON CONFLICT ("childId","classroomId") DO UPDATE SET status=EXCLUDED.status, "updatedAt"=NOW();
  -- Aluno: VICTORIA VALENTINA LOPES VEILLARD
  INSERT INTO "Child" (id,"mantenedoraId","unitId","firstName","lastName","dateOfBirth",gender,cpf,raca,peso,"bloodType",allergies,"medicalConditions","usoImagem",laudado,nis,"codigoAluno",inscricao,"nomeMae","nomePai","celPai",nacionalidade,naturalidade,"ufNascimento",endereco,cep,"dadosResponsaveis","documentosMatricula","autorizadosRetirada","transporteEscolar","fichaAdministrativa","isActive","createdAt","updatedAt")
  VALUES ('seed_pelicano_child_1240629_victoria_valentina_lopes_veillard',v_mantenedora_id,v_unit_id,'Victoria','Valentina Lopes Veillard','2022-07-22 12:00:00','FEMININO'::"Gender",'116.604.281-22','PARDA',NULL,NULL,NULL,NULL,NULL,NULL,NULL,'1240629','236867',NULL,'Ailton',NULL,'BRASIL','Brasilia','DF',NULL,'07266900','{"mae": {"nome": null, "cpf": null, "telefone": null}, "pai": {"nome": "Ailton", "cpf": null, "telefone": null}, "responsavelPrincipal": {"nome": "Ailton", "cpf": null, "parentesco": null, "identidade": null, "orgaoExpedidor": null, "telefone": null}, "enderecoResponsavel": null, "cepResponsavel": null, "escolaridade": null, "profissao": null, "numeroDependentes": null, "numeroPessoasCasa": null}'::jsonb,'{"codigoAluno": "1240629", "inscricao": "236867", "censo": null, "beneficio": null, "nis": null, "pisResponsavel": null, "cpfOriginalAluno": "116.604.281-22", "cpfPersistidoNoCampoCpf": "116.604.281-22", "cpfDuplicadoNaPlanilha": false, "serie2024": null, "origemLinhaPlanilha": 183}'::jsonb,'[]'::jsonb,'{"usaTransporteEscolar": null, "nomeTransporte": null}'::jsonb,'{"turmaPlanilha": "Maternal 2", "professoraPlanilha": "Shirlene", "fonte": "DADOS PARA PLATAFORMA PEDAGÓGICA (1) (1).xlsx / Planilha1", "linhaPlanilha": 183, "raw": {"COD. ALUNO": "1240629", "INSCRIÇÃO": "236867", "NOME": "VICTORIA VALENTINA LOPES VEILLARD", "SEXO": "F", "NASC": "2022-07-22T00:00:00", "NACIONALIDADE": "BRASIL", "NATURALIDADE": "Brasilia", "UF": "DF", "CPF": "11660428122", "RAÇA": "PARDA", "CEP": "7266900", "TURMA": "Maternal 2", "PROFESSORA": "Shirlene", "PAI": "Ailton"}}'::jsonb,TRUE,NOW(),NOW())
  ON CONFLICT (id) DO UPDATE SET "unitId"=v_unit_id, "firstName"=EXCLUDED."firstName", "lastName"=EXCLUDED."lastName", "dateOfBirth"=EXCLUDED."dateOfBirth", gender=EXCLUDED.gender, cpf=EXCLUDED.cpf, raca=EXCLUDED.raca, peso=EXCLUDED.peso, "bloodType"=EXCLUDED."bloodType", allergies=EXCLUDED.allergies, "medicalConditions"=EXCLUDED."medicalConditions", "usoImagem"=EXCLUDED."usoImagem", laudado=EXCLUDED.laudado, nis=EXCLUDED.nis, "codigoAluno"=EXCLUDED."codigoAluno", inscricao=EXCLUDED.inscricao, "nomeMae"=EXCLUDED."nomeMae", "nomePai"=EXCLUDED."nomePai", "celPai"=EXCLUDED."celPai", nacionalidade=EXCLUDED.nacionalidade, naturalidade=EXCLUDED.naturalidade, "ufNascimento"=EXCLUDED."ufNascimento", endereco=EXCLUDED.endereco, cep=EXCLUDED.cep, "dadosResponsaveis"=EXCLUDED."dadosResponsaveis", "documentosMatricula"=EXCLUDED."documentosMatricula", "autorizadosRetirada"=EXCLUDED."autorizadosRetirada", "transporteEscolar"=EXCLUDED."transporteEscolar", "fichaAdministrativa"=EXCLUDED."fichaAdministrativa", "isActive"=TRUE, "updatedAt"=NOW();
  INSERT INTO "Enrollment" (id,"childId","classroomId","enrollmentDate",status,"createdAt","updatedAt")
  VALUES ('seed_enr_' || 'seed_pelicano_child_1240629_victoria_valentina_lopes_veillard_seed_pelicano_class_pel_maternal_2_shi', 'seed_pelicano_child_1240629_victoria_valentina_lopes_veillard', 'seed_pelicano_class_pel_maternal_2_shirlene', '2026-02-01 12:00:00', 'ATIVA'::"EnrollmentStatus", NOW(), NOW())
  ON CONFLICT ("childId","classroomId") DO UPDATE SET status=EXCLUDED.status, "updatedAt"=NOW();
  -- Aluno: VINICIUS SOUSA OLIVEIRA
  INSERT INTO "Child" (id,"mantenedoraId","unitId","firstName","lastName","dateOfBirth",gender,cpf,raca,peso,"bloodType",allergies,"medicalConditions","usoImagem",laudado,nis,"codigoAluno",inscricao,"nomeMae","nomePai","celPai",nacionalidade,naturalidade,"ufNascimento",endereco,cep,"dadosResponsaveis","documentosMatricula","autorizadosRetirada","transporteEscolar","fichaAdministrativa","isActive","createdAt","updatedAt")
  VALUES ('seed_pelicano_child_1135519_vinicius_sousa_oliveira',v_mantenedora_id,v_unit_id,'Vinicius','Sousa Oliveira','2022-04-21 12:00:00','MASCULINO'::"Gender",'115.665.221-96','PARDA',NULL,NULL,NULL,NULL,NULL,NULL,NULL,'1135519','194907',NULL,'Belmirio',NULL,'BRASIL','Brasilia','DF',NULL,'07266900','{"mae": {"nome": null, "cpf": null, "telefone": null}, "pai": {"nome": "Belmirio", "cpf": null, "telefone": null}, "responsavelPrincipal": {"nome": "Belmirio", "cpf": null, "parentesco": null, "identidade": null, "orgaoExpedidor": null, "telefone": null}, "enderecoResponsavel": null, "cepResponsavel": null, "escolaridade": null, "profissao": null, "numeroDependentes": null, "numeroPessoasCasa": null}'::jsonb,'{"codigoAluno": "1135519", "inscricao": "194907", "censo": null, "beneficio": null, "nis": null, "pisResponsavel": null, "cpfOriginalAluno": "115.665.221-96", "cpfPersistidoNoCampoCpf": "115.665.221-96", "cpfDuplicadoNaPlanilha": false, "serie2024": null, "origemLinhaPlanilha": 184}'::jsonb,'[]'::jsonb,'{"usaTransporteEscolar": null, "nomeTransporte": null}'::jsonb,'{"turmaPlanilha": "Maternal 2", "professoraPlanilha": "Shirlene", "fonte": "DADOS PARA PLATAFORMA PEDAGÓGICA (1) (1).xlsx / Planilha1", "linhaPlanilha": 184, "raw": {"COD. ALUNO": "1135519", "INSCRIÇÃO": "194907", "NOME": "VINICIUS SOUSA OLIVEIRA", "SEXO": "M", "NASC": "2022-04-21T00:00:00", "NACIONALIDADE": "BRASIL", "NATURALIDADE": "Brasilia", "UF": "DF", "CPF": "11566522196", "RAÇA": "PARDA", "CEP": "7266900", "TURMA": "Maternal 2", "PROFESSORA": "Shirlene", "PAI": "Belmirio"}}'::jsonb,TRUE,NOW(),NOW())
  ON CONFLICT (id) DO UPDATE SET "unitId"=v_unit_id, "firstName"=EXCLUDED."firstName", "lastName"=EXCLUDED."lastName", "dateOfBirth"=EXCLUDED."dateOfBirth", gender=EXCLUDED.gender, cpf=EXCLUDED.cpf, raca=EXCLUDED.raca, peso=EXCLUDED.peso, "bloodType"=EXCLUDED."bloodType", allergies=EXCLUDED.allergies, "medicalConditions"=EXCLUDED."medicalConditions", "usoImagem"=EXCLUDED."usoImagem", laudado=EXCLUDED.laudado, nis=EXCLUDED.nis, "codigoAluno"=EXCLUDED."codigoAluno", inscricao=EXCLUDED.inscricao, "nomeMae"=EXCLUDED."nomeMae", "nomePai"=EXCLUDED."nomePai", "celPai"=EXCLUDED."celPai", nacionalidade=EXCLUDED.nacionalidade, naturalidade=EXCLUDED.naturalidade, "ufNascimento"=EXCLUDED."ufNascimento", endereco=EXCLUDED.endereco, cep=EXCLUDED.cep, "dadosResponsaveis"=EXCLUDED."dadosResponsaveis", "documentosMatricula"=EXCLUDED."documentosMatricula", "autorizadosRetirada"=EXCLUDED."autorizadosRetirada", "transporteEscolar"=EXCLUDED."transporteEscolar", "fichaAdministrativa"=EXCLUDED."fichaAdministrativa", "isActive"=TRUE, "updatedAt"=NOW();
  INSERT INTO "Enrollment" (id,"childId","classroomId","enrollmentDate",status,"createdAt","updatedAt")
  VALUES ('seed_enr_' || 'seed_pelicano_child_1135519_vinicius_sousa_oliveira_seed_pelicano_class_pel_maternal_2_shirlene', 'seed_pelicano_child_1135519_vinicius_sousa_oliveira', 'seed_pelicano_class_pel_maternal_2_shirlene', '2026-02-01 12:00:00', 'ATIVA'::"EnrollmentStatus", NOW(), NOW())
  ON CONFLICT ("childId","classroomId") DO UPDATE SET status=EXCLUDED.status, "updatedAt"=NOW();
  -- Aluno: ZAYA SOPHIA SANTIAGO ASSUNCAO
  INSERT INTO "Child" (id,"mantenedoraId","unitId","firstName","lastName","dateOfBirth",gender,cpf,raca,peso,"bloodType",allergies,"medicalConditions","usoImagem",laudado,nis,"codigoAluno",inscricao,"nomeMae","nomePai","celPai",nacionalidade,naturalidade,"ufNascimento",endereco,cep,"dadosResponsaveis","documentosMatricula","autorizadosRetirada","transporteEscolar","fichaAdministrativa","isActive","createdAt","updatedAt")
  VALUES ('seed_pelicano_child_1263156_zaya_sophia_santiago_assuncao',v_mantenedora_id,v_unit_id,'Zaya','Sophia Santiago Assuncao','2022-12-04 12:00:00','FEMININO'::"Gender",'117.917.421-65','PARDA',NULL,NULL,NULL,NULL,NULL,NULL,NULL,'1263156','249453',NULL,'Diego',NULL,'BRASIL','Brasilia','DF',NULL,'07266900','{"mae": {"nome": null, "cpf": null, "telefone": null}, "pai": {"nome": "Diego", "cpf": null, "telefone": null}, "responsavelPrincipal": {"nome": "Diego", "cpf": null, "parentesco": null, "identidade": null, "orgaoExpedidor": null, "telefone": null}, "enderecoResponsavel": null, "cepResponsavel": null, "escolaridade": null, "profissao": null, "numeroDependentes": null, "numeroPessoasCasa": null}'::jsonb,'{"codigoAluno": "1263156", "inscricao": "249453", "censo": null, "beneficio": null, "nis": null, "pisResponsavel": null, "cpfOriginalAluno": "117.917.421-65", "cpfPersistidoNoCampoCpf": "117.917.421-65", "cpfDuplicadoNaPlanilha": false, "serie2024": null, "origemLinhaPlanilha": 185}'::jsonb,'[]'::jsonb,'{"usaTransporteEscolar": null, "nomeTransporte": null}'::jsonb,'{"turmaPlanilha": "Maternal 2", "professoraPlanilha": "Salete", "fonte": "DADOS PARA PLATAFORMA PEDAGÓGICA (1) (1).xlsx / Planilha1", "linhaPlanilha": 185, "raw": {"COD. ALUNO": "1263156", "INSCRIÇÃO": "249453", "NOME": "ZAYA SOPHIA SANTIAGO ASSUNCAO", "SEXO": "F", "NASC": "2022-12-04T00:00:00", "NACIONALIDADE": "BRASIL", "NATURALIDADE": "Brasilia", "UF": "DF", "CPF": "11791742165", "RAÇA": "PARDA", "CEP": "7266900", "TURMA": "Maternal 2", "PROFESSORA": "Salete", "PAI": "Diego"}}'::jsonb,TRUE,NOW(),NOW())
  ON CONFLICT (id) DO UPDATE SET "unitId"=v_unit_id, "firstName"=EXCLUDED."firstName", "lastName"=EXCLUDED."lastName", "dateOfBirth"=EXCLUDED."dateOfBirth", gender=EXCLUDED.gender, cpf=EXCLUDED.cpf, raca=EXCLUDED.raca, peso=EXCLUDED.peso, "bloodType"=EXCLUDED."bloodType", allergies=EXCLUDED.allergies, "medicalConditions"=EXCLUDED."medicalConditions", "usoImagem"=EXCLUDED."usoImagem", laudado=EXCLUDED.laudado, nis=EXCLUDED.nis, "codigoAluno"=EXCLUDED."codigoAluno", inscricao=EXCLUDED.inscricao, "nomeMae"=EXCLUDED."nomeMae", "nomePai"=EXCLUDED."nomePai", "celPai"=EXCLUDED."celPai", nacionalidade=EXCLUDED.nacionalidade, naturalidade=EXCLUDED.naturalidade, "ufNascimento"=EXCLUDED."ufNascimento", endereco=EXCLUDED.endereco, cep=EXCLUDED.cep, "dadosResponsaveis"=EXCLUDED."dadosResponsaveis", "documentosMatricula"=EXCLUDED."documentosMatricula", "autorizadosRetirada"=EXCLUDED."autorizadosRetirada", "transporteEscolar"=EXCLUDED."transporteEscolar", "fichaAdministrativa"=EXCLUDED."fichaAdministrativa", "isActive"=TRUE, "updatedAt"=NOW();
  INSERT INTO "Enrollment" (id,"childId","classroomId","enrollmentDate",status,"createdAt","updatedAt")
  VALUES ('seed_enr_' || 'seed_pelicano_child_1263156_zaya_sophia_santiago_assuncao_seed_pelicano_class_pel_maternal_2_salete', 'seed_pelicano_child_1263156_zaya_sophia_santiago_assuncao', 'seed_pelicano_class_pel_maternal_2_salete', '2026-02-01 12:00:00', 'ATIVA'::"EnrollmentStatus", NOW(), NOW())
  ON CONFLICT ("childId","classroomId") DO UPDATE SET status=EXCLUDED.status, "updatedAt"=NOW();
  -- Aluno: AGAHTA SOPHYA ALVES MATIAS DE SOUSA
  INSERT INTO "Child" (id,"mantenedoraId","unitId","firstName","lastName","dateOfBirth",gender,cpf,raca,peso,"bloodType",allergies,"medicalConditions","usoImagem",laudado,nis,"codigoAluno",inscricao,"nomeMae","nomePai","celPai",nacionalidade,naturalidade,"ufNascimento",endereco,cep,"dadosResponsaveis","documentosMatricula","autorizadosRetirada","transporteEscolar","fichaAdministrativa","isActive","createdAt","updatedAt")
  VALUES ('seed_pelicano_child_row186_agahta_sophya_alves_matias_de_sousa',v_mantenedora_id,v_unit_id,'Agahta','Sophya Alves Matias De Sousa','2021-08-11 12:00:00','FEMININO'::"Gender",'113.353.971-83','PARDA',NULL,NULL,NULL,NULL,NULL,NULL,NULL,NULL,NULL,NULL,NULL,NULL,'BRASIL','Brasilia','DF',NULL,NULL,'{"mae": {"nome": null, "cpf": null, "telefone": null}, "pai": {"nome": null, "cpf": null, "telefone": null}, "responsavelPrincipal": {"nome": null, "cpf": null, "parentesco": null, "identidade": null, "orgaoExpedidor": null, "telefone": null}, "enderecoResponsavel": null, "cepResponsavel": null, "escolaridade": null, "profissao": null, "numeroDependentes": null, "numeroPessoasCasa": null}'::jsonb,'{"codigoAluno": null, "inscricao": null, "censo": null, "beneficio": null, "nis": null, "pisResponsavel": null, "cpfOriginalAluno": "113.353.971-83", "cpfPersistidoNoCampoCpf": "113.353.971-83", "cpfDuplicadoNaPlanilha": false, "serie2024": null, "origemLinhaPlanilha": 186}'::jsonb,'[]'::jsonb,'{"usaTransporteEscolar": null, "nomeTransporte": null}'::jsonb,'{"turmaPlanilha": "I PERÍODO", "professoraPlanilha": "Priscila", "fonte": "DADOS PARA PLATAFORMA PEDAGÓGICA (1) (1).xlsx / Planilha1", "linhaPlanilha": 186, "raw": {"NOME": "AGAHTA SOPHYA ALVES MATIAS DE SOUSA", "SEXO": "F", "NASC": "2021-08-11T00:00:00", "NACIONALIDADE": "BRASIL", "NATURALIDADE": "Brasilia", "UF": "DF", "CPF": "11335397183", "RAÇA": "PARDA", "TURMA": "I PERÍODO", "PROFESSORA": "Priscila"}}'::jsonb,TRUE,NOW(),NOW())
  ON CONFLICT (id) DO UPDATE SET "unitId"=v_unit_id, "firstName"=EXCLUDED."firstName", "lastName"=EXCLUDED."lastName", "dateOfBirth"=EXCLUDED."dateOfBirth", gender=EXCLUDED.gender, cpf=EXCLUDED.cpf, raca=EXCLUDED.raca, peso=EXCLUDED.peso, "bloodType"=EXCLUDED."bloodType", allergies=EXCLUDED.allergies, "medicalConditions"=EXCLUDED."medicalConditions", "usoImagem"=EXCLUDED."usoImagem", laudado=EXCLUDED.laudado, nis=EXCLUDED.nis, "codigoAluno"=EXCLUDED."codigoAluno", inscricao=EXCLUDED.inscricao, "nomeMae"=EXCLUDED."nomeMae", "nomePai"=EXCLUDED."nomePai", "celPai"=EXCLUDED."celPai", nacionalidade=EXCLUDED.nacionalidade, naturalidade=EXCLUDED.naturalidade, "ufNascimento"=EXCLUDED."ufNascimento", endereco=EXCLUDED.endereco, cep=EXCLUDED.cep, "dadosResponsaveis"=EXCLUDED."dadosResponsaveis", "documentosMatricula"=EXCLUDED."documentosMatricula", "autorizadosRetirada"=EXCLUDED."autorizadosRetirada", "transporteEscolar"=EXCLUDED."transporteEscolar", "fichaAdministrativa"=EXCLUDED."fichaAdministrativa", "isActive"=TRUE, "updatedAt"=NOW();
  INSERT INTO "Enrollment" (id,"childId","classroomId","enrollmentDate",status,"createdAt","updatedAt")
  VALUES ('seed_enr_' || 'seed_pelicano_child_row186_agahta_sophya_alves_matias_de_sousa_seed_pelicano_class_pel_i_periodo_pri', 'seed_pelicano_child_row186_agahta_sophya_alves_matias_de_sousa', 'seed_pelicano_class_pel_i_periodo_priscila', '2026-02-01 12:00:00', 'ATIVA'::"EnrollmentStatus", NOW(), NOW())
  ON CONFLICT ("childId","classroomId") DO UPDATE SET status=EXCLUDED.status, "updatedAt"=NOW();
  -- Aluno: AGNE SOPHIA SOUZA TAVARES
  INSERT INTO "Child" (id,"mantenedoraId","unitId","firstName","lastName","dateOfBirth",gender,cpf,raca,peso,"bloodType",allergies,"medicalConditions","usoImagem",laudado,nis,"codigoAluno",inscricao,"nomeMae","nomePai","celPai",nacionalidade,naturalidade,"ufNascimento",endereco,cep,"dadosResponsaveis","documentosMatricula","autorizadosRetirada","transporteEscolar","fichaAdministrativa","isActive","createdAt","updatedAt")
  VALUES ('seed_pelicano_child_row187_agne_sophia_souza_tavares',v_mantenedora_id,v_unit_id,'Agne','Sophia Souza Tavares','2021-10-12 12:00:00','FEMININO'::"Gender",NULL,'PARDA',NULL,NULL,NULL,NULL,NULL,NULL,NULL,NULL,NULL,NULL,NULL,NULL,'BRASIL','Brasilia','DF',NULL,NULL,'{"mae": {"nome": null, "cpf": null, "telefone": null}, "pai": {"nome": null, "cpf": null, "telefone": null}, "responsavelPrincipal": {"nome": null, "cpf": null, "parentesco": null, "identidade": null, "orgaoExpedidor": null, "telefone": null}, "enderecoResponsavel": null, "cepResponsavel": null, "escolaridade": null, "profissao": null, "numeroDependentes": null, "numeroPessoasCasa": null}'::jsonb,'{"codigoAluno": null, "inscricao": null, "censo": null, "beneficio": null, "nis": null, "pisResponsavel": null, "cpfOriginalAluno": "113.353.971-83", "cpfPersistidoNoCampoCpf": null, "cpfDuplicadoNaPlanilha": true, "serie2024": null, "origemLinhaPlanilha": 187}'::jsonb,'[]'::jsonb,'{"usaTransporteEscolar": null, "nomeTransporte": null}'::jsonb,'{"turmaPlanilha": "I PERÍODO", "professoraPlanilha": "Danielle", "fonte": "DADOS PARA PLATAFORMA PEDAGÓGICA (1) (1).xlsx / Planilha1", "linhaPlanilha": 187, "raw": {"NOME": "AGNE SOPHIA SOUZA TAVARES", "SEXO": "F", "NASC": "2021-10-12T00:00:00", "NACIONALIDADE": "BRASIL", "NATURALIDADE": "Brasilia", "UF": "DF", "CPF": "11335397183", "RAÇA": "PARDA", "TURMA": "I PERÍODO", "PROFESSORA": "Danielle"}}'::jsonb,TRUE,NOW(),NOW())
  ON CONFLICT (id) DO UPDATE SET "unitId"=v_unit_id, "firstName"=EXCLUDED."firstName", "lastName"=EXCLUDED."lastName", "dateOfBirth"=EXCLUDED."dateOfBirth", gender=EXCLUDED.gender, cpf=EXCLUDED.cpf, raca=EXCLUDED.raca, peso=EXCLUDED.peso, "bloodType"=EXCLUDED."bloodType", allergies=EXCLUDED.allergies, "medicalConditions"=EXCLUDED."medicalConditions", "usoImagem"=EXCLUDED."usoImagem", laudado=EXCLUDED.laudado, nis=EXCLUDED.nis, "codigoAluno"=EXCLUDED."codigoAluno", inscricao=EXCLUDED.inscricao, "nomeMae"=EXCLUDED."nomeMae", "nomePai"=EXCLUDED."nomePai", "celPai"=EXCLUDED."celPai", nacionalidade=EXCLUDED.nacionalidade, naturalidade=EXCLUDED.naturalidade, "ufNascimento"=EXCLUDED."ufNascimento", endereco=EXCLUDED.endereco, cep=EXCLUDED.cep, "dadosResponsaveis"=EXCLUDED."dadosResponsaveis", "documentosMatricula"=EXCLUDED."documentosMatricula", "autorizadosRetirada"=EXCLUDED."autorizadosRetirada", "transporteEscolar"=EXCLUDED."transporteEscolar", "fichaAdministrativa"=EXCLUDED."fichaAdministrativa", "isActive"=TRUE, "updatedAt"=NOW();
  INSERT INTO "Enrollment" (id,"childId","classroomId","enrollmentDate",status,"createdAt","updatedAt")
  VALUES ('seed_enr_' || 'seed_pelicano_child_row187_agne_sophia_souza_tavares_seed_pelicano_class_pel_i_periodo_danielle', 'seed_pelicano_child_row187_agne_sophia_souza_tavares', 'seed_pelicano_class_pel_i_periodo_danielle', '2026-02-01 12:00:00', 'ATIVA'::"EnrollmentStatus", NOW(), NOW())
  ON CONFLICT ("childId","classroomId") DO UPDATE SET status=EXCLUDED.status, "updatedAt"=NOW();
  -- Aluno: ALEX ALVES DOS SANTOS JUNIOR
  INSERT INTO "Child" (id,"mantenedoraId","unitId","firstName","lastName","dateOfBirth",gender,cpf,raca,peso,"bloodType",allergies,"medicalConditions","usoImagem",laudado,nis,"codigoAluno",inscricao,"nomeMae","nomePai","celPai",nacionalidade,naturalidade,"ufNascimento",endereco,cep,"dadosResponsaveis","documentosMatricula","autorizadosRetirada","transporteEscolar","fichaAdministrativa","isActive","createdAt","updatedAt")
  VALUES ('seed_pelicano_child_row188_alex_alves_dos_santos_junior',v_mantenedora_id,v_unit_id,'Alex','Alves Dos Santos Junior','2021-05-16 12:00:00','MASCULINO'::"Gender",'111.676.581-08','PARDA',NULL,NULL,NULL,NULL,NULL,NULL,NULL,NULL,NULL,NULL,NULL,NULL,'BRASIL','Brasilia','DF',NULL,NULL,'{"mae": {"nome": null, "cpf": null, "telefone": null}, "pai": {"nome": null, "cpf": null, "telefone": null}, "responsavelPrincipal": {"nome": null, "cpf": null, "parentesco": null, "identidade": null, "orgaoExpedidor": null, "telefone": null}, "enderecoResponsavel": null, "cepResponsavel": null, "escolaridade": null, "profissao": null, "numeroDependentes": null, "numeroPessoasCasa": null}'::jsonb,'{"codigoAluno": null, "inscricao": null, "censo": null, "beneficio": null, "nis": null, "pisResponsavel": null, "cpfOriginalAluno": "111.676.581-08", "cpfPersistidoNoCampoCpf": "111.676.581-08", "cpfDuplicadoNaPlanilha": false, "serie2024": null, "origemLinhaPlanilha": 188}'::jsonb,'[]'::jsonb,'{"usaTransporteEscolar": null, "nomeTransporte": null}'::jsonb,'{"turmaPlanilha": "I PERÍODO", "professoraPlanilha": "Danielle", "fonte": "DADOS PARA PLATAFORMA PEDAGÓGICA (1) (1).xlsx / Planilha1", "linhaPlanilha": 188, "raw": {"NOME": "ALEX ALVES DOS SANTOS JUNIOR", "SEXO": "M", "NASC": "2021-05-16T00:00:00", "NACIONALIDADE": "BRASIL", "NATURALIDADE": "Brasilia", "UF": "DF", "CPF": "11167658108", "RAÇA": "PARDA", "TURMA": "I PERÍODO", "PROFESSORA": "Danielle"}}'::jsonb,TRUE,NOW(),NOW())
  ON CONFLICT (id) DO UPDATE SET "unitId"=v_unit_id, "firstName"=EXCLUDED."firstName", "lastName"=EXCLUDED."lastName", "dateOfBirth"=EXCLUDED."dateOfBirth", gender=EXCLUDED.gender, cpf=EXCLUDED.cpf, raca=EXCLUDED.raca, peso=EXCLUDED.peso, "bloodType"=EXCLUDED."bloodType", allergies=EXCLUDED.allergies, "medicalConditions"=EXCLUDED."medicalConditions", "usoImagem"=EXCLUDED."usoImagem", laudado=EXCLUDED.laudado, nis=EXCLUDED.nis, "codigoAluno"=EXCLUDED."codigoAluno", inscricao=EXCLUDED.inscricao, "nomeMae"=EXCLUDED."nomeMae", "nomePai"=EXCLUDED."nomePai", "celPai"=EXCLUDED."celPai", nacionalidade=EXCLUDED.nacionalidade, naturalidade=EXCLUDED.naturalidade, "ufNascimento"=EXCLUDED."ufNascimento", endereco=EXCLUDED.endereco, cep=EXCLUDED.cep, "dadosResponsaveis"=EXCLUDED."dadosResponsaveis", "documentosMatricula"=EXCLUDED."documentosMatricula", "autorizadosRetirada"=EXCLUDED."autorizadosRetirada", "transporteEscolar"=EXCLUDED."transporteEscolar", "fichaAdministrativa"=EXCLUDED."fichaAdministrativa", "isActive"=TRUE, "updatedAt"=NOW();
  INSERT INTO "Enrollment" (id,"childId","classroomId","enrollmentDate",status,"createdAt","updatedAt")
  VALUES ('seed_enr_' || 'seed_pelicano_child_row188_alex_alves_dos_santos_junior_seed_pelicano_class_pel_i_periodo_danielle', 'seed_pelicano_child_row188_alex_alves_dos_santos_junior', 'seed_pelicano_class_pel_i_periodo_danielle', '2026-02-01 12:00:00', 'ATIVA'::"EnrollmentStatus", NOW(), NOW())
  ON CONFLICT ("childId","classroomId") DO UPDATE SET status=EXCLUDED.status, "updatedAt"=NOW();
  -- Aluno: ALICE AMANCIO ALVES DA LUZ
  INSERT INTO "Child" (id,"mantenedoraId","unitId","firstName","lastName","dateOfBirth",gender,cpf,raca,peso,"bloodType",allergies,"medicalConditions","usoImagem",laudado,nis,"codigoAluno",inscricao,"nomeMae","nomePai","celPai",nacionalidade,naturalidade,"ufNascimento",endereco,cep,"dadosResponsaveis","documentosMatricula","autorizadosRetirada","transporteEscolar","fichaAdministrativa","isActive","createdAt","updatedAt")
  VALUES ('seed_pelicano_child_row189_alice_amancio_alves_da_luz',v_mantenedora_id,v_unit_id,'Alice','Amancio Alves Da Luz','2021-04-20 12:00:00','FEMININO'::"Gender",'111.403.531-95','PARDA','14kg','A+',NULL,NULL,NULL,NULL,NULL,NULL,NULL,'Daniela','Wesio',NULL,'BRASIL','Brasilia','DF',NULL,NULL,'{"mae": {"nome": "Daniela", "cpf": null, "telefone": null}, "pai": {"nome": "Wesio", "cpf": "070.434.211-09", "telefone": null}, "responsavelPrincipal": {"nome": "Daniela", "cpf": "070.434.211-09", "parentesco": "Mãe", "identidade": "4288026", "orgaoExpedidor": "SSP DF", "telefone": null}, "enderecoResponsavel": null, "cepResponsavel": null, "escolaridade": "Ensino Médio Completo", "profissao": "Executivo de Vendas", "numeroDependentes": null, "numeroPessoasCasa": null}'::jsonb,'{"codigoAluno": null, "inscricao": null, "censo": null, "beneficio": null, "nis": null, "pisResponsavel": "13413678069", "cpfOriginalAluno": "111.403.531-95", "cpfPersistidoNoCampoCpf": "111.403.531-95", "cpfDuplicadoNaPlanilha": false, "serie2024": null, "origemLinhaPlanilha": 189}'::jsonb,'[]'::jsonb,'{"usaTransporteEscolar": null, "nomeTransporte": null}'::jsonb,'{"turmaPlanilha": "I PERÍODO", "professoraPlanilha": "Priscila", "fonte": "DADOS PARA PLATAFORMA PEDAGÓGICA (1) (1).xlsx / Planilha1", "linhaPlanilha": 189, "raw": {"NOME": "ALICE AMANCIO ALVES DA LUZ", "SEXO": "F", "NASC": "2021-04-20T00:00:00", "NACIONALIDADE": "BRASIL", "NATURALIDADE": "Brasilia", "UF": "DF", "CPF": "11140353195", "RAÇA": "PARDA", "PESO": "14kg", "TIPAGEM SANGUINEA": "A+", "TURMA": "I PERÍODO", "PROFESSORA": "Priscila", "MÃE": "Daniela", "PAI": "Wesio", "RESPONSÁVEL_2": "Daniela", "PARENTESCO": "Mãe", "IDENTIDADE RESP": "4288026", "ORG. EXPEDITOR": "SSP DF", "CPF_3": "7043421109", "Nº DO PIS": "13413678069", "NASCIMENTO": "1997-05-13T00:00:00", "TE. TRABALHO": "61996367915", "ESCOLARIDADE": "Ensino Médio Completo", "PROFISSÃO": "Executivo de Vendas"}}'::jsonb,TRUE,NOW(),NOW())
  ON CONFLICT (id) DO UPDATE SET "unitId"=v_unit_id, "firstName"=EXCLUDED."firstName", "lastName"=EXCLUDED."lastName", "dateOfBirth"=EXCLUDED."dateOfBirth", gender=EXCLUDED.gender, cpf=EXCLUDED.cpf, raca=EXCLUDED.raca, peso=EXCLUDED.peso, "bloodType"=EXCLUDED."bloodType", allergies=EXCLUDED.allergies, "medicalConditions"=EXCLUDED."medicalConditions", "usoImagem"=EXCLUDED."usoImagem", laudado=EXCLUDED.laudado, nis=EXCLUDED.nis, "codigoAluno"=EXCLUDED."codigoAluno", inscricao=EXCLUDED.inscricao, "nomeMae"=EXCLUDED."nomeMae", "nomePai"=EXCLUDED."nomePai", "celPai"=EXCLUDED."celPai", nacionalidade=EXCLUDED.nacionalidade, naturalidade=EXCLUDED.naturalidade, "ufNascimento"=EXCLUDED."ufNascimento", endereco=EXCLUDED.endereco, cep=EXCLUDED.cep, "dadosResponsaveis"=EXCLUDED."dadosResponsaveis", "documentosMatricula"=EXCLUDED."documentosMatricula", "autorizadosRetirada"=EXCLUDED."autorizadosRetirada", "transporteEscolar"=EXCLUDED."transporteEscolar", "fichaAdministrativa"=EXCLUDED."fichaAdministrativa", "isActive"=TRUE, "updatedAt"=NOW();
  INSERT INTO "Enrollment" (id,"childId","classroomId","enrollmentDate",status,"createdAt","updatedAt")
  VALUES ('seed_enr_' || 'seed_pelicano_child_row189_alice_amancio_alves_da_luz_seed_pelicano_class_pel_i_periodo_priscila', 'seed_pelicano_child_row189_alice_amancio_alves_da_luz', 'seed_pelicano_class_pel_i_periodo_priscila', '2026-02-01 12:00:00', 'ATIVA'::"EnrollmentStatus", NOW(), NOW())
  ON CONFLICT ("childId","classroomId") DO UPDATE SET status=EXCLUDED.status, "updatedAt"=NOW();
  -- Aluno: ALICE SILVA PEREIRA
  INSERT INTO "Child" (id,"mantenedoraId","unitId","firstName","lastName","dateOfBirth",gender,cpf,raca,peso,"bloodType",allergies,"medicalConditions","usoImagem",laudado,nis,"codigoAluno",inscricao,"nomeMae","nomePai","celPai",nacionalidade,naturalidade,"ufNascimento",endereco,cep,"dadosResponsaveis","documentosMatricula","autorizadosRetirada","transporteEscolar","fichaAdministrativa","isActive","createdAt","updatedAt")
  VALUES ('seed_pelicano_child_row190_alice_silva_pereira',v_mantenedora_id,v_unit_id,'Alice','Silva Pereira','2021-05-24 12:00:00','FEMININO'::"Gender",'111.768.751-16','PARDA',NULL,NULL,NULL,NULL,NULL,NULL,NULL,NULL,NULL,NULL,NULL,NULL,'BRASIL','Brasilia','DF',NULL,NULL,'{"mae": {"nome": null, "cpf": null, "telefone": null}, "pai": {"nome": null, "cpf": null, "telefone": null}, "responsavelPrincipal": {"nome": null, "cpf": null, "parentesco": null, "identidade": null, "orgaoExpedidor": null, "telefone": null}, "enderecoResponsavel": null, "cepResponsavel": null, "escolaridade": null, "profissao": null, "numeroDependentes": null, "numeroPessoasCasa": null}'::jsonb,'{"codigoAluno": null, "inscricao": null, "censo": null, "beneficio": null, "nis": null, "pisResponsavel": null, "cpfOriginalAluno": "111.768.751-16", "cpfPersistidoNoCampoCpf": "111.768.751-16", "cpfDuplicadoNaPlanilha": false, "serie2024": null, "origemLinhaPlanilha": 190}'::jsonb,'[]'::jsonb,'{"usaTransporteEscolar": null, "nomeTransporte": null}'::jsonb,'{"turmaPlanilha": "I PERÍODO", "professoraPlanilha": "Priscila", "fonte": "DADOS PARA PLATAFORMA PEDAGÓGICA (1) (1).xlsx / Planilha1", "linhaPlanilha": 190, "raw": {"NOME": "ALICE SILVA PEREIRA", "SEXO": "F", "NASC": "2021-05-24T00:00:00", "NACIONALIDADE": "BRASIL", "NATURALIDADE": "Brasilia", "UF": "DF", "CPF": "11176875116", "RAÇA": "PARDA", "TURMA": "I PERÍODO", "PROFESSORA": "Priscila"}}'::jsonb,TRUE,NOW(),NOW())
  ON CONFLICT (id) DO UPDATE SET "unitId"=v_unit_id, "firstName"=EXCLUDED."firstName", "lastName"=EXCLUDED."lastName", "dateOfBirth"=EXCLUDED."dateOfBirth", gender=EXCLUDED.gender, cpf=EXCLUDED.cpf, raca=EXCLUDED.raca, peso=EXCLUDED.peso, "bloodType"=EXCLUDED."bloodType", allergies=EXCLUDED.allergies, "medicalConditions"=EXCLUDED."medicalConditions", "usoImagem"=EXCLUDED."usoImagem", laudado=EXCLUDED.laudado, nis=EXCLUDED.nis, "codigoAluno"=EXCLUDED."codigoAluno", inscricao=EXCLUDED.inscricao, "nomeMae"=EXCLUDED."nomeMae", "nomePai"=EXCLUDED."nomePai", "celPai"=EXCLUDED."celPai", nacionalidade=EXCLUDED.nacionalidade, naturalidade=EXCLUDED.naturalidade, "ufNascimento"=EXCLUDED."ufNascimento", endereco=EXCLUDED.endereco, cep=EXCLUDED.cep, "dadosResponsaveis"=EXCLUDED."dadosResponsaveis", "documentosMatricula"=EXCLUDED."documentosMatricula", "autorizadosRetirada"=EXCLUDED."autorizadosRetirada", "transporteEscolar"=EXCLUDED."transporteEscolar", "fichaAdministrativa"=EXCLUDED."fichaAdministrativa", "isActive"=TRUE, "updatedAt"=NOW();
  INSERT INTO "Enrollment" (id,"childId","classroomId","enrollmentDate",status,"createdAt","updatedAt")
  VALUES ('seed_enr_' || 'seed_pelicano_child_row190_alice_silva_pereira_seed_pelicano_class_pel_i_periodo_priscila', 'seed_pelicano_child_row190_alice_silva_pereira', 'seed_pelicano_class_pel_i_periodo_priscila', '2026-02-01 12:00:00', 'ATIVA'::"EnrollmentStatus", NOW(), NOW())
  ON CONFLICT ("childId","classroomId") DO UPDATE SET status=EXCLUDED.status, "updatedAt"=NOW();
  -- Aluno: ANA VITORIA VIRGULINO NUNES
  INSERT INTO "Child" (id,"mantenedoraId","unitId","firstName","lastName","dateOfBirth",gender,cpf,raca,peso,"bloodType",allergies,"medicalConditions","usoImagem",laudado,nis,"codigoAluno",inscricao,"nomeMae","nomePai","celPai",nacionalidade,naturalidade,"ufNascimento",endereco,cep,"dadosResponsaveis","documentosMatricula","autorizadosRetirada","transporteEscolar","fichaAdministrativa","isActive","createdAt","updatedAt")
  VALUES ('seed_pelicano_child_row191_ana_vitoria_virgulino_nunes',v_mantenedora_id,v_unit_id,'Ana','Vitoria Virgulino Nunes','2022-01-28 12:00:00','FEMININO'::"Gender",'114.681.891-23','PARDA',NULL,NULL,NULL,NULL,NULL,NULL,NULL,NULL,NULL,NULL,NULL,NULL,'BRASIL','Brasilia','DF',NULL,NULL,'{"mae": {"nome": null, "cpf": null, "telefone": null}, "pai": {"nome": null, "cpf": null, "telefone": null}, "responsavelPrincipal": {"nome": null, "cpf": null, "parentesco": null, "identidade": null, "orgaoExpedidor": null, "telefone": null}, "enderecoResponsavel": null, "cepResponsavel": null, "escolaridade": null, "profissao": null, "numeroDependentes": null, "numeroPessoasCasa": null}'::jsonb,'{"codigoAluno": null, "inscricao": null, "censo": null, "beneficio": null, "nis": null, "pisResponsavel": null, "cpfOriginalAluno": "114.681.891-23", "cpfPersistidoNoCampoCpf": "114.681.891-23", "cpfDuplicadoNaPlanilha": false, "serie2024": null, "origemLinhaPlanilha": 191}'::jsonb,'[]'::jsonb,'{"usaTransporteEscolar": null, "nomeTransporte": null}'::jsonb,'{"turmaPlanilha": "I PERÍODO", "professoraPlanilha": "Cliciane", "fonte": "DADOS PARA PLATAFORMA PEDAGÓGICA (1) (1).xlsx / Planilha1", "linhaPlanilha": 191, "raw": {"NOME": "ANA VITORIA VIRGULINO NUNES", "SEXO": "F", "NASC": "2022-01-28T00:00:00", "NACIONALIDADE": "BRASIL", "NATURALIDADE": "Brasilia", "UF": "DF", "CPF": "11468189123", "RAÇA": "PARDA", "TURMA": "I PERÍODO", "PROFESSORA": "Cliciane"}}'::jsonb,TRUE,NOW(),NOW())
  ON CONFLICT (id) DO UPDATE SET "unitId"=v_unit_id, "firstName"=EXCLUDED."firstName", "lastName"=EXCLUDED."lastName", "dateOfBirth"=EXCLUDED."dateOfBirth", gender=EXCLUDED.gender, cpf=EXCLUDED.cpf, raca=EXCLUDED.raca, peso=EXCLUDED.peso, "bloodType"=EXCLUDED."bloodType", allergies=EXCLUDED.allergies, "medicalConditions"=EXCLUDED."medicalConditions", "usoImagem"=EXCLUDED."usoImagem", laudado=EXCLUDED.laudado, nis=EXCLUDED.nis, "codigoAluno"=EXCLUDED."codigoAluno", inscricao=EXCLUDED.inscricao, "nomeMae"=EXCLUDED."nomeMae", "nomePai"=EXCLUDED."nomePai", "celPai"=EXCLUDED."celPai", nacionalidade=EXCLUDED.nacionalidade, naturalidade=EXCLUDED.naturalidade, "ufNascimento"=EXCLUDED."ufNascimento", endereco=EXCLUDED.endereco, cep=EXCLUDED.cep, "dadosResponsaveis"=EXCLUDED."dadosResponsaveis", "documentosMatricula"=EXCLUDED."documentosMatricula", "autorizadosRetirada"=EXCLUDED."autorizadosRetirada", "transporteEscolar"=EXCLUDED."transporteEscolar", "fichaAdministrativa"=EXCLUDED."fichaAdministrativa", "isActive"=TRUE, "updatedAt"=NOW();
  INSERT INTO "Enrollment" (id,"childId","classroomId","enrollmentDate",status,"createdAt","updatedAt")
  VALUES ('seed_enr_' || 'seed_pelicano_child_row191_ana_vitoria_virgulino_nunes_seed_pelicano_class_pel_i_periodo_cliciane', 'seed_pelicano_child_row191_ana_vitoria_virgulino_nunes', 'seed_pelicano_class_pel_i_periodo_cliciane', '2026-02-01 12:00:00', 'ATIVA'::"EnrollmentStatus", NOW(), NOW())
  ON CONFLICT ("childId","classroomId") DO UPDATE SET status=EXCLUDED.status, "updatedAt"=NOW();
  -- Aluno: ANNE GABRIELLY DOS SANTOS
  INSERT INTO "Child" (id,"mantenedoraId","unitId","firstName","lastName","dateOfBirth",gender,cpf,raca,peso,"bloodType",allergies,"medicalConditions","usoImagem",laudado,nis,"codigoAluno",inscricao,"nomeMae","nomePai","celPai",nacionalidade,naturalidade,"ufNascimento",endereco,cep,"dadosResponsaveis","documentosMatricula","autorizadosRetirada","transporteEscolar","fichaAdministrativa","isActive","createdAt","updatedAt")
  VALUES ('seed_pelicano_child_row192_anne_gabrielly_dos_santos',v_mantenedora_id,v_unit_id,'Anne','Gabrielly Dos Santos','2021-11-11 12:00:00','FEMININO'::"Gender",'113.698.821-14','PARDA',NULL,NULL,NULL,NULL,NULL,NULL,NULL,NULL,NULL,NULL,NULL,NULL,'BRASIL','Brasilia','DF',NULL,NULL,'{"mae": {"nome": null, "cpf": null, "telefone": null}, "pai": {"nome": null, "cpf": null, "telefone": null}, "responsavelPrincipal": {"nome": null, "cpf": null, "parentesco": null, "identidade": null, "orgaoExpedidor": null, "telefone": null}, "enderecoResponsavel": null, "cepResponsavel": null, "escolaridade": null, "profissao": null, "numeroDependentes": null, "numeroPessoasCasa": null}'::jsonb,'{"codigoAluno": null, "inscricao": null, "censo": null, "beneficio": null, "nis": null, "pisResponsavel": null, "cpfOriginalAluno": "113.698.821-14", "cpfPersistidoNoCampoCpf": "113.698.821-14", "cpfDuplicadoNaPlanilha": false, "serie2024": null, "origemLinhaPlanilha": 192}'::jsonb,'[]'::jsonb,'{"usaTransporteEscolar": null, "nomeTransporte": null}'::jsonb,'{"turmaPlanilha": "I PERÍODO", "professoraPlanilha": "Cliciane", "fonte": "DADOS PARA PLATAFORMA PEDAGÓGICA (1) (1).xlsx / Planilha1", "linhaPlanilha": 192, "raw": {"NOME": "ANNE GABRIELLY DOS SANTOS", "SEXO": "F", "NASC": "2021-11-11T00:00:00", "NACIONALIDADE": "BRASIL", "NATURALIDADE": "Brasilia", "UF": "DF", "CPF": "11369882114", "RAÇA": "PARDA", "TURMA": "I PERÍODO", "PROFESSORA": "Cliciane"}}'::jsonb,TRUE,NOW(),NOW())
  ON CONFLICT (id) DO UPDATE SET "unitId"=v_unit_id, "firstName"=EXCLUDED."firstName", "lastName"=EXCLUDED."lastName", "dateOfBirth"=EXCLUDED."dateOfBirth", gender=EXCLUDED.gender, cpf=EXCLUDED.cpf, raca=EXCLUDED.raca, peso=EXCLUDED.peso, "bloodType"=EXCLUDED."bloodType", allergies=EXCLUDED.allergies, "medicalConditions"=EXCLUDED."medicalConditions", "usoImagem"=EXCLUDED."usoImagem", laudado=EXCLUDED.laudado, nis=EXCLUDED.nis, "codigoAluno"=EXCLUDED."codigoAluno", inscricao=EXCLUDED.inscricao, "nomeMae"=EXCLUDED."nomeMae", "nomePai"=EXCLUDED."nomePai", "celPai"=EXCLUDED."celPai", nacionalidade=EXCLUDED.nacionalidade, naturalidade=EXCLUDED.naturalidade, "ufNascimento"=EXCLUDED."ufNascimento", endereco=EXCLUDED.endereco, cep=EXCLUDED.cep, "dadosResponsaveis"=EXCLUDED."dadosResponsaveis", "documentosMatricula"=EXCLUDED."documentosMatricula", "autorizadosRetirada"=EXCLUDED."autorizadosRetirada", "transporteEscolar"=EXCLUDED."transporteEscolar", "fichaAdministrativa"=EXCLUDED."fichaAdministrativa", "isActive"=TRUE, "updatedAt"=NOW();
  INSERT INTO "Enrollment" (id,"childId","classroomId","enrollmentDate",status,"createdAt","updatedAt")
  VALUES ('seed_enr_' || 'seed_pelicano_child_row192_anne_gabrielly_dos_santos_seed_pelicano_class_pel_i_periodo_cliciane', 'seed_pelicano_child_row192_anne_gabrielly_dos_santos', 'seed_pelicano_class_pel_i_periodo_cliciane', '2026-02-01 12:00:00', 'ATIVA'::"EnrollmentStatus", NOW(), NOW())
  ON CONFLICT ("childId","classroomId") DO UPDATE SET status=EXCLUDED.status, "updatedAt"=NOW();
  -- Aluno: ANTHONY DUTRA AZEVEDO
  INSERT INTO "Child" (id,"mantenedoraId","unitId","firstName","lastName","dateOfBirth",gender,cpf,raca,peso,"bloodType",allergies,"medicalConditions","usoImagem",laudado,nis,"codigoAluno",inscricao,"nomeMae","nomePai","celPai",nacionalidade,naturalidade,"ufNascimento",endereco,cep,"dadosResponsaveis","documentosMatricula","autorizadosRetirada","transporteEscolar","fichaAdministrativa","isActive","createdAt","updatedAt")
  VALUES ('seed_pelicano_child_row193_anthony_dutra_azevedo',v_mantenedora_id,v_unit_id,'Anthony','Dutra Azevedo','2021-04-19 12:00:00','MASCULINO'::"Gender",'111.385.291-76','PARDA',NULL,NULL,NULL,NULL,NULL,NULL,NULL,NULL,NULL,NULL,NULL,NULL,'BRASIL','Brasilia','DF',NULL,NULL,'{"mae": {"nome": null, "cpf": null, "telefone": null}, "pai": {"nome": null, "cpf": null, "telefone": null}, "responsavelPrincipal": {"nome": null, "cpf": null, "parentesco": null, "identidade": null, "orgaoExpedidor": null, "telefone": null}, "enderecoResponsavel": null, "cepResponsavel": null, "escolaridade": null, "profissao": null, "numeroDependentes": null, "numeroPessoasCasa": null}'::jsonb,'{"codigoAluno": null, "inscricao": null, "censo": null, "beneficio": null, "nis": null, "pisResponsavel": null, "cpfOriginalAluno": "111.385.291-76", "cpfPersistidoNoCampoCpf": "111.385.291-76", "cpfDuplicadoNaPlanilha": false, "serie2024": null, "origemLinhaPlanilha": 193}'::jsonb,'[]'::jsonb,'{"usaTransporteEscolar": null, "nomeTransporte": null}'::jsonb,'{"turmaPlanilha": "I PERÍODO", "professoraPlanilha": "Danielle", "fonte": "DADOS PARA PLATAFORMA PEDAGÓGICA (1) (1).xlsx / Planilha1", "linhaPlanilha": 193, "raw": {"NOME": "ANTHONY DUTRA AZEVEDO", "SEXO": "M", "NASC": "2021-04-19T00:00:00", "NACIONALIDADE": "BRASIL", "NATURALIDADE": "Brasilia", "UF": "DF", "CPF": "11138529176", "RAÇA": "PARDA", "TURMA": "I PERÍODO", "PROFESSORA": "Danielle"}}'::jsonb,TRUE,NOW(),NOW())
  ON CONFLICT (id) DO UPDATE SET "unitId"=v_unit_id, "firstName"=EXCLUDED."firstName", "lastName"=EXCLUDED."lastName", "dateOfBirth"=EXCLUDED."dateOfBirth", gender=EXCLUDED.gender, cpf=EXCLUDED.cpf, raca=EXCLUDED.raca, peso=EXCLUDED.peso, "bloodType"=EXCLUDED."bloodType", allergies=EXCLUDED.allergies, "medicalConditions"=EXCLUDED."medicalConditions", "usoImagem"=EXCLUDED."usoImagem", laudado=EXCLUDED.laudado, nis=EXCLUDED.nis, "codigoAluno"=EXCLUDED."codigoAluno", inscricao=EXCLUDED.inscricao, "nomeMae"=EXCLUDED."nomeMae", "nomePai"=EXCLUDED."nomePai", "celPai"=EXCLUDED."celPai", nacionalidade=EXCLUDED.nacionalidade, naturalidade=EXCLUDED.naturalidade, "ufNascimento"=EXCLUDED."ufNascimento", endereco=EXCLUDED.endereco, cep=EXCLUDED.cep, "dadosResponsaveis"=EXCLUDED."dadosResponsaveis", "documentosMatricula"=EXCLUDED."documentosMatricula", "autorizadosRetirada"=EXCLUDED."autorizadosRetirada", "transporteEscolar"=EXCLUDED."transporteEscolar", "fichaAdministrativa"=EXCLUDED."fichaAdministrativa", "isActive"=TRUE, "updatedAt"=NOW();
  INSERT INTO "Enrollment" (id,"childId","classroomId","enrollmentDate",status,"createdAt","updatedAt")
  VALUES ('seed_enr_' || 'seed_pelicano_child_row193_anthony_dutra_azevedo_seed_pelicano_class_pel_i_periodo_danielle', 'seed_pelicano_child_row193_anthony_dutra_azevedo', 'seed_pelicano_class_pel_i_periodo_danielle', '2026-02-01 12:00:00', 'ATIVA'::"EnrollmentStatus", NOW(), NOW())
  ON CONFLICT ("childId","classroomId") DO UPDATE SET status=EXCLUDED.status, "updatedAt"=NOW();
  -- Aluno: ANTHONY EMANUEL OLIVEIRA MENEZES
  INSERT INTO "Child" (id,"mantenedoraId","unitId","firstName","lastName","dateOfBirth",gender,cpf,raca,peso,"bloodType",allergies,"medicalConditions","usoImagem",laudado,nis,"codigoAluno",inscricao,"nomeMae","nomePai","celPai",nacionalidade,naturalidade,"ufNascimento",endereco,cep,"dadosResponsaveis","documentosMatricula","autorizadosRetirada","transporteEscolar","fichaAdministrativa","isActive","createdAt","updatedAt")
  VALUES ('seed_pelicano_child_row194_anthony_emanuel_oliveira_menezes',v_mantenedora_id,v_unit_id,'Anthony','Emanuel Oliveira Menezes','2021-06-09 12:00:00','MASCULINO'::"Gender",'111.961.911-40','PARDA',NULL,NULL,NULL,NULL,NULL,NULL,NULL,NULL,NULL,NULL,NULL,NULL,'BRASIL','Brasilia','DF',NULL,NULL,'{"mae": {"nome": null, "cpf": null, "telefone": null}, "pai": {"nome": null, "cpf": null, "telefone": null}, "responsavelPrincipal": {"nome": null, "cpf": null, "parentesco": null, "identidade": null, "orgaoExpedidor": null, "telefone": null}, "enderecoResponsavel": null, "cepResponsavel": null, "escolaridade": null, "profissao": null, "numeroDependentes": null, "numeroPessoasCasa": null}'::jsonb,'{"codigoAluno": null, "inscricao": null, "censo": null, "beneficio": null, "nis": null, "pisResponsavel": null, "cpfOriginalAluno": "111.961.911-40", "cpfPersistidoNoCampoCpf": "111.961.911-40", "cpfDuplicadoNaPlanilha": false, "serie2024": null, "origemLinhaPlanilha": 194}'::jsonb,'[]'::jsonb,'{"usaTransporteEscolar": null, "nomeTransporte": null}'::jsonb,'{"turmaPlanilha": "I PERÍODO", "professoraPlanilha": "Elza", "fonte": "DADOS PARA PLATAFORMA PEDAGÓGICA (1) (1).xlsx / Planilha1", "linhaPlanilha": 194, "raw": {"NOME": "ANTHONY EMANUEL OLIVEIRA MENEZES", "SEXO": "M", "NASC": "2021-06-09T00:00:00", "NACIONALIDADE": "BRASIL", "NATURALIDADE": "Brasilia", "UF": "DF", "CPF": "11196191140", "RAÇA": "PARDA", "TURMA": "I PERÍODO", "PROFESSORA": "Elza"}}'::jsonb,TRUE,NOW(),NOW())
  ON CONFLICT (id) DO UPDATE SET "unitId"=v_unit_id, "firstName"=EXCLUDED."firstName", "lastName"=EXCLUDED."lastName", "dateOfBirth"=EXCLUDED."dateOfBirth", gender=EXCLUDED.gender, cpf=EXCLUDED.cpf, raca=EXCLUDED.raca, peso=EXCLUDED.peso, "bloodType"=EXCLUDED."bloodType", allergies=EXCLUDED.allergies, "medicalConditions"=EXCLUDED."medicalConditions", "usoImagem"=EXCLUDED."usoImagem", laudado=EXCLUDED.laudado, nis=EXCLUDED.nis, "codigoAluno"=EXCLUDED."codigoAluno", inscricao=EXCLUDED.inscricao, "nomeMae"=EXCLUDED."nomeMae", "nomePai"=EXCLUDED."nomePai", "celPai"=EXCLUDED."celPai", nacionalidade=EXCLUDED.nacionalidade, naturalidade=EXCLUDED.naturalidade, "ufNascimento"=EXCLUDED."ufNascimento", endereco=EXCLUDED.endereco, cep=EXCLUDED.cep, "dadosResponsaveis"=EXCLUDED."dadosResponsaveis", "documentosMatricula"=EXCLUDED."documentosMatricula", "autorizadosRetirada"=EXCLUDED."autorizadosRetirada", "transporteEscolar"=EXCLUDED."transporteEscolar", "fichaAdministrativa"=EXCLUDED."fichaAdministrativa", "isActive"=TRUE, "updatedAt"=NOW();
  INSERT INTO "Enrollment" (id,"childId","classroomId","enrollmentDate",status,"createdAt","updatedAt")
  VALUES ('seed_enr_' || 'seed_pelicano_child_row194_anthony_emanuel_oliveira_menezes_seed_pelicano_class_pel_i_periodo_elza', 'seed_pelicano_child_row194_anthony_emanuel_oliveira_menezes', 'seed_pelicano_class_pel_i_periodo_elza', '2026-02-01 12:00:00', 'ATIVA'::"EnrollmentStatus", NOW(), NOW())
  ON CONFLICT ("childId","classroomId") DO UPDATE SET status=EXCLUDED.status, "updatedAt"=NOW();
  -- Aluno: ANTHONY GABRIEL RODRIGUES DALLAGNESE
  INSERT INTO "Child" (id,"mantenedoraId","unitId","firstName","lastName","dateOfBirth",gender,cpf,raca,peso,"bloodType",allergies,"medicalConditions","usoImagem",laudado,nis,"codigoAluno",inscricao,"nomeMae","nomePai","celPai",nacionalidade,naturalidade,"ufNascimento",endereco,cep,"dadosResponsaveis","documentosMatricula","autorizadosRetirada","transporteEscolar","fichaAdministrativa","isActive","createdAt","updatedAt")
  VALUES ('seed_pelicano_child_row195_anthony_gabriel_rodrigues_dallagnese',v_mantenedora_id,v_unit_id,'Anthony','Gabriel Rodrigues Dallagnese','2021-06-16 12:00:00','MASCULINO'::"Gender",'112.053.911-00','PARDA',NULL,NULL,NULL,NULL,NULL,NULL,NULL,NULL,NULL,NULL,NULL,NULL,'BRASIL','Brasilia','DF',NULL,NULL,'{"mae": {"nome": null, "cpf": null, "telefone": null}, "pai": {"nome": null, "cpf": null, "telefone": null}, "responsavelPrincipal": {"nome": null, "cpf": null, "parentesco": null, "identidade": null, "orgaoExpedidor": null, "telefone": null}, "enderecoResponsavel": null, "cepResponsavel": null, "escolaridade": null, "profissao": null, "numeroDependentes": null, "numeroPessoasCasa": null}'::jsonb,'{"codigoAluno": null, "inscricao": null, "censo": null, "beneficio": null, "nis": null, "pisResponsavel": null, "cpfOriginalAluno": "112.053.911-00", "cpfPersistidoNoCampoCpf": "112.053.911-00", "cpfDuplicadoNaPlanilha": false, "serie2024": null, "origemLinhaPlanilha": 195}'::jsonb,'[]'::jsonb,'{"usaTransporteEscolar": null, "nomeTransporte": null}'::jsonb,'{"turmaPlanilha": "I PERÍODO", "professoraPlanilha": "Elza", "fonte": "DADOS PARA PLATAFORMA PEDAGÓGICA (1) (1).xlsx / Planilha1", "linhaPlanilha": 195, "raw": {"NOME": "ANTHONY GABRIEL RODRIGUES DALLAGNESE", "SEXO": "M", "NASC": "2021-06-16T00:00:00", "NACIONALIDADE": "BRASIL", "NATURALIDADE": "Brasilia", "UF": "DF", "CPF": "11205391100", "RAÇA": "PARDA", "TURMA": "I PERÍODO", "PROFESSORA": "Elza"}}'::jsonb,TRUE,NOW(),NOW())
  ON CONFLICT (id) DO UPDATE SET "unitId"=v_unit_id, "firstName"=EXCLUDED."firstName", "lastName"=EXCLUDED."lastName", "dateOfBirth"=EXCLUDED."dateOfBirth", gender=EXCLUDED.gender, cpf=EXCLUDED.cpf, raca=EXCLUDED.raca, peso=EXCLUDED.peso, "bloodType"=EXCLUDED."bloodType", allergies=EXCLUDED.allergies, "medicalConditions"=EXCLUDED."medicalConditions", "usoImagem"=EXCLUDED."usoImagem", laudado=EXCLUDED.laudado, nis=EXCLUDED.nis, "codigoAluno"=EXCLUDED."codigoAluno", inscricao=EXCLUDED.inscricao, "nomeMae"=EXCLUDED."nomeMae", "nomePai"=EXCLUDED."nomePai", "celPai"=EXCLUDED."celPai", nacionalidade=EXCLUDED.nacionalidade, naturalidade=EXCLUDED.naturalidade, "ufNascimento"=EXCLUDED."ufNascimento", endereco=EXCLUDED.endereco, cep=EXCLUDED.cep, "dadosResponsaveis"=EXCLUDED."dadosResponsaveis", "documentosMatricula"=EXCLUDED."documentosMatricula", "autorizadosRetirada"=EXCLUDED."autorizadosRetirada", "transporteEscolar"=EXCLUDED."transporteEscolar", "fichaAdministrativa"=EXCLUDED."fichaAdministrativa", "isActive"=TRUE, "updatedAt"=NOW();
  INSERT INTO "Enrollment" (id,"childId","classroomId","enrollmentDate",status,"createdAt","updatedAt")
  VALUES ('seed_enr_' || 'seed_pelicano_child_row195_anthony_gabriel_rodrigues_dallagnese_seed_pelicano_class_pel_i_periodo_el', 'seed_pelicano_child_row195_anthony_gabriel_rodrigues_dallagnese', 'seed_pelicano_class_pel_i_periodo_elza', '2026-02-01 12:00:00', 'ATIVA'::"EnrollmentStatus", NOW(), NOW())
  ON CONFLICT ("childId","classroomId") DO UPDATE SET status=EXCLUDED.status, "updatedAt"=NOW();
  -- Aluno: ARTHUR MIGUEL BARROS SANTOS
  INSERT INTO "Child" (id,"mantenedoraId","unitId","firstName","lastName","dateOfBirth",gender,cpf,raca,peso,"bloodType",allergies,"medicalConditions","usoImagem",laudado,nis,"codigoAluno",inscricao,"nomeMae","nomePai","celPai",nacionalidade,naturalidade,"ufNascimento",endereco,cep,"dadosResponsaveis","documentosMatricula","autorizadosRetirada","transporteEscolar","fichaAdministrativa","isActive","createdAt","updatedAt")
  VALUES ('seed_pelicano_child_row196_arthur_miguel_barros_santos',v_mantenedora_id,v_unit_id,'Arthur','Miguel Barros Santos','2021-04-16 12:00:00','MASCULINO'::"Gender",'111.358.311-81','PARDA',NULL,NULL,NULL,NULL,NULL,NULL,NULL,NULL,NULL,NULL,NULL,NULL,'BRASIL','Brasilia','DF',NULL,NULL,'{"mae": {"nome": null, "cpf": null, "telefone": null}, "pai": {"nome": null, "cpf": null, "telefone": null}, "responsavelPrincipal": {"nome": null, "cpf": null, "parentesco": null, "identidade": null, "orgaoExpedidor": null, "telefone": null}, "enderecoResponsavel": null, "cepResponsavel": null, "escolaridade": null, "profissao": null, "numeroDependentes": null, "numeroPessoasCasa": null}'::jsonb,'{"codigoAluno": null, "inscricao": null, "censo": null, "beneficio": null, "nis": null, "pisResponsavel": null, "cpfOriginalAluno": "111.358.311-81", "cpfPersistidoNoCampoCpf": "111.358.311-81", "cpfDuplicadoNaPlanilha": false, "serie2024": null, "origemLinhaPlanilha": 196}'::jsonb,'[]'::jsonb,'{"usaTransporteEscolar": null, "nomeTransporte": null}'::jsonb,'{"turmaPlanilha": "I PERÍODO", "professoraPlanilha": "Cliciane", "fonte": "DADOS PARA PLATAFORMA PEDAGÓGICA (1) (1).xlsx / Planilha1", "linhaPlanilha": 196, "raw": {"NOME": "ARTHUR MIGUEL BARROS SANTOS", "SEXO": "M", "NASC": "2021-04-16T00:00:00", "NACIONALIDADE": "BRASIL", "NATURALIDADE": "Brasilia", "UF": "DF", "CPF": "11135831181", "RAÇA": "PARDA", "TURMA": "I PERÍODO", "PROFESSORA": "Cliciane"}}'::jsonb,TRUE,NOW(),NOW())
  ON CONFLICT (id) DO UPDATE SET "unitId"=v_unit_id, "firstName"=EXCLUDED."firstName", "lastName"=EXCLUDED."lastName", "dateOfBirth"=EXCLUDED."dateOfBirth", gender=EXCLUDED.gender, cpf=EXCLUDED.cpf, raca=EXCLUDED.raca, peso=EXCLUDED.peso, "bloodType"=EXCLUDED."bloodType", allergies=EXCLUDED.allergies, "medicalConditions"=EXCLUDED."medicalConditions", "usoImagem"=EXCLUDED."usoImagem", laudado=EXCLUDED.laudado, nis=EXCLUDED.nis, "codigoAluno"=EXCLUDED."codigoAluno", inscricao=EXCLUDED.inscricao, "nomeMae"=EXCLUDED."nomeMae", "nomePai"=EXCLUDED."nomePai", "celPai"=EXCLUDED."celPai", nacionalidade=EXCLUDED.nacionalidade, naturalidade=EXCLUDED.naturalidade, "ufNascimento"=EXCLUDED."ufNascimento", endereco=EXCLUDED.endereco, cep=EXCLUDED.cep, "dadosResponsaveis"=EXCLUDED."dadosResponsaveis", "documentosMatricula"=EXCLUDED."documentosMatricula", "autorizadosRetirada"=EXCLUDED."autorizadosRetirada", "transporteEscolar"=EXCLUDED."transporteEscolar", "fichaAdministrativa"=EXCLUDED."fichaAdministrativa", "isActive"=TRUE, "updatedAt"=NOW();
  INSERT INTO "Enrollment" (id,"childId","classroomId","enrollmentDate",status,"createdAt","updatedAt")
  VALUES ('seed_enr_' || 'seed_pelicano_child_row196_arthur_miguel_barros_santos_seed_pelicano_class_pel_i_periodo_cliciane', 'seed_pelicano_child_row196_arthur_miguel_barros_santos', 'seed_pelicano_class_pel_i_periodo_cliciane', '2026-02-01 12:00:00', 'ATIVA'::"EnrollmentStatus", NOW(), NOW())
  ON CONFLICT ("childId","classroomId") DO UPDATE SET status=EXCLUDED.status, "updatedAt"=NOW();
  -- Aluno: AURORA LIS ASSUNCAO LIMA
  INSERT INTO "Child" (id,"mantenedoraId","unitId","firstName","lastName","dateOfBirth",gender,cpf,raca,peso,"bloodType",allergies,"medicalConditions","usoImagem",laudado,nis,"codigoAluno",inscricao,"nomeMae","nomePai","celPai",nacionalidade,naturalidade,"ufNascimento",endereco,cep,"dadosResponsaveis","documentosMatricula","autorizadosRetirada","transporteEscolar","fichaAdministrativa","isActive","createdAt","updatedAt")
  VALUES ('seed_pelicano_child_row197_aurora_lis_assuncao_lima',v_mantenedora_id,v_unit_id,'Aurora','Lis Assuncao Lima','2021-09-18 12:00:00','FEMININO'::"Gender",'120.559.153-20','PARDA',NULL,NULL,NULL,NULL,NULL,NULL,NULL,NULL,NULL,NULL,NULL,NULL,'BRASIL','Brasilia','DF',NULL,NULL,'{"mae": {"nome": null, "cpf": null, "telefone": null}, "pai": {"nome": null, "cpf": null, "telefone": null}, "responsavelPrincipal": {"nome": null, "cpf": null, "parentesco": null, "identidade": null, "orgaoExpedidor": null, "telefone": null}, "enderecoResponsavel": null, "cepResponsavel": null, "escolaridade": null, "profissao": null, "numeroDependentes": null, "numeroPessoasCasa": null}'::jsonb,'{"codigoAluno": null, "inscricao": null, "censo": null, "beneficio": null, "nis": null, "pisResponsavel": null, "cpfOriginalAluno": "120.559.153-20", "cpfPersistidoNoCampoCpf": "120.559.153-20", "cpfDuplicadoNaPlanilha": false, "serie2024": null, "origemLinhaPlanilha": 197}'::jsonb,'[]'::jsonb,'{"usaTransporteEscolar": null, "nomeTransporte": null}'::jsonb,'{"turmaPlanilha": "I PERÍODO", "professoraPlanilha": "Cliciane", "fonte": "DADOS PARA PLATAFORMA PEDAGÓGICA (1) (1).xlsx / Planilha1", "linhaPlanilha": 197, "raw": {"NOME": "AURORA LIS ASSUNCAO LIMA", "SEXO": "F", "NASC": "2021-09-18T00:00:00", "NACIONALIDADE": "BRASIL", "NATURALIDADE": "Brasilia", "UF": "DF", "CPF": "12055915320", "RAÇA": "PARDA", "TURMA": "I PERÍODO", "PROFESSORA": "Cliciane"}}'::jsonb,TRUE,NOW(),NOW())
  ON CONFLICT (id) DO UPDATE SET "unitId"=v_unit_id, "firstName"=EXCLUDED."firstName", "lastName"=EXCLUDED."lastName", "dateOfBirth"=EXCLUDED."dateOfBirth", gender=EXCLUDED.gender, cpf=EXCLUDED.cpf, raca=EXCLUDED.raca, peso=EXCLUDED.peso, "bloodType"=EXCLUDED."bloodType", allergies=EXCLUDED.allergies, "medicalConditions"=EXCLUDED."medicalConditions", "usoImagem"=EXCLUDED."usoImagem", laudado=EXCLUDED.laudado, nis=EXCLUDED.nis, "codigoAluno"=EXCLUDED."codigoAluno", inscricao=EXCLUDED.inscricao, "nomeMae"=EXCLUDED."nomeMae", "nomePai"=EXCLUDED."nomePai", "celPai"=EXCLUDED."celPai", nacionalidade=EXCLUDED.nacionalidade, naturalidade=EXCLUDED.naturalidade, "ufNascimento"=EXCLUDED."ufNascimento", endereco=EXCLUDED.endereco, cep=EXCLUDED.cep, "dadosResponsaveis"=EXCLUDED."dadosResponsaveis", "documentosMatricula"=EXCLUDED."documentosMatricula", "autorizadosRetirada"=EXCLUDED."autorizadosRetirada", "transporteEscolar"=EXCLUDED."transporteEscolar", "fichaAdministrativa"=EXCLUDED."fichaAdministrativa", "isActive"=TRUE, "updatedAt"=NOW();
  INSERT INTO "Enrollment" (id,"childId","classroomId","enrollmentDate",status,"createdAt","updatedAt")
  VALUES ('seed_enr_' || 'seed_pelicano_child_row197_aurora_lis_assuncao_lima_seed_pelicano_class_pel_i_periodo_cliciane', 'seed_pelicano_child_row197_aurora_lis_assuncao_lima', 'seed_pelicano_class_pel_i_periodo_cliciane', '2026-02-01 12:00:00', 'ATIVA'::"EnrollmentStatus", NOW(), NOW())
  ON CONFLICT ("childId","classroomId") DO UPDATE SET status=EXCLUDED.status, "updatedAt"=NOW();
  -- Aluno: AYLA MARYZE LEMOS SOUSA
  INSERT INTO "Child" (id,"mantenedoraId","unitId","firstName","lastName","dateOfBirth",gender,cpf,raca,peso,"bloodType",allergies,"medicalConditions","usoImagem",laudado,nis,"codigoAluno",inscricao,"nomeMae","nomePai","celPai",nacionalidade,naturalidade,"ufNascimento",endereco,cep,"dadosResponsaveis","documentosMatricula","autorizadosRetirada","transporteEscolar","fichaAdministrativa","isActive","createdAt","updatedAt")
  VALUES ('seed_pelicano_child_row198_ayla_maryze_lemos_sousa',v_mantenedora_id,v_unit_id,'Ayla','Maryze Lemos Sousa','2021-06-15 12:00:00','FEMININO'::"Gender",'112.063.401-69','PARDA',NULL,NULL,NULL,NULL,NULL,NULL,NULL,NULL,NULL,NULL,NULL,NULL,'BRASIL','Brasilia','DF',NULL,NULL,'{"mae": {"nome": null, "cpf": null, "telefone": null}, "pai": {"nome": null, "cpf": null, "telefone": null}, "responsavelPrincipal": {"nome": null, "cpf": null, "parentesco": null, "identidade": null, "orgaoExpedidor": null, "telefone": null}, "enderecoResponsavel": null, "cepResponsavel": null, "escolaridade": null, "profissao": null, "numeroDependentes": null, "numeroPessoasCasa": null}'::jsonb,'{"codigoAluno": null, "inscricao": null, "censo": null, "beneficio": null, "nis": null, "pisResponsavel": null, "cpfOriginalAluno": "112.063.401-69", "cpfPersistidoNoCampoCpf": "112.063.401-69", "cpfDuplicadoNaPlanilha": false, "serie2024": null, "origemLinhaPlanilha": 198}'::jsonb,'[]'::jsonb,'{"usaTransporteEscolar": null, "nomeTransporte": null}'::jsonb,'{"turmaPlanilha": "I PERÍODO", "professoraPlanilha": "Cliciane", "fonte": "DADOS PARA PLATAFORMA PEDAGÓGICA (1) (1).xlsx / Planilha1", "linhaPlanilha": 198, "raw": {"NOME": "AYLA MARYZE LEMOS SOUSA", "SEXO": "F", "NASC": "2021-06-15T00:00:00", "NACIONALIDADE": "BRASIL", "NATURALIDADE": "Brasilia", "UF": "DF", "CPF": "11206340169", "RAÇA": "PARDA", "TURMA": "I PERÍODO", "PROFESSORA": "Cliciane"}}'::jsonb,TRUE,NOW(),NOW())
  ON CONFLICT (id) DO UPDATE SET "unitId"=v_unit_id, "firstName"=EXCLUDED."firstName", "lastName"=EXCLUDED."lastName", "dateOfBirth"=EXCLUDED."dateOfBirth", gender=EXCLUDED.gender, cpf=EXCLUDED.cpf, raca=EXCLUDED.raca, peso=EXCLUDED.peso, "bloodType"=EXCLUDED."bloodType", allergies=EXCLUDED.allergies, "medicalConditions"=EXCLUDED."medicalConditions", "usoImagem"=EXCLUDED."usoImagem", laudado=EXCLUDED.laudado, nis=EXCLUDED.nis, "codigoAluno"=EXCLUDED."codigoAluno", inscricao=EXCLUDED.inscricao, "nomeMae"=EXCLUDED."nomeMae", "nomePai"=EXCLUDED."nomePai", "celPai"=EXCLUDED."celPai", nacionalidade=EXCLUDED.nacionalidade, naturalidade=EXCLUDED.naturalidade, "ufNascimento"=EXCLUDED."ufNascimento", endereco=EXCLUDED.endereco, cep=EXCLUDED.cep, "dadosResponsaveis"=EXCLUDED."dadosResponsaveis", "documentosMatricula"=EXCLUDED."documentosMatricula", "autorizadosRetirada"=EXCLUDED."autorizadosRetirada", "transporteEscolar"=EXCLUDED."transporteEscolar", "fichaAdministrativa"=EXCLUDED."fichaAdministrativa", "isActive"=TRUE, "updatedAt"=NOW();
  INSERT INTO "Enrollment" (id,"childId","classroomId","enrollmentDate",status,"createdAt","updatedAt")
  VALUES ('seed_enr_' || 'seed_pelicano_child_row198_ayla_maryze_lemos_sousa_seed_pelicano_class_pel_i_periodo_cliciane', 'seed_pelicano_child_row198_ayla_maryze_lemos_sousa', 'seed_pelicano_class_pel_i_periodo_cliciane', '2026-02-01 12:00:00', 'ATIVA'::"EnrollmentStatus", NOW(), NOW())
  ON CONFLICT ("childId","classroomId") DO UPDATE SET status=EXCLUDED.status, "updatedAt"=NOW();
  -- Aluno: AYLLA RODRIGUES RIBEIRO
  INSERT INTO "Child" (id,"mantenedoraId","unitId","firstName","lastName","dateOfBirth",gender,cpf,raca,peso,"bloodType",allergies,"medicalConditions","usoImagem",laudado,nis,"codigoAluno",inscricao,"nomeMae","nomePai","celPai",nacionalidade,naturalidade,"ufNascimento",endereco,cep,"dadosResponsaveis","documentosMatricula","autorizadosRetirada","transporteEscolar","fichaAdministrativa","isActive","createdAt","updatedAt")
  VALUES ('seed_pelicano_child_row199_aylla_rodrigues_ribeiro',v_mantenedora_id,v_unit_id,'Aylla','Rodrigues Ribeiro','2021-06-14 12:00:00','FEMININO'::"Gender",'111.998.241-35','PARDA',NULL,NULL,NULL,NULL,NULL,NULL,NULL,NULL,NULL,NULL,NULL,NULL,'BRASIL','Brasilia','DF',NULL,NULL,'{"mae": {"nome": null, "cpf": null, "telefone": null}, "pai": {"nome": null, "cpf": null, "telefone": null}, "responsavelPrincipal": {"nome": null, "cpf": null, "parentesco": null, "identidade": null, "orgaoExpedidor": null, "telefone": null}, "enderecoResponsavel": null, "cepResponsavel": null, "escolaridade": null, "profissao": null, "numeroDependentes": null, "numeroPessoasCasa": null}'::jsonb,'{"codigoAluno": null, "inscricao": null, "censo": null, "beneficio": null, "nis": null, "pisResponsavel": null, "cpfOriginalAluno": "111.998.241-35", "cpfPersistidoNoCampoCpf": "111.998.241-35", "cpfDuplicadoNaPlanilha": false, "serie2024": null, "origemLinhaPlanilha": 199}'::jsonb,'[]'::jsonb,'{"usaTransporteEscolar": null, "nomeTransporte": null}'::jsonb,'{"turmaPlanilha": "I PERÍODO", "professoraPlanilha": "Priscila", "fonte": "DADOS PARA PLATAFORMA PEDAGÓGICA (1) (1).xlsx / Planilha1", "linhaPlanilha": 199, "raw": {"NOME": "AYLLA RODRIGUES RIBEIRO", "SEXO": "F", "NASC": "2021-06-14T00:00:00", "NACIONALIDADE": "BRASIL", "NATURALIDADE": "Brasilia", "UF": "DF", "CPF": "11199824135", "RAÇA": "PARDA", "TURMA": "I PERÍODO", "PROFESSORA": "Priscila"}}'::jsonb,TRUE,NOW(),NOW())
  ON CONFLICT (id) DO UPDATE SET "unitId"=v_unit_id, "firstName"=EXCLUDED."firstName", "lastName"=EXCLUDED."lastName", "dateOfBirth"=EXCLUDED."dateOfBirth", gender=EXCLUDED.gender, cpf=EXCLUDED.cpf, raca=EXCLUDED.raca, peso=EXCLUDED.peso, "bloodType"=EXCLUDED."bloodType", allergies=EXCLUDED.allergies, "medicalConditions"=EXCLUDED."medicalConditions", "usoImagem"=EXCLUDED."usoImagem", laudado=EXCLUDED.laudado, nis=EXCLUDED.nis, "codigoAluno"=EXCLUDED."codigoAluno", inscricao=EXCLUDED.inscricao, "nomeMae"=EXCLUDED."nomeMae", "nomePai"=EXCLUDED."nomePai", "celPai"=EXCLUDED."celPai", nacionalidade=EXCLUDED.nacionalidade, naturalidade=EXCLUDED.naturalidade, "ufNascimento"=EXCLUDED."ufNascimento", endereco=EXCLUDED.endereco, cep=EXCLUDED.cep, "dadosResponsaveis"=EXCLUDED."dadosResponsaveis", "documentosMatricula"=EXCLUDED."documentosMatricula", "autorizadosRetirada"=EXCLUDED."autorizadosRetirada", "transporteEscolar"=EXCLUDED."transporteEscolar", "fichaAdministrativa"=EXCLUDED."fichaAdministrativa", "isActive"=TRUE, "updatedAt"=NOW();
  INSERT INTO "Enrollment" (id,"childId","classroomId","enrollmentDate",status,"createdAt","updatedAt")
  VALUES ('seed_enr_' || 'seed_pelicano_child_row199_aylla_rodrigues_ribeiro_seed_pelicano_class_pel_i_periodo_priscila', 'seed_pelicano_child_row199_aylla_rodrigues_ribeiro', 'seed_pelicano_class_pel_i_periodo_priscila', '2026-02-01 12:00:00', 'ATIVA'::"EnrollmentStatus", NOW(), NOW())
  ON CONFLICT ("childId","classroomId") DO UPDATE SET status=EXCLUDED.status, "updatedAt"=NOW();
  -- Aluno: BENICIO FRANCA DOS SANTOS
  INSERT INTO "Child" (id,"mantenedoraId","unitId","firstName","lastName","dateOfBirth",gender,cpf,raca,peso,"bloodType",allergies,"medicalConditions","usoImagem",laudado,nis,"codigoAluno",inscricao,"nomeMae","nomePai","celPai",nacionalidade,naturalidade,"ufNascimento",endereco,cep,"dadosResponsaveis","documentosMatricula","autorizadosRetirada","transporteEscolar","fichaAdministrativa","isActive","createdAt","updatedAt")
  VALUES ('seed_pelicano_child_row200_benicio_franca_dos_santos',v_mantenedora_id,v_unit_id,'Benicio','Franca Dos Santos','2021-08-22 12:00:00','MASCULINO'::"Gender",'112.791.651-38','PARDA',NULL,NULL,NULL,NULL,NULL,NULL,NULL,NULL,NULL,NULL,NULL,NULL,'BRASIL','Brasilia','DF',NULL,NULL,'{"mae": {"nome": null, "cpf": null, "telefone": null}, "pai": {"nome": null, "cpf": null, "telefone": null}, "responsavelPrincipal": {"nome": null, "cpf": null, "parentesco": null, "identidade": null, "orgaoExpedidor": null, "telefone": null}, "enderecoResponsavel": null, "cepResponsavel": null, "escolaridade": null, "profissao": null, "numeroDependentes": null, "numeroPessoasCasa": null}'::jsonb,'{"codigoAluno": null, "inscricao": null, "censo": null, "beneficio": null, "nis": null, "pisResponsavel": null, "cpfOriginalAluno": "112.791.651-38", "cpfPersistidoNoCampoCpf": "112.791.651-38", "cpfDuplicadoNaPlanilha": false, "serie2024": null, "origemLinhaPlanilha": 200}'::jsonb,'[]'::jsonb,'{"usaTransporteEscolar": null, "nomeTransporte": null}'::jsonb,'{"turmaPlanilha": "I PERÍODO", "professoraPlanilha": "Priscila", "fonte": "DADOS PARA PLATAFORMA PEDAGÓGICA (1) (1).xlsx / Planilha1", "linhaPlanilha": 200, "raw": {"NOME": "BENICIO FRANCA DOS SANTOS", "SEXO": "M", "NASC": "2021-08-22T00:00:00", "NACIONALIDADE": "BRASIL", "NATURALIDADE": "Brasilia", "UF": "DF", "CPF": "11279165138", "RAÇA": "PARDA", "TURMA": "I PERÍODO", "PROFESSORA": "Priscila"}}'::jsonb,TRUE,NOW(),NOW())
  ON CONFLICT (id) DO UPDATE SET "unitId"=v_unit_id, "firstName"=EXCLUDED."firstName", "lastName"=EXCLUDED."lastName", "dateOfBirth"=EXCLUDED."dateOfBirth", gender=EXCLUDED.gender, cpf=EXCLUDED.cpf, raca=EXCLUDED.raca, peso=EXCLUDED.peso, "bloodType"=EXCLUDED."bloodType", allergies=EXCLUDED.allergies, "medicalConditions"=EXCLUDED."medicalConditions", "usoImagem"=EXCLUDED."usoImagem", laudado=EXCLUDED.laudado, nis=EXCLUDED.nis, "codigoAluno"=EXCLUDED."codigoAluno", inscricao=EXCLUDED.inscricao, "nomeMae"=EXCLUDED."nomeMae", "nomePai"=EXCLUDED."nomePai", "celPai"=EXCLUDED."celPai", nacionalidade=EXCLUDED.nacionalidade, naturalidade=EXCLUDED.naturalidade, "ufNascimento"=EXCLUDED."ufNascimento", endereco=EXCLUDED.endereco, cep=EXCLUDED.cep, "dadosResponsaveis"=EXCLUDED."dadosResponsaveis", "documentosMatricula"=EXCLUDED."documentosMatricula", "autorizadosRetirada"=EXCLUDED."autorizadosRetirada", "transporteEscolar"=EXCLUDED."transporteEscolar", "fichaAdministrativa"=EXCLUDED."fichaAdministrativa", "isActive"=TRUE, "updatedAt"=NOW();
  INSERT INTO "Enrollment" (id,"childId","classroomId","enrollmentDate",status,"createdAt","updatedAt")
  VALUES ('seed_enr_' || 'seed_pelicano_child_row200_benicio_franca_dos_santos_seed_pelicano_class_pel_i_periodo_priscila', 'seed_pelicano_child_row200_benicio_franca_dos_santos', 'seed_pelicano_class_pel_i_periodo_priscila', '2026-02-01 12:00:00', 'ATIVA'::"EnrollmentStatus", NOW(), NOW())
  ON CONFLICT ("childId","classroomId") DO UPDATE SET status=EXCLUDED.status, "updatedAt"=NOW();
  -- Aluno: BERNARDO ANJOS DE BRITO
  INSERT INTO "Child" (id,"mantenedoraId","unitId","firstName","lastName","dateOfBirth",gender,cpf,raca,peso,"bloodType",allergies,"medicalConditions","usoImagem",laudado,nis,"codigoAluno",inscricao,"nomeMae","nomePai","celPai",nacionalidade,naturalidade,"ufNascimento",endereco,cep,"dadosResponsaveis","documentosMatricula","autorizadosRetirada","transporteEscolar","fichaAdministrativa","isActive","createdAt","updatedAt")
  VALUES ('seed_pelicano_child_row201_bernardo_anjos_de_brito',v_mantenedora_id,v_unit_id,'Bernardo','Anjos De Brito','2021-05-21 12:00:00','MASCULINO'::"Gender",'111.756.391-09','PARDA',NULL,NULL,NULL,NULL,NULL,NULL,NULL,NULL,NULL,NULL,NULL,NULL,'BRASIL','Brasilia','DF',NULL,NULL,'{"mae": {"nome": null, "cpf": null, "telefone": null}, "pai": {"nome": null, "cpf": null, "telefone": null}, "responsavelPrincipal": {"nome": null, "cpf": null, "parentesco": null, "identidade": null, "orgaoExpedidor": null, "telefone": null}, "enderecoResponsavel": null, "cepResponsavel": null, "escolaridade": null, "profissao": null, "numeroDependentes": null, "numeroPessoasCasa": null}'::jsonb,'{"codigoAluno": null, "inscricao": null, "censo": null, "beneficio": null, "nis": null, "pisResponsavel": null, "cpfOriginalAluno": "111.756.391-09", "cpfPersistidoNoCampoCpf": "111.756.391-09", "cpfDuplicadoNaPlanilha": false, "serie2024": null, "origemLinhaPlanilha": 201}'::jsonb,'[]'::jsonb,'{"usaTransporteEscolar": null, "nomeTransporte": null}'::jsonb,'{"turmaPlanilha": "I PERÍODO", "professoraPlanilha": "Priscila", "fonte": "DADOS PARA PLATAFORMA PEDAGÓGICA (1) (1).xlsx / Planilha1", "linhaPlanilha": 201, "raw": {"NOME": "BERNARDO ANJOS DE BRITO", "SEXO": "M", "NASC": "2021-05-21T00:00:00", "NACIONALIDADE": "BRASIL", "NATURALIDADE": "Brasilia", "UF": "DF", "CPF": "11175639109", "RAÇA": "PARDA", "TURMA": "I PERÍODO", "PROFESSORA": "Priscila"}}'::jsonb,TRUE,NOW(),NOW())
  ON CONFLICT (id) DO UPDATE SET "unitId"=v_unit_id, "firstName"=EXCLUDED."firstName", "lastName"=EXCLUDED."lastName", "dateOfBirth"=EXCLUDED."dateOfBirth", gender=EXCLUDED.gender, cpf=EXCLUDED.cpf, raca=EXCLUDED.raca, peso=EXCLUDED.peso, "bloodType"=EXCLUDED."bloodType", allergies=EXCLUDED.allergies, "medicalConditions"=EXCLUDED."medicalConditions", "usoImagem"=EXCLUDED."usoImagem", laudado=EXCLUDED.laudado, nis=EXCLUDED.nis, "codigoAluno"=EXCLUDED."codigoAluno", inscricao=EXCLUDED.inscricao, "nomeMae"=EXCLUDED."nomeMae", "nomePai"=EXCLUDED."nomePai", "celPai"=EXCLUDED."celPai", nacionalidade=EXCLUDED.nacionalidade, naturalidade=EXCLUDED.naturalidade, "ufNascimento"=EXCLUDED."ufNascimento", endereco=EXCLUDED.endereco, cep=EXCLUDED.cep, "dadosResponsaveis"=EXCLUDED."dadosResponsaveis", "documentosMatricula"=EXCLUDED."documentosMatricula", "autorizadosRetirada"=EXCLUDED."autorizadosRetirada", "transporteEscolar"=EXCLUDED."transporteEscolar", "fichaAdministrativa"=EXCLUDED."fichaAdministrativa", "isActive"=TRUE, "updatedAt"=NOW();
  INSERT INTO "Enrollment" (id,"childId","classroomId","enrollmentDate",status,"createdAt","updatedAt")
  VALUES ('seed_enr_' || 'seed_pelicano_child_row201_bernardo_anjos_de_brito_seed_pelicano_class_pel_i_periodo_priscila', 'seed_pelicano_child_row201_bernardo_anjos_de_brito', 'seed_pelicano_class_pel_i_periodo_priscila', '2026-02-01 12:00:00', 'ATIVA'::"EnrollmentStatus", NOW(), NOW())
  ON CONFLICT ("childId","classroomId") DO UPDATE SET status=EXCLUDED.status, "updatedAt"=NOW();
  -- Aluno: CECILIA MARIA BATISTA DA SILVA
  INSERT INTO "Child" (id,"mantenedoraId","unitId","firstName","lastName","dateOfBirth",gender,cpf,raca,peso,"bloodType",allergies,"medicalConditions","usoImagem",laudado,nis,"codigoAluno",inscricao,"nomeMae","nomePai","celPai",nacionalidade,naturalidade,"ufNascimento",endereco,cep,"dadosResponsaveis","documentosMatricula","autorizadosRetirada","transporteEscolar","fichaAdministrativa","isActive","createdAt","updatedAt")
  VALUES ('seed_pelicano_child_row202_cecilia_maria_batista_da_silva',v_mantenedora_id,v_unit_id,'Cecilia','Maria Batista Da Silva','2021-05-01 12:00:00','FEMININO'::"Gender",'111.519.151-90','PARDA',NULL,NULL,NULL,NULL,NULL,NULL,NULL,NULL,NULL,NULL,NULL,NULL,'BRASIL','Brasilia','DF',NULL,NULL,'{"mae": {"nome": null, "cpf": null, "telefone": null}, "pai": {"nome": null, "cpf": null, "telefone": null}, "responsavelPrincipal": {"nome": null, "cpf": null, "parentesco": null, "identidade": null, "orgaoExpedidor": null, "telefone": null}, "enderecoResponsavel": null, "cepResponsavel": null, "escolaridade": null, "profissao": null, "numeroDependentes": null, "numeroPessoasCasa": null}'::jsonb,'{"codigoAluno": null, "inscricao": null, "censo": null, "beneficio": null, "nis": null, "pisResponsavel": null, "cpfOriginalAluno": "111.519.151-90", "cpfPersistidoNoCampoCpf": "111.519.151-90", "cpfDuplicadoNaPlanilha": false, "serie2024": null, "origemLinhaPlanilha": 202}'::jsonb,'[]'::jsonb,'{"usaTransporteEscolar": null, "nomeTransporte": null}'::jsonb,'{"turmaPlanilha": "I PERÍODO", "professoraPlanilha": "Elza", "fonte": "DADOS PARA PLATAFORMA PEDAGÓGICA (1) (1).xlsx / Planilha1", "linhaPlanilha": 202, "raw": {"NOME": "CECILIA MARIA BATISTA DA SILVA", "SEXO": "F", "NASC": "2021-05-01T00:00:00", "NACIONALIDADE": "BRASIL", "NATURALIDADE": "Brasilia", "UF": "DF", "CPF": "11151915190", "RAÇA": "PARDA", "TURMA": "I PERÍODO", "PROFESSORA": "Elza"}}'::jsonb,TRUE,NOW(),NOW())
  ON CONFLICT (id) DO UPDATE SET "unitId"=v_unit_id, "firstName"=EXCLUDED."firstName", "lastName"=EXCLUDED."lastName", "dateOfBirth"=EXCLUDED."dateOfBirth", gender=EXCLUDED.gender, cpf=EXCLUDED.cpf, raca=EXCLUDED.raca, peso=EXCLUDED.peso, "bloodType"=EXCLUDED."bloodType", allergies=EXCLUDED.allergies, "medicalConditions"=EXCLUDED."medicalConditions", "usoImagem"=EXCLUDED."usoImagem", laudado=EXCLUDED.laudado, nis=EXCLUDED.nis, "codigoAluno"=EXCLUDED."codigoAluno", inscricao=EXCLUDED.inscricao, "nomeMae"=EXCLUDED."nomeMae", "nomePai"=EXCLUDED."nomePai", "celPai"=EXCLUDED."celPai", nacionalidade=EXCLUDED.nacionalidade, naturalidade=EXCLUDED.naturalidade, "ufNascimento"=EXCLUDED."ufNascimento", endereco=EXCLUDED.endereco, cep=EXCLUDED.cep, "dadosResponsaveis"=EXCLUDED."dadosResponsaveis", "documentosMatricula"=EXCLUDED."documentosMatricula", "autorizadosRetirada"=EXCLUDED."autorizadosRetirada", "transporteEscolar"=EXCLUDED."transporteEscolar", "fichaAdministrativa"=EXCLUDED."fichaAdministrativa", "isActive"=TRUE, "updatedAt"=NOW();
  INSERT INTO "Enrollment" (id,"childId","classroomId","enrollmentDate",status,"createdAt","updatedAt")
  VALUES ('seed_enr_' || 'seed_pelicano_child_row202_cecilia_maria_batista_da_silva_seed_pelicano_class_pel_i_periodo_elza', 'seed_pelicano_child_row202_cecilia_maria_batista_da_silva', 'seed_pelicano_class_pel_i_periodo_elza', '2026-02-01 12:00:00', 'ATIVA'::"EnrollmentStatus", NOW(), NOW())
  ON CONFLICT ("childId","classroomId") DO UPDATE SET status=EXCLUDED.status, "updatedAt"=NOW();
  -- Aluno: CECILIA OLIVEIRA PIRES
  INSERT INTO "Child" (id,"mantenedoraId","unitId","firstName","lastName","dateOfBirth",gender,cpf,raca,peso,"bloodType",allergies,"medicalConditions","usoImagem",laudado,nis,"codigoAluno",inscricao,"nomeMae","nomePai","celPai",nacionalidade,naturalidade,"ufNascimento",endereco,cep,"dadosResponsaveis","documentosMatricula","autorizadosRetirada","transporteEscolar","fichaAdministrativa","isActive","createdAt","updatedAt")
  VALUES ('seed_pelicano_child_row203_cecilia_oliveira_pires',v_mantenedora_id,v_unit_id,'Cecilia','Oliveira Pires','2021-05-28 12:00:00','FEMININO'::"Gender",'111.834.501-09','PARDA',NULL,NULL,NULL,NULL,NULL,NULL,NULL,NULL,NULL,NULL,NULL,NULL,'BRASIL','Brasilia','DF',NULL,NULL,'{"mae": {"nome": null, "cpf": null, "telefone": null}, "pai": {"nome": null, "cpf": null, "telefone": null}, "responsavelPrincipal": {"nome": null, "cpf": null, "parentesco": null, "identidade": null, "orgaoExpedidor": null, "telefone": null}, "enderecoResponsavel": null, "cepResponsavel": null, "escolaridade": null, "profissao": null, "numeroDependentes": null, "numeroPessoasCasa": null}'::jsonb,'{"codigoAluno": null, "inscricao": null, "censo": null, "beneficio": null, "nis": null, "pisResponsavel": null, "cpfOriginalAluno": "111.834.501-09", "cpfPersistidoNoCampoCpf": "111.834.501-09", "cpfDuplicadoNaPlanilha": false, "serie2024": null, "origemLinhaPlanilha": 203}'::jsonb,'[]'::jsonb,'{"usaTransporteEscolar": null, "nomeTransporte": null}'::jsonb,'{"turmaPlanilha": "I PERÍODO", "professoraPlanilha": "Danielle", "fonte": "DADOS PARA PLATAFORMA PEDAGÓGICA (1) (1).xlsx / Planilha1", "linhaPlanilha": 203, "raw": {"NOME": "CECILIA OLIVEIRA PIRES", "SEXO": "F", "NASC": "2021-05-28T00:00:00", "NACIONALIDADE": "BRASIL", "NATURALIDADE": "Brasilia", "UF": "DF", "CPF": "11183450109", "RAÇA": "PARDA", "TURMA": "I PERÍODO", "PROFESSORA": "Danielle"}}'::jsonb,TRUE,NOW(),NOW())
  ON CONFLICT (id) DO UPDATE SET "unitId"=v_unit_id, "firstName"=EXCLUDED."firstName", "lastName"=EXCLUDED."lastName", "dateOfBirth"=EXCLUDED."dateOfBirth", gender=EXCLUDED.gender, cpf=EXCLUDED.cpf, raca=EXCLUDED.raca, peso=EXCLUDED.peso, "bloodType"=EXCLUDED."bloodType", allergies=EXCLUDED.allergies, "medicalConditions"=EXCLUDED."medicalConditions", "usoImagem"=EXCLUDED."usoImagem", laudado=EXCLUDED.laudado, nis=EXCLUDED.nis, "codigoAluno"=EXCLUDED."codigoAluno", inscricao=EXCLUDED.inscricao, "nomeMae"=EXCLUDED."nomeMae", "nomePai"=EXCLUDED."nomePai", "celPai"=EXCLUDED."celPai", nacionalidade=EXCLUDED.nacionalidade, naturalidade=EXCLUDED.naturalidade, "ufNascimento"=EXCLUDED."ufNascimento", endereco=EXCLUDED.endereco, cep=EXCLUDED.cep, "dadosResponsaveis"=EXCLUDED."dadosResponsaveis", "documentosMatricula"=EXCLUDED."documentosMatricula", "autorizadosRetirada"=EXCLUDED."autorizadosRetirada", "transporteEscolar"=EXCLUDED."transporteEscolar", "fichaAdministrativa"=EXCLUDED."fichaAdministrativa", "isActive"=TRUE, "updatedAt"=NOW();
  INSERT INTO "Enrollment" (id,"childId","classroomId","enrollmentDate",status,"createdAt","updatedAt")
  VALUES ('seed_enr_' || 'seed_pelicano_child_row203_cecilia_oliveira_pires_seed_pelicano_class_pel_i_periodo_danielle', 'seed_pelicano_child_row203_cecilia_oliveira_pires', 'seed_pelicano_class_pel_i_periodo_danielle', '2026-02-01 12:00:00', 'ATIVA'::"EnrollmentStatus", NOW(), NOW())
  ON CONFLICT ("childId","classroomId") DO UPDATE SET status=EXCLUDED.status, "updatedAt"=NOW();
  -- Aluno: CESAR AUGUSTO AVELAR DO ROSARIO
  INSERT INTO "Child" (id,"mantenedoraId","unitId","firstName","lastName","dateOfBirth",gender,cpf,raca,peso,"bloodType",allergies,"medicalConditions","usoImagem",laudado,nis,"codigoAluno",inscricao,"nomeMae","nomePai","celPai",nacionalidade,naturalidade,"ufNascimento",endereco,cep,"dadosResponsaveis","documentosMatricula","autorizadosRetirada","transporteEscolar","fichaAdministrativa","isActive","createdAt","updatedAt")
  VALUES ('seed_pelicano_child_row204_cesar_augusto_avelar_do_rosario',v_mantenedora_id,v_unit_id,'Cesar','Augusto Avelar Do Rosario','2021-10-11 12:00:00','MASCULINO'::"Gender",'113.332.761-33','PARDA',NULL,NULL,NULL,NULL,NULL,NULL,NULL,NULL,NULL,NULL,NULL,NULL,'BRASIL','Brasilia','DF',NULL,NULL,'{"mae": {"nome": null, "cpf": null, "telefone": null}, "pai": {"nome": null, "cpf": null, "telefone": null}, "responsavelPrincipal": {"nome": null, "cpf": null, "parentesco": null, "identidade": null, "orgaoExpedidor": null, "telefone": null}, "enderecoResponsavel": null, "cepResponsavel": null, "escolaridade": null, "profissao": null, "numeroDependentes": null, "numeroPessoasCasa": null}'::jsonb,'{"codigoAluno": null, "inscricao": null, "censo": null, "beneficio": null, "nis": null, "pisResponsavel": null, "cpfOriginalAluno": "113.332.761-33", "cpfPersistidoNoCampoCpf": "113.332.761-33", "cpfDuplicadoNaPlanilha": false, "serie2024": null, "origemLinhaPlanilha": 204}'::jsonb,'[]'::jsonb,'{"usaTransporteEscolar": null, "nomeTransporte": null}'::jsonb,'{"turmaPlanilha": "I PERÍODO", "professoraPlanilha": "Danielle", "fonte": "DADOS PARA PLATAFORMA PEDAGÓGICA (1) (1).xlsx / Planilha1", "linhaPlanilha": 204, "raw": {"NOME": "CESAR AUGUSTO AVELAR DO ROSARIO", "SEXO": "M", "NASC": "2021-10-11T00:00:00", "NACIONALIDADE": "BRASIL", "NATURALIDADE": "Brasilia", "UF": "DF", "CPF": "11333276133", "RAÇA": "PARDA", "TURMA": "I PERÍODO", "PROFESSORA": "Danielle"}}'::jsonb,TRUE,NOW(),NOW())
  ON CONFLICT (id) DO UPDATE SET "unitId"=v_unit_id, "firstName"=EXCLUDED."firstName", "lastName"=EXCLUDED."lastName", "dateOfBirth"=EXCLUDED."dateOfBirth", gender=EXCLUDED.gender, cpf=EXCLUDED.cpf, raca=EXCLUDED.raca, peso=EXCLUDED.peso, "bloodType"=EXCLUDED."bloodType", allergies=EXCLUDED.allergies, "medicalConditions"=EXCLUDED."medicalConditions", "usoImagem"=EXCLUDED."usoImagem", laudado=EXCLUDED.laudado, nis=EXCLUDED.nis, "codigoAluno"=EXCLUDED."codigoAluno", inscricao=EXCLUDED.inscricao, "nomeMae"=EXCLUDED."nomeMae", "nomePai"=EXCLUDED."nomePai", "celPai"=EXCLUDED."celPai", nacionalidade=EXCLUDED.nacionalidade, naturalidade=EXCLUDED.naturalidade, "ufNascimento"=EXCLUDED."ufNascimento", endereco=EXCLUDED.endereco, cep=EXCLUDED.cep, "dadosResponsaveis"=EXCLUDED."dadosResponsaveis", "documentosMatricula"=EXCLUDED."documentosMatricula", "autorizadosRetirada"=EXCLUDED."autorizadosRetirada", "transporteEscolar"=EXCLUDED."transporteEscolar", "fichaAdministrativa"=EXCLUDED."fichaAdministrativa", "isActive"=TRUE, "updatedAt"=NOW();
  INSERT INTO "Enrollment" (id,"childId","classroomId","enrollmentDate",status,"createdAt","updatedAt")
  VALUES ('seed_enr_' || 'seed_pelicano_child_row204_cesar_augusto_avelar_do_rosario_seed_pelicano_class_pel_i_periodo_daniell', 'seed_pelicano_child_row204_cesar_augusto_avelar_do_rosario', 'seed_pelicano_class_pel_i_periodo_danielle', '2026-02-01 12:00:00', 'ATIVA'::"EnrollmentStatus", NOW(), NOW())
  ON CONFLICT ("childId","classroomId") DO UPDATE SET status=EXCLUDED.status, "updatedAt"=NOW();
  -- Aluno: CHLOE GONCALVES PORTUGUES
  INSERT INTO "Child" (id,"mantenedoraId","unitId","firstName","lastName","dateOfBirth",gender,cpf,raca,peso,"bloodType",allergies,"medicalConditions","usoImagem",laudado,nis,"codigoAluno",inscricao,"nomeMae","nomePai","celPai",nacionalidade,naturalidade,"ufNascimento",endereco,cep,"dadosResponsaveis","documentosMatricula","autorizadosRetirada","transporteEscolar","fichaAdministrativa","isActive","createdAt","updatedAt")
  VALUES ('seed_pelicano_child_row205_chloe_goncalves_portugues',v_mantenedora_id,v_unit_id,'Chloe','Goncalves Portugues','2021-12-02 12:00:00','FEMININO'::"Gender",'114.016.541-00','PARDA',NULL,NULL,NULL,NULL,NULL,NULL,NULL,NULL,NULL,NULL,NULL,NULL,'BRASIL','Brasilia','DF',NULL,NULL,'{"mae": {"nome": null, "cpf": null, "telefone": null}, "pai": {"nome": null, "cpf": null, "telefone": null}, "responsavelPrincipal": {"nome": null, "cpf": null, "parentesco": null, "identidade": null, "orgaoExpedidor": null, "telefone": null}, "enderecoResponsavel": null, "cepResponsavel": null, "escolaridade": null, "profissao": null, "numeroDependentes": null, "numeroPessoasCasa": null}'::jsonb,'{"codigoAluno": null, "inscricao": null, "censo": null, "beneficio": null, "nis": null, "pisResponsavel": null, "cpfOriginalAluno": "114.016.541-00", "cpfPersistidoNoCampoCpf": "114.016.541-00", "cpfDuplicadoNaPlanilha": false, "serie2024": null, "origemLinhaPlanilha": 205}'::jsonb,'[]'::jsonb,'{"usaTransporteEscolar": null, "nomeTransporte": null}'::jsonb,'{"turmaPlanilha": "I PERÍODO", "professoraPlanilha": "Danielle", "fonte": "DADOS PARA PLATAFORMA PEDAGÓGICA (1) (1).xlsx / Planilha1", "linhaPlanilha": 205, "raw": {"NOME": "CHLOE GONCALVES PORTUGUES", "SEXO": "F", "NASC": "2021-12-02T00:00:00", "NACIONALIDADE": "BRASIL", "NATURALIDADE": "Brasilia", "UF": "DF", "CPF": "11401654100", "RAÇA": "PARDA", "TURMA": "I PERÍODO", "PROFESSORA": "Danielle"}}'::jsonb,TRUE,NOW(),NOW())
  ON CONFLICT (id) DO UPDATE SET "unitId"=v_unit_id, "firstName"=EXCLUDED."firstName", "lastName"=EXCLUDED."lastName", "dateOfBirth"=EXCLUDED."dateOfBirth", gender=EXCLUDED.gender, cpf=EXCLUDED.cpf, raca=EXCLUDED.raca, peso=EXCLUDED.peso, "bloodType"=EXCLUDED."bloodType", allergies=EXCLUDED.allergies, "medicalConditions"=EXCLUDED."medicalConditions", "usoImagem"=EXCLUDED."usoImagem", laudado=EXCLUDED.laudado, nis=EXCLUDED.nis, "codigoAluno"=EXCLUDED."codigoAluno", inscricao=EXCLUDED.inscricao, "nomeMae"=EXCLUDED."nomeMae", "nomePai"=EXCLUDED."nomePai", "celPai"=EXCLUDED."celPai", nacionalidade=EXCLUDED.nacionalidade, naturalidade=EXCLUDED.naturalidade, "ufNascimento"=EXCLUDED."ufNascimento", endereco=EXCLUDED.endereco, cep=EXCLUDED.cep, "dadosResponsaveis"=EXCLUDED."dadosResponsaveis", "documentosMatricula"=EXCLUDED."documentosMatricula", "autorizadosRetirada"=EXCLUDED."autorizadosRetirada", "transporteEscolar"=EXCLUDED."transporteEscolar", "fichaAdministrativa"=EXCLUDED."fichaAdministrativa", "isActive"=TRUE, "updatedAt"=NOW();
  INSERT INTO "Enrollment" (id,"childId","classroomId","enrollmentDate",status,"createdAt","updatedAt")
  VALUES ('seed_enr_' || 'seed_pelicano_child_row205_chloe_goncalves_portugues_seed_pelicano_class_pel_i_periodo_danielle', 'seed_pelicano_child_row205_chloe_goncalves_portugues', 'seed_pelicano_class_pel_i_periodo_danielle', '2026-02-01 12:00:00', 'ATIVA'::"EnrollmentStatus", NOW(), NOW())
  ON CONFLICT ("childId","classroomId") DO UPDATE SET status=EXCLUDED.status, "updatedAt"=NOW();
  -- Aluno: DAVI SALES ALVES
  INSERT INTO "Child" (id,"mantenedoraId","unitId","firstName","lastName","dateOfBirth",gender,cpf,raca,peso,"bloodType",allergies,"medicalConditions","usoImagem",laudado,nis,"codigoAluno",inscricao,"nomeMae","nomePai","celPai",nacionalidade,naturalidade,"ufNascimento",endereco,cep,"dadosResponsaveis","documentosMatricula","autorizadosRetirada","transporteEscolar","fichaAdministrativa","isActive","createdAt","updatedAt")
  VALUES ('seed_pelicano_child_row206_davi_sales_alves',v_mantenedora_id,v_unit_id,'Davi','Sales Alves','2022-01-08 12:00:00','MASCULINO'::"Gender",'114.375.111-63','PARDA',NULL,NULL,NULL,NULL,NULL,NULL,NULL,NULL,NULL,NULL,NULL,NULL,'BRASIL','Brasilia','DF',NULL,NULL,'{"mae": {"nome": null, "cpf": null, "telefone": null}, "pai": {"nome": null, "cpf": null, "telefone": null}, "responsavelPrincipal": {"nome": null, "cpf": null, "parentesco": null, "identidade": null, "orgaoExpedidor": null, "telefone": null}, "enderecoResponsavel": null, "cepResponsavel": null, "escolaridade": null, "profissao": null, "numeroDependentes": null, "numeroPessoasCasa": null}'::jsonb,'{"codigoAluno": null, "inscricao": null, "censo": null, "beneficio": null, "nis": null, "pisResponsavel": null, "cpfOriginalAluno": "114.375.111-63", "cpfPersistidoNoCampoCpf": "114.375.111-63", "cpfDuplicadoNaPlanilha": false, "serie2024": null, "origemLinhaPlanilha": 206}'::jsonb,'[]'::jsonb,'{"usaTransporteEscolar": null, "nomeTransporte": null}'::jsonb,'{"turmaPlanilha": "I PERÍODO", "professoraPlanilha": "Danielle", "fonte": "DADOS PARA PLATAFORMA PEDAGÓGICA (1) (1).xlsx / Planilha1", "linhaPlanilha": 206, "raw": {"NOME": "DAVI SALES ALVES", "SEXO": "M", "NASC": "2022-01-08T00:00:00", "NACIONALIDADE": "BRASIL", "NATURALIDADE": "Brasilia", "UF": "DF", "CPF": "11437511163", "RAÇA": "PARDA", "TURMA": "I PERÍODO", "PROFESSORA": "Danielle"}}'::jsonb,TRUE,NOW(),NOW())
  ON CONFLICT (id) DO UPDATE SET "unitId"=v_unit_id, "firstName"=EXCLUDED."firstName", "lastName"=EXCLUDED."lastName", "dateOfBirth"=EXCLUDED."dateOfBirth", gender=EXCLUDED.gender, cpf=EXCLUDED.cpf, raca=EXCLUDED.raca, peso=EXCLUDED.peso, "bloodType"=EXCLUDED."bloodType", allergies=EXCLUDED.allergies, "medicalConditions"=EXCLUDED."medicalConditions", "usoImagem"=EXCLUDED."usoImagem", laudado=EXCLUDED.laudado, nis=EXCLUDED.nis, "codigoAluno"=EXCLUDED."codigoAluno", inscricao=EXCLUDED.inscricao, "nomeMae"=EXCLUDED."nomeMae", "nomePai"=EXCLUDED."nomePai", "celPai"=EXCLUDED."celPai", nacionalidade=EXCLUDED.nacionalidade, naturalidade=EXCLUDED.naturalidade, "ufNascimento"=EXCLUDED."ufNascimento", endereco=EXCLUDED.endereco, cep=EXCLUDED.cep, "dadosResponsaveis"=EXCLUDED."dadosResponsaveis", "documentosMatricula"=EXCLUDED."documentosMatricula", "autorizadosRetirada"=EXCLUDED."autorizadosRetirada", "transporteEscolar"=EXCLUDED."transporteEscolar", "fichaAdministrativa"=EXCLUDED."fichaAdministrativa", "isActive"=TRUE, "updatedAt"=NOW();
  INSERT INTO "Enrollment" (id,"childId","classroomId","enrollmentDate",status,"createdAt","updatedAt")
  VALUES ('seed_enr_' || 'seed_pelicano_child_row206_davi_sales_alves_seed_pelicano_class_pel_i_periodo_danielle', 'seed_pelicano_child_row206_davi_sales_alves', 'seed_pelicano_class_pel_i_periodo_danielle', '2026-02-01 12:00:00', 'ATIVA'::"EnrollmentStatus", NOW(), NOW())
  ON CONFLICT ("childId","classroomId") DO UPDATE SET status=EXCLUDED.status, "updatedAt"=NOW();
  -- Aluno: DAVY LUCAS BARBOSA MARTINS SILVA
  INSERT INTO "Child" (id,"mantenedoraId","unitId","firstName","lastName","dateOfBirth",gender,cpf,raca,peso,"bloodType",allergies,"medicalConditions","usoImagem",laudado,nis,"codigoAluno",inscricao,"nomeMae","nomePai","celPai",nacionalidade,naturalidade,"ufNascimento",endereco,cep,"dadosResponsaveis","documentosMatricula","autorizadosRetirada","transporteEscolar","fichaAdministrativa","isActive","createdAt","updatedAt")
  VALUES ('seed_pelicano_child_row207_davy_lucas_barbosa_martins_silva',v_mantenedora_id,v_unit_id,'Davy','Lucas Barbosa Martins Silva','2021-08-13 12:00:00','MASCULINO'::"Gender",'112.653.071-99','PARDA','18.8kg','O+',NULL,NULL,NULL,NULL,NULL,NULL,NULL,'Luziane','Edilson','61995701003','BRASIL','Brasilia','DF','QD 95 QR CASA 02 Santo Antonio','72900232','{"mae": {"nome": "Luziane", "cpf": null, "telefone": "61993013566"}, "pai": {"nome": "Edilson", "cpf": "708.019.161-00", "telefone": "61995701003"}, "responsavelPrincipal": {"nome": "Edilson", "cpf": "708.019.161-00", "parentesco": "Pai", "identidade": "1769512", "orgaoExpedidor": "SSP", "telefone": null}, "enderecoResponsavel": null, "cepResponsavel": null, "escolaridade": "Ensino Fundamental", "profissao": "Autonomo", "numeroDependentes": "2", "numeroPessoasCasa": null}'::jsonb,'{"codigoAluno": null, "inscricao": null, "censo": null, "beneficio": null, "nis": null, "pisResponsavel": "2072226338", "cpfOriginalAluno": "112.653.071-99", "cpfPersistidoNoCampoCpf": "112.653.071-99", "cpfDuplicadoNaPlanilha": false, "serie2024": null, "origemLinhaPlanilha": 207}'::jsonb,'[]'::jsonb,'{"usaTransporteEscolar": null, "nomeTransporte": null}'::jsonb,'{"turmaPlanilha": "I PERÍODO", "professoraPlanilha": "Cliciane", "fonte": "DADOS PARA PLATAFORMA PEDAGÓGICA (1) (1).xlsx / Planilha1", "linhaPlanilha": 207, "raw": {"NOME": "DAVY LUCAS BARBOSA MARTINS SILVA", "SEXO": "M", "NASC": "2021-08-13T00:00:00", "NACIONALIDADE": "BRASIL", "NATURALIDADE": "Brasilia", "UF": "DF", "CPF": "11265307199", "RAÇA": "PARDA", "PESO": "18.8kg", "TIPAGEM SANGUINEA": "O+", "ENDEREÇO": "QD 95 QR CASA 02 Santo Antonio", "CEP": "72900232", "TURMA": "I PERÍODO", "PROFESSORA": "Cliciane", "MÃE": "Luziane", "PAI": "Edilson", "RESPONSÁVEL_2": "Edilson", "PARENTESCO": "Pai", "IDENTIDADE RESP": "1769512", "ORG. EXPEDITOR": "SSP", "CPF_3": "70801916100", "Nº DO PIS": "2072226338", "NASCIMENTO": "1982-01-26T00:00:00", "NATURALIDADE_2": "Brasilia", "UF_2": "DF", "CEL. MÃE": "6199301-3566", "CEL. PAI": "61995701003", "ESCOLARIDADE": "Ensino Fundamental", "Nº DEPENDENTES": "2", "PROFISSÃO": "Autonomo"}}'::jsonb,TRUE,NOW(),NOW())
  ON CONFLICT (id) DO UPDATE SET "unitId"=v_unit_id, "firstName"=EXCLUDED."firstName", "lastName"=EXCLUDED."lastName", "dateOfBirth"=EXCLUDED."dateOfBirth", gender=EXCLUDED.gender, cpf=EXCLUDED.cpf, raca=EXCLUDED.raca, peso=EXCLUDED.peso, "bloodType"=EXCLUDED."bloodType", allergies=EXCLUDED.allergies, "medicalConditions"=EXCLUDED."medicalConditions", "usoImagem"=EXCLUDED."usoImagem", laudado=EXCLUDED.laudado, nis=EXCLUDED.nis, "codigoAluno"=EXCLUDED."codigoAluno", inscricao=EXCLUDED.inscricao, "nomeMae"=EXCLUDED."nomeMae", "nomePai"=EXCLUDED."nomePai", "celPai"=EXCLUDED."celPai", nacionalidade=EXCLUDED.nacionalidade, naturalidade=EXCLUDED.naturalidade, "ufNascimento"=EXCLUDED."ufNascimento", endereco=EXCLUDED.endereco, cep=EXCLUDED.cep, "dadosResponsaveis"=EXCLUDED."dadosResponsaveis", "documentosMatricula"=EXCLUDED."documentosMatricula", "autorizadosRetirada"=EXCLUDED."autorizadosRetirada", "transporteEscolar"=EXCLUDED."transporteEscolar", "fichaAdministrativa"=EXCLUDED."fichaAdministrativa", "isActive"=TRUE, "updatedAt"=NOW();
  INSERT INTO "Enrollment" (id,"childId","classroomId","enrollmentDate",status,"createdAt","updatedAt")
  VALUES ('seed_enr_' || 'seed_pelicano_child_row207_davy_lucas_barbosa_martins_silva_seed_pelicano_class_pel_i_periodo_clicia', 'seed_pelicano_child_row207_davy_lucas_barbosa_martins_silva', 'seed_pelicano_class_pel_i_periodo_cliciane', '2026-02-01 12:00:00', 'ATIVA'::"EnrollmentStatus", NOW(), NOW())
  ON CONFLICT ("childId","classroomId") DO UPDATE SET status=EXCLUDED.status, "updatedAt"=NOW();
  -- Aluno: ELENA MENDES GODOY
  INSERT INTO "Child" (id,"mantenedoraId","unitId","firstName","lastName","dateOfBirth",gender,cpf,raca,peso,"bloodType",allergies,"medicalConditions","usoImagem",laudado,nis,"codigoAluno",inscricao,"nomeMae","nomePai","celPai",nacionalidade,naturalidade,"ufNascimento",endereco,cep,"dadosResponsaveis","documentosMatricula","autorizadosRetirada","transporteEscolar","fichaAdministrativa","isActive","createdAt","updatedAt")
  VALUES ('seed_pelicano_child_row208_elena_mendes_godoy',v_mantenedora_id,v_unit_id,'Elena','Mendes Godoy','2021-10-26 12:00:00','FEMININO'::"Gender",'113.531.941-32','PARDA',NULL,NULL,NULL,NULL,NULL,NULL,NULL,NULL,NULL,NULL,NULL,NULL,'BRASIL','Brasilia','DF',NULL,NULL,'{"mae": {"nome": null, "cpf": null, "telefone": null}, "pai": {"nome": null, "cpf": null, "telefone": null}, "responsavelPrincipal": {"nome": null, "cpf": null, "parentesco": null, "identidade": null, "orgaoExpedidor": null, "telefone": null}, "enderecoResponsavel": null, "cepResponsavel": null, "escolaridade": null, "profissao": null, "numeroDependentes": null, "numeroPessoasCasa": null}'::jsonb,'{"codigoAluno": null, "inscricao": null, "censo": null, "beneficio": null, "nis": null, "pisResponsavel": null, "cpfOriginalAluno": "113.531.941-32", "cpfPersistidoNoCampoCpf": "113.531.941-32", "cpfDuplicadoNaPlanilha": false, "serie2024": null, "origemLinhaPlanilha": 208}'::jsonb,'[]'::jsonb,'{"usaTransporteEscolar": null, "nomeTransporte": null}'::jsonb,'{"turmaPlanilha": "I PERÍODO", "professoraPlanilha": "Cliciane", "fonte": "DADOS PARA PLATAFORMA PEDAGÓGICA (1) (1).xlsx / Planilha1", "linhaPlanilha": 208, "raw": {"NOME": "ELENA MENDES GODOY", "SEXO": "F", "NASC": "2021-10-26T00:00:00", "NACIONALIDADE": "BRASIL", "NATURALIDADE": "Brasilia", "UF": "DF", "CPF": "11353194132", "RAÇA": "PARDA", "TURMA": "I PERÍODO", "PROFESSORA": "Cliciane"}}'::jsonb,TRUE,NOW(),NOW())
  ON CONFLICT (id) DO UPDATE SET "unitId"=v_unit_id, "firstName"=EXCLUDED."firstName", "lastName"=EXCLUDED."lastName", "dateOfBirth"=EXCLUDED."dateOfBirth", gender=EXCLUDED.gender, cpf=EXCLUDED.cpf, raca=EXCLUDED.raca, peso=EXCLUDED.peso, "bloodType"=EXCLUDED."bloodType", allergies=EXCLUDED.allergies, "medicalConditions"=EXCLUDED."medicalConditions", "usoImagem"=EXCLUDED."usoImagem", laudado=EXCLUDED.laudado, nis=EXCLUDED.nis, "codigoAluno"=EXCLUDED."codigoAluno", inscricao=EXCLUDED.inscricao, "nomeMae"=EXCLUDED."nomeMae", "nomePai"=EXCLUDED."nomePai", "celPai"=EXCLUDED."celPai", nacionalidade=EXCLUDED.nacionalidade, naturalidade=EXCLUDED.naturalidade, "ufNascimento"=EXCLUDED."ufNascimento", endereco=EXCLUDED.endereco, cep=EXCLUDED.cep, "dadosResponsaveis"=EXCLUDED."dadosResponsaveis", "documentosMatricula"=EXCLUDED."documentosMatricula", "autorizadosRetirada"=EXCLUDED."autorizadosRetirada", "transporteEscolar"=EXCLUDED."transporteEscolar", "fichaAdministrativa"=EXCLUDED."fichaAdministrativa", "isActive"=TRUE, "updatedAt"=NOW();
  INSERT INTO "Enrollment" (id,"childId","classroomId","enrollmentDate",status,"createdAt","updatedAt")
  VALUES ('seed_enr_' || 'seed_pelicano_child_row208_elena_mendes_godoy_seed_pelicano_class_pel_i_periodo_cliciane', 'seed_pelicano_child_row208_elena_mendes_godoy', 'seed_pelicano_class_pel_i_periodo_cliciane', '2026-02-01 12:00:00', 'ATIVA'::"EnrollmentStatus", NOW(), NOW())
  ON CONFLICT ("childId","classroomId") DO UPDATE SET status=EXCLUDED.status, "updatedAt"=NOW();
  -- Aluno: ELOAH BARBOSA PEREIRA SILVA
  INSERT INTO "Child" (id,"mantenedoraId","unitId","firstName","lastName","dateOfBirth",gender,cpf,raca,peso,"bloodType",allergies,"medicalConditions","usoImagem",laudado,nis,"codigoAluno",inscricao,"nomeMae","nomePai","celPai",nacionalidade,naturalidade,"ufNascimento",endereco,cep,"dadosResponsaveis","documentosMatricula","autorizadosRetirada","transporteEscolar","fichaAdministrativa","isActive","createdAt","updatedAt")
  VALUES ('seed_pelicano_child_row209_eloah_barbosa_pereira_silva',v_mantenedora_id,v_unit_id,'Eloah','Barbosa Pereira Silva','2022-02-10 12:00:00','FEMININO'::"Gender",'114.851.111-37','PARDA',NULL,NULL,NULL,NULL,NULL,NULL,NULL,NULL,NULL,NULL,NULL,NULL,'BRASIL','Brasilia','DF',NULL,NULL,'{"mae": {"nome": null, "cpf": null, "telefone": null}, "pai": {"nome": null, "cpf": null, "telefone": null}, "responsavelPrincipal": {"nome": null, "cpf": null, "parentesco": null, "identidade": null, "orgaoExpedidor": null, "telefone": null}, "enderecoResponsavel": null, "cepResponsavel": null, "escolaridade": null, "profissao": null, "numeroDependentes": null, "numeroPessoasCasa": null}'::jsonb,'{"codigoAluno": null, "inscricao": null, "censo": null, "beneficio": null, "nis": null, "pisResponsavel": null, "cpfOriginalAluno": "114.851.111-37", "cpfPersistidoNoCampoCpf": "114.851.111-37", "cpfDuplicadoNaPlanilha": false, "serie2024": null, "origemLinhaPlanilha": 209}'::jsonb,'[]'::jsonb,'{"usaTransporteEscolar": null, "nomeTransporte": null}'::jsonb,'{"turmaPlanilha": "I PERÍODO", "professoraPlanilha": "Cliciane", "fonte": "DADOS PARA PLATAFORMA PEDAGÓGICA (1) (1).xlsx / Planilha1", "linhaPlanilha": 209, "raw": {"NOME": "ELOAH BARBOSA PEREIRA SILVA", "SEXO": "F", "NASC": "2022-02-10T00:00:00", "NACIONALIDADE": "BRASIL", "NATURALIDADE": "Brasilia", "UF": "DF", "CPF": "11485111137", "RAÇA": "PARDA", "TURMA": "I PERÍODO", "PROFESSORA": "Cliciane"}}'::jsonb,TRUE,NOW(),NOW())
  ON CONFLICT (id) DO UPDATE SET "unitId"=v_unit_id, "firstName"=EXCLUDED."firstName", "lastName"=EXCLUDED."lastName", "dateOfBirth"=EXCLUDED."dateOfBirth", gender=EXCLUDED.gender, cpf=EXCLUDED.cpf, raca=EXCLUDED.raca, peso=EXCLUDED.peso, "bloodType"=EXCLUDED."bloodType", allergies=EXCLUDED.allergies, "medicalConditions"=EXCLUDED."medicalConditions", "usoImagem"=EXCLUDED."usoImagem", laudado=EXCLUDED.laudado, nis=EXCLUDED.nis, "codigoAluno"=EXCLUDED."codigoAluno", inscricao=EXCLUDED.inscricao, "nomeMae"=EXCLUDED."nomeMae", "nomePai"=EXCLUDED."nomePai", "celPai"=EXCLUDED."celPai", nacionalidade=EXCLUDED.nacionalidade, naturalidade=EXCLUDED.naturalidade, "ufNascimento"=EXCLUDED."ufNascimento", endereco=EXCLUDED.endereco, cep=EXCLUDED.cep, "dadosResponsaveis"=EXCLUDED."dadosResponsaveis", "documentosMatricula"=EXCLUDED."documentosMatricula", "autorizadosRetirada"=EXCLUDED."autorizadosRetirada", "transporteEscolar"=EXCLUDED."transporteEscolar", "fichaAdministrativa"=EXCLUDED."fichaAdministrativa", "isActive"=TRUE, "updatedAt"=NOW();
  INSERT INTO "Enrollment" (id,"childId","classroomId","enrollmentDate",status,"createdAt","updatedAt")
  VALUES ('seed_enr_' || 'seed_pelicano_child_row209_eloah_barbosa_pereira_silva_seed_pelicano_class_pel_i_periodo_cliciane', 'seed_pelicano_child_row209_eloah_barbosa_pereira_silva', 'seed_pelicano_class_pel_i_periodo_cliciane', '2026-02-01 12:00:00', 'ATIVA'::"EnrollmentStatus", NOW(), NOW())
  ON CONFLICT ("childId","classroomId") DO UPDATE SET status=EXCLUDED.status, "updatedAt"=NOW();
  -- Aluno: ELOAH EDUARDA DE QUEIROZ SILVA
  INSERT INTO "Child" (id,"mantenedoraId","unitId","firstName","lastName","dateOfBirth",gender,cpf,raca,peso,"bloodType",allergies,"medicalConditions","usoImagem",laudado,nis,"codigoAluno",inscricao,"nomeMae","nomePai","celPai",nacionalidade,naturalidade,"ufNascimento",endereco,cep,"dadosResponsaveis","documentosMatricula","autorizadosRetirada","transporteEscolar","fichaAdministrativa","isActive","createdAt","updatedAt")
  VALUES ('seed_pelicano_child_row210_eloah_eduarda_de_queiroz_silva',v_mantenedora_id,v_unit_id,'Eloah','Eduarda De Queiroz Silva','2022-03-27 12:00:00','FEMININO'::"Gender",'115.409.761-73','PARDA',NULL,NULL,NULL,NULL,NULL,NULL,NULL,NULL,NULL,NULL,NULL,NULL,'BRASIL','Brasilia','DF',NULL,NULL,'{"mae": {"nome": null, "cpf": null, "telefone": null}, "pai": {"nome": null, "cpf": null, "telefone": null}, "responsavelPrincipal": {"nome": null, "cpf": null, "parentesco": null, "identidade": null, "orgaoExpedidor": null, "telefone": null}, "enderecoResponsavel": null, "cepResponsavel": null, "escolaridade": null, "profissao": null, "numeroDependentes": null, "numeroPessoasCasa": null}'::jsonb,'{"codigoAluno": null, "inscricao": null, "censo": null, "beneficio": null, "nis": null, "pisResponsavel": null, "cpfOriginalAluno": "115.409.761-73", "cpfPersistidoNoCampoCpf": "115.409.761-73", "cpfDuplicadoNaPlanilha": false, "serie2024": null, "origemLinhaPlanilha": 210}'::jsonb,'[]'::jsonb,'{"usaTransporteEscolar": null, "nomeTransporte": null}'::jsonb,'{"turmaPlanilha": "I PERÍODO", "professoraPlanilha": "Elza", "fonte": "DADOS PARA PLATAFORMA PEDAGÓGICA (1) (1).xlsx / Planilha1", "linhaPlanilha": 210, "raw": {"NOME": "ELOAH EDUARDA DE QUEIROZ SILVA", "SEXO": "F", "NASC": "2022-03-27T00:00:00", "NACIONALIDADE": "BRASIL", "NATURALIDADE": "Brasilia", "UF": "DF", "CPF": "11540976173", "RAÇA": "PARDA", "TURMA": "I PERÍODO", "PROFESSORA": "Elza"}}'::jsonb,TRUE,NOW(),NOW())
  ON CONFLICT (id) DO UPDATE SET "unitId"=v_unit_id, "firstName"=EXCLUDED."firstName", "lastName"=EXCLUDED."lastName", "dateOfBirth"=EXCLUDED."dateOfBirth", gender=EXCLUDED.gender, cpf=EXCLUDED.cpf, raca=EXCLUDED.raca, peso=EXCLUDED.peso, "bloodType"=EXCLUDED."bloodType", allergies=EXCLUDED.allergies, "medicalConditions"=EXCLUDED."medicalConditions", "usoImagem"=EXCLUDED."usoImagem", laudado=EXCLUDED.laudado, nis=EXCLUDED.nis, "codigoAluno"=EXCLUDED."codigoAluno", inscricao=EXCLUDED.inscricao, "nomeMae"=EXCLUDED."nomeMae", "nomePai"=EXCLUDED."nomePai", "celPai"=EXCLUDED."celPai", nacionalidade=EXCLUDED.nacionalidade, naturalidade=EXCLUDED.naturalidade, "ufNascimento"=EXCLUDED."ufNascimento", endereco=EXCLUDED.endereco, cep=EXCLUDED.cep, "dadosResponsaveis"=EXCLUDED."dadosResponsaveis", "documentosMatricula"=EXCLUDED."documentosMatricula", "autorizadosRetirada"=EXCLUDED."autorizadosRetirada", "transporteEscolar"=EXCLUDED."transporteEscolar", "fichaAdministrativa"=EXCLUDED."fichaAdministrativa", "isActive"=TRUE, "updatedAt"=NOW();
  INSERT INTO "Enrollment" (id,"childId","classroomId","enrollmentDate",status,"createdAt","updatedAt")
  VALUES ('seed_enr_' || 'seed_pelicano_child_row210_eloah_eduarda_de_queiroz_silva_seed_pelicano_class_pel_i_periodo_elza', 'seed_pelicano_child_row210_eloah_eduarda_de_queiroz_silva', 'seed_pelicano_class_pel_i_periodo_elza', '2026-02-01 12:00:00', 'ATIVA'::"EnrollmentStatus", NOW(), NOW())
  ON CONFLICT ("childId","classroomId") DO UPDATE SET status=EXCLUDED.status, "updatedAt"=NOW();
  -- Aluno: ELOAH VITORIA QUEIROZ MORAES
  INSERT INTO "Child" (id,"mantenedoraId","unitId","firstName","lastName","dateOfBirth",gender,cpf,raca,peso,"bloodType",allergies,"medicalConditions","usoImagem",laudado,nis,"codigoAluno",inscricao,"nomeMae","nomePai","celPai",nacionalidade,naturalidade,"ufNascimento",endereco,cep,"dadosResponsaveis","documentosMatricula","autorizadosRetirada","transporteEscolar","fichaAdministrativa","isActive","createdAt","updatedAt")
  VALUES ('seed_pelicano_child_row211_eloah_vitoria_queiroz_moraes',v_mantenedora_id,v_unit_id,'Eloah','Vitoria Queiroz Moraes','2021-05-23 12:00:00','FEMININO'::"Gender",'111.844.791-35','PARDA',NULL,NULL,NULL,NULL,NULL,NULL,NULL,NULL,NULL,NULL,NULL,NULL,'BRASIL','Brasilia','DF',NULL,NULL,'{"mae": {"nome": null, "cpf": null, "telefone": null}, "pai": {"nome": null, "cpf": null, "telefone": null}, "responsavelPrincipal": {"nome": null, "cpf": null, "parentesco": null, "identidade": null, "orgaoExpedidor": null, "telefone": null}, "enderecoResponsavel": null, "cepResponsavel": null, "escolaridade": null, "profissao": null, "numeroDependentes": null, "numeroPessoasCasa": null}'::jsonb,'{"codigoAluno": null, "inscricao": null, "censo": null, "beneficio": null, "nis": null, "pisResponsavel": null, "cpfOriginalAluno": "111.844.791-35", "cpfPersistidoNoCampoCpf": "111.844.791-35", "cpfDuplicadoNaPlanilha": false, "serie2024": null, "origemLinhaPlanilha": 211}'::jsonb,'[]'::jsonb,'{"usaTransporteEscolar": null, "nomeTransporte": null}'::jsonb,'{"turmaPlanilha": "I PERÍODO", "professoraPlanilha": "Cliciane", "fonte": "DADOS PARA PLATAFORMA PEDAGÓGICA (1) (1).xlsx / Planilha1", "linhaPlanilha": 211, "raw": {"NOME": "ELOAH VITORIA QUEIROZ MORAES", "SEXO": "F", "NASC": "2021-05-23T00:00:00", "NACIONALIDADE": "BRASIL", "NATURALIDADE": "Brasilia", "UF": "DF", "CPF": "11184479135", "RAÇA": "PARDA", "TURMA": "I PERÍODO", "PROFESSORA": "Cliciane"}}'::jsonb,TRUE,NOW(),NOW())
  ON CONFLICT (id) DO UPDATE SET "unitId"=v_unit_id, "firstName"=EXCLUDED."firstName", "lastName"=EXCLUDED."lastName", "dateOfBirth"=EXCLUDED."dateOfBirth", gender=EXCLUDED.gender, cpf=EXCLUDED.cpf, raca=EXCLUDED.raca, peso=EXCLUDED.peso, "bloodType"=EXCLUDED."bloodType", allergies=EXCLUDED.allergies, "medicalConditions"=EXCLUDED."medicalConditions", "usoImagem"=EXCLUDED."usoImagem", laudado=EXCLUDED.laudado, nis=EXCLUDED.nis, "codigoAluno"=EXCLUDED."codigoAluno", inscricao=EXCLUDED.inscricao, "nomeMae"=EXCLUDED."nomeMae", "nomePai"=EXCLUDED."nomePai", "celPai"=EXCLUDED."celPai", nacionalidade=EXCLUDED.nacionalidade, naturalidade=EXCLUDED.naturalidade, "ufNascimento"=EXCLUDED."ufNascimento", endereco=EXCLUDED.endereco, cep=EXCLUDED.cep, "dadosResponsaveis"=EXCLUDED."dadosResponsaveis", "documentosMatricula"=EXCLUDED."documentosMatricula", "autorizadosRetirada"=EXCLUDED."autorizadosRetirada", "transporteEscolar"=EXCLUDED."transporteEscolar", "fichaAdministrativa"=EXCLUDED."fichaAdministrativa", "isActive"=TRUE, "updatedAt"=NOW();
  INSERT INTO "Enrollment" (id,"childId","classroomId","enrollmentDate",status,"createdAt","updatedAt")
  VALUES ('seed_enr_' || 'seed_pelicano_child_row211_eloah_vitoria_queiroz_moraes_seed_pelicano_class_pel_i_periodo_cliciane', 'seed_pelicano_child_row211_eloah_vitoria_queiroz_moraes', 'seed_pelicano_class_pel_i_periodo_cliciane', '2026-02-01 12:00:00', 'ATIVA'::"EnrollmentStatus", NOW(), NOW())
  ON CONFLICT ("childId","classroomId") DO UPDATE SET status=EXCLUDED.status, "updatedAt"=NOW();
  -- Aluno: ELOA VITORIA DURAES DA SILVA FREIRE
  INSERT INTO "Child" (id,"mantenedoraId","unitId","firstName","lastName","dateOfBirth",gender,cpf,raca,peso,"bloodType",allergies,"medicalConditions","usoImagem",laudado,nis,"codigoAluno",inscricao,"nomeMae","nomePai","celPai",nacionalidade,naturalidade,"ufNascimento",endereco,cep,"dadosResponsaveis","documentosMatricula","autorizadosRetirada","transporteEscolar","fichaAdministrativa","isActive","createdAt","updatedAt")
  VALUES ('seed_pelicano_child_row212_eloa_vitoria_duraes_da_silva_freire',v_mantenedora_id,v_unit_id,'Eloa','Vitoria Duraes Da Silva Freire','2021-10-11 12:00:00','FEMININO'::"Gender",'113.371.401-39','PARDA',NULL,NULL,NULL,NULL,NULL,NULL,NULL,NULL,NULL,NULL,NULL,NULL,'BRASIL','Brasilia','DF',NULL,NULL,'{"mae": {"nome": null, "cpf": null, "telefone": null}, "pai": {"nome": null, "cpf": null, "telefone": null}, "responsavelPrincipal": {"nome": null, "cpf": null, "parentesco": null, "identidade": null, "orgaoExpedidor": null, "telefone": null}, "enderecoResponsavel": null, "cepResponsavel": null, "escolaridade": null, "profissao": null, "numeroDependentes": null, "numeroPessoasCasa": null}'::jsonb,'{"codigoAluno": null, "inscricao": null, "censo": null, "beneficio": null, "nis": null, "pisResponsavel": null, "cpfOriginalAluno": "113.371.401-39", "cpfPersistidoNoCampoCpf": "113.371.401-39", "cpfDuplicadoNaPlanilha": false, "serie2024": null, "origemLinhaPlanilha": 212}'::jsonb,'[]'::jsonb,'{"usaTransporteEscolar": null, "nomeTransporte": null}'::jsonb,'{"turmaPlanilha": "I PERÍODO", "professoraPlanilha": "Priscila", "fonte": "DADOS PARA PLATAFORMA PEDAGÓGICA (1) (1).xlsx / Planilha1", "linhaPlanilha": 212, "raw": {"NOME": "ELOA VITORIA DURAES DA SILVA FREIRE", "SEXO": "F", "NASC": "2021-10-11T00:00:00", "NACIONALIDADE": "BRASIL", "NATURALIDADE": "Brasilia", "UF": "DF", "CPF": "11337140139", "RAÇA": "PARDA", "TURMA": "I PERÍODO", "PROFESSORA": "Priscila"}}'::jsonb,TRUE,NOW(),NOW())
  ON CONFLICT (id) DO UPDATE SET "unitId"=v_unit_id, "firstName"=EXCLUDED."firstName", "lastName"=EXCLUDED."lastName", "dateOfBirth"=EXCLUDED."dateOfBirth", gender=EXCLUDED.gender, cpf=EXCLUDED.cpf, raca=EXCLUDED.raca, peso=EXCLUDED.peso, "bloodType"=EXCLUDED."bloodType", allergies=EXCLUDED.allergies, "medicalConditions"=EXCLUDED."medicalConditions", "usoImagem"=EXCLUDED."usoImagem", laudado=EXCLUDED.laudado, nis=EXCLUDED.nis, "codigoAluno"=EXCLUDED."codigoAluno", inscricao=EXCLUDED.inscricao, "nomeMae"=EXCLUDED."nomeMae", "nomePai"=EXCLUDED."nomePai", "celPai"=EXCLUDED."celPai", nacionalidade=EXCLUDED.nacionalidade, naturalidade=EXCLUDED.naturalidade, "ufNascimento"=EXCLUDED."ufNascimento", endereco=EXCLUDED.endereco, cep=EXCLUDED.cep, "dadosResponsaveis"=EXCLUDED."dadosResponsaveis", "documentosMatricula"=EXCLUDED."documentosMatricula", "autorizadosRetirada"=EXCLUDED."autorizadosRetirada", "transporteEscolar"=EXCLUDED."transporteEscolar", "fichaAdministrativa"=EXCLUDED."fichaAdministrativa", "isActive"=TRUE, "updatedAt"=NOW();
  INSERT INTO "Enrollment" (id,"childId","classroomId","enrollmentDate",status,"createdAt","updatedAt")
  VALUES ('seed_enr_' || 'seed_pelicano_child_row212_eloa_vitoria_duraes_da_silva_freire_seed_pelicano_class_pel_i_periodo_pri', 'seed_pelicano_child_row212_eloa_vitoria_duraes_da_silva_freire', 'seed_pelicano_class_pel_i_periodo_priscila', '2026-02-01 12:00:00', 'ATIVA'::"EnrollmentStatus", NOW(), NOW())
  ON CONFLICT ("childId","classroomId") DO UPDATE SET status=EXCLUDED.status, "updatedAt"=NOW();
  -- Aluno: EMANOEL FREIRE DE SOUSA
  INSERT INTO "Child" (id,"mantenedoraId","unitId","firstName","lastName","dateOfBirth",gender,cpf,raca,peso,"bloodType",allergies,"medicalConditions","usoImagem",laudado,nis,"codigoAluno",inscricao,"nomeMae","nomePai","celPai",nacionalidade,naturalidade,"ufNascimento",endereco,cep,"dadosResponsaveis","documentosMatricula","autorizadosRetirada","transporteEscolar","fichaAdministrativa","isActive","createdAt","updatedAt")
  VALUES ('seed_pelicano_child_row213_emanoel_freire_de_sousa',v_mantenedora_id,v_unit_id,'Emanoel','Freire De Sousa','2022-03-11 12:00:00','MASCULINO'::"Gender",'115.204.781-78','PARDA',NULL,NULL,NULL,NULL,NULL,NULL,NULL,NULL,NULL,NULL,NULL,NULL,'BRASIL','Brasilia','DF',NULL,NULL,'{"mae": {"nome": null, "cpf": null, "telefone": null}, "pai": {"nome": null, "cpf": null, "telefone": null}, "responsavelPrincipal": {"nome": null, "cpf": null, "parentesco": null, "identidade": null, "orgaoExpedidor": null, "telefone": null}, "enderecoResponsavel": null, "cepResponsavel": null, "escolaridade": null, "profissao": null, "numeroDependentes": null, "numeroPessoasCasa": null}'::jsonb,'{"codigoAluno": null, "inscricao": null, "censo": null, "beneficio": null, "nis": null, "pisResponsavel": null, "cpfOriginalAluno": "115.204.781-78", "cpfPersistidoNoCampoCpf": "115.204.781-78", "cpfDuplicadoNaPlanilha": false, "serie2024": null, "origemLinhaPlanilha": 213}'::jsonb,'[]'::jsonb,'{"usaTransporteEscolar": null, "nomeTransporte": null}'::jsonb,'{"turmaPlanilha": "I PERÍODO", "professoraPlanilha": "Priscila", "fonte": "DADOS PARA PLATAFORMA PEDAGÓGICA (1) (1).xlsx / Planilha1", "linhaPlanilha": 213, "raw": {"NOME": "EMANOEL FREIRE DE SOUSA", "SEXO": "M", "NASC": "2022-03-11T00:00:00", "NACIONALIDADE": "BRASIL", "NATURALIDADE": "Brasilia", "UF": "DF", "CPF": "11520478178", "RAÇA": "PARDA", "TURMA": "I PERÍODO", "PROFESSORA": "Priscila"}}'::jsonb,TRUE,NOW(),NOW())
  ON CONFLICT (id) DO UPDATE SET "unitId"=v_unit_id, "firstName"=EXCLUDED."firstName", "lastName"=EXCLUDED."lastName", "dateOfBirth"=EXCLUDED."dateOfBirth", gender=EXCLUDED.gender, cpf=EXCLUDED.cpf, raca=EXCLUDED.raca, peso=EXCLUDED.peso, "bloodType"=EXCLUDED."bloodType", allergies=EXCLUDED.allergies, "medicalConditions"=EXCLUDED."medicalConditions", "usoImagem"=EXCLUDED."usoImagem", laudado=EXCLUDED.laudado, nis=EXCLUDED.nis, "codigoAluno"=EXCLUDED."codigoAluno", inscricao=EXCLUDED.inscricao, "nomeMae"=EXCLUDED."nomeMae", "nomePai"=EXCLUDED."nomePai", "celPai"=EXCLUDED."celPai", nacionalidade=EXCLUDED.nacionalidade, naturalidade=EXCLUDED.naturalidade, "ufNascimento"=EXCLUDED."ufNascimento", endereco=EXCLUDED.endereco, cep=EXCLUDED.cep, "dadosResponsaveis"=EXCLUDED."dadosResponsaveis", "documentosMatricula"=EXCLUDED."documentosMatricula", "autorizadosRetirada"=EXCLUDED."autorizadosRetirada", "transporteEscolar"=EXCLUDED."transporteEscolar", "fichaAdministrativa"=EXCLUDED."fichaAdministrativa", "isActive"=TRUE, "updatedAt"=NOW();
  INSERT INTO "Enrollment" (id,"childId","classroomId","enrollmentDate",status,"createdAt","updatedAt")
  VALUES ('seed_enr_' || 'seed_pelicano_child_row213_emanoel_freire_de_sousa_seed_pelicano_class_pel_i_periodo_priscila', 'seed_pelicano_child_row213_emanoel_freire_de_sousa', 'seed_pelicano_class_pel_i_periodo_priscila', '2026-02-01 12:00:00', 'ATIVA'::"EnrollmentStatus", NOW(), NOW())
  ON CONFLICT ("childId","classroomId") DO UPDATE SET status=EXCLUDED.status, "updatedAt"=NOW();
  -- Aluno: EMANUELLA GALVAO CAVALCANTE
  INSERT INTO "Child" (id,"mantenedoraId","unitId","firstName","lastName","dateOfBirth",gender,cpf,raca,peso,"bloodType",allergies,"medicalConditions","usoImagem",laudado,nis,"codigoAluno",inscricao,"nomeMae","nomePai","celPai",nacionalidade,naturalidade,"ufNascimento",endereco,cep,"dadosResponsaveis","documentosMatricula","autorizadosRetirada","transporteEscolar","fichaAdministrativa","isActive","createdAt","updatedAt")
  VALUES ('seed_pelicano_child_row214_emanuella_galvao_cavalcante',v_mantenedora_id,v_unit_id,'Emanuella','Galvao Cavalcante','2021-09-28 12:00:00','FEMININO'::"Gender",'113.200.161-70','PARDA',NULL,NULL,NULL,NULL,NULL,NULL,NULL,NULL,NULL,NULL,NULL,NULL,'BRASIL','Brasilia','DF',NULL,NULL,'{"mae": {"nome": null, "cpf": null, "telefone": null}, "pai": {"nome": null, "cpf": null, "telefone": null}, "responsavelPrincipal": {"nome": null, "cpf": null, "parentesco": null, "identidade": null, "orgaoExpedidor": null, "telefone": null}, "enderecoResponsavel": null, "cepResponsavel": null, "escolaridade": null, "profissao": null, "numeroDependentes": null, "numeroPessoasCasa": null}'::jsonb,'{"codigoAluno": null, "inscricao": null, "censo": null, "beneficio": null, "nis": null, "pisResponsavel": null, "cpfOriginalAluno": "113.200.161-70", "cpfPersistidoNoCampoCpf": "113.200.161-70", "cpfDuplicadoNaPlanilha": false, "serie2024": null, "origemLinhaPlanilha": 214}'::jsonb,'[]'::jsonb,'{"usaTransporteEscolar": null, "nomeTransporte": null}'::jsonb,'{"turmaPlanilha": "I PERÍODO", "professoraPlanilha": "Elza", "fonte": "DADOS PARA PLATAFORMA PEDAGÓGICA (1) (1).xlsx / Planilha1", "linhaPlanilha": 214, "raw": {"NOME": "EMANUELLA GALVAO CAVALCANTE", "SEXO": "F", "NASC": "2021-09-28T00:00:00", "NACIONALIDADE": "BRASIL", "NATURALIDADE": "Brasilia", "UF": "DF", "CPF": "11320016170", "RAÇA": "PARDA", "TURMA": "I PERÍODO", "PROFESSORA": "Elza"}}'::jsonb,TRUE,NOW(),NOW())
  ON CONFLICT (id) DO UPDATE SET "unitId"=v_unit_id, "firstName"=EXCLUDED."firstName", "lastName"=EXCLUDED."lastName", "dateOfBirth"=EXCLUDED."dateOfBirth", gender=EXCLUDED.gender, cpf=EXCLUDED.cpf, raca=EXCLUDED.raca, peso=EXCLUDED.peso, "bloodType"=EXCLUDED."bloodType", allergies=EXCLUDED.allergies, "medicalConditions"=EXCLUDED."medicalConditions", "usoImagem"=EXCLUDED."usoImagem", laudado=EXCLUDED.laudado, nis=EXCLUDED.nis, "codigoAluno"=EXCLUDED."codigoAluno", inscricao=EXCLUDED.inscricao, "nomeMae"=EXCLUDED."nomeMae", "nomePai"=EXCLUDED."nomePai", "celPai"=EXCLUDED."celPai", nacionalidade=EXCLUDED.nacionalidade, naturalidade=EXCLUDED.naturalidade, "ufNascimento"=EXCLUDED."ufNascimento", endereco=EXCLUDED.endereco, cep=EXCLUDED.cep, "dadosResponsaveis"=EXCLUDED."dadosResponsaveis", "documentosMatricula"=EXCLUDED."documentosMatricula", "autorizadosRetirada"=EXCLUDED."autorizadosRetirada", "transporteEscolar"=EXCLUDED."transporteEscolar", "fichaAdministrativa"=EXCLUDED."fichaAdministrativa", "isActive"=TRUE, "updatedAt"=NOW();
  INSERT INTO "Enrollment" (id,"childId","classroomId","enrollmentDate",status,"createdAt","updatedAt")
  VALUES ('seed_enr_' || 'seed_pelicano_child_row214_emanuella_galvao_cavalcante_seed_pelicano_class_pel_i_periodo_elza', 'seed_pelicano_child_row214_emanuella_galvao_cavalcante', 'seed_pelicano_class_pel_i_periodo_elza', '2026-02-01 12:00:00', 'ATIVA'::"EnrollmentStatus", NOW(), NOW())
  ON CONFLICT ("childId","classroomId") DO UPDATE SET status=EXCLUDED.status, "updatedAt"=NOW();
  -- Aluno: EMANUEL NERES CORDEIRO
  INSERT INTO "Child" (id,"mantenedoraId","unitId","firstName","lastName","dateOfBirth",gender,cpf,raca,peso,"bloodType",allergies,"medicalConditions","usoImagem",laudado,nis,"codigoAluno",inscricao,"nomeMae","nomePai","celPai",nacionalidade,naturalidade,"ufNascimento",endereco,cep,"dadosResponsaveis","documentosMatricula","autorizadosRetirada","transporteEscolar","fichaAdministrativa","isActive","createdAt","updatedAt")
  VALUES ('seed_pelicano_child_row215_emanuel_neres_cordeiro',v_mantenedora_id,v_unit_id,'Emanuel','Neres Cordeiro','2021-10-25 12:00:00','MASCULINO'::"Gender",'113.513.121-03','PARDA',NULL,NULL,NULL,NULL,NULL,NULL,NULL,NULL,NULL,NULL,NULL,NULL,'BRASIL','Brasilia','DF',NULL,NULL,'{"mae": {"nome": null, "cpf": null, "telefone": null}, "pai": {"nome": null, "cpf": null, "telefone": null}, "responsavelPrincipal": {"nome": null, "cpf": null, "parentesco": null, "identidade": null, "orgaoExpedidor": null, "telefone": null}, "enderecoResponsavel": null, "cepResponsavel": null, "escolaridade": null, "profissao": null, "numeroDependentes": null, "numeroPessoasCasa": null}'::jsonb,'{"codigoAluno": null, "inscricao": null, "censo": null, "beneficio": null, "nis": null, "pisResponsavel": null, "cpfOriginalAluno": "113.513.121-03", "cpfPersistidoNoCampoCpf": "113.513.121-03", "cpfDuplicadoNaPlanilha": false, "serie2024": null, "origemLinhaPlanilha": 215}'::jsonb,'[]'::jsonb,'{"usaTransporteEscolar": null, "nomeTransporte": null}'::jsonb,'{"turmaPlanilha": "I PERÍODO", "professoraPlanilha": "Danielle", "fonte": "DADOS PARA PLATAFORMA PEDAGÓGICA (1) (1).xlsx / Planilha1", "linhaPlanilha": 215, "raw": {"NOME": "EMANUEL NERES CORDEIRO", "SEXO": "M", "NASC": "2021-10-25T00:00:00", "NACIONALIDADE": "BRASIL", "NATURALIDADE": "Brasilia", "UF": "DF", "CPF": "11351312103", "RAÇA": "PARDA", "TURMA": "I PERÍODO", "PROFESSORA": "Danielle"}}'::jsonb,TRUE,NOW(),NOW())
  ON CONFLICT (id) DO UPDATE SET "unitId"=v_unit_id, "firstName"=EXCLUDED."firstName", "lastName"=EXCLUDED."lastName", "dateOfBirth"=EXCLUDED."dateOfBirth", gender=EXCLUDED.gender, cpf=EXCLUDED.cpf, raca=EXCLUDED.raca, peso=EXCLUDED.peso, "bloodType"=EXCLUDED."bloodType", allergies=EXCLUDED.allergies, "medicalConditions"=EXCLUDED."medicalConditions", "usoImagem"=EXCLUDED."usoImagem", laudado=EXCLUDED.laudado, nis=EXCLUDED.nis, "codigoAluno"=EXCLUDED."codigoAluno", inscricao=EXCLUDED.inscricao, "nomeMae"=EXCLUDED."nomeMae", "nomePai"=EXCLUDED."nomePai", "celPai"=EXCLUDED."celPai", nacionalidade=EXCLUDED.nacionalidade, naturalidade=EXCLUDED.naturalidade, "ufNascimento"=EXCLUDED."ufNascimento", endereco=EXCLUDED.endereco, cep=EXCLUDED.cep, "dadosResponsaveis"=EXCLUDED."dadosResponsaveis", "documentosMatricula"=EXCLUDED."documentosMatricula", "autorizadosRetirada"=EXCLUDED."autorizadosRetirada", "transporteEscolar"=EXCLUDED."transporteEscolar", "fichaAdministrativa"=EXCLUDED."fichaAdministrativa", "isActive"=TRUE, "updatedAt"=NOW();
  INSERT INTO "Enrollment" (id,"childId","classroomId","enrollmentDate",status,"createdAt","updatedAt")
  VALUES ('seed_enr_' || 'seed_pelicano_child_row215_emanuel_neres_cordeiro_seed_pelicano_class_pel_i_periodo_danielle', 'seed_pelicano_child_row215_emanuel_neres_cordeiro', 'seed_pelicano_class_pel_i_periodo_danielle', '2026-02-01 12:00:00', 'ATIVA'::"EnrollmentStatus", NOW(), NOW())
  ON CONFLICT ("childId","classroomId") DO UPDATE SET status=EXCLUDED.status, "updatedAt"=NOW();
  -- Aluno: EVELLY ISIS DIAS ARAUJO
  INSERT INTO "Child" (id,"mantenedoraId","unitId","firstName","lastName","dateOfBirth",gender,cpf,raca,peso,"bloodType",allergies,"medicalConditions","usoImagem",laudado,nis,"codigoAluno",inscricao,"nomeMae","nomePai","celPai",nacionalidade,naturalidade,"ufNascimento",endereco,cep,"dadosResponsaveis","documentosMatricula","autorizadosRetirada","transporteEscolar","fichaAdministrativa","isActive","createdAt","updatedAt")
  VALUES ('seed_pelicano_child_row216_evelly_isis_dias_araujo',v_mantenedora_id,v_unit_id,'Evelly','Isis Dias Araujo','2022-02-15 12:00:00','FEMININO'::"Gender",'114.924.481-09','PARDA',NULL,NULL,NULL,NULL,NULL,NULL,NULL,NULL,NULL,NULL,'Carlos','61986249778','BRASIL','Brasilia','DF',NULL,NULL,'{"mae": {"nome": null, "cpf": null, "telefone": "89981074241"}, "pai": {"nome": "Carlos", "cpf": null, "telefone": "61986249778"}, "responsavelPrincipal": {"nome": "Carlos", "cpf": null, "parentesco": null, "identidade": null, "orgaoExpedidor": null, "telefone": null}, "enderecoResponsavel": null, "cepResponsavel": null, "escolaridade": null, "profissao": null, "numeroDependentes": null, "numeroPessoasCasa": null}'::jsonb,'{"codigoAluno": null, "inscricao": null, "censo": null, "beneficio": null, "nis": null, "pisResponsavel": null, "cpfOriginalAluno": "114.924.481-09", "cpfPersistidoNoCampoCpf": "114.924.481-09", "cpfDuplicadoNaPlanilha": false, "serie2024": null, "origemLinhaPlanilha": 216}'::jsonb,'[]'::jsonb,'{"usaTransporteEscolar": null, "nomeTransporte": null}'::jsonb,'{"turmaPlanilha": "I PERÍODO", "professoraPlanilha": "Danielle", "fonte": "DADOS PARA PLATAFORMA PEDAGÓGICA (1) (1).xlsx / Planilha1", "linhaPlanilha": 216, "raw": {"NOME": "EVELLY ISIS DIAS ARAUJO", "SEXO": "F", "NASC": "2022-02-15T00:00:00", "NACIONALIDADE": "BRASIL", "NATURALIDADE": "Brasilia", "UF": "DF", "CPF": "114.924.481-09", "RAÇA": "PARDA", "TURMA": "I PERÍODO", "PROFESSORA": "Danielle", "PAI": "Carlos", "RESPONSÁVEL_2": "Carlos", "CEL. MÃE": "(89) 98107-4241", "CEL. PAI": "6198624-9778"}}'::jsonb,TRUE,NOW(),NOW())
  ON CONFLICT (id) DO UPDATE SET "unitId"=v_unit_id, "firstName"=EXCLUDED."firstName", "lastName"=EXCLUDED."lastName", "dateOfBirth"=EXCLUDED."dateOfBirth", gender=EXCLUDED.gender, cpf=EXCLUDED.cpf, raca=EXCLUDED.raca, peso=EXCLUDED.peso, "bloodType"=EXCLUDED."bloodType", allergies=EXCLUDED.allergies, "medicalConditions"=EXCLUDED."medicalConditions", "usoImagem"=EXCLUDED."usoImagem", laudado=EXCLUDED.laudado, nis=EXCLUDED.nis, "codigoAluno"=EXCLUDED."codigoAluno", inscricao=EXCLUDED.inscricao, "nomeMae"=EXCLUDED."nomeMae", "nomePai"=EXCLUDED."nomePai", "celPai"=EXCLUDED."celPai", nacionalidade=EXCLUDED.nacionalidade, naturalidade=EXCLUDED.naturalidade, "ufNascimento"=EXCLUDED."ufNascimento", endereco=EXCLUDED.endereco, cep=EXCLUDED.cep, "dadosResponsaveis"=EXCLUDED."dadosResponsaveis", "documentosMatricula"=EXCLUDED."documentosMatricula", "autorizadosRetirada"=EXCLUDED."autorizadosRetirada", "transporteEscolar"=EXCLUDED."transporteEscolar", "fichaAdministrativa"=EXCLUDED."fichaAdministrativa", "isActive"=TRUE, "updatedAt"=NOW();
  INSERT INTO "Enrollment" (id,"childId","classroomId","enrollmentDate",status,"createdAt","updatedAt")
  VALUES ('seed_enr_' || 'seed_pelicano_child_row216_evelly_isis_dias_araujo_seed_pelicano_class_pel_i_periodo_danielle', 'seed_pelicano_child_row216_evelly_isis_dias_araujo', 'seed_pelicano_class_pel_i_periodo_danielle', '2026-02-01 12:00:00', 'ATIVA'::"EnrollmentStatus", NOW(), NOW())
  ON CONFLICT ("childId","classroomId") DO UPDATE SET status=EXCLUDED.status, "updatedAt"=NOW();
  -- Aluno: GABRIEL PEREIRA DA SILVA
  INSERT INTO "Child" (id,"mantenedoraId","unitId","firstName","lastName","dateOfBirth",gender,cpf,raca,peso,"bloodType",allergies,"medicalConditions","usoImagem",laudado,nis,"codigoAluno",inscricao,"nomeMae","nomePai","celPai",nacionalidade,naturalidade,"ufNascimento",endereco,cep,"dadosResponsaveis","documentosMatricula","autorizadosRetirada","transporteEscolar","fichaAdministrativa","isActive","createdAt","updatedAt")
  VALUES ('seed_pelicano_child_row217_gabriel_pereira_da_silva',v_mantenedora_id,v_unit_id,'Gabriel','Pereira Da Silva','2021-04-17 12:00:00','MASCULINO'::"Gender",'111.362.041-21','PARDA',NULL,NULL,NULL,NULL,NULL,NULL,NULL,NULL,NULL,NULL,NULL,NULL,'BRASIL','Brasilia','DF',NULL,NULL,'{"mae": {"nome": null, "cpf": null, "telefone": null}, "pai": {"nome": null, "cpf": null, "telefone": null}, "responsavelPrincipal": {"nome": null, "cpf": null, "parentesco": null, "identidade": null, "orgaoExpedidor": null, "telefone": null}, "enderecoResponsavel": null, "cepResponsavel": null, "escolaridade": null, "profissao": null, "numeroDependentes": null, "numeroPessoasCasa": null}'::jsonb,'{"codigoAluno": null, "inscricao": null, "censo": null, "beneficio": null, "nis": null, "pisResponsavel": null, "cpfOriginalAluno": "111.362.041-21", "cpfPersistidoNoCampoCpf": "111.362.041-21", "cpfDuplicadoNaPlanilha": false, "serie2024": null, "origemLinhaPlanilha": 217}'::jsonb,'[]'::jsonb,'{"usaTransporteEscolar": null, "nomeTransporte": null}'::jsonb,'{"turmaPlanilha": "I PERÍODO", "professoraPlanilha": "Priscila", "fonte": "DADOS PARA PLATAFORMA PEDAGÓGICA (1) (1).xlsx / Planilha1", "linhaPlanilha": 217, "raw": {"NOME": "GABRIEL PEREIRA DA SILVA", "SEXO": "M", "NASC": "2021-04-17T00:00:00", "NACIONALIDADE": "BRASIL", "NATURALIDADE": "Brasilia", "UF": "DF", "CPF": "11136204121", "RAÇA": "PARDA", "TURMA": "I PERÍODO", "PROFESSORA": "Priscila"}}'::jsonb,TRUE,NOW(),NOW())
  ON CONFLICT (id) DO UPDATE SET "unitId"=v_unit_id, "firstName"=EXCLUDED."firstName", "lastName"=EXCLUDED."lastName", "dateOfBirth"=EXCLUDED."dateOfBirth", gender=EXCLUDED.gender, cpf=EXCLUDED.cpf, raca=EXCLUDED.raca, peso=EXCLUDED.peso, "bloodType"=EXCLUDED."bloodType", allergies=EXCLUDED.allergies, "medicalConditions"=EXCLUDED."medicalConditions", "usoImagem"=EXCLUDED."usoImagem", laudado=EXCLUDED.laudado, nis=EXCLUDED.nis, "codigoAluno"=EXCLUDED."codigoAluno", inscricao=EXCLUDED.inscricao, "nomeMae"=EXCLUDED."nomeMae", "nomePai"=EXCLUDED."nomePai", "celPai"=EXCLUDED."celPai", nacionalidade=EXCLUDED.nacionalidade, naturalidade=EXCLUDED.naturalidade, "ufNascimento"=EXCLUDED."ufNascimento", endereco=EXCLUDED.endereco, cep=EXCLUDED.cep, "dadosResponsaveis"=EXCLUDED."dadosResponsaveis", "documentosMatricula"=EXCLUDED."documentosMatricula", "autorizadosRetirada"=EXCLUDED."autorizadosRetirada", "transporteEscolar"=EXCLUDED."transporteEscolar", "fichaAdministrativa"=EXCLUDED."fichaAdministrativa", "isActive"=TRUE, "updatedAt"=NOW();
  INSERT INTO "Enrollment" (id,"childId","classroomId","enrollmentDate",status,"createdAt","updatedAt")
  VALUES ('seed_enr_' || 'seed_pelicano_child_row217_gabriel_pereira_da_silva_seed_pelicano_class_pel_i_periodo_priscila', 'seed_pelicano_child_row217_gabriel_pereira_da_silva', 'seed_pelicano_class_pel_i_periodo_priscila', '2026-02-01 12:00:00', 'ATIVA'::"EnrollmentStatus", NOW(), NOW())
  ON CONFLICT ("childId","classroomId") DO UPDATE SET status=EXCLUDED.status, "updatedAt"=NOW();
  -- Aluno: GUILHERME BATISTA NASCIMENTO
  INSERT INTO "Child" (id,"mantenedoraId","unitId","firstName","lastName","dateOfBirth",gender,cpf,raca,peso,"bloodType",allergies,"medicalConditions","usoImagem",laudado,nis,"codigoAluno",inscricao,"nomeMae","nomePai","celPai",nacionalidade,naturalidade,"ufNascimento",endereco,cep,"dadosResponsaveis","documentosMatricula","autorizadosRetirada","transporteEscolar","fichaAdministrativa","isActive","createdAt","updatedAt")
  VALUES ('seed_pelicano_child_row218_guilherme_batista_nascimento',v_mantenedora_id,v_unit_id,'Guilherme','Batista Nascimento','2021-09-06 12:00:00','MASCULINO'::"Gender",'112.925.051-25','PARDA',NULL,NULL,NULL,NULL,NULL,NULL,NULL,NULL,NULL,NULL,NULL,NULL,'BRASIL','Brasilia','DF',NULL,NULL,'{"mae": {"nome": null, "cpf": null, "telefone": null}, "pai": {"nome": null, "cpf": null, "telefone": null}, "responsavelPrincipal": {"nome": null, "cpf": null, "parentesco": null, "identidade": null, "orgaoExpedidor": null, "telefone": null}, "enderecoResponsavel": null, "cepResponsavel": null, "escolaridade": null, "profissao": null, "numeroDependentes": null, "numeroPessoasCasa": null}'::jsonb,'{"codigoAluno": null, "inscricao": null, "censo": null, "beneficio": null, "nis": null, "pisResponsavel": null, "cpfOriginalAluno": "112.925.051-25", "cpfPersistidoNoCampoCpf": "112.925.051-25", "cpfDuplicadoNaPlanilha": false, "serie2024": null, "origemLinhaPlanilha": 218}'::jsonb,'[]'::jsonb,'{"usaTransporteEscolar": null, "nomeTransporte": null}'::jsonb,'{"turmaPlanilha": "I PERÍODO", "professoraPlanilha": "Danielle", "fonte": "DADOS PARA PLATAFORMA PEDAGÓGICA (1) (1).xlsx / Planilha1", "linhaPlanilha": 218, "raw": {"NOME": "GUILHERME BATISTA NASCIMENTO", "SEXO": "M", "NASC": "2021-09-06T00:00:00", "NACIONALIDADE": "BRASIL", "NATURALIDADE": "Brasilia", "UF": "DF", "CPF": "11292505125", "RAÇA": "PARDA", "TURMA": "I PERÍODO", "PROFESSORA": "Danielle"}}'::jsonb,TRUE,NOW(),NOW())
  ON CONFLICT (id) DO UPDATE SET "unitId"=v_unit_id, "firstName"=EXCLUDED."firstName", "lastName"=EXCLUDED."lastName", "dateOfBirth"=EXCLUDED."dateOfBirth", gender=EXCLUDED.gender, cpf=EXCLUDED.cpf, raca=EXCLUDED.raca, peso=EXCLUDED.peso, "bloodType"=EXCLUDED."bloodType", allergies=EXCLUDED.allergies, "medicalConditions"=EXCLUDED."medicalConditions", "usoImagem"=EXCLUDED."usoImagem", laudado=EXCLUDED.laudado, nis=EXCLUDED.nis, "codigoAluno"=EXCLUDED."codigoAluno", inscricao=EXCLUDED.inscricao, "nomeMae"=EXCLUDED."nomeMae", "nomePai"=EXCLUDED."nomePai", "celPai"=EXCLUDED."celPai", nacionalidade=EXCLUDED.nacionalidade, naturalidade=EXCLUDED.naturalidade, "ufNascimento"=EXCLUDED."ufNascimento", endereco=EXCLUDED.endereco, cep=EXCLUDED.cep, "dadosResponsaveis"=EXCLUDED."dadosResponsaveis", "documentosMatricula"=EXCLUDED."documentosMatricula", "autorizadosRetirada"=EXCLUDED."autorizadosRetirada", "transporteEscolar"=EXCLUDED."transporteEscolar", "fichaAdministrativa"=EXCLUDED."fichaAdministrativa", "isActive"=TRUE, "updatedAt"=NOW();
  INSERT INTO "Enrollment" (id,"childId","classroomId","enrollmentDate",status,"createdAt","updatedAt")
  VALUES ('seed_enr_' || 'seed_pelicano_child_row218_guilherme_batista_nascimento_seed_pelicano_class_pel_i_periodo_danielle', 'seed_pelicano_child_row218_guilherme_batista_nascimento', 'seed_pelicano_class_pel_i_periodo_danielle', '2026-02-01 12:00:00', 'ATIVA'::"EnrollmentStatus", NOW(), NOW())
  ON CONFLICT ("childId","classroomId") DO UPDATE SET status=EXCLUDED.status, "updatedAt"=NOW();
  -- Aluno: HELENA BARBOSA DE ARAUJO
  INSERT INTO "Child" (id,"mantenedoraId","unitId","firstName","lastName","dateOfBirth",gender,cpf,raca,peso,"bloodType",allergies,"medicalConditions","usoImagem",laudado,nis,"codigoAluno",inscricao,"nomeMae","nomePai","celPai",nacionalidade,naturalidade,"ufNascimento",endereco,cep,"dadosResponsaveis","documentosMatricula","autorizadosRetirada","transporteEscolar","fichaAdministrativa","isActive","createdAt","updatedAt")
  VALUES ('seed_pelicano_child_row219_helena_barbosa_de_araujo',v_mantenedora_id,v_unit_id,'Helena','Barbosa De Araujo','2021-11-21 12:00:00','FEMININO'::"Gender",'113.821.021-86','PARDA',NULL,NULL,NULL,NULL,NULL,NULL,NULL,NULL,NULL,NULL,NULL,NULL,'BRASIL','Brasilia','DF',NULL,NULL,'{"mae": {"nome": null, "cpf": null, "telefone": null}, "pai": {"nome": null, "cpf": null, "telefone": null}, "responsavelPrincipal": {"nome": null, "cpf": null, "parentesco": null, "identidade": null, "orgaoExpedidor": null, "telefone": null}, "enderecoResponsavel": null, "cepResponsavel": null, "escolaridade": null, "profissao": null, "numeroDependentes": null, "numeroPessoasCasa": null}'::jsonb,'{"codigoAluno": null, "inscricao": null, "censo": null, "beneficio": null, "nis": null, "pisResponsavel": null, "cpfOriginalAluno": "113.821.021-86", "cpfPersistidoNoCampoCpf": "113.821.021-86", "cpfDuplicadoNaPlanilha": false, "serie2024": null, "origemLinhaPlanilha": 219}'::jsonb,'[]'::jsonb,'{"usaTransporteEscolar": null, "nomeTransporte": null}'::jsonb,'{"turmaPlanilha": "I PERÍODO", "professoraPlanilha": "Danielle", "fonte": "DADOS PARA PLATAFORMA PEDAGÓGICA (1) (1).xlsx / Planilha1", "linhaPlanilha": 219, "raw": {"NOME": "HELENA BARBOSA DE ARAUJO", "SEXO": "F", "NASC": "2021-11-21T00:00:00", "NACIONALIDADE": "BRASIL", "NATURALIDADE": "Brasilia", "UF": "DF", "CPF": "11382102186", "RAÇA": "PARDA", "TURMA": "I PERÍODO", "PROFESSORA": "Danielle"}}'::jsonb,TRUE,NOW(),NOW())
  ON CONFLICT (id) DO UPDATE SET "unitId"=v_unit_id, "firstName"=EXCLUDED."firstName", "lastName"=EXCLUDED."lastName", "dateOfBirth"=EXCLUDED."dateOfBirth", gender=EXCLUDED.gender, cpf=EXCLUDED.cpf, raca=EXCLUDED.raca, peso=EXCLUDED.peso, "bloodType"=EXCLUDED."bloodType", allergies=EXCLUDED.allergies, "medicalConditions"=EXCLUDED."medicalConditions", "usoImagem"=EXCLUDED."usoImagem", laudado=EXCLUDED.laudado, nis=EXCLUDED.nis, "codigoAluno"=EXCLUDED."codigoAluno", inscricao=EXCLUDED.inscricao, "nomeMae"=EXCLUDED."nomeMae", "nomePai"=EXCLUDED."nomePai", "celPai"=EXCLUDED."celPai", nacionalidade=EXCLUDED.nacionalidade, naturalidade=EXCLUDED.naturalidade, "ufNascimento"=EXCLUDED."ufNascimento", endereco=EXCLUDED.endereco, cep=EXCLUDED.cep, "dadosResponsaveis"=EXCLUDED."dadosResponsaveis", "documentosMatricula"=EXCLUDED."documentosMatricula", "autorizadosRetirada"=EXCLUDED."autorizadosRetirada", "transporteEscolar"=EXCLUDED."transporteEscolar", "fichaAdministrativa"=EXCLUDED."fichaAdministrativa", "isActive"=TRUE, "updatedAt"=NOW();
  INSERT INTO "Enrollment" (id,"childId","classroomId","enrollmentDate",status,"createdAt","updatedAt")
  VALUES ('seed_enr_' || 'seed_pelicano_child_row219_helena_barbosa_de_araujo_seed_pelicano_class_pel_i_periodo_danielle', 'seed_pelicano_child_row219_helena_barbosa_de_araujo', 'seed_pelicano_class_pel_i_periodo_danielle', '2026-02-01 12:00:00', 'ATIVA'::"EnrollmentStatus", NOW(), NOW())
  ON CONFLICT ("childId","classroomId") DO UPDATE SET status=EXCLUDED.status, "updatedAt"=NOW();
  -- Aluno: HELOA SANTOS RODRIGUES
  INSERT INTO "Child" (id,"mantenedoraId","unitId","firstName","lastName","dateOfBirth",gender,cpf,raca,peso,"bloodType",allergies,"medicalConditions","usoImagem",laudado,nis,"codigoAluno",inscricao,"nomeMae","nomePai","celPai",nacionalidade,naturalidade,"ufNascimento",endereco,cep,"dadosResponsaveis","documentosMatricula","autorizadosRetirada","transporteEscolar","fichaAdministrativa","isActive","createdAt","updatedAt")
  VALUES ('seed_pelicano_child_row220_heloa_santos_rodrigues',v_mantenedora_id,v_unit_id,'Heloa','Santos Rodrigues','2022-03-20 12:00:00','FEMININO'::"Gender",'123.658.083-44','PARDA',NULL,NULL,NULL,NULL,NULL,NULL,NULL,NULL,NULL,NULL,NULL,NULL,'BRASIL','Brasilia','DF',NULL,NULL,'{"mae": {"nome": null, "cpf": null, "telefone": null}, "pai": {"nome": null, "cpf": null, "telefone": null}, "responsavelPrincipal": {"nome": null, "cpf": null, "parentesco": null, "identidade": null, "orgaoExpedidor": null, "telefone": null}, "enderecoResponsavel": null, "cepResponsavel": null, "escolaridade": null, "profissao": null, "numeroDependentes": null, "numeroPessoasCasa": null}'::jsonb,'{"codigoAluno": null, "inscricao": null, "censo": null, "beneficio": null, "nis": null, "pisResponsavel": null, "cpfOriginalAluno": "123.658.083-44", "cpfPersistidoNoCampoCpf": "123.658.083-44", "cpfDuplicadoNaPlanilha": false, "serie2024": null, "origemLinhaPlanilha": 220}'::jsonb,'[]'::jsonb,'{"usaTransporteEscolar": null, "nomeTransporte": null}'::jsonb,'{"turmaPlanilha": "I PERÍODO", "professoraPlanilha": "Cliciane", "fonte": "DADOS PARA PLATAFORMA PEDAGÓGICA (1) (1).xlsx / Planilha1", "linhaPlanilha": 220, "raw": {"NOME": "HELOA SANTOS RODRIGUES", "SEXO": "F", "NASC": "2022-03-20T00:00:00", "NACIONALIDADE": "BRASIL", "NATURALIDADE": "Brasilia", "UF": "DF", "CPF": "12365808344", "RAÇA": "PARDA", "TURMA": "I PERÍODO", "PROFESSORA": "Cliciane"}}'::jsonb,TRUE,NOW(),NOW())
  ON CONFLICT (id) DO UPDATE SET "unitId"=v_unit_id, "firstName"=EXCLUDED."firstName", "lastName"=EXCLUDED."lastName", "dateOfBirth"=EXCLUDED."dateOfBirth", gender=EXCLUDED.gender, cpf=EXCLUDED.cpf, raca=EXCLUDED.raca, peso=EXCLUDED.peso, "bloodType"=EXCLUDED."bloodType", allergies=EXCLUDED.allergies, "medicalConditions"=EXCLUDED."medicalConditions", "usoImagem"=EXCLUDED."usoImagem", laudado=EXCLUDED.laudado, nis=EXCLUDED.nis, "codigoAluno"=EXCLUDED."codigoAluno", inscricao=EXCLUDED.inscricao, "nomeMae"=EXCLUDED."nomeMae", "nomePai"=EXCLUDED."nomePai", "celPai"=EXCLUDED."celPai", nacionalidade=EXCLUDED.nacionalidade, naturalidade=EXCLUDED.naturalidade, "ufNascimento"=EXCLUDED."ufNascimento", endereco=EXCLUDED.endereco, cep=EXCLUDED.cep, "dadosResponsaveis"=EXCLUDED."dadosResponsaveis", "documentosMatricula"=EXCLUDED."documentosMatricula", "autorizadosRetirada"=EXCLUDED."autorizadosRetirada", "transporteEscolar"=EXCLUDED."transporteEscolar", "fichaAdministrativa"=EXCLUDED."fichaAdministrativa", "isActive"=TRUE, "updatedAt"=NOW();
  INSERT INTO "Enrollment" (id,"childId","classroomId","enrollmentDate",status,"createdAt","updatedAt")
  VALUES ('seed_enr_' || 'seed_pelicano_child_row220_heloa_santos_rodrigues_seed_pelicano_class_pel_i_periodo_cliciane', 'seed_pelicano_child_row220_heloa_santos_rodrigues', 'seed_pelicano_class_pel_i_periodo_cliciane', '2026-02-01 12:00:00', 'ATIVA'::"EnrollmentStatus", NOW(), NOW())
  ON CONFLICT ("childId","classroomId") DO UPDATE SET status=EXCLUDED.status, "updatedAt"=NOW();
  -- Aluno: HENRY SOUZA RODRIGUES
  INSERT INTO "Child" (id,"mantenedoraId","unitId","firstName","lastName","dateOfBirth",gender,cpf,raca,peso,"bloodType",allergies,"medicalConditions","usoImagem",laudado,nis,"codigoAluno",inscricao,"nomeMae","nomePai","celPai",nacionalidade,naturalidade,"ufNascimento",endereco,cep,"dadosResponsaveis","documentosMatricula","autorizadosRetirada","transporteEscolar","fichaAdministrativa","isActive","createdAt","updatedAt")
  VALUES ('seed_pelicano_child_row221_henry_souza_rodrigues',v_mantenedora_id,v_unit_id,'Henry','Souza Rodrigues','2021-08-23 12:00:00','MASCULINO'::"Gender",'112.773.901-85','PARDA',NULL,NULL,NULL,NULL,NULL,NULL,NULL,NULL,NULL,NULL,NULL,NULL,'BRASIL','Brasilia','DF',NULL,NULL,'{"mae": {"nome": null, "cpf": null, "telefone": null}, "pai": {"nome": null, "cpf": null, "telefone": null}, "responsavelPrincipal": {"nome": null, "cpf": null, "parentesco": null, "identidade": null, "orgaoExpedidor": null, "telefone": null}, "enderecoResponsavel": null, "cepResponsavel": null, "escolaridade": null, "profissao": null, "numeroDependentes": null, "numeroPessoasCasa": null}'::jsonb,'{"codigoAluno": null, "inscricao": null, "censo": null, "beneficio": null, "nis": null, "pisResponsavel": null, "cpfOriginalAluno": "112.773.901-85", "cpfPersistidoNoCampoCpf": "112.773.901-85", "cpfDuplicadoNaPlanilha": false, "serie2024": null, "origemLinhaPlanilha": 221}'::jsonb,'[]'::jsonb,'{"usaTransporteEscolar": null, "nomeTransporte": null}'::jsonb,'{"turmaPlanilha": "I PERÍODO", "professoraPlanilha": "Danielle", "fonte": "DADOS PARA PLATAFORMA PEDAGÓGICA (1) (1).xlsx / Planilha1", "linhaPlanilha": 221, "raw": {"NOME": "HENRY SOUZA RODRIGUES", "SEXO": "M", "NASC": "2021-08-23T00:00:00", "NACIONALIDADE": "BRASIL", "NATURALIDADE": "Brasilia", "UF": "DF", "CPF": "11277390185", "RAÇA": "PARDA", "TURMA": "I PERÍODO", "PROFESSORA": "Danielle"}}'::jsonb,TRUE,NOW(),NOW())
  ON CONFLICT (id) DO UPDATE SET "unitId"=v_unit_id, "firstName"=EXCLUDED."firstName", "lastName"=EXCLUDED."lastName", "dateOfBirth"=EXCLUDED."dateOfBirth", gender=EXCLUDED.gender, cpf=EXCLUDED.cpf, raca=EXCLUDED.raca, peso=EXCLUDED.peso, "bloodType"=EXCLUDED."bloodType", allergies=EXCLUDED.allergies, "medicalConditions"=EXCLUDED."medicalConditions", "usoImagem"=EXCLUDED."usoImagem", laudado=EXCLUDED.laudado, nis=EXCLUDED.nis, "codigoAluno"=EXCLUDED."codigoAluno", inscricao=EXCLUDED.inscricao, "nomeMae"=EXCLUDED."nomeMae", "nomePai"=EXCLUDED."nomePai", "celPai"=EXCLUDED."celPai", nacionalidade=EXCLUDED.nacionalidade, naturalidade=EXCLUDED.naturalidade, "ufNascimento"=EXCLUDED."ufNascimento", endereco=EXCLUDED.endereco, cep=EXCLUDED.cep, "dadosResponsaveis"=EXCLUDED."dadosResponsaveis", "documentosMatricula"=EXCLUDED."documentosMatricula", "autorizadosRetirada"=EXCLUDED."autorizadosRetirada", "transporteEscolar"=EXCLUDED."transporteEscolar", "fichaAdministrativa"=EXCLUDED."fichaAdministrativa", "isActive"=TRUE, "updatedAt"=NOW();
  INSERT INTO "Enrollment" (id,"childId","classroomId","enrollmentDate",status,"createdAt","updatedAt")
  VALUES ('seed_enr_' || 'seed_pelicano_child_row221_henry_souza_rodrigues_seed_pelicano_class_pel_i_periodo_danielle', 'seed_pelicano_child_row221_henry_souza_rodrigues', 'seed_pelicano_class_pel_i_periodo_danielle', '2026-02-01 12:00:00', 'ATIVA'::"EnrollmentStatus", NOW(), NOW())
  ON CONFLICT ("childId","classroomId") DO UPDATE SET status=EXCLUDED.status, "updatedAt"=NOW();
  -- Aluno: ISAAC BRAGA DA SILVA
  INSERT INTO "Child" (id,"mantenedoraId","unitId","firstName","lastName","dateOfBirth",gender,cpf,raca,peso,"bloodType",allergies,"medicalConditions","usoImagem",laudado,nis,"codigoAluno",inscricao,"nomeMae","nomePai","celPai",nacionalidade,naturalidade,"ufNascimento",endereco,cep,"dadosResponsaveis","documentosMatricula","autorizadosRetirada","transporteEscolar","fichaAdministrativa","isActive","createdAt","updatedAt")
  VALUES ('seed_pelicano_child_row222_isaac_braga_da_silva',v_mantenedora_id,v_unit_id,'Isaac','Braga Da Silva','2021-10-31 12:00:00','MASCULINO'::"Gender",'717.876.651-43','PARDA',NULL,NULL,NULL,NULL,NULL,NULL,NULL,NULL,NULL,NULL,NULL,NULL,'BRASIL','Brasilia','DF',NULL,NULL,'{"mae": {"nome": null, "cpf": null, "telefone": null}, "pai": {"nome": null, "cpf": null, "telefone": null}, "responsavelPrincipal": {"nome": null, "cpf": null, "parentesco": null, "identidade": null, "orgaoExpedidor": null, "telefone": null}, "enderecoResponsavel": null, "cepResponsavel": null, "escolaridade": null, "profissao": null, "numeroDependentes": null, "numeroPessoasCasa": null}'::jsonb,'{"codigoAluno": null, "inscricao": null, "censo": null, "beneficio": null, "nis": null, "pisResponsavel": null, "cpfOriginalAluno": "717.876.651-43", "cpfPersistidoNoCampoCpf": "717.876.651-43", "cpfDuplicadoNaPlanilha": false, "serie2024": null, "origemLinhaPlanilha": 222}'::jsonb,'[]'::jsonb,'{"usaTransporteEscolar": null, "nomeTransporte": null}'::jsonb,'{"turmaPlanilha": "I PERÍODO", "professoraPlanilha": "Elza", "fonte": "DADOS PARA PLATAFORMA PEDAGÓGICA (1) (1).xlsx / Planilha1", "linhaPlanilha": 222, "raw": {"NOME": "ISAAC BRAGA DA SILVA", "SEXO": "M", "NASC": "2021-10-31T00:00:00", "NACIONALIDADE": "BRASIL", "NATURALIDADE": "Brasilia", "UF": "DF", "CPF": "71787665143", "RAÇA": "PARDA", "TURMA": "I PERÍODO", "PROFESSORA": "Elza"}}'::jsonb,TRUE,NOW(),NOW())
  ON CONFLICT (id) DO UPDATE SET "unitId"=v_unit_id, "firstName"=EXCLUDED."firstName", "lastName"=EXCLUDED."lastName", "dateOfBirth"=EXCLUDED."dateOfBirth", gender=EXCLUDED.gender, cpf=EXCLUDED.cpf, raca=EXCLUDED.raca, peso=EXCLUDED.peso, "bloodType"=EXCLUDED."bloodType", allergies=EXCLUDED.allergies, "medicalConditions"=EXCLUDED."medicalConditions", "usoImagem"=EXCLUDED."usoImagem", laudado=EXCLUDED.laudado, nis=EXCLUDED.nis, "codigoAluno"=EXCLUDED."codigoAluno", inscricao=EXCLUDED.inscricao, "nomeMae"=EXCLUDED."nomeMae", "nomePai"=EXCLUDED."nomePai", "celPai"=EXCLUDED."celPai", nacionalidade=EXCLUDED.nacionalidade, naturalidade=EXCLUDED.naturalidade, "ufNascimento"=EXCLUDED."ufNascimento", endereco=EXCLUDED.endereco, cep=EXCLUDED.cep, "dadosResponsaveis"=EXCLUDED."dadosResponsaveis", "documentosMatricula"=EXCLUDED."documentosMatricula", "autorizadosRetirada"=EXCLUDED."autorizadosRetirada", "transporteEscolar"=EXCLUDED."transporteEscolar", "fichaAdministrativa"=EXCLUDED."fichaAdministrativa", "isActive"=TRUE, "updatedAt"=NOW();
  INSERT INTO "Enrollment" (id,"childId","classroomId","enrollmentDate",status,"createdAt","updatedAt")
  VALUES ('seed_enr_' || 'seed_pelicano_child_row222_isaac_braga_da_silva_seed_pelicano_class_pel_i_periodo_elza', 'seed_pelicano_child_row222_isaac_braga_da_silva', 'seed_pelicano_class_pel_i_periodo_elza', '2026-02-01 12:00:00', 'ATIVA'::"EnrollmentStatus", NOW(), NOW())
  ON CONFLICT ("childId","classroomId") DO UPDATE SET status=EXCLUDED.status, "updatedAt"=NOW();
  -- Aluno: ISABELL MARCELLY VIEIRA DA SILVA
  INSERT INTO "Child" (id,"mantenedoraId","unitId","firstName","lastName","dateOfBirth",gender,cpf,raca,peso,"bloodType",allergies,"medicalConditions","usoImagem",laudado,nis,"codigoAluno",inscricao,"nomeMae","nomePai","celPai",nacionalidade,naturalidade,"ufNascimento",endereco,cep,"dadosResponsaveis","documentosMatricula","autorizadosRetirada","transporteEscolar","fichaAdministrativa","isActive","createdAt","updatedAt")
  VALUES ('seed_pelicano_child_row223_isabell_marcelly_vieira_da_silva',v_mantenedora_id,v_unit_id,'Isabell','Marcelly Vieira Da Silva','2021-05-06 12:00:00','FEMININO'::"Gender",'111.590.121-48','PARDA','13kg',NULL,NULL,NULL,NULL,NULL,NULL,NULL,NULL,'Rebeca',NULL,NULL,'BRASIL','Brasilia','DF','Cond Rossi','72320189','{"mae": {"nome": "Rebeca", "cpf": null, "telefone": "61994301842"}, "pai": {"nome": null, "cpf": "068.617.591-39", "telefone": null}, "responsavelPrincipal": {"nome": "Rebeca", "cpf": "068.617.591-39", "parentesco": null, "identidade": "8471566", "orgaoExpedidor": "SSP", "telefone": null}, "enderecoResponsavel": null, "cepResponsavel": null, "escolaridade": "Ensino Médio Incompleto", "profissao": null, "numeroDependentes": null, "numeroPessoasCasa": null}'::jsonb,'{"codigoAluno": null, "inscricao": null, "censo": null, "beneficio": null, "nis": null, "pisResponsavel": null, "cpfOriginalAluno": "111.590.121-48", "cpfPersistidoNoCampoCpf": "111.590.121-48", "cpfDuplicadoNaPlanilha": false, "serie2024": null, "origemLinhaPlanilha": 223}'::jsonb,'[]'::jsonb,'{"usaTransporteEscolar": null, "nomeTransporte": null}'::jsonb,'{"turmaPlanilha": "I PERÍODO", "professoraPlanilha": "Priscila", "fonte": "DADOS PARA PLATAFORMA PEDAGÓGICA (1) (1).xlsx / Planilha1", "linhaPlanilha": 223, "raw": {"NOME": "ISABELL MARCELLY VIEIRA DA SILVA", "SEXO": "F", "NASC": "2021-05-06T00:00:00", "NACIONALIDADE": "BRASIL", "NATURALIDADE": "Brasilia", "UF": "DF", "CPF": "11159012148", "RAÇA": "PARDA", "PESO": "13kg", "ENDEREÇO": "Cond Rossi", "CEP": "72320189", "TURMA": "I PERÍODO", "PROFESSORA": "Priscila", "MÃE": "Rebeca", "RESPONSÁVEL_2": "Rebeca", "IDENTIDADE RESP": "8471566", "ORG. EXPEDITOR": "SSP", "CPF_3": "068.617.591-39", "NASCIMENTO": "1999-08-01T00:00:00", "NATURALIDADE_2": "Brasilia", "UF_2": "DF", "CEL. MÃE": "6199430-1842", "ESCOLARIDADE": "Ensino Médio Incompleto"}}'::jsonb,TRUE,NOW(),NOW())
  ON CONFLICT (id) DO UPDATE SET "unitId"=v_unit_id, "firstName"=EXCLUDED."firstName", "lastName"=EXCLUDED."lastName", "dateOfBirth"=EXCLUDED."dateOfBirth", gender=EXCLUDED.gender, cpf=EXCLUDED.cpf, raca=EXCLUDED.raca, peso=EXCLUDED.peso, "bloodType"=EXCLUDED."bloodType", allergies=EXCLUDED.allergies, "medicalConditions"=EXCLUDED."medicalConditions", "usoImagem"=EXCLUDED."usoImagem", laudado=EXCLUDED.laudado, nis=EXCLUDED.nis, "codigoAluno"=EXCLUDED."codigoAluno", inscricao=EXCLUDED.inscricao, "nomeMae"=EXCLUDED."nomeMae", "nomePai"=EXCLUDED."nomePai", "celPai"=EXCLUDED."celPai", nacionalidade=EXCLUDED.nacionalidade, naturalidade=EXCLUDED.naturalidade, "ufNascimento"=EXCLUDED."ufNascimento", endereco=EXCLUDED.endereco, cep=EXCLUDED.cep, "dadosResponsaveis"=EXCLUDED."dadosResponsaveis", "documentosMatricula"=EXCLUDED."documentosMatricula", "autorizadosRetirada"=EXCLUDED."autorizadosRetirada", "transporteEscolar"=EXCLUDED."transporteEscolar", "fichaAdministrativa"=EXCLUDED."fichaAdministrativa", "isActive"=TRUE, "updatedAt"=NOW();
  INSERT INTO "Enrollment" (id,"childId","classroomId","enrollmentDate",status,"createdAt","updatedAt")
  VALUES ('seed_enr_' || 'seed_pelicano_child_row223_isabell_marcelly_vieira_da_silva_seed_pelicano_class_pel_i_periodo_prisci', 'seed_pelicano_child_row223_isabell_marcelly_vieira_da_silva', 'seed_pelicano_class_pel_i_periodo_priscila', '2026-02-01 12:00:00', 'ATIVA'::"EnrollmentStatus", NOW(), NOW())
  ON CONFLICT ("childId","classroomId") DO UPDATE SET status=EXCLUDED.status, "updatedAt"=NOW();
  -- Aluno: ITALO BERNARDO NUNES PEREIRA MORENO
  INSERT INTO "Child" (id,"mantenedoraId","unitId","firstName","lastName","dateOfBirth",gender,cpf,raca,peso,"bloodType",allergies,"medicalConditions","usoImagem",laudado,nis,"codigoAluno",inscricao,"nomeMae","nomePai","celPai",nacionalidade,naturalidade,"ufNascimento",endereco,cep,"dadosResponsaveis","documentosMatricula","autorizadosRetirada","transporteEscolar","fichaAdministrativa","isActive","createdAt","updatedAt")
  VALUES ('seed_pelicano_child_row224_italo_bernardo_nunes_pereira_moreno',v_mantenedora_id,v_unit_id,'Italo','Bernardo Nunes Pereira Moreno','2021-07-14 12:00:00','MASCULINO'::"Gender",'112.352.881-02','PARDA',NULL,NULL,NULL,NULL,NULL,NULL,NULL,NULL,NULL,NULL,NULL,NULL,'BRASIL','Brasilia','DF',NULL,NULL,'{"mae": {"nome": null, "cpf": null, "telefone": null}, "pai": {"nome": null, "cpf": null, "telefone": null}, "responsavelPrincipal": {"nome": null, "cpf": null, "parentesco": null, "identidade": null, "orgaoExpedidor": null, "telefone": null}, "enderecoResponsavel": null, "cepResponsavel": null, "escolaridade": null, "profissao": null, "numeroDependentes": null, "numeroPessoasCasa": null}'::jsonb,'{"codigoAluno": null, "inscricao": null, "censo": null, "beneficio": null, "nis": null, "pisResponsavel": null, "cpfOriginalAluno": "112.352.881-02", "cpfPersistidoNoCampoCpf": "112.352.881-02", "cpfDuplicadoNaPlanilha": false, "serie2024": null, "origemLinhaPlanilha": 224}'::jsonb,'[]'::jsonb,'{"usaTransporteEscolar": null, "nomeTransporte": null}'::jsonb,'{"turmaPlanilha": "I PERÍODO", "professoraPlanilha": "Elza", "fonte": "DADOS PARA PLATAFORMA PEDAGÓGICA (1) (1).xlsx / Planilha1", "linhaPlanilha": 224, "raw": {"NOME": "ITALO BERNARDO NUNES PEREIRA MORENO", "SEXO": "M", "NASC": "2021-07-14T00:00:00", "NACIONALIDADE": "BRASIL", "NATURALIDADE": "Brasilia", "UF": "DF", "CPF": "11235288102", "RAÇA": "PARDA", "TURMA": "I PERÍODO", "PROFESSORA": "Elza"}}'::jsonb,TRUE,NOW(),NOW())
  ON CONFLICT (id) DO UPDATE SET "unitId"=v_unit_id, "firstName"=EXCLUDED."firstName", "lastName"=EXCLUDED."lastName", "dateOfBirth"=EXCLUDED."dateOfBirth", gender=EXCLUDED.gender, cpf=EXCLUDED.cpf, raca=EXCLUDED.raca, peso=EXCLUDED.peso, "bloodType"=EXCLUDED."bloodType", allergies=EXCLUDED.allergies, "medicalConditions"=EXCLUDED."medicalConditions", "usoImagem"=EXCLUDED."usoImagem", laudado=EXCLUDED.laudado, nis=EXCLUDED.nis, "codigoAluno"=EXCLUDED."codigoAluno", inscricao=EXCLUDED.inscricao, "nomeMae"=EXCLUDED."nomeMae", "nomePai"=EXCLUDED."nomePai", "celPai"=EXCLUDED."celPai", nacionalidade=EXCLUDED.nacionalidade, naturalidade=EXCLUDED.naturalidade, "ufNascimento"=EXCLUDED."ufNascimento", endereco=EXCLUDED.endereco, cep=EXCLUDED.cep, "dadosResponsaveis"=EXCLUDED."dadosResponsaveis", "documentosMatricula"=EXCLUDED."documentosMatricula", "autorizadosRetirada"=EXCLUDED."autorizadosRetirada", "transporteEscolar"=EXCLUDED."transporteEscolar", "fichaAdministrativa"=EXCLUDED."fichaAdministrativa", "isActive"=TRUE, "updatedAt"=NOW();
  INSERT INTO "Enrollment" (id,"childId","classroomId","enrollmentDate",status,"createdAt","updatedAt")
  VALUES ('seed_enr_' || 'seed_pelicano_child_row224_italo_bernardo_nunes_pereira_moreno_seed_pelicano_class_pel_i_periodo_elz', 'seed_pelicano_child_row224_italo_bernardo_nunes_pereira_moreno', 'seed_pelicano_class_pel_i_periodo_elza', '2026-02-01 12:00:00', 'ATIVA'::"EnrollmentStatus", NOW(), NOW())
  ON CONFLICT ("childId","classroomId") DO UPDATE SET status=EXCLUDED.status, "updatedAt"=NOW();
  -- Aluno: JEFTER MIGUEL MENDES DA SILVA
  INSERT INTO "Child" (id,"mantenedoraId","unitId","firstName","lastName","dateOfBirth",gender,cpf,raca,peso,"bloodType",allergies,"medicalConditions","usoImagem",laudado,nis,"codigoAluno",inscricao,"nomeMae","nomePai","celPai",nacionalidade,naturalidade,"ufNascimento",endereco,cep,"dadosResponsaveis","documentosMatricula","autorizadosRetirada","transporteEscolar","fichaAdministrativa","isActive","createdAt","updatedAt")
  VALUES ('seed_pelicano_child_row225_jefter_miguel_mendes_da_silva',v_mantenedora_id,v_unit_id,'Jefter','Miguel Mendes Da Silva','2021-04-19 12:00:00','MASCULINO'::"Gender",'116.247.611-78','PARDA',NULL,NULL,NULL,NULL,NULL,NULL,NULL,NULL,NULL,NULL,NULL,NULL,'BRASIL','Brasilia','DF',NULL,NULL,'{"mae": {"nome": null, "cpf": null, "telefone": null}, "pai": {"nome": null, "cpf": null, "telefone": null}, "responsavelPrincipal": {"nome": null, "cpf": null, "parentesco": null, "identidade": null, "orgaoExpedidor": null, "telefone": null}, "enderecoResponsavel": null, "cepResponsavel": null, "escolaridade": null, "profissao": null, "numeroDependentes": null, "numeroPessoasCasa": null}'::jsonb,'{"codigoAluno": null, "inscricao": null, "censo": null, "beneficio": null, "nis": null, "pisResponsavel": null, "cpfOriginalAluno": "116.247.611-78", "cpfPersistidoNoCampoCpf": "116.247.611-78", "cpfDuplicadoNaPlanilha": false, "serie2024": null, "origemLinhaPlanilha": 225}'::jsonb,'[]'::jsonb,'{"usaTransporteEscolar": null, "nomeTransporte": null}'::jsonb,'{"turmaPlanilha": "I PERÍODO", "professoraPlanilha": "Priscila", "fonte": "DADOS PARA PLATAFORMA PEDAGÓGICA (1) (1).xlsx / Planilha1", "linhaPlanilha": 225, "raw": {"NOME": "JEFTER MIGUEL MENDES DA SILVA", "SEXO": "M", "NASC": "2021-04-19T00:00:00", "NACIONALIDADE": "BRASIL", "NATURALIDADE": "Brasilia", "UF": "DF", "CPF": "11624761178", "RAÇA": "PARDA", "TURMA": "I PERÍODO", "PROFESSORA": "Priscila"}}'::jsonb,TRUE,NOW(),NOW())
  ON CONFLICT (id) DO UPDATE SET "unitId"=v_unit_id, "firstName"=EXCLUDED."firstName", "lastName"=EXCLUDED."lastName", "dateOfBirth"=EXCLUDED."dateOfBirth", gender=EXCLUDED.gender, cpf=EXCLUDED.cpf, raca=EXCLUDED.raca, peso=EXCLUDED.peso, "bloodType"=EXCLUDED."bloodType", allergies=EXCLUDED.allergies, "medicalConditions"=EXCLUDED."medicalConditions", "usoImagem"=EXCLUDED."usoImagem", laudado=EXCLUDED.laudado, nis=EXCLUDED.nis, "codigoAluno"=EXCLUDED."codigoAluno", inscricao=EXCLUDED.inscricao, "nomeMae"=EXCLUDED."nomeMae", "nomePai"=EXCLUDED."nomePai", "celPai"=EXCLUDED."celPai", nacionalidade=EXCLUDED.nacionalidade, naturalidade=EXCLUDED.naturalidade, "ufNascimento"=EXCLUDED."ufNascimento", endereco=EXCLUDED.endereco, cep=EXCLUDED.cep, "dadosResponsaveis"=EXCLUDED."dadosResponsaveis", "documentosMatricula"=EXCLUDED."documentosMatricula", "autorizadosRetirada"=EXCLUDED."autorizadosRetirada", "transporteEscolar"=EXCLUDED."transporteEscolar", "fichaAdministrativa"=EXCLUDED."fichaAdministrativa", "isActive"=TRUE, "updatedAt"=NOW();
  INSERT INTO "Enrollment" (id,"childId","classroomId","enrollmentDate",status,"createdAt","updatedAt")
  VALUES ('seed_enr_' || 'seed_pelicano_child_row225_jefter_miguel_mendes_da_silva_seed_pelicano_class_pel_i_periodo_priscila', 'seed_pelicano_child_row225_jefter_miguel_mendes_da_silva', 'seed_pelicano_class_pel_i_periodo_priscila', '2026-02-01 12:00:00', 'ATIVA'::"EnrollmentStatus", NOW(), NOW())
  ON CONFLICT ("childId","classroomId") DO UPDATE SET status=EXCLUDED.status, "updatedAt"=NOW();
  -- Aluno: JOAO GUILHERME MELO GOES
  INSERT INTO "Child" (id,"mantenedoraId","unitId","firstName","lastName","dateOfBirth",gender,cpf,raca,peso,"bloodType",allergies,"medicalConditions","usoImagem",laudado,nis,"codigoAluno",inscricao,"nomeMae","nomePai","celPai",nacionalidade,naturalidade,"ufNascimento",endereco,cep,"dadosResponsaveis","documentosMatricula","autorizadosRetirada","transporteEscolar","fichaAdministrativa","isActive","createdAt","updatedAt")
  VALUES ('seed_pelicano_child_row226_joao_guilherme_melo_goes',v_mantenedora_id,v_unit_id,'Joao','Guilherme Melo Goes','2021-07-29 12:00:00','MASCULINO'::"Gender",'112.487.811-47','PARDA',NULL,NULL,NULL,NULL,NULL,NULL,NULL,NULL,NULL,NULL,NULL,NULL,'BRASIL','Brasilia','DF',NULL,NULL,'{"mae": {"nome": null, "cpf": null, "telefone": null}, "pai": {"nome": null, "cpf": null, "telefone": null}, "responsavelPrincipal": {"nome": null, "cpf": null, "parentesco": null, "identidade": null, "orgaoExpedidor": null, "telefone": null}, "enderecoResponsavel": null, "cepResponsavel": null, "escolaridade": null, "profissao": null, "numeroDependentes": null, "numeroPessoasCasa": null}'::jsonb,'{"codigoAluno": null, "inscricao": null, "censo": null, "beneficio": null, "nis": null, "pisResponsavel": null, "cpfOriginalAluno": "112.487.811-47", "cpfPersistidoNoCampoCpf": "112.487.811-47", "cpfDuplicadoNaPlanilha": false, "serie2024": null, "origemLinhaPlanilha": 226}'::jsonb,'[]'::jsonb,'{"usaTransporteEscolar": null, "nomeTransporte": null}'::jsonb,'{"turmaPlanilha": "I PERÍODO", "professoraPlanilha": "Danielle", "fonte": "DADOS PARA PLATAFORMA PEDAGÓGICA (1) (1).xlsx / Planilha1", "linhaPlanilha": 226, "raw": {"NOME": "JOAO GUILHERME MELO GOES", "SEXO": "M", "NASC": "2021-07-29T00:00:00", "NACIONALIDADE": "BRASIL", "NATURALIDADE": "Brasilia", "UF": "DF", "CPF": "11248781147", "RAÇA": "PARDA", "TURMA": "I PERÍODO", "PROFESSORA": "Danielle"}}'::jsonb,TRUE,NOW(),NOW())
  ON CONFLICT (id) DO UPDATE SET "unitId"=v_unit_id, "firstName"=EXCLUDED."firstName", "lastName"=EXCLUDED."lastName", "dateOfBirth"=EXCLUDED."dateOfBirth", gender=EXCLUDED.gender, cpf=EXCLUDED.cpf, raca=EXCLUDED.raca, peso=EXCLUDED.peso, "bloodType"=EXCLUDED."bloodType", allergies=EXCLUDED.allergies, "medicalConditions"=EXCLUDED."medicalConditions", "usoImagem"=EXCLUDED."usoImagem", laudado=EXCLUDED.laudado, nis=EXCLUDED.nis, "codigoAluno"=EXCLUDED."codigoAluno", inscricao=EXCLUDED.inscricao, "nomeMae"=EXCLUDED."nomeMae", "nomePai"=EXCLUDED."nomePai", "celPai"=EXCLUDED."celPai", nacionalidade=EXCLUDED.nacionalidade, naturalidade=EXCLUDED.naturalidade, "ufNascimento"=EXCLUDED."ufNascimento", endereco=EXCLUDED.endereco, cep=EXCLUDED.cep, "dadosResponsaveis"=EXCLUDED."dadosResponsaveis", "documentosMatricula"=EXCLUDED."documentosMatricula", "autorizadosRetirada"=EXCLUDED."autorizadosRetirada", "transporteEscolar"=EXCLUDED."transporteEscolar", "fichaAdministrativa"=EXCLUDED."fichaAdministrativa", "isActive"=TRUE, "updatedAt"=NOW();
  INSERT INTO "Enrollment" (id,"childId","classroomId","enrollmentDate",status,"createdAt","updatedAt")
  VALUES ('seed_enr_' || 'seed_pelicano_child_row226_joao_guilherme_melo_goes_seed_pelicano_class_pel_i_periodo_danielle', 'seed_pelicano_child_row226_joao_guilherme_melo_goes', 'seed_pelicano_class_pel_i_periodo_danielle', '2026-02-01 12:00:00', 'ATIVA'::"EnrollmentStatus", NOW(), NOW())
  ON CONFLICT ("childId","classroomId") DO UPDATE SET status=EXCLUDED.status, "updatedAt"=NOW();
  -- Aluno: JOAO LUCAS FERNANDES
  INSERT INTO "Child" (id,"mantenedoraId","unitId","firstName","lastName","dateOfBirth",gender,cpf,raca,peso,"bloodType",allergies,"medicalConditions","usoImagem",laudado,nis,"codigoAluno",inscricao,"nomeMae","nomePai","celPai",nacionalidade,naturalidade,"ufNascimento",endereco,cep,"dadosResponsaveis","documentosMatricula","autorizadosRetirada","transporteEscolar","fichaAdministrativa","isActive","createdAt","updatedAt")
  VALUES ('seed_pelicano_child_row227_joao_lucas_fernandes',v_mantenedora_id,v_unit_id,'Joao','Lucas Fernandes','2021-06-05 12:00:00','MASCULINO'::"Gender",'111.899.221-00','PARDA',NULL,NULL,NULL,NULL,NULL,NULL,NULL,NULL,NULL,NULL,NULL,NULL,'BRASIL','Brasilia','DF',NULL,NULL,'{"mae": {"nome": null, "cpf": null, "telefone": null}, "pai": {"nome": null, "cpf": null, "telefone": null}, "responsavelPrincipal": {"nome": null, "cpf": null, "parentesco": null, "identidade": null, "orgaoExpedidor": null, "telefone": null}, "enderecoResponsavel": null, "cepResponsavel": null, "escolaridade": null, "profissao": null, "numeroDependentes": null, "numeroPessoasCasa": null}'::jsonb,'{"codigoAluno": null, "inscricao": null, "censo": null, "beneficio": null, "nis": null, "pisResponsavel": null, "cpfOriginalAluno": "111.899.221-00", "cpfPersistidoNoCampoCpf": "111.899.221-00", "cpfDuplicadoNaPlanilha": false, "serie2024": null, "origemLinhaPlanilha": 227}'::jsonb,'[]'::jsonb,'{"usaTransporteEscolar": null, "nomeTransporte": null}'::jsonb,'{"turmaPlanilha": "I PERÍODO", "professoraPlanilha": "Priscila", "fonte": "DADOS PARA PLATAFORMA PEDAGÓGICA (1) (1).xlsx / Planilha1", "linhaPlanilha": 227, "raw": {"NOME": "JOAO LUCAS FERNANDES", "SEXO": "M", "NASC": "2021-06-05T00:00:00", "NACIONALIDADE": "BRASIL", "NATURALIDADE": "Brasilia", "UF": "DF", "CPF": "11189922100", "RAÇA": "PARDA", "TURMA": "I PERÍODO", "PROFESSORA": "Priscila"}}'::jsonb,TRUE,NOW(),NOW())
  ON CONFLICT (id) DO UPDATE SET "unitId"=v_unit_id, "firstName"=EXCLUDED."firstName", "lastName"=EXCLUDED."lastName", "dateOfBirth"=EXCLUDED."dateOfBirth", gender=EXCLUDED.gender, cpf=EXCLUDED.cpf, raca=EXCLUDED.raca, peso=EXCLUDED.peso, "bloodType"=EXCLUDED."bloodType", allergies=EXCLUDED.allergies, "medicalConditions"=EXCLUDED."medicalConditions", "usoImagem"=EXCLUDED."usoImagem", laudado=EXCLUDED.laudado, nis=EXCLUDED.nis, "codigoAluno"=EXCLUDED."codigoAluno", inscricao=EXCLUDED.inscricao, "nomeMae"=EXCLUDED."nomeMae", "nomePai"=EXCLUDED."nomePai", "celPai"=EXCLUDED."celPai", nacionalidade=EXCLUDED.nacionalidade, naturalidade=EXCLUDED.naturalidade, "ufNascimento"=EXCLUDED."ufNascimento", endereco=EXCLUDED.endereco, cep=EXCLUDED.cep, "dadosResponsaveis"=EXCLUDED."dadosResponsaveis", "documentosMatricula"=EXCLUDED."documentosMatricula", "autorizadosRetirada"=EXCLUDED."autorizadosRetirada", "transporteEscolar"=EXCLUDED."transporteEscolar", "fichaAdministrativa"=EXCLUDED."fichaAdministrativa", "isActive"=TRUE, "updatedAt"=NOW();
  INSERT INTO "Enrollment" (id,"childId","classroomId","enrollmentDate",status,"createdAt","updatedAt")
  VALUES ('seed_enr_' || 'seed_pelicano_child_row227_joao_lucas_fernandes_seed_pelicano_class_pel_i_periodo_priscila', 'seed_pelicano_child_row227_joao_lucas_fernandes', 'seed_pelicano_class_pel_i_periodo_priscila', '2026-02-01 12:00:00', 'ATIVA'::"EnrollmentStatus", NOW(), NOW())
  ON CONFLICT ("childId","classroomId") DO UPDATE SET status=EXCLUDED.status, "updatedAt"=NOW();
  -- Aluno: JOSE AUGUSTO GOMES AGUIAR
  INSERT INTO "Child" (id,"mantenedoraId","unitId","firstName","lastName","dateOfBirth",gender,cpf,raca,peso,"bloodType",allergies,"medicalConditions","usoImagem",laudado,nis,"codigoAluno",inscricao,"nomeMae","nomePai","celPai",nacionalidade,naturalidade,"ufNascimento",endereco,cep,"dadosResponsaveis","documentosMatricula","autorizadosRetirada","transporteEscolar","fichaAdministrativa","isActive","createdAt","updatedAt")
  VALUES ('seed_pelicano_child_row228_jose_augusto_gomes_aguiar',v_mantenedora_id,v_unit_id,'Jose','Augusto Gomes Aguiar','2022-02-17 12:00:00','MASCULINO'::"Gender",'123.284.383-00','PARDA',NULL,NULL,NULL,NULL,NULL,NULL,NULL,NULL,NULL,NULL,NULL,NULL,'BRASIL','Brasilia','DF',NULL,NULL,'{"mae": {"nome": null, "cpf": null, "telefone": null}, "pai": {"nome": null, "cpf": null, "telefone": null}, "responsavelPrincipal": {"nome": null, "cpf": null, "parentesco": null, "identidade": null, "orgaoExpedidor": null, "telefone": null}, "enderecoResponsavel": null, "cepResponsavel": null, "escolaridade": null, "profissao": null, "numeroDependentes": null, "numeroPessoasCasa": null}'::jsonb,'{"codigoAluno": null, "inscricao": null, "censo": null, "beneficio": null, "nis": null, "pisResponsavel": null, "cpfOriginalAluno": "123.284.383-00", "cpfPersistidoNoCampoCpf": "123.284.383-00", "cpfDuplicadoNaPlanilha": false, "serie2024": null, "origemLinhaPlanilha": 228}'::jsonb,'[]'::jsonb,'{"usaTransporteEscolar": null, "nomeTransporte": null}'::jsonb,'{"turmaPlanilha": "I PERÍODO", "professoraPlanilha": "Cliciane", "fonte": "DADOS PARA PLATAFORMA PEDAGÓGICA (1) (1).xlsx / Planilha1", "linhaPlanilha": 228, "raw": {"NOME": "JOSE AUGUSTO GOMES AGUIAR", "SEXO": "M", "NASC": "2022-02-17T00:00:00", "NACIONALIDADE": "BRASIL", "NATURALIDADE": "Brasilia", "UF": "DF", "CPF": "12328438300", "RAÇA": "PARDA", "TURMA": "I PERÍODO", "PROFESSORA": "Cliciane"}}'::jsonb,TRUE,NOW(),NOW())
  ON CONFLICT (id) DO UPDATE SET "unitId"=v_unit_id, "firstName"=EXCLUDED."firstName", "lastName"=EXCLUDED."lastName", "dateOfBirth"=EXCLUDED."dateOfBirth", gender=EXCLUDED.gender, cpf=EXCLUDED.cpf, raca=EXCLUDED.raca, peso=EXCLUDED.peso, "bloodType"=EXCLUDED."bloodType", allergies=EXCLUDED.allergies, "medicalConditions"=EXCLUDED."medicalConditions", "usoImagem"=EXCLUDED."usoImagem", laudado=EXCLUDED.laudado, nis=EXCLUDED.nis, "codigoAluno"=EXCLUDED."codigoAluno", inscricao=EXCLUDED.inscricao, "nomeMae"=EXCLUDED."nomeMae", "nomePai"=EXCLUDED."nomePai", "celPai"=EXCLUDED."celPai", nacionalidade=EXCLUDED.nacionalidade, naturalidade=EXCLUDED.naturalidade, "ufNascimento"=EXCLUDED."ufNascimento", endereco=EXCLUDED.endereco, cep=EXCLUDED.cep, "dadosResponsaveis"=EXCLUDED."dadosResponsaveis", "documentosMatricula"=EXCLUDED."documentosMatricula", "autorizadosRetirada"=EXCLUDED."autorizadosRetirada", "transporteEscolar"=EXCLUDED."transporteEscolar", "fichaAdministrativa"=EXCLUDED."fichaAdministrativa", "isActive"=TRUE, "updatedAt"=NOW();
  INSERT INTO "Enrollment" (id,"childId","classroomId","enrollmentDate",status,"createdAt","updatedAt")
  VALUES ('seed_enr_' || 'seed_pelicano_child_row228_jose_augusto_gomes_aguiar_seed_pelicano_class_pel_i_periodo_cliciane', 'seed_pelicano_child_row228_jose_augusto_gomes_aguiar', 'seed_pelicano_class_pel_i_periodo_cliciane', '2026-02-01 12:00:00', 'ATIVA'::"EnrollmentStatus", NOW(), NOW())
  ON CONFLICT ("childId","classroomId") DO UPDATE SET status=EXCLUDED.status, "updatedAt"=NOW();
  -- Aluno: JOSE MIGUEL LIMA MAGALHAES
  INSERT INTO "Child" (id,"mantenedoraId","unitId","firstName","lastName","dateOfBirth",gender,cpf,raca,peso,"bloodType",allergies,"medicalConditions","usoImagem",laudado,nis,"codigoAluno",inscricao,"nomeMae","nomePai","celPai",nacionalidade,naturalidade,"ufNascimento",endereco,cep,"dadosResponsaveis","documentosMatricula","autorizadosRetirada","transporteEscolar","fichaAdministrativa","isActive","createdAt","updatedAt")
  VALUES ('seed_pelicano_child_row229_jose_miguel_lima_magalhaes',v_mantenedora_id,v_unit_id,'Jose','Miguel Lima Magalhaes','2021-06-24 12:00:00','MASCULINO'::"Gender",'112.121.831-85','PARDA',NULL,NULL,NULL,NULL,NULL,NULL,NULL,NULL,NULL,NULL,NULL,NULL,'BRASIL','Brasilia','DF',NULL,NULL,'{"mae": {"nome": null, "cpf": null, "telefone": null}, "pai": {"nome": null, "cpf": null, "telefone": null}, "responsavelPrincipal": {"nome": null, "cpf": null, "parentesco": null, "identidade": null, "orgaoExpedidor": null, "telefone": null}, "enderecoResponsavel": null, "cepResponsavel": null, "escolaridade": null, "profissao": null, "numeroDependentes": null, "numeroPessoasCasa": null}'::jsonb,'{"codigoAluno": null, "inscricao": null, "censo": null, "beneficio": null, "nis": null, "pisResponsavel": null, "cpfOriginalAluno": "112.121.831-85", "cpfPersistidoNoCampoCpf": "112.121.831-85", "cpfDuplicadoNaPlanilha": false, "serie2024": null, "origemLinhaPlanilha": 229}'::jsonb,'[]'::jsonb,'{"usaTransporteEscolar": null, "nomeTransporte": null}'::jsonb,'{"turmaPlanilha": "I PERÍODO", "professoraPlanilha": "Cliciane", "fonte": "DADOS PARA PLATAFORMA PEDAGÓGICA (1) (1).xlsx / Planilha1", "linhaPlanilha": 229, "raw": {"NOME": "JOSE MIGUEL LIMA MAGALHAES", "SEXO": "M", "NASC": "2021-06-24T00:00:00", "NACIONALIDADE": "BRASIL", "NATURALIDADE": "Brasilia", "UF": "DF", "CPF": "11212183185", "RAÇA": "PARDA", "TURMA": "I PERÍODO", "PROFESSORA": "Cliciane"}}'::jsonb,TRUE,NOW(),NOW())
  ON CONFLICT (id) DO UPDATE SET "unitId"=v_unit_id, "firstName"=EXCLUDED."firstName", "lastName"=EXCLUDED."lastName", "dateOfBirth"=EXCLUDED."dateOfBirth", gender=EXCLUDED.gender, cpf=EXCLUDED.cpf, raca=EXCLUDED.raca, peso=EXCLUDED.peso, "bloodType"=EXCLUDED."bloodType", allergies=EXCLUDED.allergies, "medicalConditions"=EXCLUDED."medicalConditions", "usoImagem"=EXCLUDED."usoImagem", laudado=EXCLUDED.laudado, nis=EXCLUDED.nis, "codigoAluno"=EXCLUDED."codigoAluno", inscricao=EXCLUDED.inscricao, "nomeMae"=EXCLUDED."nomeMae", "nomePai"=EXCLUDED."nomePai", "celPai"=EXCLUDED."celPai", nacionalidade=EXCLUDED.nacionalidade, naturalidade=EXCLUDED.naturalidade, "ufNascimento"=EXCLUDED."ufNascimento", endereco=EXCLUDED.endereco, cep=EXCLUDED.cep, "dadosResponsaveis"=EXCLUDED."dadosResponsaveis", "documentosMatricula"=EXCLUDED."documentosMatricula", "autorizadosRetirada"=EXCLUDED."autorizadosRetirada", "transporteEscolar"=EXCLUDED."transporteEscolar", "fichaAdministrativa"=EXCLUDED."fichaAdministrativa", "isActive"=TRUE, "updatedAt"=NOW();
  INSERT INTO "Enrollment" (id,"childId","classroomId","enrollmentDate",status,"createdAt","updatedAt")
  VALUES ('seed_enr_' || 'seed_pelicano_child_row229_jose_miguel_lima_magalhaes_seed_pelicano_class_pel_i_periodo_cliciane', 'seed_pelicano_child_row229_jose_miguel_lima_magalhaes', 'seed_pelicano_class_pel_i_periodo_cliciane', '2026-02-01 12:00:00', 'ATIVA'::"EnrollmentStatus", NOW(), NOW())
  ON CONFLICT ("childId","classroomId") DO UPDATE SET status=EXCLUDED.status, "updatedAt"=NOW();
  -- Aluno: LETICIA DE SOUSA ABREU
  INSERT INTO "Child" (id,"mantenedoraId","unitId","firstName","lastName","dateOfBirth",gender,cpf,raca,peso,"bloodType",allergies,"medicalConditions","usoImagem",laudado,nis,"codigoAluno",inscricao,"nomeMae","nomePai","celPai",nacionalidade,naturalidade,"ufNascimento",endereco,cep,"dadosResponsaveis","documentosMatricula","autorizadosRetirada","transporteEscolar","fichaAdministrativa","isActive","createdAt","updatedAt")
  VALUES ('seed_pelicano_child_row230_leticia_de_sousa_abreu',v_mantenedora_id,v_unit_id,'Leticia','De Sousa Abreu','2021-11-16 12:00:00','FEMININO'::"Gender",'113.759.381-42','PARDA',NULL,NULL,NULL,NULL,NULL,NULL,NULL,NULL,NULL,NULL,NULL,NULL,'BRASIL','Brasilia','DF',NULL,NULL,'{"mae": {"nome": null, "cpf": null, "telefone": null}, "pai": {"nome": null, "cpf": null, "telefone": null}, "responsavelPrincipal": {"nome": null, "cpf": null, "parentesco": null, "identidade": null, "orgaoExpedidor": null, "telefone": null}, "enderecoResponsavel": null, "cepResponsavel": null, "escolaridade": null, "profissao": null, "numeroDependentes": null, "numeroPessoasCasa": null}'::jsonb,'{"codigoAluno": null, "inscricao": null, "censo": null, "beneficio": null, "nis": null, "pisResponsavel": null, "cpfOriginalAluno": "113.759.381-42", "cpfPersistidoNoCampoCpf": "113.759.381-42", "cpfDuplicadoNaPlanilha": false, "serie2024": null, "origemLinhaPlanilha": 230}'::jsonb,'[]'::jsonb,'{"usaTransporteEscolar": null, "nomeTransporte": null}'::jsonb,'{"turmaPlanilha": "I PERÍODO", "professoraPlanilha": "Cliciane", "fonte": "DADOS PARA PLATAFORMA PEDAGÓGICA (1) (1).xlsx / Planilha1", "linhaPlanilha": 230, "raw": {"NOME": "LETICIA DE SOUSA ABREU", "SEXO": "F", "NASC": "2021-11-16T00:00:00", "NACIONALIDADE": "BRASIL", "NATURALIDADE": "Brasilia", "UF": "DF", "CPF": "11375938142", "RAÇA": "PARDA", "TURMA": "I PERÍODO", "PROFESSORA": "Cliciane"}}'::jsonb,TRUE,NOW(),NOW())
  ON CONFLICT (id) DO UPDATE SET "unitId"=v_unit_id, "firstName"=EXCLUDED."firstName", "lastName"=EXCLUDED."lastName", "dateOfBirth"=EXCLUDED."dateOfBirth", gender=EXCLUDED.gender, cpf=EXCLUDED.cpf, raca=EXCLUDED.raca, peso=EXCLUDED.peso, "bloodType"=EXCLUDED."bloodType", allergies=EXCLUDED.allergies, "medicalConditions"=EXCLUDED."medicalConditions", "usoImagem"=EXCLUDED."usoImagem", laudado=EXCLUDED.laudado, nis=EXCLUDED.nis, "codigoAluno"=EXCLUDED."codigoAluno", inscricao=EXCLUDED.inscricao, "nomeMae"=EXCLUDED."nomeMae", "nomePai"=EXCLUDED."nomePai", "celPai"=EXCLUDED."celPai", nacionalidade=EXCLUDED.nacionalidade, naturalidade=EXCLUDED.naturalidade, "ufNascimento"=EXCLUDED."ufNascimento", endereco=EXCLUDED.endereco, cep=EXCLUDED.cep, "dadosResponsaveis"=EXCLUDED."dadosResponsaveis", "documentosMatricula"=EXCLUDED."documentosMatricula", "autorizadosRetirada"=EXCLUDED."autorizadosRetirada", "transporteEscolar"=EXCLUDED."transporteEscolar", "fichaAdministrativa"=EXCLUDED."fichaAdministrativa", "isActive"=TRUE, "updatedAt"=NOW();
  INSERT INTO "Enrollment" (id,"childId","classroomId","enrollmentDate",status,"createdAt","updatedAt")
  VALUES ('seed_enr_' || 'seed_pelicano_child_row230_leticia_de_sousa_abreu_seed_pelicano_class_pel_i_periodo_cliciane', 'seed_pelicano_child_row230_leticia_de_sousa_abreu', 'seed_pelicano_class_pel_i_periodo_cliciane', '2026-02-01 12:00:00', 'ATIVA'::"EnrollmentStatus", NOW(), NOW())
  ON CONFLICT ("childId","classroomId") DO UPDATE SET status=EXCLUDED.status, "updatedAt"=NOW();
  -- Aluno: LIZ DE SOUSA DE ARAUJO
  INSERT INTO "Child" (id,"mantenedoraId","unitId","firstName","lastName","dateOfBirth",gender,cpf,raca,peso,"bloodType",allergies,"medicalConditions","usoImagem",laudado,nis,"codigoAluno",inscricao,"nomeMae","nomePai","celPai",nacionalidade,naturalidade,"ufNascimento",endereco,cep,"dadosResponsaveis","documentosMatricula","autorizadosRetirada","transporteEscolar","fichaAdministrativa","isActive","createdAt","updatedAt")
  VALUES ('seed_pelicano_child_row231_liz_de_sousa_de_araujo',v_mantenedora_id,v_unit_id,'Liz','De Sousa De Araujo','2021-11-14 12:00:00','FEMININO'::"Gender",'113.828.551-09','PARDA','13kg','O+',NULL,NULL,NULL,NULL,NULL,NULL,NULL,'Isabela','Thomas','61985812939','BRASIL','Brasilia','DF',NULL,NULL,'{"mae": {"nome": "Isabela", "cpf": null, "telefone": "61985533174"}, "pai": {"nome": "Thomas", "cpf": "088.878.521-62", "telefone": "61985812939"}, "responsavelPrincipal": {"nome": "Isabela", "cpf": "088.878.521-62", "parentesco": null, "identidade": "7315316", "orgaoExpedidor": "SSP GO", "telefone": null}, "enderecoResponsavel": null, "cepResponsavel": null, "escolaridade": "Ensino Médio Completo", "profissao": null, "numeroDependentes": null, "numeroPessoasCasa": null}'::jsonb,'{"codigoAluno": null, "inscricao": null, "censo": null, "beneficio": null, "nis": null, "pisResponsavel": null, "cpfOriginalAluno": "113.828.551-09", "cpfPersistidoNoCampoCpf": "113.828.551-09", "cpfDuplicadoNaPlanilha": false, "serie2024": null, "origemLinhaPlanilha": 231}'::jsonb,'[]'::jsonb,'{"usaTransporteEscolar": null, "nomeTransporte": null}'::jsonb,'{"turmaPlanilha": "I PERÍODO", "professoraPlanilha": "Priscila", "fonte": "DADOS PARA PLATAFORMA PEDAGÓGICA (1) (1).xlsx / Planilha1", "linhaPlanilha": 231, "raw": {"NOME": "LIZ DE SOUSA DE ARAUJO", "SEXO": "F", "NASC": "2021-11-14T00:00:00", "NACIONALIDADE": "BRASIL", "NATURALIDADE": "Brasilia", "UF": "DF", "CPF": "11382855109", "RAÇA": "PARDA", "PESO": "13kg", "TIPAGEM SANGUINEA": "O+", "TURMA": "I PERÍODO", "PROFESSORA": "Priscila", "MÃE": "Isabela", "PAI": "Thomas", "IDENTIDADE RESP": "7315316", "ORG. EXPEDITOR": "SSP GO", "CPF_3": "088.878.521-62", "NASCIMENTO": "2004-11-04T00:00:00", "NATURALIDADE_2": "Brasilia", "UF_2": "DF", "CEL. MÃE": "61985533174", "CEL. PAI": "61985812939", "ESCOLARIDADE": "Ensino Médio Completo"}}'::jsonb,TRUE,NOW(),NOW())
  ON CONFLICT (id) DO UPDATE SET "unitId"=v_unit_id, "firstName"=EXCLUDED."firstName", "lastName"=EXCLUDED."lastName", "dateOfBirth"=EXCLUDED."dateOfBirth", gender=EXCLUDED.gender, cpf=EXCLUDED.cpf, raca=EXCLUDED.raca, peso=EXCLUDED.peso, "bloodType"=EXCLUDED."bloodType", allergies=EXCLUDED.allergies, "medicalConditions"=EXCLUDED."medicalConditions", "usoImagem"=EXCLUDED."usoImagem", laudado=EXCLUDED.laudado, nis=EXCLUDED.nis, "codigoAluno"=EXCLUDED."codigoAluno", inscricao=EXCLUDED.inscricao, "nomeMae"=EXCLUDED."nomeMae", "nomePai"=EXCLUDED."nomePai", "celPai"=EXCLUDED."celPai", nacionalidade=EXCLUDED.nacionalidade, naturalidade=EXCLUDED.naturalidade, "ufNascimento"=EXCLUDED."ufNascimento", endereco=EXCLUDED.endereco, cep=EXCLUDED.cep, "dadosResponsaveis"=EXCLUDED."dadosResponsaveis", "documentosMatricula"=EXCLUDED."documentosMatricula", "autorizadosRetirada"=EXCLUDED."autorizadosRetirada", "transporteEscolar"=EXCLUDED."transporteEscolar", "fichaAdministrativa"=EXCLUDED."fichaAdministrativa", "isActive"=TRUE, "updatedAt"=NOW();
  INSERT INTO "Enrollment" (id,"childId","classroomId","enrollmentDate",status,"createdAt","updatedAt")
  VALUES ('seed_enr_' || 'seed_pelicano_child_row231_liz_de_sousa_de_araujo_seed_pelicano_class_pel_i_periodo_priscila', 'seed_pelicano_child_row231_liz_de_sousa_de_araujo', 'seed_pelicano_class_pel_i_periodo_priscila', '2026-02-01 12:00:00', 'ATIVA'::"EnrollmentStatus", NOW(), NOW())
  ON CONFLICT ("childId","classroomId") DO UPDATE SET status=EXCLUDED.status, "updatedAt"=NOW();
  -- Aluno: LIZ EVELIN DA SILVA
  INSERT INTO "Child" (id,"mantenedoraId","unitId","firstName","lastName","dateOfBirth",gender,cpf,raca,peso,"bloodType",allergies,"medicalConditions","usoImagem",laudado,nis,"codigoAluno",inscricao,"nomeMae","nomePai","celPai",nacionalidade,naturalidade,"ufNascimento",endereco,cep,"dadosResponsaveis","documentosMatricula","autorizadosRetirada","transporteEscolar","fichaAdministrativa","isActive","createdAt","updatedAt")
  VALUES ('seed_pelicano_child_row232_liz_evelin_da_silva',v_mantenedora_id,v_unit_id,'Liz','Evelin Da Silva','2021-04-06 12:00:00','FEMININO'::"Gender",'111.281.041-21','PARDA',NULL,NULL,NULL,NULL,NULL,NULL,NULL,NULL,NULL,NULL,NULL,NULL,'BRASIL','Brasilia','DF',NULL,NULL,'{"mae": {"nome": null, "cpf": null, "telefone": null}, "pai": {"nome": null, "cpf": null, "telefone": null}, "responsavelPrincipal": {"nome": null, "cpf": null, "parentesco": null, "identidade": null, "orgaoExpedidor": null, "telefone": null}, "enderecoResponsavel": null, "cepResponsavel": null, "escolaridade": null, "profissao": null, "numeroDependentes": null, "numeroPessoasCasa": null}'::jsonb,'{"codigoAluno": null, "inscricao": null, "censo": null, "beneficio": null, "nis": null, "pisResponsavel": null, "cpfOriginalAluno": "111.281.041-21", "cpfPersistidoNoCampoCpf": "111.281.041-21", "cpfDuplicadoNaPlanilha": false, "serie2024": null, "origemLinhaPlanilha": 232}'::jsonb,'[]'::jsonb,'{"usaTransporteEscolar": null, "nomeTransporte": null}'::jsonb,'{"turmaPlanilha": "I PERÍODO", "professoraPlanilha": "Elza", "fonte": "DADOS PARA PLATAFORMA PEDAGÓGICA (1) (1).xlsx / Planilha1", "linhaPlanilha": 232, "raw": {"NOME": "LIZ EVELIN DA SILVA", "SEXO": "F", "NASC": "2021-04-06T00:00:00", "NACIONALIDADE": "BRASIL", "NATURALIDADE": "Brasilia", "UF": "DF", "CPF": "11128104121", "RAÇA": "PARDA", "TURMA": "I PERÍODO", "PROFESSORA": "Elza"}}'::jsonb,TRUE,NOW(),NOW())
  ON CONFLICT (id) DO UPDATE SET "unitId"=v_unit_id, "firstName"=EXCLUDED."firstName", "lastName"=EXCLUDED."lastName", "dateOfBirth"=EXCLUDED."dateOfBirth", gender=EXCLUDED.gender, cpf=EXCLUDED.cpf, raca=EXCLUDED.raca, peso=EXCLUDED.peso, "bloodType"=EXCLUDED."bloodType", allergies=EXCLUDED.allergies, "medicalConditions"=EXCLUDED."medicalConditions", "usoImagem"=EXCLUDED."usoImagem", laudado=EXCLUDED.laudado, nis=EXCLUDED.nis, "codigoAluno"=EXCLUDED."codigoAluno", inscricao=EXCLUDED.inscricao, "nomeMae"=EXCLUDED."nomeMae", "nomePai"=EXCLUDED."nomePai", "celPai"=EXCLUDED."celPai", nacionalidade=EXCLUDED.nacionalidade, naturalidade=EXCLUDED.naturalidade, "ufNascimento"=EXCLUDED."ufNascimento", endereco=EXCLUDED.endereco, cep=EXCLUDED.cep, "dadosResponsaveis"=EXCLUDED."dadosResponsaveis", "documentosMatricula"=EXCLUDED."documentosMatricula", "autorizadosRetirada"=EXCLUDED."autorizadosRetirada", "transporteEscolar"=EXCLUDED."transporteEscolar", "fichaAdministrativa"=EXCLUDED."fichaAdministrativa", "isActive"=TRUE, "updatedAt"=NOW();
  INSERT INTO "Enrollment" (id,"childId","classroomId","enrollmentDate",status,"createdAt","updatedAt")
  VALUES ('seed_enr_' || 'seed_pelicano_child_row232_liz_evelin_da_silva_seed_pelicano_class_pel_i_periodo_elza', 'seed_pelicano_child_row232_liz_evelin_da_silva', 'seed_pelicano_class_pel_i_periodo_elza', '2026-02-01 12:00:00', 'ATIVA'::"EnrollmentStatus", NOW(), NOW())
  ON CONFLICT ("childId","classroomId") DO UPDATE SET status=EXCLUDED.status, "updatedAt"=NOW();
  -- Aluno: LUARA LOUISE DE SOUSA COSTA
  INSERT INTO "Child" (id,"mantenedoraId","unitId","firstName","lastName","dateOfBirth",gender,cpf,raca,peso,"bloodType",allergies,"medicalConditions","usoImagem",laudado,nis,"codigoAluno",inscricao,"nomeMae","nomePai","celPai",nacionalidade,naturalidade,"ufNascimento",endereco,cep,"dadosResponsaveis","documentosMatricula","autorizadosRetirada","transporteEscolar","fichaAdministrativa","isActive","createdAt","updatedAt")
  VALUES ('seed_pelicano_child_row233_luara_louise_de_sousa_costa',v_mantenedora_id,v_unit_id,'Luara','Louise De Sousa Costa','2021-08-07 12:00:00','FEMININO'::"Gender",'112.573.451-50','PARDA',NULL,NULL,NULL,NULL,NULL,NULL,NULL,NULL,NULL,NULL,NULL,NULL,'BRASIL','Brasilia','DF',NULL,NULL,'{"mae": {"nome": null, "cpf": null, "telefone": null}, "pai": {"nome": null, "cpf": null, "telefone": null}, "responsavelPrincipal": {"nome": null, "cpf": null, "parentesco": null, "identidade": null, "orgaoExpedidor": null, "telefone": null}, "enderecoResponsavel": null, "cepResponsavel": null, "escolaridade": null, "profissao": null, "numeroDependentes": null, "numeroPessoasCasa": null}'::jsonb,'{"codigoAluno": null, "inscricao": null, "censo": null, "beneficio": null, "nis": null, "pisResponsavel": null, "cpfOriginalAluno": "112.573.451-50", "cpfPersistidoNoCampoCpf": "112.573.451-50", "cpfDuplicadoNaPlanilha": false, "serie2024": null, "origemLinhaPlanilha": 233}'::jsonb,'[]'::jsonb,'{"usaTransporteEscolar": null, "nomeTransporte": null}'::jsonb,'{"turmaPlanilha": "I PERÍODO", "professoraPlanilha": "Cliciane", "fonte": "DADOS PARA PLATAFORMA PEDAGÓGICA (1) (1).xlsx / Planilha1", "linhaPlanilha": 233, "raw": {"NOME": "LUARA LOUISE DE SOUSA COSTA", "SEXO": "F", "NASC": "2021-08-07T00:00:00", "NACIONALIDADE": "BRASIL", "NATURALIDADE": "Brasilia", "UF": "DF", "CPF": "11257345150", "RAÇA": "PARDA", "TURMA": "I PERÍODO", "PROFESSORA": "Cliciane"}}'::jsonb,TRUE,NOW(),NOW())
  ON CONFLICT (id) DO UPDATE SET "unitId"=v_unit_id, "firstName"=EXCLUDED."firstName", "lastName"=EXCLUDED."lastName", "dateOfBirth"=EXCLUDED."dateOfBirth", gender=EXCLUDED.gender, cpf=EXCLUDED.cpf, raca=EXCLUDED.raca, peso=EXCLUDED.peso, "bloodType"=EXCLUDED."bloodType", allergies=EXCLUDED.allergies, "medicalConditions"=EXCLUDED."medicalConditions", "usoImagem"=EXCLUDED."usoImagem", laudado=EXCLUDED.laudado, nis=EXCLUDED.nis, "codigoAluno"=EXCLUDED."codigoAluno", inscricao=EXCLUDED.inscricao, "nomeMae"=EXCLUDED."nomeMae", "nomePai"=EXCLUDED."nomePai", "celPai"=EXCLUDED."celPai", nacionalidade=EXCLUDED.nacionalidade, naturalidade=EXCLUDED.naturalidade, "ufNascimento"=EXCLUDED."ufNascimento", endereco=EXCLUDED.endereco, cep=EXCLUDED.cep, "dadosResponsaveis"=EXCLUDED."dadosResponsaveis", "documentosMatricula"=EXCLUDED."documentosMatricula", "autorizadosRetirada"=EXCLUDED."autorizadosRetirada", "transporteEscolar"=EXCLUDED."transporteEscolar", "fichaAdministrativa"=EXCLUDED."fichaAdministrativa", "isActive"=TRUE, "updatedAt"=NOW();
  INSERT INTO "Enrollment" (id,"childId","classroomId","enrollmentDate",status,"createdAt","updatedAt")
  VALUES ('seed_enr_' || 'seed_pelicano_child_row233_luara_louise_de_sousa_costa_seed_pelicano_class_pel_i_periodo_cliciane', 'seed_pelicano_child_row233_luara_louise_de_sousa_costa', 'seed_pelicano_class_pel_i_periodo_cliciane', '2026-02-01 12:00:00', 'ATIVA'::"EnrollmentStatus", NOW(), NOW())
  ON CONFLICT ("childId","classroomId") DO UPDATE SET status=EXCLUDED.status, "updatedAt"=NOW();
  -- Aluno: LUCAS DOS SANTOS CARVALHO
  INSERT INTO "Child" (id,"mantenedoraId","unitId","firstName","lastName","dateOfBirth",gender,cpf,raca,peso,"bloodType",allergies,"medicalConditions","usoImagem",laudado,nis,"codigoAluno",inscricao,"nomeMae","nomePai","celPai",nacionalidade,naturalidade,"ufNascimento",endereco,cep,"dadosResponsaveis","documentosMatricula","autorizadosRetirada","transporteEscolar","fichaAdministrativa","isActive","createdAt","updatedAt")
  VALUES ('seed_pelicano_child_row234_lucas_dos_santos_carvalho',v_mantenedora_id,v_unit_id,'Lucas','Dos Santos Carvalho','2021-09-22 12:00:00','MASCULINO'::"Gender",'113.127.291-98','PARDA',NULL,NULL,NULL,NULL,NULL,NULL,NULL,NULL,NULL,NULL,NULL,NULL,'BRASIL','Brasilia','DF',NULL,NULL,'{"mae": {"nome": null, "cpf": null, "telefone": null}, "pai": {"nome": null, "cpf": null, "telefone": null}, "responsavelPrincipal": {"nome": null, "cpf": null, "parentesco": null, "identidade": null, "orgaoExpedidor": null, "telefone": null}, "enderecoResponsavel": null, "cepResponsavel": null, "escolaridade": null, "profissao": null, "numeroDependentes": null, "numeroPessoasCasa": null}'::jsonb,'{"codigoAluno": null, "inscricao": null, "censo": null, "beneficio": null, "nis": null, "pisResponsavel": null, "cpfOriginalAluno": "113.127.291-98", "cpfPersistidoNoCampoCpf": "113.127.291-98", "cpfDuplicadoNaPlanilha": false, "serie2024": null, "origemLinhaPlanilha": 234}'::jsonb,'[]'::jsonb,'{"usaTransporteEscolar": null, "nomeTransporte": null}'::jsonb,'{"turmaPlanilha": "I PERÍODO", "professoraPlanilha": "Cliciane", "fonte": "DADOS PARA PLATAFORMA PEDAGÓGICA (1) (1).xlsx / Planilha1", "linhaPlanilha": 234, "raw": {"NOME": "LUCAS DOS SANTOS CARVALHO", "SEXO": "M", "NASC": "2021-09-22T00:00:00", "NACIONALIDADE": "BRASIL", "NATURALIDADE": "Brasilia", "UF": "DF", "CPF": "11312729198", "RAÇA": "PARDA", "TURMA": "I PERÍODO", "PROFESSORA": "Cliciane"}}'::jsonb,TRUE,NOW(),NOW())
  ON CONFLICT (id) DO UPDATE SET "unitId"=v_unit_id, "firstName"=EXCLUDED."firstName", "lastName"=EXCLUDED."lastName", "dateOfBirth"=EXCLUDED."dateOfBirth", gender=EXCLUDED.gender, cpf=EXCLUDED.cpf, raca=EXCLUDED.raca, peso=EXCLUDED.peso, "bloodType"=EXCLUDED."bloodType", allergies=EXCLUDED.allergies, "medicalConditions"=EXCLUDED."medicalConditions", "usoImagem"=EXCLUDED."usoImagem", laudado=EXCLUDED.laudado, nis=EXCLUDED.nis, "codigoAluno"=EXCLUDED."codigoAluno", inscricao=EXCLUDED.inscricao, "nomeMae"=EXCLUDED."nomeMae", "nomePai"=EXCLUDED."nomePai", "celPai"=EXCLUDED."celPai", nacionalidade=EXCLUDED.nacionalidade, naturalidade=EXCLUDED.naturalidade, "ufNascimento"=EXCLUDED."ufNascimento", endereco=EXCLUDED.endereco, cep=EXCLUDED.cep, "dadosResponsaveis"=EXCLUDED."dadosResponsaveis", "documentosMatricula"=EXCLUDED."documentosMatricula", "autorizadosRetirada"=EXCLUDED."autorizadosRetirada", "transporteEscolar"=EXCLUDED."transporteEscolar", "fichaAdministrativa"=EXCLUDED."fichaAdministrativa", "isActive"=TRUE, "updatedAt"=NOW();
  INSERT INTO "Enrollment" (id,"childId","classroomId","enrollmentDate",status,"createdAt","updatedAt")
  VALUES ('seed_enr_' || 'seed_pelicano_child_row234_lucas_dos_santos_carvalho_seed_pelicano_class_pel_i_periodo_cliciane', 'seed_pelicano_child_row234_lucas_dos_santos_carvalho', 'seed_pelicano_class_pel_i_periodo_cliciane', '2026-02-01 12:00:00', 'ATIVA'::"EnrollmentStatus", NOW(), NOW())
  ON CONFLICT ("childId","classroomId") DO UPDATE SET status=EXCLUDED.status, "updatedAt"=NOW();
  -- Aluno: LUISY ELOA LEMOS PEREIRA
  INSERT INTO "Child" (id,"mantenedoraId","unitId","firstName","lastName","dateOfBirth",gender,cpf,raca,peso,"bloodType",allergies,"medicalConditions","usoImagem",laudado,nis,"codigoAluno",inscricao,"nomeMae","nomePai","celPai",nacionalidade,naturalidade,"ufNascimento",endereco,cep,"dadosResponsaveis","documentosMatricula","autorizadosRetirada","transporteEscolar","fichaAdministrativa","isActive","createdAt","updatedAt")
  VALUES ('seed_pelicano_child_row235_luisy_eloa_lemos_pereira',v_mantenedora_id,v_unit_id,'Luisy','Eloa Lemos Pereira','2021-12-16 12:00:00','FEMININO'::"Gender",'114.144.021-04','PARDA','16kg','O+',NULL,NULL,NULL,NULL,NULL,NULL,NULL,'Ana Beatriz',NULL,NULL,'BRASIL','Brasilia','DF','Cond Guarapari','72320198','{"mae": {"nome": "Ana Beatriz", "cpf": null, "telefone": "61985409867"}, "pai": {"nome": null, "cpf": null, "telefone": null}, "responsavelPrincipal": {"nome": "Ana Beatriz", "cpf": null, "parentesco": "Mãe", "identidade": "2748684", "orgaoExpedidor": "SSP", "telefone": null}, "enderecoResponsavel": null, "cepResponsavel": null, "escolaridade": null, "profissao": "Operadora de Produção", "numeroDependentes": "Superior Cursando", "numeroPessoasCasa": null}'::jsonb,'{"codigoAluno": null, "inscricao": null, "censo": null, "beneficio": null, "nis": null, "pisResponsavel": "16141252371", "cpfOriginalAluno": "114.144.021-04", "cpfPersistidoNoCampoCpf": "114.144.021-04", "cpfDuplicadoNaPlanilha": false, "serie2024": null, "origemLinhaPlanilha": 235}'::jsonb,'[]'::jsonb,'{"usaTransporteEscolar": null, "nomeTransporte": null}'::jsonb,'{"turmaPlanilha": "I PERÍODO", "professoraPlanilha": "Danielle", "fonte": "DADOS PARA PLATAFORMA PEDAGÓGICA (1) (1).xlsx / Planilha1", "linhaPlanilha": 235, "raw": {"NOME": "LUISY ELOA LEMOS PEREIRA", "SEXO": "F", "NASC": "2021-12-16T00:00:00", "NACIONALIDADE": "BRASIL", "NATURALIDADE": "Brasilia", "UF": "DF", "CPF": "114.144.021-04", "RAÇA": "PARDA", "PESO": "16kg", "TIPAGEM SANGUINEA": "O+", "ENDEREÇO": "Cond Guarapari", "CEP": "72320198", "TURMA": "I PERÍODO", "PROFESSORA": "Danielle", "MÃE": "Ana Beatriz", "RESPONSÁVEL_2": "Ana Beatriz", "PARENTESCO": "Mãe", "IDENTIDADE RESP": "2748684", "ORG. EXPEDITOR": "SSP", "Nº DO PIS": "16141252371", "NASCIMENTO": "1989-05-22T00:00:00", "NATURALIDADE_2": "Brasilia", "UF_2": "DF", "CEL. MÃE": "61985409867", "Nº DEPENDENTES": "Superior Cursando", "PROFISSÃO": "Operadora de Produção"}}'::jsonb,TRUE,NOW(),NOW())
  ON CONFLICT (id) DO UPDATE SET "unitId"=v_unit_id, "firstName"=EXCLUDED."firstName", "lastName"=EXCLUDED."lastName", "dateOfBirth"=EXCLUDED."dateOfBirth", gender=EXCLUDED.gender, cpf=EXCLUDED.cpf, raca=EXCLUDED.raca, peso=EXCLUDED.peso, "bloodType"=EXCLUDED."bloodType", allergies=EXCLUDED.allergies, "medicalConditions"=EXCLUDED."medicalConditions", "usoImagem"=EXCLUDED."usoImagem", laudado=EXCLUDED.laudado, nis=EXCLUDED.nis, "codigoAluno"=EXCLUDED."codigoAluno", inscricao=EXCLUDED.inscricao, "nomeMae"=EXCLUDED."nomeMae", "nomePai"=EXCLUDED."nomePai", "celPai"=EXCLUDED."celPai", nacionalidade=EXCLUDED.nacionalidade, naturalidade=EXCLUDED.naturalidade, "ufNascimento"=EXCLUDED."ufNascimento", endereco=EXCLUDED.endereco, cep=EXCLUDED.cep, "dadosResponsaveis"=EXCLUDED."dadosResponsaveis", "documentosMatricula"=EXCLUDED."documentosMatricula", "autorizadosRetirada"=EXCLUDED."autorizadosRetirada", "transporteEscolar"=EXCLUDED."transporteEscolar", "fichaAdministrativa"=EXCLUDED."fichaAdministrativa", "isActive"=TRUE, "updatedAt"=NOW();
  INSERT INTO "Enrollment" (id,"childId","classroomId","enrollmentDate",status,"createdAt","updatedAt")
  VALUES ('seed_enr_' || 'seed_pelicano_child_row235_luisy_eloa_lemos_pereira_seed_pelicano_class_pel_i_periodo_danielle', 'seed_pelicano_child_row235_luisy_eloa_lemos_pereira', 'seed_pelicano_class_pel_i_periodo_danielle', '2026-02-01 12:00:00', 'ATIVA'::"EnrollmentStatus", NOW(), NOW())
  ON CONFLICT ("childId","classroomId") DO UPDATE SET status=EXCLUDED.status, "updatedAt"=NOW();
  -- Aluno: MAITE CASTRO DA SILVA
  INSERT INTO "Child" (id,"mantenedoraId","unitId","firstName","lastName","dateOfBirth",gender,cpf,raca,peso,"bloodType",allergies,"medicalConditions","usoImagem",laudado,nis,"codigoAluno",inscricao,"nomeMae","nomePai","celPai",nacionalidade,naturalidade,"ufNascimento",endereco,cep,"dadosResponsaveis","documentosMatricula","autorizadosRetirada","transporteEscolar","fichaAdministrativa","isActive","createdAt","updatedAt")
  VALUES ('seed_pelicano_child_row236_maite_castro_da_silva',v_mantenedora_id,v_unit_id,'Maite','Castro Da Silva','2021-12-28 12:00:00','FEMININO'::"Gender",'114.270.771-77','PARDA',NULL,NULL,NULL,NULL,NULL,NULL,NULL,NULL,NULL,NULL,NULL,NULL,'BRASIL','Brasilia','DF',NULL,NULL,'{"mae": {"nome": null, "cpf": null, "telefone": null}, "pai": {"nome": null, "cpf": null, "telefone": null}, "responsavelPrincipal": {"nome": null, "cpf": null, "parentesco": null, "identidade": null, "orgaoExpedidor": null, "telefone": null}, "enderecoResponsavel": null, "cepResponsavel": null, "escolaridade": null, "profissao": null, "numeroDependentes": null, "numeroPessoasCasa": null}'::jsonb,'{"codigoAluno": null, "inscricao": null, "censo": null, "beneficio": null, "nis": null, "pisResponsavel": null, "cpfOriginalAluno": "114.270.771-77", "cpfPersistidoNoCampoCpf": "114.270.771-77", "cpfDuplicadoNaPlanilha": false, "serie2024": null, "origemLinhaPlanilha": 236}'::jsonb,'[]'::jsonb,'{"usaTransporteEscolar": null, "nomeTransporte": null}'::jsonb,'{"turmaPlanilha": "I PERÍODO", "professoraPlanilha": "Priscila", "fonte": "DADOS PARA PLATAFORMA PEDAGÓGICA (1) (1).xlsx / Planilha1", "linhaPlanilha": 236, "raw": {"NOME": "MAITE CASTRO DA SILVA", "SEXO": "F", "NASC": "2021-12-28T00:00:00", "NACIONALIDADE": "BRASIL", "NATURALIDADE": "Brasilia", "UF": "DF", "CPF": "11427077177", "RAÇA": "PARDA", "TURMA": "I PERÍODO", "PROFESSORA": "Priscila"}}'::jsonb,TRUE,NOW(),NOW())
  ON CONFLICT (id) DO UPDATE SET "unitId"=v_unit_id, "firstName"=EXCLUDED."firstName", "lastName"=EXCLUDED."lastName", "dateOfBirth"=EXCLUDED."dateOfBirth", gender=EXCLUDED.gender, cpf=EXCLUDED.cpf, raca=EXCLUDED.raca, peso=EXCLUDED.peso, "bloodType"=EXCLUDED."bloodType", allergies=EXCLUDED.allergies, "medicalConditions"=EXCLUDED."medicalConditions", "usoImagem"=EXCLUDED."usoImagem", laudado=EXCLUDED.laudado, nis=EXCLUDED.nis, "codigoAluno"=EXCLUDED."codigoAluno", inscricao=EXCLUDED.inscricao, "nomeMae"=EXCLUDED."nomeMae", "nomePai"=EXCLUDED."nomePai", "celPai"=EXCLUDED."celPai", nacionalidade=EXCLUDED.nacionalidade, naturalidade=EXCLUDED.naturalidade, "ufNascimento"=EXCLUDED."ufNascimento", endereco=EXCLUDED.endereco, cep=EXCLUDED.cep, "dadosResponsaveis"=EXCLUDED."dadosResponsaveis", "documentosMatricula"=EXCLUDED."documentosMatricula", "autorizadosRetirada"=EXCLUDED."autorizadosRetirada", "transporteEscolar"=EXCLUDED."transporteEscolar", "fichaAdministrativa"=EXCLUDED."fichaAdministrativa", "isActive"=TRUE, "updatedAt"=NOW();
  INSERT INTO "Enrollment" (id,"childId","classroomId","enrollmentDate",status,"createdAt","updatedAt")
  VALUES ('seed_enr_' || 'seed_pelicano_child_row236_maite_castro_da_silva_seed_pelicano_class_pel_i_periodo_priscila', 'seed_pelicano_child_row236_maite_castro_da_silva', 'seed_pelicano_class_pel_i_periodo_priscila', '2026-02-01 12:00:00', 'ATIVA'::"EnrollmentStatus", NOW(), NOW())
  ON CONFLICT ("childId","classroomId") DO UPDATE SET status=EXCLUDED.status, "updatedAt"=NOW();
  -- Aluno: MANUELA SOUSA SANTANA
  INSERT INTO "Child" (id,"mantenedoraId","unitId","firstName","lastName","dateOfBirth",gender,cpf,raca,peso,"bloodType",allergies,"medicalConditions","usoImagem",laudado,nis,"codigoAluno",inscricao,"nomeMae","nomePai","celPai",nacionalidade,naturalidade,"ufNascimento",endereco,cep,"dadosResponsaveis","documentosMatricula","autorizadosRetirada","transporteEscolar","fichaAdministrativa","isActive","createdAt","updatedAt")
  VALUES ('seed_pelicano_child_row237_manuela_sousa_santana',v_mantenedora_id,v_unit_id,'Manuela','Sousa Santana','2021-06-18 12:00:00','FEMININO'::"Gender",'112.055.971-58','PARDA',NULL,NULL,NULL,NULL,NULL,NULL,NULL,NULL,NULL,NULL,NULL,NULL,'BRASIL','Brasilia','DF',NULL,NULL,'{"mae": {"nome": null, "cpf": null, "telefone": null}, "pai": {"nome": null, "cpf": null, "telefone": null}, "responsavelPrincipal": {"nome": null, "cpf": null, "parentesco": null, "identidade": null, "orgaoExpedidor": null, "telefone": null}, "enderecoResponsavel": null, "cepResponsavel": null, "escolaridade": null, "profissao": null, "numeroDependentes": null, "numeroPessoasCasa": null}'::jsonb,'{"codigoAluno": null, "inscricao": null, "censo": null, "beneficio": null, "nis": null, "pisResponsavel": null, "cpfOriginalAluno": "112.055.971-58", "cpfPersistidoNoCampoCpf": "112.055.971-58", "cpfDuplicadoNaPlanilha": false, "serie2024": null, "origemLinhaPlanilha": 237}'::jsonb,'[]'::jsonb,'{"usaTransporteEscolar": null, "nomeTransporte": null}'::jsonb,'{"turmaPlanilha": "I PERÍODO", "professoraPlanilha": "Elza", "fonte": "DADOS PARA PLATAFORMA PEDAGÓGICA (1) (1).xlsx / Planilha1", "linhaPlanilha": 237, "raw": {"NOME": "MANUELA SOUSA SANTANA", "SEXO": "F", "NASC": "2021-06-18T00:00:00", "NACIONALIDADE": "BRASIL", "NATURALIDADE": "Brasilia", "UF": "DF", "CPF": "11205597158", "RAÇA": "PARDA", "TURMA": "I PERÍODO", "PROFESSORA": "Elza"}}'::jsonb,TRUE,NOW(),NOW())
  ON CONFLICT (id) DO UPDATE SET "unitId"=v_unit_id, "firstName"=EXCLUDED."firstName", "lastName"=EXCLUDED."lastName", "dateOfBirth"=EXCLUDED."dateOfBirth", gender=EXCLUDED.gender, cpf=EXCLUDED.cpf, raca=EXCLUDED.raca, peso=EXCLUDED.peso, "bloodType"=EXCLUDED."bloodType", allergies=EXCLUDED.allergies, "medicalConditions"=EXCLUDED."medicalConditions", "usoImagem"=EXCLUDED."usoImagem", laudado=EXCLUDED.laudado, nis=EXCLUDED.nis, "codigoAluno"=EXCLUDED."codigoAluno", inscricao=EXCLUDED.inscricao, "nomeMae"=EXCLUDED."nomeMae", "nomePai"=EXCLUDED."nomePai", "celPai"=EXCLUDED."celPai", nacionalidade=EXCLUDED.nacionalidade, naturalidade=EXCLUDED.naturalidade, "ufNascimento"=EXCLUDED."ufNascimento", endereco=EXCLUDED.endereco, cep=EXCLUDED.cep, "dadosResponsaveis"=EXCLUDED."dadosResponsaveis", "documentosMatricula"=EXCLUDED."documentosMatricula", "autorizadosRetirada"=EXCLUDED."autorizadosRetirada", "transporteEscolar"=EXCLUDED."transporteEscolar", "fichaAdministrativa"=EXCLUDED."fichaAdministrativa", "isActive"=TRUE, "updatedAt"=NOW();
  INSERT INTO "Enrollment" (id,"childId","classroomId","enrollmentDate",status,"createdAt","updatedAt")
  VALUES ('seed_enr_' || 'seed_pelicano_child_row237_manuela_sousa_santana_seed_pelicano_class_pel_i_periodo_elza', 'seed_pelicano_child_row237_manuela_sousa_santana', 'seed_pelicano_class_pel_i_periodo_elza', '2026-02-01 12:00:00', 'ATIVA'::"EnrollmentStatus", NOW(), NOW())
  ON CONFLICT ("childId","classroomId") DO UPDATE SET status=EXCLUDED.status, "updatedAt"=NOW();
  -- Aluno: MARIA ALICE AMORIM MONTEIRO
  INSERT INTO "Child" (id,"mantenedoraId","unitId","firstName","lastName","dateOfBirth",gender,cpf,raca,peso,"bloodType",allergies,"medicalConditions","usoImagem",laudado,nis,"codigoAluno",inscricao,"nomeMae","nomePai","celPai",nacionalidade,naturalidade,"ufNascimento",endereco,cep,"dadosResponsaveis","documentosMatricula","autorizadosRetirada","transporteEscolar","fichaAdministrativa","isActive","createdAt","updatedAt")
  VALUES ('seed_pelicano_child_row238_maria_alice_amorim_monteiro',v_mantenedora_id,v_unit_id,'Maria','Alice Amorim Monteiro','2021-11-10 12:00:00','FEMININO'::"Gender",'113.688.731-89','PARDA',NULL,NULL,NULL,NULL,NULL,NULL,NULL,NULL,NULL,NULL,NULL,NULL,'BRASIL','Brasilia','DF',NULL,NULL,'{"mae": {"nome": null, "cpf": null, "telefone": null}, "pai": {"nome": null, "cpf": null, "telefone": null}, "responsavelPrincipal": {"nome": null, "cpf": null, "parentesco": null, "identidade": null, "orgaoExpedidor": null, "telefone": null}, "enderecoResponsavel": null, "cepResponsavel": null, "escolaridade": null, "profissao": null, "numeroDependentes": null, "numeroPessoasCasa": null}'::jsonb,'{"codigoAluno": null, "inscricao": null, "censo": null, "beneficio": null, "nis": null, "pisResponsavel": null, "cpfOriginalAluno": "113.688.731-89", "cpfPersistidoNoCampoCpf": "113.688.731-89", "cpfDuplicadoNaPlanilha": false, "serie2024": null, "origemLinhaPlanilha": 238}'::jsonb,'[]'::jsonb,'{"usaTransporteEscolar": null, "nomeTransporte": null}'::jsonb,'{"turmaPlanilha": "I PERÍODO", "professoraPlanilha": "Elza", "fonte": "DADOS PARA PLATAFORMA PEDAGÓGICA (1) (1).xlsx / Planilha1", "linhaPlanilha": 238, "raw": {"NOME": "MARIA ALICE AMORIM MONTEIRO", "SEXO": "F", "NASC": "2021-11-10T00:00:00", "NACIONALIDADE": "BRASIL", "NATURALIDADE": "Brasilia", "UF": "DF", "CPF": "11368873189", "RAÇA": "PARDA", "TURMA": "I PERÍODO", "PROFESSORA": "Elza"}}'::jsonb,TRUE,NOW(),NOW())
  ON CONFLICT (id) DO UPDATE SET "unitId"=v_unit_id, "firstName"=EXCLUDED."firstName", "lastName"=EXCLUDED."lastName", "dateOfBirth"=EXCLUDED."dateOfBirth", gender=EXCLUDED.gender, cpf=EXCLUDED.cpf, raca=EXCLUDED.raca, peso=EXCLUDED.peso, "bloodType"=EXCLUDED."bloodType", allergies=EXCLUDED.allergies, "medicalConditions"=EXCLUDED."medicalConditions", "usoImagem"=EXCLUDED."usoImagem", laudado=EXCLUDED.laudado, nis=EXCLUDED.nis, "codigoAluno"=EXCLUDED."codigoAluno", inscricao=EXCLUDED.inscricao, "nomeMae"=EXCLUDED."nomeMae", "nomePai"=EXCLUDED."nomePai", "celPai"=EXCLUDED."celPai", nacionalidade=EXCLUDED.nacionalidade, naturalidade=EXCLUDED.naturalidade, "ufNascimento"=EXCLUDED."ufNascimento", endereco=EXCLUDED.endereco, cep=EXCLUDED.cep, "dadosResponsaveis"=EXCLUDED."dadosResponsaveis", "documentosMatricula"=EXCLUDED."documentosMatricula", "autorizadosRetirada"=EXCLUDED."autorizadosRetirada", "transporteEscolar"=EXCLUDED."transporteEscolar", "fichaAdministrativa"=EXCLUDED."fichaAdministrativa", "isActive"=TRUE, "updatedAt"=NOW();
  INSERT INTO "Enrollment" (id,"childId","classroomId","enrollmentDate",status,"createdAt","updatedAt")
  VALUES ('seed_enr_' || 'seed_pelicano_child_row238_maria_alice_amorim_monteiro_seed_pelicano_class_pel_i_periodo_elza', 'seed_pelicano_child_row238_maria_alice_amorim_monteiro', 'seed_pelicano_class_pel_i_periodo_elza', '2026-02-01 12:00:00', 'ATIVA'::"EnrollmentStatus", NOW(), NOW())
  ON CONFLICT ("childId","classroomId") DO UPDATE SET status=EXCLUDED.status, "updatedAt"=NOW();
  -- Aluno: MARIA ALICE DE OLIVEIRA BRAGA
  INSERT INTO "Child" (id,"mantenedoraId","unitId","firstName","lastName","dateOfBirth",gender,cpf,raca,peso,"bloodType",allergies,"medicalConditions","usoImagem",laudado,nis,"codigoAluno",inscricao,"nomeMae","nomePai","celPai",nacionalidade,naturalidade,"ufNascimento",endereco,cep,"dadosResponsaveis","documentosMatricula","autorizadosRetirada","transporteEscolar","fichaAdministrativa","isActive","createdAt","updatedAt")
  VALUES ('seed_pelicano_child_row239_maria_alice_de_oliveira_braga',v_mantenedora_id,v_unit_id,'Maria','Alice De Oliveira Braga','2022-02-20 12:00:00','FEMININO'::"Gender",'114.962.341-11','PARDA',NULL,NULL,NULL,NULL,NULL,NULL,NULL,NULL,NULL,NULL,NULL,NULL,'BRASIL','Brasilia','DF',NULL,NULL,'{"mae": {"nome": null, "cpf": null, "telefone": null}, "pai": {"nome": null, "cpf": null, "telefone": null}, "responsavelPrincipal": {"nome": null, "cpf": null, "parentesco": null, "identidade": null, "orgaoExpedidor": null, "telefone": null}, "enderecoResponsavel": null, "cepResponsavel": null, "escolaridade": null, "profissao": null, "numeroDependentes": null, "numeroPessoasCasa": null}'::jsonb,'{"codigoAluno": null, "inscricao": null, "censo": null, "beneficio": null, "nis": null, "pisResponsavel": null, "cpfOriginalAluno": "114.962.341-11", "cpfPersistidoNoCampoCpf": "114.962.341-11", "cpfDuplicadoNaPlanilha": false, "serie2024": null, "origemLinhaPlanilha": 239}'::jsonb,'[]'::jsonb,'{"usaTransporteEscolar": null, "nomeTransporte": null}'::jsonb,'{"turmaPlanilha": "I PERÍODO", "professoraPlanilha": "Danielle", "fonte": "DADOS PARA PLATAFORMA PEDAGÓGICA (1) (1).xlsx / Planilha1", "linhaPlanilha": 239, "raw": {"NOME": "MARIA ALICE DE OLIVEIRA BRAGA", "SEXO": "F", "NASC": "2022-02-20T00:00:00", "NACIONALIDADE": "BRASIL", "NATURALIDADE": "Brasilia", "UF": "DF", "CPF": "11496234111", "RAÇA": "PARDA", "TURMA": "I PERÍODO", "PROFESSORA": "Danielle"}}'::jsonb,TRUE,NOW(),NOW())
  ON CONFLICT (id) DO UPDATE SET "unitId"=v_unit_id, "firstName"=EXCLUDED."firstName", "lastName"=EXCLUDED."lastName", "dateOfBirth"=EXCLUDED."dateOfBirth", gender=EXCLUDED.gender, cpf=EXCLUDED.cpf, raca=EXCLUDED.raca, peso=EXCLUDED.peso, "bloodType"=EXCLUDED."bloodType", allergies=EXCLUDED.allergies, "medicalConditions"=EXCLUDED."medicalConditions", "usoImagem"=EXCLUDED."usoImagem", laudado=EXCLUDED.laudado, nis=EXCLUDED.nis, "codigoAluno"=EXCLUDED."codigoAluno", inscricao=EXCLUDED.inscricao, "nomeMae"=EXCLUDED."nomeMae", "nomePai"=EXCLUDED."nomePai", "celPai"=EXCLUDED."celPai", nacionalidade=EXCLUDED.nacionalidade, naturalidade=EXCLUDED.naturalidade, "ufNascimento"=EXCLUDED."ufNascimento", endereco=EXCLUDED.endereco, cep=EXCLUDED.cep, "dadosResponsaveis"=EXCLUDED."dadosResponsaveis", "documentosMatricula"=EXCLUDED."documentosMatricula", "autorizadosRetirada"=EXCLUDED."autorizadosRetirada", "transporteEscolar"=EXCLUDED."transporteEscolar", "fichaAdministrativa"=EXCLUDED."fichaAdministrativa", "isActive"=TRUE, "updatedAt"=NOW();
  INSERT INTO "Enrollment" (id,"childId","classroomId","enrollmentDate",status,"createdAt","updatedAt")
  VALUES ('seed_enr_' || 'seed_pelicano_child_row239_maria_alice_de_oliveira_braga_seed_pelicano_class_pel_i_periodo_danielle', 'seed_pelicano_child_row239_maria_alice_de_oliveira_braga', 'seed_pelicano_class_pel_i_periodo_danielle', '2026-02-01 12:00:00', 'ATIVA'::"EnrollmentStatus", NOW(), NOW())
  ON CONFLICT ("childId","classroomId") DO UPDATE SET status=EXCLUDED.status, "updatedAt"=NOW();
  -- Aluno: MARIA ELOA FREIRE LIMA
  INSERT INTO "Child" (id,"mantenedoraId","unitId","firstName","lastName","dateOfBirth",gender,cpf,raca,peso,"bloodType",allergies,"medicalConditions","usoImagem",laudado,nis,"codigoAluno",inscricao,"nomeMae","nomePai","celPai",nacionalidade,naturalidade,"ufNascimento",endereco,cep,"dadosResponsaveis","documentosMatricula","autorizadosRetirada","transporteEscolar","fichaAdministrativa","isActive","createdAt","updatedAt")
  VALUES ('seed_pelicano_child_row240_maria_eloa_freire_lima',v_mantenedora_id,v_unit_id,'Maria','Eloa Freire Lima','2021-09-24 12:00:00','FEMININO'::"Gender",'113.161.061-01','PARDA',NULL,NULL,NULL,NULL,NULL,NULL,NULL,NULL,NULL,NULL,NULL,NULL,'BRASIL','Brasilia','DF',NULL,NULL,'{"mae": {"nome": null, "cpf": null, "telefone": null}, "pai": {"nome": null, "cpf": null, "telefone": null}, "responsavelPrincipal": {"nome": null, "cpf": null, "parentesco": null, "identidade": null, "orgaoExpedidor": null, "telefone": null}, "enderecoResponsavel": null, "cepResponsavel": null, "escolaridade": null, "profissao": null, "numeroDependentes": null, "numeroPessoasCasa": null}'::jsonb,'{"codigoAluno": null, "inscricao": null, "censo": null, "beneficio": null, "nis": null, "pisResponsavel": null, "cpfOriginalAluno": "113.161.061-01", "cpfPersistidoNoCampoCpf": "113.161.061-01", "cpfDuplicadoNaPlanilha": false, "serie2024": null, "origemLinhaPlanilha": 240}'::jsonb,'[]'::jsonb,'{"usaTransporteEscolar": null, "nomeTransporte": null}'::jsonb,'{"turmaPlanilha": "I PERÍODO", "professoraPlanilha": "Elza", "fonte": "DADOS PARA PLATAFORMA PEDAGÓGICA (1) (1).xlsx / Planilha1", "linhaPlanilha": 240, "raw": {"NOME": "MARIA ELOA FREIRE LIMA", "SEXO": "F", "NASC": "2021-09-24T00:00:00", "NACIONALIDADE": "BRASIL", "NATURALIDADE": "Brasilia", "UF": "DF", "CPF": "11316106101", "RAÇA": "PARDA", "TURMA": "I PERÍODO", "PROFESSORA": "Elza"}}'::jsonb,TRUE,NOW(),NOW())
  ON CONFLICT (id) DO UPDATE SET "unitId"=v_unit_id, "firstName"=EXCLUDED."firstName", "lastName"=EXCLUDED."lastName", "dateOfBirth"=EXCLUDED."dateOfBirth", gender=EXCLUDED.gender, cpf=EXCLUDED.cpf, raca=EXCLUDED.raca, peso=EXCLUDED.peso, "bloodType"=EXCLUDED."bloodType", allergies=EXCLUDED.allergies, "medicalConditions"=EXCLUDED."medicalConditions", "usoImagem"=EXCLUDED."usoImagem", laudado=EXCLUDED.laudado, nis=EXCLUDED.nis, "codigoAluno"=EXCLUDED."codigoAluno", inscricao=EXCLUDED.inscricao, "nomeMae"=EXCLUDED."nomeMae", "nomePai"=EXCLUDED."nomePai", "celPai"=EXCLUDED."celPai", nacionalidade=EXCLUDED.nacionalidade, naturalidade=EXCLUDED.naturalidade, "ufNascimento"=EXCLUDED."ufNascimento", endereco=EXCLUDED.endereco, cep=EXCLUDED.cep, "dadosResponsaveis"=EXCLUDED."dadosResponsaveis", "documentosMatricula"=EXCLUDED."documentosMatricula", "autorizadosRetirada"=EXCLUDED."autorizadosRetirada", "transporteEscolar"=EXCLUDED."transporteEscolar", "fichaAdministrativa"=EXCLUDED."fichaAdministrativa", "isActive"=TRUE, "updatedAt"=NOW();
  INSERT INTO "Enrollment" (id,"childId","classroomId","enrollmentDate",status,"createdAt","updatedAt")
  VALUES ('seed_enr_' || 'seed_pelicano_child_row240_maria_eloa_freire_lima_seed_pelicano_class_pel_i_periodo_elza', 'seed_pelicano_child_row240_maria_eloa_freire_lima', 'seed_pelicano_class_pel_i_periodo_elza', '2026-02-01 12:00:00', 'ATIVA'::"EnrollmentStatus", NOW(), NOW())
  ON CONFLICT ("childId","classroomId") DO UPDATE SET status=EXCLUDED.status, "updatedAt"=NOW();
  -- Aluno: MARIA FLOR DA SILVA CARDOSO
  INSERT INTO "Child" (id,"mantenedoraId","unitId","firstName","lastName","dateOfBirth",gender,cpf,raca,peso,"bloodType",allergies,"medicalConditions","usoImagem",laudado,nis,"codigoAluno",inscricao,"nomeMae","nomePai","celPai",nacionalidade,naturalidade,"ufNascimento",endereco,cep,"dadosResponsaveis","documentosMatricula","autorizadosRetirada","transporteEscolar","fichaAdministrativa","isActive","createdAt","updatedAt")
  VALUES ('seed_pelicano_child_row241_maria_flor_da_silva_cardoso',v_mantenedora_id,v_unit_id,'Maria','Flor Da Silva Cardoso','2021-09-18 12:00:00','FEMININO'::"Gender",'113.076.361-79','PARDA',NULL,NULL,NULL,NULL,NULL,NULL,NULL,NULL,NULL,NULL,NULL,NULL,'BRASIL','Brasilia','DF',NULL,NULL,'{"mae": {"nome": null, "cpf": null, "telefone": null}, "pai": {"nome": null, "cpf": null, "telefone": null}, "responsavelPrincipal": {"nome": null, "cpf": null, "parentesco": null, "identidade": null, "orgaoExpedidor": null, "telefone": null}, "enderecoResponsavel": null, "cepResponsavel": null, "escolaridade": null, "profissao": null, "numeroDependentes": null, "numeroPessoasCasa": null}'::jsonb,'{"codigoAluno": null, "inscricao": null, "censo": null, "beneficio": null, "nis": null, "pisResponsavel": null, "cpfOriginalAluno": "113.076.361-79", "cpfPersistidoNoCampoCpf": "113.076.361-79", "cpfDuplicadoNaPlanilha": false, "serie2024": null, "origemLinhaPlanilha": 241}'::jsonb,'[]'::jsonb,'{"usaTransporteEscolar": null, "nomeTransporte": null}'::jsonb,'{"turmaPlanilha": "I PERÍODO", "professoraPlanilha": "Priscila", "fonte": "DADOS PARA PLATAFORMA PEDAGÓGICA (1) (1).xlsx / Planilha1", "linhaPlanilha": 241, "raw": {"NOME": "MARIA FLOR DA SILVA CARDOSO", "SEXO": "F", "NASC": "2021-09-18T00:00:00", "NACIONALIDADE": "BRASIL", "NATURALIDADE": "Brasilia", "UF": "DF", "CPF": "11307636179", "RAÇA": "PARDA", "TURMA": "I PERÍODO", "PROFESSORA": "Priscila"}}'::jsonb,TRUE,NOW(),NOW())
  ON CONFLICT (id) DO UPDATE SET "unitId"=v_unit_id, "firstName"=EXCLUDED."firstName", "lastName"=EXCLUDED."lastName", "dateOfBirth"=EXCLUDED."dateOfBirth", gender=EXCLUDED.gender, cpf=EXCLUDED.cpf, raca=EXCLUDED.raca, peso=EXCLUDED.peso, "bloodType"=EXCLUDED."bloodType", allergies=EXCLUDED.allergies, "medicalConditions"=EXCLUDED."medicalConditions", "usoImagem"=EXCLUDED."usoImagem", laudado=EXCLUDED.laudado, nis=EXCLUDED.nis, "codigoAluno"=EXCLUDED."codigoAluno", inscricao=EXCLUDED.inscricao, "nomeMae"=EXCLUDED."nomeMae", "nomePai"=EXCLUDED."nomePai", "celPai"=EXCLUDED."celPai", nacionalidade=EXCLUDED.nacionalidade, naturalidade=EXCLUDED.naturalidade, "ufNascimento"=EXCLUDED."ufNascimento", endereco=EXCLUDED.endereco, cep=EXCLUDED.cep, "dadosResponsaveis"=EXCLUDED."dadosResponsaveis", "documentosMatricula"=EXCLUDED."documentosMatricula", "autorizadosRetirada"=EXCLUDED."autorizadosRetirada", "transporteEscolar"=EXCLUDED."transporteEscolar", "fichaAdministrativa"=EXCLUDED."fichaAdministrativa", "isActive"=TRUE, "updatedAt"=NOW();
  INSERT INTO "Enrollment" (id,"childId","classroomId","enrollmentDate",status,"createdAt","updatedAt")
  VALUES ('seed_enr_' || 'seed_pelicano_child_row241_maria_flor_da_silva_cardoso_seed_pelicano_class_pel_i_periodo_priscila', 'seed_pelicano_child_row241_maria_flor_da_silva_cardoso', 'seed_pelicano_class_pel_i_periodo_priscila', '2026-02-01 12:00:00', 'ATIVA'::"EnrollmentStatus", NOW(), NOW())
  ON CONFLICT ("childId","classroomId") DO UPDATE SET status=EXCLUDED.status, "updatedAt"=NOW();
  -- Aluno: MARIA ISADORA VIEIRA MESQUITA
  INSERT INTO "Child" (id,"mantenedoraId","unitId","firstName","lastName","dateOfBirth",gender,cpf,raca,peso,"bloodType",allergies,"medicalConditions","usoImagem",laudado,nis,"codigoAluno",inscricao,"nomeMae","nomePai","celPai",nacionalidade,naturalidade,"ufNascimento",endereco,cep,"dadosResponsaveis","documentosMatricula","autorizadosRetirada","transporteEscolar","fichaAdministrativa","isActive","createdAt","updatedAt")
  VALUES ('seed_pelicano_child_row242_maria_isadora_vieira_mesquita',v_mantenedora_id,v_unit_id,'Maria','Isadora Vieira Mesquita','2021-05-09 12:00:00','FEMININO'::"Gender",'111.901.811-00','PARDA',NULL,NULL,NULL,NULL,NULL,NULL,NULL,NULL,NULL,NULL,NULL,NULL,'BRASIL','Brasilia','DF',NULL,NULL,'{"mae": {"nome": null, "cpf": null, "telefone": null}, "pai": {"nome": null, "cpf": null, "telefone": null}, "responsavelPrincipal": {"nome": null, "cpf": null, "parentesco": null, "identidade": null, "orgaoExpedidor": null, "telefone": null}, "enderecoResponsavel": null, "cepResponsavel": null, "escolaridade": null, "profissao": null, "numeroDependentes": null, "numeroPessoasCasa": null}'::jsonb,'{"codigoAluno": null, "inscricao": null, "censo": null, "beneficio": null, "nis": null, "pisResponsavel": null, "cpfOriginalAluno": "111.901.811-00", "cpfPersistidoNoCampoCpf": "111.901.811-00", "cpfDuplicadoNaPlanilha": false, "serie2024": null, "origemLinhaPlanilha": 242}'::jsonb,'[]'::jsonb,'{"usaTransporteEscolar": null, "nomeTransporte": null}'::jsonb,'{"turmaPlanilha": "I PERÍODO", "professoraPlanilha": "Cliciane", "fonte": "DADOS PARA PLATAFORMA PEDAGÓGICA (1) (1).xlsx / Planilha1", "linhaPlanilha": 242, "raw": {"NOME": "MARIA ISADORA VIEIRA MESQUITA", "SEXO": "F", "NASC": "2021-05-09T00:00:00", "NACIONALIDADE": "BRASIL", "NATURALIDADE": "Brasilia", "UF": "DF", "CPF": "11190181100", "RAÇA": "PARDA", "TURMA": "I PERÍODO", "PROFESSORA": "Cliciane"}}'::jsonb,TRUE,NOW(),NOW())
  ON CONFLICT (id) DO UPDATE SET "unitId"=v_unit_id, "firstName"=EXCLUDED."firstName", "lastName"=EXCLUDED."lastName", "dateOfBirth"=EXCLUDED."dateOfBirth", gender=EXCLUDED.gender, cpf=EXCLUDED.cpf, raca=EXCLUDED.raca, peso=EXCLUDED.peso, "bloodType"=EXCLUDED."bloodType", allergies=EXCLUDED.allergies, "medicalConditions"=EXCLUDED."medicalConditions", "usoImagem"=EXCLUDED."usoImagem", laudado=EXCLUDED.laudado, nis=EXCLUDED.nis, "codigoAluno"=EXCLUDED."codigoAluno", inscricao=EXCLUDED.inscricao, "nomeMae"=EXCLUDED."nomeMae", "nomePai"=EXCLUDED."nomePai", "celPai"=EXCLUDED."celPai", nacionalidade=EXCLUDED.nacionalidade, naturalidade=EXCLUDED.naturalidade, "ufNascimento"=EXCLUDED."ufNascimento", endereco=EXCLUDED.endereco, cep=EXCLUDED.cep, "dadosResponsaveis"=EXCLUDED."dadosResponsaveis", "documentosMatricula"=EXCLUDED."documentosMatricula", "autorizadosRetirada"=EXCLUDED."autorizadosRetirada", "transporteEscolar"=EXCLUDED."transporteEscolar", "fichaAdministrativa"=EXCLUDED."fichaAdministrativa", "isActive"=TRUE, "updatedAt"=NOW();
  INSERT INTO "Enrollment" (id,"childId","classroomId","enrollmentDate",status,"createdAt","updatedAt")
  VALUES ('seed_enr_' || 'seed_pelicano_child_row242_maria_isadora_vieira_mesquita_seed_pelicano_class_pel_i_periodo_cliciane', 'seed_pelicano_child_row242_maria_isadora_vieira_mesquita', 'seed_pelicano_class_pel_i_periodo_cliciane', '2026-02-01 12:00:00', 'ATIVA'::"EnrollmentStatus", NOW(), NOW())
  ON CONFLICT ("childId","classroomId") DO UPDATE SET status=EXCLUDED.status, "updatedAt"=NOW();
  -- Aluno: MARIA LUIZA PAIVA COSTA
  INSERT INTO "Child" (id,"mantenedoraId","unitId","firstName","lastName","dateOfBirth",gender,cpf,raca,peso,"bloodType",allergies,"medicalConditions","usoImagem",laudado,nis,"codigoAluno",inscricao,"nomeMae","nomePai","celPai",nacionalidade,naturalidade,"ufNascimento",endereco,cep,"dadosResponsaveis","documentosMatricula","autorizadosRetirada","transporteEscolar","fichaAdministrativa","isActive","createdAt","updatedAt")
  VALUES ('seed_pelicano_child_row243_maria_luiza_paiva_costa',v_mantenedora_id,v_unit_id,'Maria','Luiza Paiva Costa','2021-12-22 12:00:00','FEMININO'::"Gender",'114.560.731-41','PARDA',NULL,NULL,NULL,NULL,NULL,NULL,NULL,NULL,NULL,NULL,NULL,NULL,'BRASIL','Brasilia','DF',NULL,NULL,'{"mae": {"nome": null, "cpf": null, "telefone": null}, "pai": {"nome": null, "cpf": null, "telefone": null}, "responsavelPrincipal": {"nome": null, "cpf": null, "parentesco": null, "identidade": null, "orgaoExpedidor": null, "telefone": null}, "enderecoResponsavel": null, "cepResponsavel": null, "escolaridade": null, "profissao": null, "numeroDependentes": null, "numeroPessoasCasa": null}'::jsonb,'{"codigoAluno": null, "inscricao": null, "censo": null, "beneficio": null, "nis": null, "pisResponsavel": null, "cpfOriginalAluno": "114.560.731-41", "cpfPersistidoNoCampoCpf": "114.560.731-41", "cpfDuplicadoNaPlanilha": false, "serie2024": null, "origemLinhaPlanilha": 243}'::jsonb,'[]'::jsonb,'{"usaTransporteEscolar": null, "nomeTransporte": null}'::jsonb,'{"turmaPlanilha": "I PERÍODO", "professoraPlanilha": "Danielle", "fonte": "DADOS PARA PLATAFORMA PEDAGÓGICA (1) (1).xlsx / Planilha1", "linhaPlanilha": 243, "raw": {"NOME": "MARIA LUIZA PAIVA COSTA", "SEXO": "F", "NASC": "2021-12-22T00:00:00", "NACIONALIDADE": "BRASIL", "NATURALIDADE": "Brasilia", "UF": "DF", "CPF": "11456073141", "RAÇA": "PARDA", "TURMA": "I PERÍODO", "PROFESSORA": "Danielle"}}'::jsonb,TRUE,NOW(),NOW())
  ON CONFLICT (id) DO UPDATE SET "unitId"=v_unit_id, "firstName"=EXCLUDED."firstName", "lastName"=EXCLUDED."lastName", "dateOfBirth"=EXCLUDED."dateOfBirth", gender=EXCLUDED.gender, cpf=EXCLUDED.cpf, raca=EXCLUDED.raca, peso=EXCLUDED.peso, "bloodType"=EXCLUDED."bloodType", allergies=EXCLUDED.allergies, "medicalConditions"=EXCLUDED."medicalConditions", "usoImagem"=EXCLUDED."usoImagem", laudado=EXCLUDED.laudado, nis=EXCLUDED.nis, "codigoAluno"=EXCLUDED."codigoAluno", inscricao=EXCLUDED.inscricao, "nomeMae"=EXCLUDED."nomeMae", "nomePai"=EXCLUDED."nomePai", "celPai"=EXCLUDED."celPai", nacionalidade=EXCLUDED.nacionalidade, naturalidade=EXCLUDED.naturalidade, "ufNascimento"=EXCLUDED."ufNascimento", endereco=EXCLUDED.endereco, cep=EXCLUDED.cep, "dadosResponsaveis"=EXCLUDED."dadosResponsaveis", "documentosMatricula"=EXCLUDED."documentosMatricula", "autorizadosRetirada"=EXCLUDED."autorizadosRetirada", "transporteEscolar"=EXCLUDED."transporteEscolar", "fichaAdministrativa"=EXCLUDED."fichaAdministrativa", "isActive"=TRUE, "updatedAt"=NOW();
  INSERT INTO "Enrollment" (id,"childId","classroomId","enrollmentDate",status,"createdAt","updatedAt")
  VALUES ('seed_enr_' || 'seed_pelicano_child_row243_maria_luiza_paiva_costa_seed_pelicano_class_pel_i_periodo_danielle', 'seed_pelicano_child_row243_maria_luiza_paiva_costa', 'seed_pelicano_class_pel_i_periodo_danielle', '2026-02-01 12:00:00', 'ATIVA'::"EnrollmentStatus", NOW(), NOW())
  ON CONFLICT ("childId","classroomId") DO UPDATE SET status=EXCLUDED.status, "updatedAt"=NOW();
  -- Aluno: MIGUEL GOLBERTO DA PENHA
  INSERT INTO "Child" (id,"mantenedoraId","unitId","firstName","lastName","dateOfBirth",gender,cpf,raca,peso,"bloodType",allergies,"medicalConditions","usoImagem",laudado,nis,"codigoAluno",inscricao,"nomeMae","nomePai","celPai",nacionalidade,naturalidade,"ufNascimento",endereco,cep,"dadosResponsaveis","documentosMatricula","autorizadosRetirada","transporteEscolar","fichaAdministrativa","isActive","createdAt","updatedAt")
  VALUES ('seed_pelicano_child_row244_miguel_golberto_da_penha',v_mantenedora_id,v_unit_id,'Miguel','Golberto Da Penha','2021-05-25 12:00:00','MASCULINO'::"Gender",'111.880.151-25','PARDA',NULL,NULL,NULL,NULL,NULL,NULL,NULL,NULL,NULL,NULL,NULL,NULL,'BRASIL','Brasilia','DF',NULL,NULL,'{"mae": {"nome": null, "cpf": null, "telefone": null}, "pai": {"nome": null, "cpf": null, "telefone": null}, "responsavelPrincipal": {"nome": null, "cpf": null, "parentesco": null, "identidade": null, "orgaoExpedidor": null, "telefone": null}, "enderecoResponsavel": null, "cepResponsavel": null, "escolaridade": null, "profissao": null, "numeroDependentes": null, "numeroPessoasCasa": null}'::jsonb,'{"codigoAluno": null, "inscricao": null, "censo": null, "beneficio": null, "nis": null, "pisResponsavel": null, "cpfOriginalAluno": "111.880.151-25", "cpfPersistidoNoCampoCpf": "111.880.151-25", "cpfDuplicadoNaPlanilha": false, "serie2024": null, "origemLinhaPlanilha": 244}'::jsonb,'[]'::jsonb,'{"usaTransporteEscolar": null, "nomeTransporte": null}'::jsonb,'{"turmaPlanilha": "I PERÍODO", "professoraPlanilha": "Cliciane", "fonte": "DADOS PARA PLATAFORMA PEDAGÓGICA (1) (1).xlsx / Planilha1", "linhaPlanilha": 244, "raw": {"NOME": "MIGUEL GOLBERTO DA PENHA", "SEXO": "M", "NASC": "2021-05-25T00:00:00", "NACIONALIDADE": "BRASIL", "NATURALIDADE": "Brasilia", "UF": "DF", "CPF": "11188015125", "RAÇA": "PARDA", "TURMA": "I PERÍODO", "PROFESSORA": "Cliciane"}}'::jsonb,TRUE,NOW(),NOW())
  ON CONFLICT (id) DO UPDATE SET "unitId"=v_unit_id, "firstName"=EXCLUDED."firstName", "lastName"=EXCLUDED."lastName", "dateOfBirth"=EXCLUDED."dateOfBirth", gender=EXCLUDED.gender, cpf=EXCLUDED.cpf, raca=EXCLUDED.raca, peso=EXCLUDED.peso, "bloodType"=EXCLUDED."bloodType", allergies=EXCLUDED.allergies, "medicalConditions"=EXCLUDED."medicalConditions", "usoImagem"=EXCLUDED."usoImagem", laudado=EXCLUDED.laudado, nis=EXCLUDED.nis, "codigoAluno"=EXCLUDED."codigoAluno", inscricao=EXCLUDED.inscricao, "nomeMae"=EXCLUDED."nomeMae", "nomePai"=EXCLUDED."nomePai", "celPai"=EXCLUDED."celPai", nacionalidade=EXCLUDED.nacionalidade, naturalidade=EXCLUDED.naturalidade, "ufNascimento"=EXCLUDED."ufNascimento", endereco=EXCLUDED.endereco, cep=EXCLUDED.cep, "dadosResponsaveis"=EXCLUDED."dadosResponsaveis", "documentosMatricula"=EXCLUDED."documentosMatricula", "autorizadosRetirada"=EXCLUDED."autorizadosRetirada", "transporteEscolar"=EXCLUDED."transporteEscolar", "fichaAdministrativa"=EXCLUDED."fichaAdministrativa", "isActive"=TRUE, "updatedAt"=NOW();
  INSERT INTO "Enrollment" (id,"childId","classroomId","enrollmentDate",status,"createdAt","updatedAt")
  VALUES ('seed_enr_' || 'seed_pelicano_child_row244_miguel_golberto_da_penha_seed_pelicano_class_pel_i_periodo_cliciane', 'seed_pelicano_child_row244_miguel_golberto_da_penha', 'seed_pelicano_class_pel_i_periodo_cliciane', '2026-02-01 12:00:00', 'ATIVA'::"EnrollmentStatus", NOW(), NOW())
  ON CONFLICT ("childId","classroomId") DO UPDATE SET status=EXCLUDED.status, "updatedAt"=NOW();
  -- Aluno: MOANNA RODRIGUES DE SOUSA
  INSERT INTO "Child" (id,"mantenedoraId","unitId","firstName","lastName","dateOfBirth",gender,cpf,raca,peso,"bloodType",allergies,"medicalConditions","usoImagem",laudado,nis,"codigoAluno",inscricao,"nomeMae","nomePai","celPai",nacionalidade,naturalidade,"ufNascimento",endereco,cep,"dadosResponsaveis","documentosMatricula","autorizadosRetirada","transporteEscolar","fichaAdministrativa","isActive","createdAt","updatedAt")
  VALUES ('seed_pelicano_child_row245_moanna_rodrigues_de_sousa',v_mantenedora_id,v_unit_id,'Moanna','Rodrigues De Sousa','2021-12-07 12:00:00','FEMININO'::"Gender",'114.026.761-23','PARDA',NULL,NULL,NULL,NULL,NULL,NULL,NULL,NULL,NULL,NULL,NULL,NULL,'BRASIL','Brasilia','DF',NULL,NULL,'{"mae": {"nome": null, "cpf": null, "telefone": null}, "pai": {"nome": null, "cpf": null, "telefone": null}, "responsavelPrincipal": {"nome": null, "cpf": null, "parentesco": null, "identidade": null, "orgaoExpedidor": null, "telefone": null}, "enderecoResponsavel": null, "cepResponsavel": null, "escolaridade": null, "profissao": null, "numeroDependentes": null, "numeroPessoasCasa": null}'::jsonb,'{"codigoAluno": null, "inscricao": null, "censo": null, "beneficio": null, "nis": null, "pisResponsavel": null, "cpfOriginalAluno": "114.026.761-23", "cpfPersistidoNoCampoCpf": "114.026.761-23", "cpfDuplicadoNaPlanilha": false, "serie2024": null, "origemLinhaPlanilha": 245}'::jsonb,'[]'::jsonb,'{"usaTransporteEscolar": null, "nomeTransporte": null}'::jsonb,'{"turmaPlanilha": "I PERÍODO", "professoraPlanilha": "Elza", "fonte": "DADOS PARA PLATAFORMA PEDAGÓGICA (1) (1).xlsx / Planilha1", "linhaPlanilha": 245, "raw": {"NOME": "MOANNA RODRIGUES DE SOUSA", "SEXO": "F", "NASC": "2021-12-07T00:00:00", "NACIONALIDADE": "BRASIL", "NATURALIDADE": "Brasilia", "UF": "DF", "CPF": "11402676123", "RAÇA": "PARDA", "TURMA": "I PERÍODO", "PROFESSORA": "Elza"}}'::jsonb,TRUE,NOW(),NOW())
  ON CONFLICT (id) DO UPDATE SET "unitId"=v_unit_id, "firstName"=EXCLUDED."firstName", "lastName"=EXCLUDED."lastName", "dateOfBirth"=EXCLUDED."dateOfBirth", gender=EXCLUDED.gender, cpf=EXCLUDED.cpf, raca=EXCLUDED.raca, peso=EXCLUDED.peso, "bloodType"=EXCLUDED."bloodType", allergies=EXCLUDED.allergies, "medicalConditions"=EXCLUDED."medicalConditions", "usoImagem"=EXCLUDED."usoImagem", laudado=EXCLUDED.laudado, nis=EXCLUDED.nis, "codigoAluno"=EXCLUDED."codigoAluno", inscricao=EXCLUDED.inscricao, "nomeMae"=EXCLUDED."nomeMae", "nomePai"=EXCLUDED."nomePai", "celPai"=EXCLUDED."celPai", nacionalidade=EXCLUDED.nacionalidade, naturalidade=EXCLUDED.naturalidade, "ufNascimento"=EXCLUDED."ufNascimento", endereco=EXCLUDED.endereco, cep=EXCLUDED.cep, "dadosResponsaveis"=EXCLUDED."dadosResponsaveis", "documentosMatricula"=EXCLUDED."documentosMatricula", "autorizadosRetirada"=EXCLUDED."autorizadosRetirada", "transporteEscolar"=EXCLUDED."transporteEscolar", "fichaAdministrativa"=EXCLUDED."fichaAdministrativa", "isActive"=TRUE, "updatedAt"=NOW();
  INSERT INTO "Enrollment" (id,"childId","classroomId","enrollmentDate",status,"createdAt","updatedAt")
  VALUES ('seed_enr_' || 'seed_pelicano_child_row245_moanna_rodrigues_de_sousa_seed_pelicano_class_pel_i_periodo_elza', 'seed_pelicano_child_row245_moanna_rodrigues_de_sousa', 'seed_pelicano_class_pel_i_periodo_elza', '2026-02-01 12:00:00', 'ATIVA'::"EnrollmentStatus", NOW(), NOW())
  ON CONFLICT ("childId","classroomId") DO UPDATE SET status=EXCLUDED.status, "updatedAt"=NOW();
  -- Aluno: MURILO SANTIAGO DE OLIVEIRA
  INSERT INTO "Child" (id,"mantenedoraId","unitId","firstName","lastName","dateOfBirth",gender,cpf,raca,peso,"bloodType",allergies,"medicalConditions","usoImagem",laudado,nis,"codigoAluno",inscricao,"nomeMae","nomePai","celPai",nacionalidade,naturalidade,"ufNascimento",endereco,cep,"dadosResponsaveis","documentosMatricula","autorizadosRetirada","transporteEscolar","fichaAdministrativa","isActive","createdAt","updatedAt")
  VALUES ('seed_pelicano_child_row246_murilo_santiago_de_oliveira',v_mantenedora_id,v_unit_id,'Murilo','Santiago De Oliveira','2021-07-09 12:00:00','MASCULINO'::"Gender",'112.280.301-03','PARDA','14.5kg','A+',NULL,NULL,NULL,NULL,NULL,NULL,NULL,'Yara','Mauricio',NULL,'BRASIL','Brasilia','DF','Chacara Nova Esperança','72669321','{"mae": {"nome": "Yara", "cpf": null, "telefone": "61998110907"}, "pai": {"nome": "Mauricio", "cpf": "042.139.051-44", "telefone": null}, "responsavelPrincipal": {"nome": "Yara", "cpf": "042.139.051-44", "parentesco": null, "identidade": "2469321", "orgaoExpedidor": "SSP", "telefone": null}, "enderecoResponsavel": null, "cepResponsavel": null, "escolaridade": "Superior", "profissao": "Professora", "numeroDependentes": null, "numeroPessoasCasa": null}'::jsonb,'{"codigoAluno": null, "inscricao": null, "censo": null, "beneficio": null, "nis": null, "pisResponsavel": null, "cpfOriginalAluno": "112.280.301-03", "cpfPersistidoNoCampoCpf": "112.280.301-03", "cpfDuplicadoNaPlanilha": false, "serie2024": null, "origemLinhaPlanilha": 246}'::jsonb,'[]'::jsonb,'{"usaTransporteEscolar": null, "nomeTransporte": null}'::jsonb,'{"turmaPlanilha": "I PERÍODO", "professoraPlanilha": "Cliciane", "fonte": "DADOS PARA PLATAFORMA PEDAGÓGICA (1) (1).xlsx / Planilha1", "linhaPlanilha": 246, "raw": {"NOME": "MURILO SANTIAGO DE OLIVEIRA", "SEXO": "M", "NASC": "2021-07-09T00:00:00", "NACIONALIDADE": "BRASIL", "NATURALIDADE": "Brasilia", "UF": "DF", "CPF": "11228030103", "RAÇA": "PARDA", "PESO": "14.5kg", "TIPAGEM SANGUINEA": "A+", "ENDEREÇO": "Chacara Nova Esperança", "CEP": "72669321", "TURMA": "I PERÍODO", "PROFESSORA": "Cliciane", "MÃE": "Yara", "PAI": "Mauricio", "RESPONSÁVEL_2": "Yara", "IDENTIDADE RESP": "2469321", "ORG. EXPEDITOR": "SSP", "CPF_3": "042.139.051-44", "NASCIMENTO": "1994-01-02T00:00:00", "NATURALIDADE_2": "Santo Antonio", "UF_2": "DF", "CEL. MÃE": "61998110907", "ESCOLARIDADE": "Superior", "PROFISSÃO": "Professora"}}'::jsonb,TRUE,NOW(),NOW())
  ON CONFLICT (id) DO UPDATE SET "unitId"=v_unit_id, "firstName"=EXCLUDED."firstName", "lastName"=EXCLUDED."lastName", "dateOfBirth"=EXCLUDED."dateOfBirth", gender=EXCLUDED.gender, cpf=EXCLUDED.cpf, raca=EXCLUDED.raca, peso=EXCLUDED.peso, "bloodType"=EXCLUDED."bloodType", allergies=EXCLUDED.allergies, "medicalConditions"=EXCLUDED."medicalConditions", "usoImagem"=EXCLUDED."usoImagem", laudado=EXCLUDED.laudado, nis=EXCLUDED.nis, "codigoAluno"=EXCLUDED."codigoAluno", inscricao=EXCLUDED.inscricao, "nomeMae"=EXCLUDED."nomeMae", "nomePai"=EXCLUDED."nomePai", "celPai"=EXCLUDED."celPai", nacionalidade=EXCLUDED.nacionalidade, naturalidade=EXCLUDED.naturalidade, "ufNascimento"=EXCLUDED."ufNascimento", endereco=EXCLUDED.endereco, cep=EXCLUDED.cep, "dadosResponsaveis"=EXCLUDED."dadosResponsaveis", "documentosMatricula"=EXCLUDED."documentosMatricula", "autorizadosRetirada"=EXCLUDED."autorizadosRetirada", "transporteEscolar"=EXCLUDED."transporteEscolar", "fichaAdministrativa"=EXCLUDED."fichaAdministrativa", "isActive"=TRUE, "updatedAt"=NOW();
  INSERT INTO "Enrollment" (id,"childId","classroomId","enrollmentDate",status,"createdAt","updatedAt")
  VALUES ('seed_enr_' || 'seed_pelicano_child_row246_murilo_santiago_de_oliveira_seed_pelicano_class_pel_i_periodo_cliciane', 'seed_pelicano_child_row246_murilo_santiago_de_oliveira', 'seed_pelicano_class_pel_i_periodo_cliciane', '2026-02-01 12:00:00', 'ATIVA'::"EnrollmentStatus", NOW(), NOW())
  ON CONFLICT ("childId","classroomId") DO UPDATE SET status=EXCLUDED.status, "updatedAt"=NOW();
  -- Aluno: NICOLE RADASSA PEREIRA FERNANDES
  INSERT INTO "Child" (id,"mantenedoraId","unitId","firstName","lastName","dateOfBirth",gender,cpf,raca,peso,"bloodType",allergies,"medicalConditions","usoImagem",laudado,nis,"codigoAluno",inscricao,"nomeMae","nomePai","celPai",nacionalidade,naturalidade,"ufNascimento",endereco,cep,"dadosResponsaveis","documentosMatricula","autorizadosRetirada","transporteEscolar","fichaAdministrativa","isActive","createdAt","updatedAt")
  VALUES ('seed_pelicano_child_row247_nicole_radassa_pereira_fernandes',v_mantenedora_id,v_unit_id,'Nicole','Radassa Pereira Fernandes','2022-01-23 12:00:00','FEMININO'::"Gender",'114.603.531-45','PARDA',NULL,NULL,NULL,NULL,NULL,NULL,NULL,NULL,NULL,NULL,NULL,NULL,'BRASIL','Brasilia','DF',NULL,NULL,'{"mae": {"nome": null, "cpf": null, "telefone": null}, "pai": {"nome": null, "cpf": null, "telefone": null}, "responsavelPrincipal": {"nome": null, "cpf": null, "parentesco": null, "identidade": null, "orgaoExpedidor": null, "telefone": null}, "enderecoResponsavel": null, "cepResponsavel": null, "escolaridade": null, "profissao": null, "numeroDependentes": null, "numeroPessoasCasa": null}'::jsonb,'{"codigoAluno": null, "inscricao": null, "censo": null, "beneficio": null, "nis": null, "pisResponsavel": null, "cpfOriginalAluno": "114.603.531-45", "cpfPersistidoNoCampoCpf": "114.603.531-45", "cpfDuplicadoNaPlanilha": false, "serie2024": null, "origemLinhaPlanilha": 247}'::jsonb,'[]'::jsonb,'{"usaTransporteEscolar": null, "nomeTransporte": null}'::jsonb,'{"turmaPlanilha": "I PERÍODO", "professoraPlanilha": "Danielle", "fonte": "DADOS PARA PLATAFORMA PEDAGÓGICA (1) (1).xlsx / Planilha1", "linhaPlanilha": 247, "raw": {"NOME": "NICOLE RADASSA PEREIRA FERNANDES", "SEXO": "F", "NASC": "2022-01-23T00:00:00", "NACIONALIDADE": "BRASIL", "NATURALIDADE": "Brasilia", "UF": "DF", "CPF": "11460353145", "RAÇA": "PARDA", "TURMA": "I PERÍODO", "PROFESSORA": "Danielle"}}'::jsonb,TRUE,NOW(),NOW())
  ON CONFLICT (id) DO UPDATE SET "unitId"=v_unit_id, "firstName"=EXCLUDED."firstName", "lastName"=EXCLUDED."lastName", "dateOfBirth"=EXCLUDED."dateOfBirth", gender=EXCLUDED.gender, cpf=EXCLUDED.cpf, raca=EXCLUDED.raca, peso=EXCLUDED.peso, "bloodType"=EXCLUDED."bloodType", allergies=EXCLUDED.allergies, "medicalConditions"=EXCLUDED."medicalConditions", "usoImagem"=EXCLUDED."usoImagem", laudado=EXCLUDED.laudado, nis=EXCLUDED.nis, "codigoAluno"=EXCLUDED."codigoAluno", inscricao=EXCLUDED.inscricao, "nomeMae"=EXCLUDED."nomeMae", "nomePai"=EXCLUDED."nomePai", "celPai"=EXCLUDED."celPai", nacionalidade=EXCLUDED.nacionalidade, naturalidade=EXCLUDED.naturalidade, "ufNascimento"=EXCLUDED."ufNascimento", endereco=EXCLUDED.endereco, cep=EXCLUDED.cep, "dadosResponsaveis"=EXCLUDED."dadosResponsaveis", "documentosMatricula"=EXCLUDED."documentosMatricula", "autorizadosRetirada"=EXCLUDED."autorizadosRetirada", "transporteEscolar"=EXCLUDED."transporteEscolar", "fichaAdministrativa"=EXCLUDED."fichaAdministrativa", "isActive"=TRUE, "updatedAt"=NOW();
  INSERT INTO "Enrollment" (id,"childId","classroomId","enrollmentDate",status,"createdAt","updatedAt")
  VALUES ('seed_enr_' || 'seed_pelicano_child_row247_nicole_radassa_pereira_fernandes_seed_pelicano_class_pel_i_periodo_daniel', 'seed_pelicano_child_row247_nicole_radassa_pereira_fernandes', 'seed_pelicano_class_pel_i_periodo_danielle', '2026-02-01 12:00:00', 'ATIVA'::"EnrollmentStatus", NOW(), NOW())
  ON CONFLICT ("childId","classroomId") DO UPDATE SET status=EXCLUDED.status, "updatedAt"=NOW();
  -- Aluno: OLAVO SILVA BARBOSA
  INSERT INTO "Child" (id,"mantenedoraId","unitId","firstName","lastName","dateOfBirth",gender,cpf,raca,peso,"bloodType",allergies,"medicalConditions","usoImagem",laudado,nis,"codigoAluno",inscricao,"nomeMae","nomePai","celPai",nacionalidade,naturalidade,"ufNascimento",endereco,cep,"dadosResponsaveis","documentosMatricula","autorizadosRetirada","transporteEscolar","fichaAdministrativa","isActive","createdAt","updatedAt")
  VALUES ('seed_pelicano_child_row248_olavo_silva_barbosa',v_mantenedora_id,v_unit_id,'Olavo','Silva Barbosa','2022-02-12 12:00:00','MASCULINO'::"Gender",'114.880.201-08','PARDA',NULL,NULL,NULL,NULL,NULL,NULL,NULL,NULL,NULL,NULL,NULL,NULL,'BRASIL','Brasilia','DF',NULL,NULL,'{"mae": {"nome": null, "cpf": null, "telefone": null}, "pai": {"nome": null, "cpf": null, "telefone": null}, "responsavelPrincipal": {"nome": null, "cpf": null, "parentesco": null, "identidade": null, "orgaoExpedidor": null, "telefone": null}, "enderecoResponsavel": null, "cepResponsavel": null, "escolaridade": null, "profissao": null, "numeroDependentes": null, "numeroPessoasCasa": null}'::jsonb,'{"codigoAluno": null, "inscricao": null, "censo": null, "beneficio": null, "nis": null, "pisResponsavel": null, "cpfOriginalAluno": "114.880.201-08", "cpfPersistidoNoCampoCpf": "114.880.201-08", "cpfDuplicadoNaPlanilha": false, "serie2024": null, "origemLinhaPlanilha": 248}'::jsonb,'[]'::jsonb,'{"usaTransporteEscolar": null, "nomeTransporte": null}'::jsonb,'{"turmaPlanilha": "I PERÍODO", "professoraPlanilha": "Danielle", "fonte": "DADOS PARA PLATAFORMA PEDAGÓGICA (1) (1).xlsx / Planilha1", "linhaPlanilha": 248, "raw": {"NOME": "OLAVO SILVA BARBOSA", "SEXO": "M", "NASC": "2022-02-12T00:00:00", "NACIONALIDADE": "BRASIL", "NATURALIDADE": "Brasilia", "UF": "DF", "CPF": "11488020108", "RAÇA": "PARDA", "TURMA": "I PERÍODO", "PROFESSORA": "Danielle"}}'::jsonb,TRUE,NOW(),NOW())
  ON CONFLICT (id) DO UPDATE SET "unitId"=v_unit_id, "firstName"=EXCLUDED."firstName", "lastName"=EXCLUDED."lastName", "dateOfBirth"=EXCLUDED."dateOfBirth", gender=EXCLUDED.gender, cpf=EXCLUDED.cpf, raca=EXCLUDED.raca, peso=EXCLUDED.peso, "bloodType"=EXCLUDED."bloodType", allergies=EXCLUDED.allergies, "medicalConditions"=EXCLUDED."medicalConditions", "usoImagem"=EXCLUDED."usoImagem", laudado=EXCLUDED.laudado, nis=EXCLUDED.nis, "codigoAluno"=EXCLUDED."codigoAluno", inscricao=EXCLUDED.inscricao, "nomeMae"=EXCLUDED."nomeMae", "nomePai"=EXCLUDED."nomePai", "celPai"=EXCLUDED."celPai", nacionalidade=EXCLUDED.nacionalidade, naturalidade=EXCLUDED.naturalidade, "ufNascimento"=EXCLUDED."ufNascimento", endereco=EXCLUDED.endereco, cep=EXCLUDED.cep, "dadosResponsaveis"=EXCLUDED."dadosResponsaveis", "documentosMatricula"=EXCLUDED."documentosMatricula", "autorizadosRetirada"=EXCLUDED."autorizadosRetirada", "transporteEscolar"=EXCLUDED."transporteEscolar", "fichaAdministrativa"=EXCLUDED."fichaAdministrativa", "isActive"=TRUE, "updatedAt"=NOW();
  INSERT INTO "Enrollment" (id,"childId","classroomId","enrollmentDate",status,"createdAt","updatedAt")
  VALUES ('seed_enr_' || 'seed_pelicano_child_row248_olavo_silva_barbosa_seed_pelicano_class_pel_i_periodo_danielle', 'seed_pelicano_child_row248_olavo_silva_barbosa', 'seed_pelicano_class_pel_i_periodo_danielle', '2026-02-01 12:00:00', 'ATIVA'::"EnrollmentStatus", NOW(), NOW())
  ON CONFLICT ("childId","classroomId") DO UPDATE SET status=EXCLUDED.status, "updatedAt"=NOW();
  -- Aluno: OLIVIA JUSTINO COSTA
  INSERT INTO "Child" (id,"mantenedoraId","unitId","firstName","lastName","dateOfBirth",gender,cpf,raca,peso,"bloodType",allergies,"medicalConditions","usoImagem",laudado,nis,"codigoAluno",inscricao,"nomeMae","nomePai","celPai",nacionalidade,naturalidade,"ufNascimento",endereco,cep,"dadosResponsaveis","documentosMatricula","autorizadosRetirada","transporteEscolar","fichaAdministrativa","isActive","createdAt","updatedAt")
  VALUES ('seed_pelicano_child_1095060_olivia_justino_costa',v_mantenedora_id,v_unit_id,'Olivia','Justino Costa','2021-06-20 12:00:00','FEMININO'::"Gender",'112.071.061-86','PARDA',NULL,NULL,NULL,NULL,NULL,NULL,NULL,'1095060','174112',NULL,NULL,NULL,'BRASIL','Brasilia','DF',NULL,NULL,'{"mae": {"nome": null, "cpf": null, "telefone": null}, "pai": {"nome": null, "cpf": null, "telefone": null}, "responsavelPrincipal": {"nome": null, "cpf": null, "parentesco": null, "identidade": null, "orgaoExpedidor": null, "telefone": null}, "enderecoResponsavel": null, "cepResponsavel": null, "escolaridade": null, "profissao": null, "numeroDependentes": null, "numeroPessoasCasa": null}'::jsonb,'{"codigoAluno": "1095060", "inscricao": "174112", "censo": null, "beneficio": null, "nis": null, "pisResponsavel": null, "cpfOriginalAluno": "112.071.061-86", "cpfPersistidoNoCampoCpf": "112.071.061-86", "cpfDuplicadoNaPlanilha": false, "serie2024": null, "origemLinhaPlanilha": 249}'::jsonb,'[]'::jsonb,'{"usaTransporteEscolar": null, "nomeTransporte": null}'::jsonb,'{"turmaPlanilha": "I PERÍODO", "professoraPlanilha": "Priscila", "fonte": "DADOS PARA PLATAFORMA PEDAGÓGICA (1) (1).xlsx / Planilha1", "linhaPlanilha": 249, "raw": {"COD. ALUNO": "1095060", "INSCRIÇÃO": "174112", "NOME": "OLIVIA JUSTINO COSTA", "SEXO": "F", "NASC": "2021-06-20T00:00:00", "NACIONALIDADE": "BRASIL", "NATURALIDADE": "Brasilia", "UF": "DF", "CPF": "11207106186", "RAÇA": "PARDA", "TURMA": "I PERÍODO", "PROFESSORA": "Priscila"}}'::jsonb,TRUE,NOW(),NOW())
  ON CONFLICT (id) DO UPDATE SET "unitId"=v_unit_id, "firstName"=EXCLUDED."firstName", "lastName"=EXCLUDED."lastName", "dateOfBirth"=EXCLUDED."dateOfBirth", gender=EXCLUDED.gender, cpf=EXCLUDED.cpf, raca=EXCLUDED.raca, peso=EXCLUDED.peso, "bloodType"=EXCLUDED."bloodType", allergies=EXCLUDED.allergies, "medicalConditions"=EXCLUDED."medicalConditions", "usoImagem"=EXCLUDED."usoImagem", laudado=EXCLUDED.laudado, nis=EXCLUDED.nis, "codigoAluno"=EXCLUDED."codigoAluno", inscricao=EXCLUDED.inscricao, "nomeMae"=EXCLUDED."nomeMae", "nomePai"=EXCLUDED."nomePai", "celPai"=EXCLUDED."celPai", nacionalidade=EXCLUDED.nacionalidade, naturalidade=EXCLUDED.naturalidade, "ufNascimento"=EXCLUDED."ufNascimento", endereco=EXCLUDED.endereco, cep=EXCLUDED.cep, "dadosResponsaveis"=EXCLUDED."dadosResponsaveis", "documentosMatricula"=EXCLUDED."documentosMatricula", "autorizadosRetirada"=EXCLUDED."autorizadosRetirada", "transporteEscolar"=EXCLUDED."transporteEscolar", "fichaAdministrativa"=EXCLUDED."fichaAdministrativa", "isActive"=TRUE, "updatedAt"=NOW();
  INSERT INTO "Enrollment" (id,"childId","classroomId","enrollmentDate",status,"createdAt","updatedAt")
  VALUES ('seed_enr_' || 'seed_pelicano_child_1095060_olivia_justino_costa_seed_pelicano_class_pel_i_periodo_priscila', 'seed_pelicano_child_1095060_olivia_justino_costa', 'seed_pelicano_class_pel_i_periodo_priscila', '2026-02-01 12:00:00', 'ATIVA'::"EnrollmentStatus", NOW(), NOW())
  ON CONFLICT ("childId","classroomId") DO UPDATE SET status=EXCLUDED.status, "updatedAt"=NOW();
  -- Aluno: PEDRO HENRIQUE DA COSTA SILVA
  INSERT INTO "Child" (id,"mantenedoraId","unitId","firstName","lastName","dateOfBirth",gender,cpf,raca,peso,"bloodType",allergies,"medicalConditions","usoImagem",laudado,nis,"codigoAluno",inscricao,"nomeMae","nomePai","celPai",nacionalidade,naturalidade,"ufNascimento",endereco,cep,"dadosResponsaveis","documentosMatricula","autorizadosRetirada","transporteEscolar","fichaAdministrativa","isActive","createdAt","updatedAt")
  VALUES ('seed_pelicano_child_1133221_pedro_henrique_da_costa_silva',v_mantenedora_id,v_unit_id,'Pedro','Henrique Da Costa Silva','2021-12-13 12:00:00','MASCULINO'::"Gender",'114.103.401-80','PARDA',NULL,NULL,NULL,NULL,NULL,NULL,NULL,'1133221','193854',NULL,NULL,NULL,'BRASIL','Brasilia','DF',NULL,NULL,'{"mae": {"nome": null, "cpf": null, "telefone": null}, "pai": {"nome": null, "cpf": null, "telefone": null}, "responsavelPrincipal": {"nome": null, "cpf": null, "parentesco": null, "identidade": null, "orgaoExpedidor": null, "telefone": null}, "enderecoResponsavel": null, "cepResponsavel": null, "escolaridade": null, "profissao": null, "numeroDependentes": null, "numeroPessoasCasa": null}'::jsonb,'{"codigoAluno": "1133221", "inscricao": "193854", "censo": null, "beneficio": null, "nis": null, "pisResponsavel": null, "cpfOriginalAluno": "114.103.401-80", "cpfPersistidoNoCampoCpf": "114.103.401-80", "cpfDuplicadoNaPlanilha": false, "serie2024": null, "origemLinhaPlanilha": 250}'::jsonb,'[]'::jsonb,'{"usaTransporteEscolar": null, "nomeTransporte": null}'::jsonb,'{"turmaPlanilha": "I PERÍODO", "professoraPlanilha": "Priscila", "fonte": "DADOS PARA PLATAFORMA PEDAGÓGICA (1) (1).xlsx / Planilha1", "linhaPlanilha": 250, "raw": {"COD. ALUNO": "1133221", "INSCRIÇÃO": "193854", "NOME": "PEDRO HENRIQUE DA COSTA SILVA", "SEXO": "M", "NASC": "2021-12-13T00:00:00", "NACIONALIDADE": "BRASIL", "NATURALIDADE": "Brasilia", "UF": "DF", "CPF": "11410340180", "RAÇA": "PARDA", "TURMA": "I PERÍODO", "PROFESSORA": "Priscila"}}'::jsonb,TRUE,NOW(),NOW())
  ON CONFLICT (id) DO UPDATE SET "unitId"=v_unit_id, "firstName"=EXCLUDED."firstName", "lastName"=EXCLUDED."lastName", "dateOfBirth"=EXCLUDED."dateOfBirth", gender=EXCLUDED.gender, cpf=EXCLUDED.cpf, raca=EXCLUDED.raca, peso=EXCLUDED.peso, "bloodType"=EXCLUDED."bloodType", allergies=EXCLUDED.allergies, "medicalConditions"=EXCLUDED."medicalConditions", "usoImagem"=EXCLUDED."usoImagem", laudado=EXCLUDED.laudado, nis=EXCLUDED.nis, "codigoAluno"=EXCLUDED."codigoAluno", inscricao=EXCLUDED.inscricao, "nomeMae"=EXCLUDED."nomeMae", "nomePai"=EXCLUDED."nomePai", "celPai"=EXCLUDED."celPai", nacionalidade=EXCLUDED.nacionalidade, naturalidade=EXCLUDED.naturalidade, "ufNascimento"=EXCLUDED."ufNascimento", endereco=EXCLUDED.endereco, cep=EXCLUDED.cep, "dadosResponsaveis"=EXCLUDED."dadosResponsaveis", "documentosMatricula"=EXCLUDED."documentosMatricula", "autorizadosRetirada"=EXCLUDED."autorizadosRetirada", "transporteEscolar"=EXCLUDED."transporteEscolar", "fichaAdministrativa"=EXCLUDED."fichaAdministrativa", "isActive"=TRUE, "updatedAt"=NOW();
  INSERT INTO "Enrollment" (id,"childId","classroomId","enrollmentDate",status,"createdAt","updatedAt")
  VALUES ('seed_enr_' || 'seed_pelicano_child_1133221_pedro_henrique_da_costa_silva_seed_pelicano_class_pel_i_periodo_priscila', 'seed_pelicano_child_1133221_pedro_henrique_da_costa_silva', 'seed_pelicano_class_pel_i_periodo_priscila', '2026-02-01 12:00:00', 'ATIVA'::"EnrollmentStatus", NOW(), NOW())
  ON CONFLICT ("childId","classroomId") DO UPDATE SET status=EXCLUDED.status, "updatedAt"=NOW();
  -- Aluno: RAFAELA FERREIRA MACIEL
  INSERT INTO "Child" (id,"mantenedoraId","unitId","firstName","lastName","dateOfBirth",gender,cpf,raca,peso,"bloodType",allergies,"medicalConditions","usoImagem",laudado,nis,"codigoAluno",inscricao,"nomeMae","nomePai","celPai",nacionalidade,naturalidade,"ufNascimento",endereco,cep,"dadosResponsaveis","documentosMatricula","autorizadosRetirada","transporteEscolar","fichaAdministrativa","isActive","createdAt","updatedAt")
  VALUES ('seed_pelicano_child_1126611_rafaela_ferreira_maciel',v_mantenedora_id,v_unit_id,'Rafaela','Ferreira Maciel','2021-09-08 12:00:00','FEMININO'::"Gender",'112.978.221-29','PARDA',NULL,NULL,NULL,NULL,NULL,NULL,NULL,'1126611','188630',NULL,NULL,NULL,'BRASIL','Brasilia','DF',NULL,NULL,'{"mae": {"nome": null, "cpf": null, "telefone": null}, "pai": {"nome": null, "cpf": null, "telefone": null}, "responsavelPrincipal": {"nome": null, "cpf": null, "parentesco": null, "identidade": null, "orgaoExpedidor": null, "telefone": null}, "enderecoResponsavel": null, "cepResponsavel": null, "escolaridade": null, "profissao": null, "numeroDependentes": null, "numeroPessoasCasa": null}'::jsonb,'{"codigoAluno": "1126611", "inscricao": "188630", "censo": null, "beneficio": null, "nis": null, "pisResponsavel": null, "cpfOriginalAluno": "112.978.221-29", "cpfPersistidoNoCampoCpf": "112.978.221-29", "cpfDuplicadoNaPlanilha": false, "serie2024": null, "origemLinhaPlanilha": 251}'::jsonb,'[]'::jsonb,'{"usaTransporteEscolar": null, "nomeTransporte": null}'::jsonb,'{"turmaPlanilha": "I PERÍODO", "professoraPlanilha": "Cliciane", "fonte": "DADOS PARA PLATAFORMA PEDAGÓGICA (1) (1).xlsx / Planilha1", "linhaPlanilha": 251, "raw": {"COD. ALUNO": "1126611", "INSCRIÇÃO": "188630", "NOME": "RAFAELA FERREIRA MACIEL", "SEXO": "F", "NASC": "2021-09-08T00:00:00", "NACIONALIDADE": "BRASIL", "NATURALIDADE": "Brasilia", "UF": "DF", "CPF": "11297822129", "RAÇA": "PARDA", "TURMA": "I PERÍODO", "PROFESSORA": "Cliciane"}}'::jsonb,TRUE,NOW(),NOW())
  ON CONFLICT (id) DO UPDATE SET "unitId"=v_unit_id, "firstName"=EXCLUDED."firstName", "lastName"=EXCLUDED."lastName", "dateOfBirth"=EXCLUDED."dateOfBirth", gender=EXCLUDED.gender, cpf=EXCLUDED.cpf, raca=EXCLUDED.raca, peso=EXCLUDED.peso, "bloodType"=EXCLUDED."bloodType", allergies=EXCLUDED.allergies, "medicalConditions"=EXCLUDED."medicalConditions", "usoImagem"=EXCLUDED."usoImagem", laudado=EXCLUDED.laudado, nis=EXCLUDED.nis, "codigoAluno"=EXCLUDED."codigoAluno", inscricao=EXCLUDED.inscricao, "nomeMae"=EXCLUDED."nomeMae", "nomePai"=EXCLUDED."nomePai", "celPai"=EXCLUDED."celPai", nacionalidade=EXCLUDED.nacionalidade, naturalidade=EXCLUDED.naturalidade, "ufNascimento"=EXCLUDED."ufNascimento", endereco=EXCLUDED.endereco, cep=EXCLUDED.cep, "dadosResponsaveis"=EXCLUDED."dadosResponsaveis", "documentosMatricula"=EXCLUDED."documentosMatricula", "autorizadosRetirada"=EXCLUDED."autorizadosRetirada", "transporteEscolar"=EXCLUDED."transporteEscolar", "fichaAdministrativa"=EXCLUDED."fichaAdministrativa", "isActive"=TRUE, "updatedAt"=NOW();
  INSERT INTO "Enrollment" (id,"childId","classroomId","enrollmentDate",status,"createdAt","updatedAt")
  VALUES ('seed_enr_' || 'seed_pelicano_child_1126611_rafaela_ferreira_maciel_seed_pelicano_class_pel_i_periodo_cliciane', 'seed_pelicano_child_1126611_rafaela_ferreira_maciel', 'seed_pelicano_class_pel_i_periodo_cliciane', '2026-02-01 12:00:00', 'ATIVA'::"EnrollmentStatus", NOW(), NOW())
  ON CONFLICT ("childId","classroomId") DO UPDATE SET status=EXCLUDED.status, "updatedAt"=NOW();
  -- Aluno: RAVI CALIXTO DE RESENDE
  INSERT INTO "Child" (id,"mantenedoraId","unitId","firstName","lastName","dateOfBirth",gender,cpf,raca,peso,"bloodType",allergies,"medicalConditions","usoImagem",laudado,nis,"codigoAluno",inscricao,"nomeMae","nomePai","celPai",nacionalidade,naturalidade,"ufNascimento",endereco,cep,"dadosResponsaveis","documentosMatricula","autorizadosRetirada","transporteEscolar","fichaAdministrativa","isActive","createdAt","updatedAt")
  VALUES ('seed_pelicano_child_1141714_ravi_calixto_de_resende',v_mantenedora_id,v_unit_id,'Ravi','Calixto De Resende','2022-03-20 12:00:00','MASCULINO'::"Gender",'115.301.921-37','PARDA',NULL,NULL,NULL,NULL,NULL,NULL,NULL,'1141714','196658',NULL,NULL,NULL,'BRASIL','Brasilia','DF',NULL,NULL,'{"mae": {"nome": null, "cpf": null, "telefone": null}, "pai": {"nome": null, "cpf": null, "telefone": null}, "responsavelPrincipal": {"nome": null, "cpf": null, "parentesco": null, "identidade": null, "orgaoExpedidor": null, "telefone": null}, "enderecoResponsavel": null, "cepResponsavel": null, "escolaridade": null, "profissao": null, "numeroDependentes": null, "numeroPessoasCasa": null}'::jsonb,'{"codigoAluno": "1141714", "inscricao": "196658", "censo": null, "beneficio": null, "nis": null, "pisResponsavel": null, "cpfOriginalAluno": "115.301.921-37", "cpfPersistidoNoCampoCpf": "115.301.921-37", "cpfDuplicadoNaPlanilha": false, "serie2024": null, "origemLinhaPlanilha": 252}'::jsonb,'[]'::jsonb,'{"usaTransporteEscolar": null, "nomeTransporte": null}'::jsonb,'{"turmaPlanilha": "I PERÍODO", "professoraPlanilha": "Priscila", "fonte": "DADOS PARA PLATAFORMA PEDAGÓGICA (1) (1).xlsx / Planilha1", "linhaPlanilha": 252, "raw": {"COD. ALUNO": "1141714", "INSCRIÇÃO": "196658", "NOME": "RAVI CALIXTO DE RESENDE", "SEXO": "M", "NASC": "2022-03-20T00:00:00", "NACIONALIDADE": "BRASIL", "NATURALIDADE": "Brasilia", "UF": "DF", "CPF": "11530192137", "RAÇA": "PARDA", "TURMA": "I PERÍODO", "PROFESSORA": "Priscila"}}'::jsonb,TRUE,NOW(),NOW())
  ON CONFLICT (id) DO UPDATE SET "unitId"=v_unit_id, "firstName"=EXCLUDED."firstName", "lastName"=EXCLUDED."lastName", "dateOfBirth"=EXCLUDED."dateOfBirth", gender=EXCLUDED.gender, cpf=EXCLUDED.cpf, raca=EXCLUDED.raca, peso=EXCLUDED.peso, "bloodType"=EXCLUDED."bloodType", allergies=EXCLUDED.allergies, "medicalConditions"=EXCLUDED."medicalConditions", "usoImagem"=EXCLUDED."usoImagem", laudado=EXCLUDED.laudado, nis=EXCLUDED.nis, "codigoAluno"=EXCLUDED."codigoAluno", inscricao=EXCLUDED.inscricao, "nomeMae"=EXCLUDED."nomeMae", "nomePai"=EXCLUDED."nomePai", "celPai"=EXCLUDED."celPai", nacionalidade=EXCLUDED.nacionalidade, naturalidade=EXCLUDED.naturalidade, "ufNascimento"=EXCLUDED."ufNascimento", endereco=EXCLUDED.endereco, cep=EXCLUDED.cep, "dadosResponsaveis"=EXCLUDED."dadosResponsaveis", "documentosMatricula"=EXCLUDED."documentosMatricula", "autorizadosRetirada"=EXCLUDED."autorizadosRetirada", "transporteEscolar"=EXCLUDED."transporteEscolar", "fichaAdministrativa"=EXCLUDED."fichaAdministrativa", "isActive"=TRUE, "updatedAt"=NOW();
  INSERT INTO "Enrollment" (id,"childId","classroomId","enrollmentDate",status,"createdAt","updatedAt")
  VALUES ('seed_enr_' || 'seed_pelicano_child_1141714_ravi_calixto_de_resende_seed_pelicano_class_pel_i_periodo_priscila', 'seed_pelicano_child_1141714_ravi_calixto_de_resende', 'seed_pelicano_class_pel_i_periodo_priscila', '2026-02-01 12:00:00', 'ATIVA'::"EnrollmentStatus", NOW(), NOW())
  ON CONFLICT ("childId","classroomId") DO UPDATE SET status=EXCLUDED.status, "updatedAt"=NOW();
  -- Aluno: THAIS ALVES GOMES
  INSERT INTO "Child" (id,"mantenedoraId","unitId","firstName","lastName","dateOfBirth",gender,cpf,raca,peso,"bloodType",allergies,"medicalConditions","usoImagem",laudado,nis,"codigoAluno",inscricao,"nomeMae","nomePai","celPai",nacionalidade,naturalidade,"ufNascimento",endereco,cep,"dadosResponsaveis","documentosMatricula","autorizadosRetirada","transporteEscolar","fichaAdministrativa","isActive","createdAt","updatedAt")
  VALUES ('seed_pelicano_child_row253_thais_alves_gomes',v_mantenedora_id,v_unit_id,'Thais','Alves Gomes','2022-03-20 12:00:00','FEMININO'::"Gender",NULL,'PARDA',NULL,NULL,NULL,NULL,NULL,NULL,NULL,NULL,NULL,NULL,NULL,NULL,'BRASIL','Brasilia','DF',NULL,NULL,'{"mae": {"nome": null, "cpf": null, "telefone": null}, "pai": {"nome": null, "cpf": null, "telefone": null}, "responsavelPrincipal": {"nome": null, "cpf": null, "parentesco": null, "identidade": null, "orgaoExpedidor": null, "telefone": null}, "enderecoResponsavel": null, "cepResponsavel": null, "escolaridade": null, "profissao": null, "numeroDependentes": null, "numeroPessoasCasa": null}'::jsonb,'{"codigoAluno": null, "inscricao": null, "censo": null, "beneficio": null, "nis": null, "pisResponsavel": null, "cpfOriginalAluno": null, "cpfPersistidoNoCampoCpf": null, "cpfDuplicadoNaPlanilha": false, "serie2024": null, "origemLinhaPlanilha": 253}'::jsonb,'[]'::jsonb,'{"usaTransporteEscolar": null, "nomeTransporte": null}'::jsonb,'{"turmaPlanilha": "I PERÍODO", "professoraPlanilha": "Cliciane", "fonte": "DADOS PARA PLATAFORMA PEDAGÓGICA (1) (1).xlsx / Planilha1", "linhaPlanilha": 253, "raw": {"NOME": "THAIS ALVES GOMES", "SEXO": "F", "NASC": "2022-03-20T00:00:00", "NACIONALIDADE": "BRASIL", "NATURALIDADE": "Brasilia", "UF": "DF", "RAÇA": "PARDA", "TURMA": "I PERÍODO", "PROFESSORA": "Cliciane"}}'::jsonb,TRUE,NOW(),NOW())
  ON CONFLICT (id) DO UPDATE SET "unitId"=v_unit_id, "firstName"=EXCLUDED."firstName", "lastName"=EXCLUDED."lastName", "dateOfBirth"=EXCLUDED."dateOfBirth", gender=EXCLUDED.gender, cpf=EXCLUDED.cpf, raca=EXCLUDED.raca, peso=EXCLUDED.peso, "bloodType"=EXCLUDED."bloodType", allergies=EXCLUDED.allergies, "medicalConditions"=EXCLUDED."medicalConditions", "usoImagem"=EXCLUDED."usoImagem", laudado=EXCLUDED.laudado, nis=EXCLUDED.nis, "codigoAluno"=EXCLUDED."codigoAluno", inscricao=EXCLUDED.inscricao, "nomeMae"=EXCLUDED."nomeMae", "nomePai"=EXCLUDED."nomePai", "celPai"=EXCLUDED."celPai", nacionalidade=EXCLUDED.nacionalidade, naturalidade=EXCLUDED.naturalidade, "ufNascimento"=EXCLUDED."ufNascimento", endereco=EXCLUDED.endereco, cep=EXCLUDED.cep, "dadosResponsaveis"=EXCLUDED."dadosResponsaveis", "documentosMatricula"=EXCLUDED."documentosMatricula", "autorizadosRetirada"=EXCLUDED."autorizadosRetirada", "transporteEscolar"=EXCLUDED."transporteEscolar", "fichaAdministrativa"=EXCLUDED."fichaAdministrativa", "isActive"=TRUE, "updatedAt"=NOW();
  INSERT INTO "Enrollment" (id,"childId","classroomId","enrollmentDate",status,"createdAt","updatedAt")
  VALUES ('seed_enr_' || 'seed_pelicano_child_row253_thais_alves_gomes_seed_pelicano_class_pel_i_periodo_cliciane', 'seed_pelicano_child_row253_thais_alves_gomes', 'seed_pelicano_class_pel_i_periodo_cliciane', '2026-02-01 12:00:00', 'ATIVA'::"EnrollmentStatus", NOW(), NOW())
  ON CONFLICT ("childId","classroomId") DO UPDATE SET status=EXCLUDED.status, "updatedAt"=NOW();
  -- Aluno: THALISSON RHYAN GONCALVES LUZ PEREIRA
  INSERT INTO "Child" (id,"mantenedoraId","unitId","firstName","lastName","dateOfBirth",gender,cpf,raca,peso,"bloodType",allergies,"medicalConditions","usoImagem",laudado,nis,"codigoAluno",inscricao,"nomeMae","nomePai","celPai",nacionalidade,naturalidade,"ufNascimento",endereco,cep,"dadosResponsaveis","documentosMatricula","autorizadosRetirada","transporteEscolar","fichaAdministrativa","isActive","createdAt","updatedAt")
  VALUES ('seed_pelicano_child_row254_thalisson_rhyan_goncalves_luz_pereira',v_mantenedora_id,v_unit_id,'Thalisson','Rhyan Goncalves Luz Pereira','2021-09-16 12:00:00','MASCULINO'::"Gender",'132.954.491-63','PARDA',NULL,NULL,NULL,NULL,NULL,NULL,NULL,NULL,NULL,NULL,NULL,NULL,'BRASIL','Brasilia','DF',NULL,NULL,'{"mae": {"nome": null, "cpf": null, "telefone": null}, "pai": {"nome": null, "cpf": null, "telefone": null}, "responsavelPrincipal": {"nome": null, "cpf": null, "parentesco": null, "identidade": null, "orgaoExpedidor": null, "telefone": null}, "enderecoResponsavel": null, "cepResponsavel": null, "escolaridade": null, "profissao": null, "numeroDependentes": null, "numeroPessoasCasa": null}'::jsonb,'{"codigoAluno": null, "inscricao": null, "censo": null, "beneficio": null, "nis": null, "pisResponsavel": null, "cpfOriginalAluno": "132.954.491-63", "cpfPersistidoNoCampoCpf": "132.954.491-63", "cpfDuplicadoNaPlanilha": false, "serie2024": null, "origemLinhaPlanilha": 254}'::jsonb,'[]'::jsonb,'{"usaTransporteEscolar": null, "nomeTransporte": null}'::jsonb,'{"turmaPlanilha": "I PERÍODO", "professoraPlanilha": "Danielle", "fonte": "DADOS PARA PLATAFORMA PEDAGÓGICA (1) (1).xlsx / Planilha1", "linhaPlanilha": 254, "raw": {"NOME": "THALISSON RHYAN GONCALVES LUZ PEREIRA", "SEXO": "M", "NASC": "2021-09-16T00:00:00", "NACIONALIDADE": "BRASIL", "NATURALIDADE": "Brasilia", "UF": "DF", "CPF": "13295449163", "RAÇA": "PARDA", "TURMA": "I PERÍODO", "PROFESSORA": "Danielle"}}'::jsonb,TRUE,NOW(),NOW())
  ON CONFLICT (id) DO UPDATE SET "unitId"=v_unit_id, "firstName"=EXCLUDED."firstName", "lastName"=EXCLUDED."lastName", "dateOfBirth"=EXCLUDED."dateOfBirth", gender=EXCLUDED.gender, cpf=EXCLUDED.cpf, raca=EXCLUDED.raca, peso=EXCLUDED.peso, "bloodType"=EXCLUDED."bloodType", allergies=EXCLUDED.allergies, "medicalConditions"=EXCLUDED."medicalConditions", "usoImagem"=EXCLUDED."usoImagem", laudado=EXCLUDED.laudado, nis=EXCLUDED.nis, "codigoAluno"=EXCLUDED."codigoAluno", inscricao=EXCLUDED.inscricao, "nomeMae"=EXCLUDED."nomeMae", "nomePai"=EXCLUDED."nomePai", "celPai"=EXCLUDED."celPai", nacionalidade=EXCLUDED.nacionalidade, naturalidade=EXCLUDED.naturalidade, "ufNascimento"=EXCLUDED."ufNascimento", endereco=EXCLUDED.endereco, cep=EXCLUDED.cep, "dadosResponsaveis"=EXCLUDED."dadosResponsaveis", "documentosMatricula"=EXCLUDED."documentosMatricula", "autorizadosRetirada"=EXCLUDED."autorizadosRetirada", "transporteEscolar"=EXCLUDED."transporteEscolar", "fichaAdministrativa"=EXCLUDED."fichaAdministrativa", "isActive"=TRUE, "updatedAt"=NOW();
  INSERT INTO "Enrollment" (id,"childId","classroomId","enrollmentDate",status,"createdAt","updatedAt")
  VALUES ('seed_enr_' || 'seed_pelicano_child_row254_thalisson_rhyan_goncalves_luz_pereira_seed_pelicano_class_pel_i_periodo_d', 'seed_pelicano_child_row254_thalisson_rhyan_goncalves_luz_pereira', 'seed_pelicano_class_pel_i_periodo_danielle', '2026-02-01 12:00:00', 'ATIVA'::"EnrollmentStatus", NOW(), NOW())
  ON CONFLICT ("childId","classroomId") DO UPDATE SET status=EXCLUDED.status, "updatedAt"=NOW();
  -- Aluno: VALENTINA VIANA SANTOS
  INSERT INTO "Child" (id,"mantenedoraId","unitId","firstName","lastName","dateOfBirth",gender,cpf,raca,peso,"bloodType",allergies,"medicalConditions","usoImagem",laudado,nis,"codigoAluno",inscricao,"nomeMae","nomePai","celPai",nacionalidade,naturalidade,"ufNascimento",endereco,cep,"dadosResponsaveis","documentosMatricula","autorizadosRetirada","transporteEscolar","fichaAdministrativa","isActive","createdAt","updatedAt")
  VALUES ('seed_pelicano_child_row255_valentina_viana_santos',v_mantenedora_id,v_unit_id,'Valentina','Viana Santos','2021-06-12 12:00:00','FEMININO'::"Gender",'112.013.061-16','PARDA',NULL,NULL,NULL,NULL,NULL,NULL,NULL,NULL,NULL,NULL,NULL,NULL,'BRASIL','Brasilia','DF',NULL,NULL,'{"mae": {"nome": null, "cpf": null, "telefone": null}, "pai": {"nome": null, "cpf": null, "telefone": null}, "responsavelPrincipal": {"nome": null, "cpf": null, "parentesco": null, "identidade": null, "orgaoExpedidor": null, "telefone": null}, "enderecoResponsavel": null, "cepResponsavel": null, "escolaridade": null, "profissao": null, "numeroDependentes": null, "numeroPessoasCasa": null}'::jsonb,'{"codigoAluno": null, "inscricao": null, "censo": null, "beneficio": null, "nis": null, "pisResponsavel": null, "cpfOriginalAluno": "112.013.061-16", "cpfPersistidoNoCampoCpf": "112.013.061-16", "cpfDuplicadoNaPlanilha": false, "serie2024": null, "origemLinhaPlanilha": 255}'::jsonb,'[]'::jsonb,'{"usaTransporteEscolar": null, "nomeTransporte": null}'::jsonb,'{"turmaPlanilha": "I PERÍODO", "professoraPlanilha": "Elza", "fonte": "DADOS PARA PLATAFORMA PEDAGÓGICA (1) (1).xlsx / Planilha1", "linhaPlanilha": 255, "raw": {"NOME": "VALENTINA VIANA SANTOS", "SEXO": "F", "NASC": "2021-06-12T00:00:00", "NACIONALIDADE": "BRASIL", "NATURALIDADE": "Brasilia", "UF": "DF", "CPF": "11201306116", "RAÇA": "PARDA", "TURMA": "I PERÍODO", "PROFESSORA": "Elza"}}'::jsonb,TRUE,NOW(),NOW())
  ON CONFLICT (id) DO UPDATE SET "unitId"=v_unit_id, "firstName"=EXCLUDED."firstName", "lastName"=EXCLUDED."lastName", "dateOfBirth"=EXCLUDED."dateOfBirth", gender=EXCLUDED.gender, cpf=EXCLUDED.cpf, raca=EXCLUDED.raca, peso=EXCLUDED.peso, "bloodType"=EXCLUDED."bloodType", allergies=EXCLUDED.allergies, "medicalConditions"=EXCLUDED."medicalConditions", "usoImagem"=EXCLUDED."usoImagem", laudado=EXCLUDED.laudado, nis=EXCLUDED.nis, "codigoAluno"=EXCLUDED."codigoAluno", inscricao=EXCLUDED.inscricao, "nomeMae"=EXCLUDED."nomeMae", "nomePai"=EXCLUDED."nomePai", "celPai"=EXCLUDED."celPai", nacionalidade=EXCLUDED.nacionalidade, naturalidade=EXCLUDED.naturalidade, "ufNascimento"=EXCLUDED."ufNascimento", endereco=EXCLUDED.endereco, cep=EXCLUDED.cep, "dadosResponsaveis"=EXCLUDED."dadosResponsaveis", "documentosMatricula"=EXCLUDED."documentosMatricula", "autorizadosRetirada"=EXCLUDED."autorizadosRetirada", "transporteEscolar"=EXCLUDED."transporteEscolar", "fichaAdministrativa"=EXCLUDED."fichaAdministrativa", "isActive"=TRUE, "updatedAt"=NOW();
  INSERT INTO "Enrollment" (id,"childId","classroomId","enrollmentDate",status,"createdAt","updatedAt")
  VALUES ('seed_enr_' || 'seed_pelicano_child_row255_valentina_viana_santos_seed_pelicano_class_pel_i_periodo_elza', 'seed_pelicano_child_row255_valentina_viana_santos', 'seed_pelicano_class_pel_i_periodo_elza', '2026-02-01 12:00:00', 'ATIVA'::"EnrollmentStatus", NOW(), NOW())
  ON CONFLICT ("childId","classroomId") DO UPDATE SET status=EXCLUDED.status, "updatedAt"=NOW();
  -- Aluno: YASMIM CHAVES DE OLIVEIRA
  INSERT INTO "Child" (id,"mantenedoraId","unitId","firstName","lastName","dateOfBirth",gender,cpf,raca,peso,"bloodType",allergies,"medicalConditions","usoImagem",laudado,nis,"codigoAluno",inscricao,"nomeMae","nomePai","celPai",nacionalidade,naturalidade,"ufNascimento",endereco,cep,"dadosResponsaveis","documentosMatricula","autorizadosRetirada","transporteEscolar","fichaAdministrativa","isActive","createdAt","updatedAt")
  VALUES ('seed_pelicano_child_row256_yasmim_chaves_de_oliveira',v_mantenedora_id,v_unit_id,'Yasmim','Chaves De Oliveira','2022-03-07 12:00:00','FEMININO'::"Gender",'115.143.761-13','PARDA',NULL,NULL,NULL,NULL,NULL,NULL,NULL,NULL,NULL,NULL,NULL,NULL,'BRASIL','Brasilia','DF',NULL,NULL,'{"mae": {"nome": null, "cpf": null, "telefone": null}, "pai": {"nome": null, "cpf": null, "telefone": null}, "responsavelPrincipal": {"nome": null, "cpf": null, "parentesco": null, "identidade": null, "orgaoExpedidor": null, "telefone": null}, "enderecoResponsavel": null, "cepResponsavel": null, "escolaridade": null, "profissao": null, "numeroDependentes": null, "numeroPessoasCasa": null}'::jsonb,'{"codigoAluno": null, "inscricao": null, "censo": null, "beneficio": null, "nis": null, "pisResponsavel": null, "cpfOriginalAluno": "115.143.761-13", "cpfPersistidoNoCampoCpf": "115.143.761-13", "cpfDuplicadoNaPlanilha": false, "serie2024": null, "origemLinhaPlanilha": 256}'::jsonb,'[]'::jsonb,'{"usaTransporteEscolar": null, "nomeTransporte": null}'::jsonb,'{"turmaPlanilha": "I PERÍODO", "professoraPlanilha": "Elza", "fonte": "DADOS PARA PLATAFORMA PEDAGÓGICA (1) (1).xlsx / Planilha1", "linhaPlanilha": 256, "raw": {"NOME": "YASMIM CHAVES DE OLIVEIRA", "SEXO": "F", "NASC": "2022-03-07T00:00:00", "NACIONALIDADE": "BRASIL", "NATURALIDADE": "Brasilia", "UF": "DF", "CPF": "11514376113", "RAÇA": "PARDA", "TURMA": "I PERÍODO", "PROFESSORA": "Elza"}}'::jsonb,TRUE,NOW(),NOW())
  ON CONFLICT (id) DO UPDATE SET "unitId"=v_unit_id, "firstName"=EXCLUDED."firstName", "lastName"=EXCLUDED."lastName", "dateOfBirth"=EXCLUDED."dateOfBirth", gender=EXCLUDED.gender, cpf=EXCLUDED.cpf, raca=EXCLUDED.raca, peso=EXCLUDED.peso, "bloodType"=EXCLUDED."bloodType", allergies=EXCLUDED.allergies, "medicalConditions"=EXCLUDED."medicalConditions", "usoImagem"=EXCLUDED."usoImagem", laudado=EXCLUDED.laudado, nis=EXCLUDED.nis, "codigoAluno"=EXCLUDED."codigoAluno", inscricao=EXCLUDED.inscricao, "nomeMae"=EXCLUDED."nomeMae", "nomePai"=EXCLUDED."nomePai", "celPai"=EXCLUDED."celPai", nacionalidade=EXCLUDED.nacionalidade, naturalidade=EXCLUDED.naturalidade, "ufNascimento"=EXCLUDED."ufNascimento", endereco=EXCLUDED.endereco, cep=EXCLUDED.cep, "dadosResponsaveis"=EXCLUDED."dadosResponsaveis", "documentosMatricula"=EXCLUDED."documentosMatricula", "autorizadosRetirada"=EXCLUDED."autorizadosRetirada", "transporteEscolar"=EXCLUDED."transporteEscolar", "fichaAdministrativa"=EXCLUDED."fichaAdministrativa", "isActive"=TRUE, "updatedAt"=NOW();
  INSERT INTO "Enrollment" (id,"childId","classroomId","enrollmentDate",status,"createdAt","updatedAt")
  VALUES ('seed_enr_' || 'seed_pelicano_child_row256_yasmim_chaves_de_oliveira_seed_pelicano_class_pel_i_periodo_elza', 'seed_pelicano_child_row256_yasmim_chaves_de_oliveira', 'seed_pelicano_class_pel_i_periodo_elza', '2026-02-01 12:00:00', 'ATIVA'::"EnrollmentStatus", NOW(), NOW())
  ON CONFLICT ("childId","classroomId") DO UPDATE SET status=EXCLUDED.status, "updatedAt"=NOW();
  -- Aluno: YSAMAK MARQUES TRINDADE
  INSERT INTO "Child" (id,"mantenedoraId","unitId","firstName","lastName","dateOfBirth",gender,cpf,raca,peso,"bloodType",allergies,"medicalConditions","usoImagem",laudado,nis,"codigoAluno",inscricao,"nomeMae","nomePai","celPai",nacionalidade,naturalidade,"ufNascimento",endereco,cep,"dadosResponsaveis","documentosMatricula","autorizadosRetirada","transporteEscolar","fichaAdministrativa","isActive","createdAt","updatedAt")
  VALUES ('seed_pelicano_child_row257_ysamak_marques_trindade',v_mantenedora_id,v_unit_id,'Ysamak','Marques Trindade','2021-12-31 12:00:00','MASCULINO'::"Gender",'142.748.281-64','PARDA',NULL,NULL,NULL,NULL,NULL,NULL,NULL,NULL,NULL,NULL,NULL,NULL,'BRASIL','Brasilia','DF',NULL,NULL,'{"mae": {"nome": null, "cpf": null, "telefone": null}, "pai": {"nome": null, "cpf": null, "telefone": null}, "responsavelPrincipal": {"nome": null, "cpf": null, "parentesco": null, "identidade": null, "orgaoExpedidor": null, "telefone": null}, "enderecoResponsavel": null, "cepResponsavel": null, "escolaridade": null, "profissao": null, "numeroDependentes": null, "numeroPessoasCasa": null}'::jsonb,'{"codigoAluno": null, "inscricao": null, "censo": null, "beneficio": null, "nis": null, "pisResponsavel": null, "cpfOriginalAluno": "142.748.281-64", "cpfPersistidoNoCampoCpf": "142.748.281-64", "cpfDuplicadoNaPlanilha": false, "serie2024": null, "origemLinhaPlanilha": 257}'::jsonb,'[]'::jsonb,'{"usaTransporteEscolar": null, "nomeTransporte": null}'::jsonb,'{"turmaPlanilha": "I PERÍODO", "professoraPlanilha": "Elza", "fonte": "DADOS PARA PLATAFORMA PEDAGÓGICA (1) (1).xlsx / Planilha1", "linhaPlanilha": 257, "raw": {"NOME": "YSAMAK MARQUES TRINDADE", "SEXO": "M", "NASC": "2021-12-31T00:00:00", "NACIONALIDADE": "BRASIL", "NATURALIDADE": "Brasilia", "UF": "DF", "CPF": "14274828164", "RAÇA": "PARDA", "TURMA": "I PERÍODO", "PROFESSORA": "Elza"}}'::jsonb,TRUE,NOW(),NOW())
  ON CONFLICT (id) DO UPDATE SET "unitId"=v_unit_id, "firstName"=EXCLUDED."firstName", "lastName"=EXCLUDED."lastName", "dateOfBirth"=EXCLUDED."dateOfBirth", gender=EXCLUDED.gender, cpf=EXCLUDED.cpf, raca=EXCLUDED.raca, peso=EXCLUDED.peso, "bloodType"=EXCLUDED."bloodType", allergies=EXCLUDED.allergies, "medicalConditions"=EXCLUDED."medicalConditions", "usoImagem"=EXCLUDED."usoImagem", laudado=EXCLUDED.laudado, nis=EXCLUDED.nis, "codigoAluno"=EXCLUDED."codigoAluno", inscricao=EXCLUDED.inscricao, "nomeMae"=EXCLUDED."nomeMae", "nomePai"=EXCLUDED."nomePai", "celPai"=EXCLUDED."celPai", nacionalidade=EXCLUDED.nacionalidade, naturalidade=EXCLUDED.naturalidade, "ufNascimento"=EXCLUDED."ufNascimento", endereco=EXCLUDED.endereco, cep=EXCLUDED.cep, "dadosResponsaveis"=EXCLUDED."dadosResponsaveis", "documentosMatricula"=EXCLUDED."documentosMatricula", "autorizadosRetirada"=EXCLUDED."autorizadosRetirada", "transporteEscolar"=EXCLUDED."transporteEscolar", "fichaAdministrativa"=EXCLUDED."fichaAdministrativa", "isActive"=TRUE, "updatedAt"=NOW();
  INSERT INTO "Enrollment" (id,"childId","classroomId","enrollmentDate",status,"createdAt","updatedAt")
  VALUES ('seed_enr_' || 'seed_pelicano_child_row257_ysamak_marques_trindade_seed_pelicano_class_pel_i_periodo_elza', 'seed_pelicano_child_row257_ysamak_marques_trindade', 'seed_pelicano_class_pel_i_periodo_elza', '2026-02-01 12:00:00', 'ATIVA'::"EnrollmentStatus", NOW(), NOW())
  ON CONFLICT ("childId","classroomId") DO UPDATE SET status=EXCLUDED.status, "updatedAt"=NOW();
  -- Aluno: YURI VIDAL DE SOUSA
  INSERT INTO "Child" (id,"mantenedoraId","unitId","firstName","lastName","dateOfBirth",gender,cpf,raca,peso,"bloodType",allergies,"medicalConditions","usoImagem",laudado,nis,"codigoAluno",inscricao,"nomeMae","nomePai","celPai",nacionalidade,naturalidade,"ufNascimento",endereco,cep,"dadosResponsaveis","documentosMatricula","autorizadosRetirada","transporteEscolar","fichaAdministrativa","isActive","createdAt","updatedAt")
  VALUES ('seed_pelicano_child_212808_yuri_vidal_de_sousa',v_mantenedora_id,v_unit_id,'Yuri','Vidal De Sousa','2021-12-30 12:00:00','MASCULINO'::"Gender",'114.278.781-88','PARDA',NULL,NULL,NULL,NULL,NULL,NULL,NULL,'212808','1185663',NULL,NULL,NULL,'BRASIL','Brasilia','DF',NULL,NULL,'{"mae": {"nome": null, "cpf": null, "telefone": null}, "pai": {"nome": null, "cpf": null, "telefone": null}, "responsavelPrincipal": {"nome": null, "cpf": null, "parentesco": null, "identidade": null, "orgaoExpedidor": null, "telefone": null}, "enderecoResponsavel": null, "cepResponsavel": null, "escolaridade": null, "profissao": null, "numeroDependentes": null, "numeroPessoasCasa": null}'::jsonb,'{"codigoAluno": "212808", "inscricao": "1185663", "censo": null, "beneficio": null, "nis": null, "pisResponsavel": null, "cpfOriginalAluno": "114.278.781-88", "cpfPersistidoNoCampoCpf": "114.278.781-88", "cpfDuplicadoNaPlanilha": false, "serie2024": null, "origemLinhaPlanilha": 258}'::jsonb,'[]'::jsonb,'{"usaTransporteEscolar": null, "nomeTransporte": null}'::jsonb,'{"turmaPlanilha": "II PERÍODO", "professoraPlanilha": null, "fonte": "DADOS PARA PLATAFORMA PEDAGÓGICA (1) (1).xlsx / Planilha1", "linhaPlanilha": 258, "raw": {"COD. ALUNO": "212808", "INSCRIÇÃO": "1185663", "NOME": "YURI VIDAL DE SOUSA", "SEXO": "M", "NASC": "2021-12-30T00:00:00", "NACIONALIDADE": "BRASIL", "NATURALIDADE": "Brasilia", "UF": "DF", "CPF": "11427878188", "RAÇA": "PARDA", "TURMA": "II PERÍODO"}}'::jsonb,TRUE,NOW(),NOW())
  ON CONFLICT (id) DO UPDATE SET "unitId"=v_unit_id, "firstName"=EXCLUDED."firstName", "lastName"=EXCLUDED."lastName", "dateOfBirth"=EXCLUDED."dateOfBirth", gender=EXCLUDED.gender, cpf=EXCLUDED.cpf, raca=EXCLUDED.raca, peso=EXCLUDED.peso, "bloodType"=EXCLUDED."bloodType", allergies=EXCLUDED.allergies, "medicalConditions"=EXCLUDED."medicalConditions", "usoImagem"=EXCLUDED."usoImagem", laudado=EXCLUDED.laudado, nis=EXCLUDED.nis, "codigoAluno"=EXCLUDED."codigoAluno", inscricao=EXCLUDED.inscricao, "nomeMae"=EXCLUDED."nomeMae", "nomePai"=EXCLUDED."nomePai", "celPai"=EXCLUDED."celPai", nacionalidade=EXCLUDED.nacionalidade, naturalidade=EXCLUDED.naturalidade, "ufNascimento"=EXCLUDED."ufNascimento", endereco=EXCLUDED.endereco, cep=EXCLUDED.cep, "dadosResponsaveis"=EXCLUDED."dadosResponsaveis", "documentosMatricula"=EXCLUDED."documentosMatricula", "autorizadosRetirada"=EXCLUDED."autorizadosRetirada", "transporteEscolar"=EXCLUDED."transporteEscolar", "fichaAdministrativa"=EXCLUDED."fichaAdministrativa", "isActive"=TRUE, "updatedAt"=NOW();
  INSERT INTO "Enrollment" (id,"childId","classroomId","enrollmentDate",status,"createdAt","updatedAt")
  VALUES ('seed_enr_' || 'seed_pelicano_child_212808_yuri_vidal_de_sousa_seed_pelicano_class_pel_ii_periodo_sem_professora', 'seed_pelicano_child_212808_yuri_vidal_de_sousa', 'seed_pelicano_class_pel_ii_periodo_sem_professora', '2026-02-01 12:00:00', 'ATIVA'::"EnrollmentStatus", NOW(), NOW())
  ON CONFLICT ("childId","classroomId") DO UPDATE SET status=EXCLUDED.status, "updatedAt"=NOW();
  -- Aluno: AGATHA DA SILVA SOUZA
  INSERT INTO "Child" (id,"mantenedoraId","unitId","firstName","lastName","dateOfBirth",gender,cpf,raca,peso,"bloodType",allergies,"medicalConditions","usoImagem",laudado,nis,"codigoAluno",inscricao,"nomeMae","nomePai","celPai",nacionalidade,naturalidade,"ufNascimento",endereco,cep,"dadosResponsaveis","documentosMatricula","autorizadosRetirada","transporteEscolar","fichaAdministrativa","isActive","createdAt","updatedAt")
  VALUES ('seed_pelicano_child_row259_agatha_da_silva_souza',v_mantenedora_id,v_unit_id,'Agatha','Da Silva Souza','2020-08-13 12:00:00','FEMININO'::"Gender",'108.516.631-76','PARDA',NULL,NULL,NULL,NULL,NULL,NULL,NULL,NULL,NULL,NULL,NULL,NULL,'BRASIL','Brasilia','DF',NULL,NULL,'{"mae": {"nome": null, "cpf": null, "telefone": null}, "pai": {"nome": null, "cpf": null, "telefone": null}, "responsavelPrincipal": {"nome": null, "cpf": null, "parentesco": null, "identidade": null, "orgaoExpedidor": null, "telefone": null}, "enderecoResponsavel": null, "cepResponsavel": null, "escolaridade": null, "profissao": null, "numeroDependentes": null, "numeroPessoasCasa": null}'::jsonb,'{"codigoAluno": null, "inscricao": null, "censo": null, "beneficio": null, "nis": null, "pisResponsavel": null, "cpfOriginalAluno": "108.516.631-76", "cpfPersistidoNoCampoCpf": "108.516.631-76", "cpfDuplicadoNaPlanilha": false, "serie2024": null, "origemLinhaPlanilha": 259}'::jsonb,'[]'::jsonb,'{"usaTransporteEscolar": null, "nomeTransporte": null}'::jsonb,'{"turmaPlanilha": "II PERÍODO", "professoraPlanilha": null, "fonte": "DADOS PARA PLATAFORMA PEDAGÓGICA (1) (1).xlsx / Planilha1", "linhaPlanilha": 259, "raw": {"NOME": "AGATHA DA SILVA SOUZA", "SEXO": "F", "NASC": "2020-08-13T00:00:00", "NACIONALIDADE": "BRASIL", "NATURALIDADE": "Brasilia", "UF": "DF", "CPF": "10851663176", "RAÇA": "PARDA", "TURMA": "II PERÍODO"}}'::jsonb,TRUE,NOW(),NOW())
  ON CONFLICT (id) DO UPDATE SET "unitId"=v_unit_id, "firstName"=EXCLUDED."firstName", "lastName"=EXCLUDED."lastName", "dateOfBirth"=EXCLUDED."dateOfBirth", gender=EXCLUDED.gender, cpf=EXCLUDED.cpf, raca=EXCLUDED.raca, peso=EXCLUDED.peso, "bloodType"=EXCLUDED."bloodType", allergies=EXCLUDED.allergies, "medicalConditions"=EXCLUDED."medicalConditions", "usoImagem"=EXCLUDED."usoImagem", laudado=EXCLUDED.laudado, nis=EXCLUDED.nis, "codigoAluno"=EXCLUDED."codigoAluno", inscricao=EXCLUDED.inscricao, "nomeMae"=EXCLUDED."nomeMae", "nomePai"=EXCLUDED."nomePai", "celPai"=EXCLUDED."celPai", nacionalidade=EXCLUDED.nacionalidade, naturalidade=EXCLUDED.naturalidade, "ufNascimento"=EXCLUDED."ufNascimento", endereco=EXCLUDED.endereco, cep=EXCLUDED.cep, "dadosResponsaveis"=EXCLUDED."dadosResponsaveis", "documentosMatricula"=EXCLUDED."documentosMatricula", "autorizadosRetirada"=EXCLUDED."autorizadosRetirada", "transporteEscolar"=EXCLUDED."transporteEscolar", "fichaAdministrativa"=EXCLUDED."fichaAdministrativa", "isActive"=TRUE, "updatedAt"=NOW();
  INSERT INTO "Enrollment" (id,"childId","classroomId","enrollmentDate",status,"createdAt","updatedAt")
  VALUES ('seed_enr_' || 'seed_pelicano_child_row259_agatha_da_silva_souza_seed_pelicano_class_pel_ii_periodo_sem_professora', 'seed_pelicano_child_row259_agatha_da_silva_souza', 'seed_pelicano_class_pel_ii_periodo_sem_professora', '2026-02-01 12:00:00', 'ATIVA'::"EnrollmentStatus", NOW(), NOW())
  ON CONFLICT ("childId","classroomId") DO UPDATE SET status=EXCLUDED.status, "updatedAt"=NOW();
  -- Aluno: ALEX HENRIQUE NUNES DOS SANTOS
  INSERT INTO "Child" (id,"mantenedoraId","unitId","firstName","lastName","dateOfBirth",gender,cpf,raca,peso,"bloodType",allergies,"medicalConditions","usoImagem",laudado,nis,"codigoAluno",inscricao,"nomeMae","nomePai","celPai",nacionalidade,naturalidade,"ufNascimento",endereco,cep,"dadosResponsaveis","documentosMatricula","autorizadosRetirada","transporteEscolar","fichaAdministrativa","isActive","createdAt","updatedAt")
  VALUES ('seed_pelicano_child_row260_alex_henrique_nunes_dos_santos',v_mantenedora_id,v_unit_id,'Alex','Henrique Nunes Dos Santos','2020-08-07 12:00:00','MASCULINO'::"Gender",NULL,'PARDA',NULL,NULL,NULL,NULL,NULL,NULL,NULL,NULL,NULL,NULL,NULL,NULL,'BRASIL','Brasilia','DF',NULL,NULL,'{"mae": {"nome": null, "cpf": null, "telefone": null}, "pai": {"nome": null, "cpf": null, "telefone": null}, "responsavelPrincipal": {"nome": null, "cpf": null, "parentesco": null, "identidade": null, "orgaoExpedidor": null, "telefone": null}, "enderecoResponsavel": null, "cepResponsavel": null, "escolaridade": null, "profissao": null, "numeroDependentes": null, "numeroPessoasCasa": null}'::jsonb,'{"codigoAluno": null, "inscricao": null, "censo": null, "beneficio": null, "nis": null, "pisResponsavel": null, "cpfOriginalAluno": null, "cpfPersistidoNoCampoCpf": null, "cpfDuplicadoNaPlanilha": false, "serie2024": null, "origemLinhaPlanilha": 260}'::jsonb,'[]'::jsonb,'{"usaTransporteEscolar": null, "nomeTransporte": null}'::jsonb,'{"turmaPlanilha": "II PERÍODO", "professoraPlanilha": null, "fonte": "DADOS PARA PLATAFORMA PEDAGÓGICA (1) (1).xlsx / Planilha1", "linhaPlanilha": 260, "raw": {"NOME": "ALEX HENRIQUE NUNES DOS SANTOS", "SEXO": "M", "NASC": "2020-08-07T00:00:00", "NACIONALIDADE": "BRASIL", "NATURALIDADE": "Brasilia", "UF": "DF", "RAÇA": "PARDA", "TURMA": "II PERÍODO"}}'::jsonb,TRUE,NOW(),NOW())
  ON CONFLICT (id) DO UPDATE SET "unitId"=v_unit_id, "firstName"=EXCLUDED."firstName", "lastName"=EXCLUDED."lastName", "dateOfBirth"=EXCLUDED."dateOfBirth", gender=EXCLUDED.gender, cpf=EXCLUDED.cpf, raca=EXCLUDED.raca, peso=EXCLUDED.peso, "bloodType"=EXCLUDED."bloodType", allergies=EXCLUDED.allergies, "medicalConditions"=EXCLUDED."medicalConditions", "usoImagem"=EXCLUDED."usoImagem", laudado=EXCLUDED.laudado, nis=EXCLUDED.nis, "codigoAluno"=EXCLUDED."codigoAluno", inscricao=EXCLUDED.inscricao, "nomeMae"=EXCLUDED."nomeMae", "nomePai"=EXCLUDED."nomePai", "celPai"=EXCLUDED."celPai", nacionalidade=EXCLUDED.nacionalidade, naturalidade=EXCLUDED.naturalidade, "ufNascimento"=EXCLUDED."ufNascimento", endereco=EXCLUDED.endereco, cep=EXCLUDED.cep, "dadosResponsaveis"=EXCLUDED."dadosResponsaveis", "documentosMatricula"=EXCLUDED."documentosMatricula", "autorizadosRetirada"=EXCLUDED."autorizadosRetirada", "transporteEscolar"=EXCLUDED."transporteEscolar", "fichaAdministrativa"=EXCLUDED."fichaAdministrativa", "isActive"=TRUE, "updatedAt"=NOW();
  INSERT INTO "Enrollment" (id,"childId","classroomId","enrollmentDate",status,"createdAt","updatedAt")
  VALUES ('seed_enr_' || 'seed_pelicano_child_row260_alex_henrique_nunes_dos_santos_seed_pelicano_class_pel_ii_periodo_sem_pro', 'seed_pelicano_child_row260_alex_henrique_nunes_dos_santos', 'seed_pelicano_class_pel_ii_periodo_sem_professora', '2026-02-01 12:00:00', 'ATIVA'::"EnrollmentStatus", NOW(), NOW())
  ON CONFLICT ("childId","classroomId") DO UPDATE SET status=EXCLUDED.status, "updatedAt"=NOW();
  -- Aluno: ALICE MAIA DA SILVA
  INSERT INTO "Child" (id,"mantenedoraId","unitId","firstName","lastName","dateOfBirth",gender,cpf,raca,peso,"bloodType",allergies,"medicalConditions","usoImagem",laudado,nis,"codigoAluno",inscricao,"nomeMae","nomePai","celPai",nacionalidade,naturalidade,"ufNascimento",endereco,cep,"dadosResponsaveis","documentosMatricula","autorizadosRetirada","transporteEscolar","fichaAdministrativa","isActive","createdAt","updatedAt")
  VALUES ('seed_pelicano_child_row261_alice_maia_da_silva',v_mantenedora_id,v_unit_id,'Alice','Maia Da Silva','2020-10-01 12:00:00','FEMININO'::"Gender",'109.069.571-33','PARDA',NULL,NULL,NULL,NULL,NULL,NULL,NULL,NULL,NULL,NULL,NULL,NULL,'BRASIL','Brasilia','DF',NULL,NULL,'{"mae": {"nome": null, "cpf": null, "telefone": null}, "pai": {"nome": null, "cpf": null, "telefone": null}, "responsavelPrincipal": {"nome": null, "cpf": null, "parentesco": null, "identidade": null, "orgaoExpedidor": null, "telefone": null}, "enderecoResponsavel": null, "cepResponsavel": null, "escolaridade": null, "profissao": null, "numeroDependentes": null, "numeroPessoasCasa": null}'::jsonb,'{"codigoAluno": null, "inscricao": null, "censo": null, "beneficio": null, "nis": null, "pisResponsavel": null, "cpfOriginalAluno": "109.069.571-33", "cpfPersistidoNoCampoCpf": "109.069.571-33", "cpfDuplicadoNaPlanilha": false, "serie2024": null, "origemLinhaPlanilha": 261}'::jsonb,'[]'::jsonb,'{"usaTransporteEscolar": null, "nomeTransporte": null}'::jsonb,'{"turmaPlanilha": "II PERÍODO", "professoraPlanilha": null, "fonte": "DADOS PARA PLATAFORMA PEDAGÓGICA (1) (1).xlsx / Planilha1", "linhaPlanilha": 261, "raw": {"NOME": "ALICE MAIA DA SILVA", "SEXO": "F", "NASC": "2020-10-01T00:00:00", "NACIONALIDADE": "BRASIL", "NATURALIDADE": "Brasilia", "UF": "DF", "CPF": "10906957133", "RAÇA": "PARDA", "TURMA": "II PERÍODO"}}'::jsonb,TRUE,NOW(),NOW())
  ON CONFLICT (id) DO UPDATE SET "unitId"=v_unit_id, "firstName"=EXCLUDED."firstName", "lastName"=EXCLUDED."lastName", "dateOfBirth"=EXCLUDED."dateOfBirth", gender=EXCLUDED.gender, cpf=EXCLUDED.cpf, raca=EXCLUDED.raca, peso=EXCLUDED.peso, "bloodType"=EXCLUDED."bloodType", allergies=EXCLUDED.allergies, "medicalConditions"=EXCLUDED."medicalConditions", "usoImagem"=EXCLUDED."usoImagem", laudado=EXCLUDED.laudado, nis=EXCLUDED.nis, "codigoAluno"=EXCLUDED."codigoAluno", inscricao=EXCLUDED.inscricao, "nomeMae"=EXCLUDED."nomeMae", "nomePai"=EXCLUDED."nomePai", "celPai"=EXCLUDED."celPai", nacionalidade=EXCLUDED.nacionalidade, naturalidade=EXCLUDED.naturalidade, "ufNascimento"=EXCLUDED."ufNascimento", endereco=EXCLUDED.endereco, cep=EXCLUDED.cep, "dadosResponsaveis"=EXCLUDED."dadosResponsaveis", "documentosMatricula"=EXCLUDED."documentosMatricula", "autorizadosRetirada"=EXCLUDED."autorizadosRetirada", "transporteEscolar"=EXCLUDED."transporteEscolar", "fichaAdministrativa"=EXCLUDED."fichaAdministrativa", "isActive"=TRUE, "updatedAt"=NOW();
  INSERT INTO "Enrollment" (id,"childId","classroomId","enrollmentDate",status,"createdAt","updatedAt")
  VALUES ('seed_enr_' || 'seed_pelicano_child_row261_alice_maia_da_silva_seed_pelicano_class_pel_ii_periodo_sem_professora', 'seed_pelicano_child_row261_alice_maia_da_silva', 'seed_pelicano_class_pel_ii_periodo_sem_professora', '2026-02-01 12:00:00', 'ATIVA'::"EnrollmentStatus", NOW(), NOW())
  ON CONFLICT ("childId","classroomId") DO UPDATE SET status=EXCLUDED.status, "updatedAt"=NOW();
  -- Aluno: ALICIA ALMADA OLIVEIRA
  INSERT INTO "Child" (id,"mantenedoraId","unitId","firstName","lastName","dateOfBirth",gender,cpf,raca,peso,"bloodType",allergies,"medicalConditions","usoImagem",laudado,nis,"codigoAluno",inscricao,"nomeMae","nomePai","celPai",nacionalidade,naturalidade,"ufNascimento",endereco,cep,"dadosResponsaveis","documentosMatricula","autorizadosRetirada","transporteEscolar","fichaAdministrativa","isActive","createdAt","updatedAt")
  VALUES ('seed_pelicano_child_row262_alicia_almada_oliveira',v_mantenedora_id,v_unit_id,'Alicia','Almada Oliveira','2020-04-22 12:00:00','FEMININO'::"Gender",'107.169.971-77','PARDA',NULL,NULL,NULL,NULL,NULL,NULL,NULL,NULL,NULL,NULL,NULL,NULL,'BRASIL','Brasilia','DF',NULL,NULL,'{"mae": {"nome": null, "cpf": null, "telefone": null}, "pai": {"nome": null, "cpf": null, "telefone": null}, "responsavelPrincipal": {"nome": null, "cpf": null, "parentesco": null, "identidade": null, "orgaoExpedidor": null, "telefone": null}, "enderecoResponsavel": null, "cepResponsavel": null, "escolaridade": null, "profissao": null, "numeroDependentes": null, "numeroPessoasCasa": null}'::jsonb,'{"codigoAluno": null, "inscricao": null, "censo": null, "beneficio": null, "nis": null, "pisResponsavel": null, "cpfOriginalAluno": "107.169.971-77", "cpfPersistidoNoCampoCpf": "107.169.971-77", "cpfDuplicadoNaPlanilha": false, "serie2024": null, "origemLinhaPlanilha": 262}'::jsonb,'[]'::jsonb,'{"usaTransporteEscolar": null, "nomeTransporte": null}'::jsonb,'{"turmaPlanilha": "II PERÍODO", "professoraPlanilha": null, "fonte": "DADOS PARA PLATAFORMA PEDAGÓGICA (1) (1).xlsx / Planilha1", "linhaPlanilha": 262, "raw": {"NOME": "ALICIA ALMADA OLIVEIRA", "SEXO": "F", "NASC": "2020-04-22T00:00:00", "NACIONALIDADE": "BRASIL", "NATURALIDADE": "Brasilia", "UF": "DF", "CPF": "10716997177", "RAÇA": "PARDA", "TURMA": "II PERÍODO"}}'::jsonb,TRUE,NOW(),NOW())
  ON CONFLICT (id) DO UPDATE SET "unitId"=v_unit_id, "firstName"=EXCLUDED."firstName", "lastName"=EXCLUDED."lastName", "dateOfBirth"=EXCLUDED."dateOfBirth", gender=EXCLUDED.gender, cpf=EXCLUDED.cpf, raca=EXCLUDED.raca, peso=EXCLUDED.peso, "bloodType"=EXCLUDED."bloodType", allergies=EXCLUDED.allergies, "medicalConditions"=EXCLUDED."medicalConditions", "usoImagem"=EXCLUDED."usoImagem", laudado=EXCLUDED.laudado, nis=EXCLUDED.nis, "codigoAluno"=EXCLUDED."codigoAluno", inscricao=EXCLUDED.inscricao, "nomeMae"=EXCLUDED."nomeMae", "nomePai"=EXCLUDED."nomePai", "celPai"=EXCLUDED."celPai", nacionalidade=EXCLUDED.nacionalidade, naturalidade=EXCLUDED.naturalidade, "ufNascimento"=EXCLUDED."ufNascimento", endereco=EXCLUDED.endereco, cep=EXCLUDED.cep, "dadosResponsaveis"=EXCLUDED."dadosResponsaveis", "documentosMatricula"=EXCLUDED."documentosMatricula", "autorizadosRetirada"=EXCLUDED."autorizadosRetirada", "transporteEscolar"=EXCLUDED."transporteEscolar", "fichaAdministrativa"=EXCLUDED."fichaAdministrativa", "isActive"=TRUE, "updatedAt"=NOW();
  INSERT INTO "Enrollment" (id,"childId","classroomId","enrollmentDate",status,"createdAt","updatedAt")
  VALUES ('seed_enr_' || 'seed_pelicano_child_row262_alicia_almada_oliveira_seed_pelicano_class_pel_ii_periodo_sem_professora', 'seed_pelicano_child_row262_alicia_almada_oliveira', 'seed_pelicano_class_pel_ii_periodo_sem_professora', '2026-02-01 12:00:00', 'ATIVA'::"EnrollmentStatus", NOW(), NOW())
  ON CONFLICT ("childId","classroomId") DO UPDATE SET status=EXCLUDED.status, "updatedAt"=NOW();
  -- Aluno: ALLANA GABRIELLY DA SILVA BASTOS
  INSERT INTO "Child" (id,"mantenedoraId","unitId","firstName","lastName","dateOfBirth",gender,cpf,raca,peso,"bloodType",allergies,"medicalConditions","usoImagem",laudado,nis,"codigoAluno",inscricao,"nomeMae","nomePai","celPai",nacionalidade,naturalidade,"ufNascimento",endereco,cep,"dadosResponsaveis","documentosMatricula","autorizadosRetirada","transporteEscolar","fichaAdministrativa","isActive","createdAt","updatedAt")
  VALUES ('seed_pelicano_child_row263_allana_gabrielly_da_silva_bastos',v_mantenedora_id,v_unit_id,'Allana','Gabrielly Da Silva Bastos','2021-02-01 12:00:00','FEMININO'::"Gender",'110.484.461-31','PARDA',NULL,NULL,NULL,NULL,NULL,NULL,NULL,NULL,NULL,NULL,NULL,NULL,'BRASIL','Brasilia','DF',NULL,NULL,'{"mae": {"nome": null, "cpf": null, "telefone": null}, "pai": {"nome": null, "cpf": null, "telefone": null}, "responsavelPrincipal": {"nome": null, "cpf": null, "parentesco": null, "identidade": null, "orgaoExpedidor": null, "telefone": null}, "enderecoResponsavel": null, "cepResponsavel": null, "escolaridade": null, "profissao": null, "numeroDependentes": null, "numeroPessoasCasa": null}'::jsonb,'{"codigoAluno": null, "inscricao": null, "censo": null, "beneficio": null, "nis": null, "pisResponsavel": null, "cpfOriginalAluno": "110.484.461-31", "cpfPersistidoNoCampoCpf": "110.484.461-31", "cpfDuplicadoNaPlanilha": false, "serie2024": null, "origemLinhaPlanilha": 263}'::jsonb,'[]'::jsonb,'{"usaTransporteEscolar": null, "nomeTransporte": null}'::jsonb,'{"turmaPlanilha": "II PERÍODO", "professoraPlanilha": null, "fonte": "DADOS PARA PLATAFORMA PEDAGÓGICA (1) (1).xlsx / Planilha1", "linhaPlanilha": 263, "raw": {"NOME": "ALLANA GABRIELLY DA SILVA BASTOS", "SEXO": "F", "NASC": "2021-02-01T00:00:00", "NACIONALIDADE": "BRASIL", "NATURALIDADE": "Brasilia", "UF": "DF", "CPF": "11048446131", "RAÇA": "PARDA", "TURMA": "II PERÍODO"}}'::jsonb,TRUE,NOW(),NOW())
  ON CONFLICT (id) DO UPDATE SET "unitId"=v_unit_id, "firstName"=EXCLUDED."firstName", "lastName"=EXCLUDED."lastName", "dateOfBirth"=EXCLUDED."dateOfBirth", gender=EXCLUDED.gender, cpf=EXCLUDED.cpf, raca=EXCLUDED.raca, peso=EXCLUDED.peso, "bloodType"=EXCLUDED."bloodType", allergies=EXCLUDED.allergies, "medicalConditions"=EXCLUDED."medicalConditions", "usoImagem"=EXCLUDED."usoImagem", laudado=EXCLUDED.laudado, nis=EXCLUDED.nis, "codigoAluno"=EXCLUDED."codigoAluno", inscricao=EXCLUDED.inscricao, "nomeMae"=EXCLUDED."nomeMae", "nomePai"=EXCLUDED."nomePai", "celPai"=EXCLUDED."celPai", nacionalidade=EXCLUDED.nacionalidade, naturalidade=EXCLUDED.naturalidade, "ufNascimento"=EXCLUDED."ufNascimento", endereco=EXCLUDED.endereco, cep=EXCLUDED.cep, "dadosResponsaveis"=EXCLUDED."dadosResponsaveis", "documentosMatricula"=EXCLUDED."documentosMatricula", "autorizadosRetirada"=EXCLUDED."autorizadosRetirada", "transporteEscolar"=EXCLUDED."transporteEscolar", "fichaAdministrativa"=EXCLUDED."fichaAdministrativa", "isActive"=TRUE, "updatedAt"=NOW();
  INSERT INTO "Enrollment" (id,"childId","classroomId","enrollmentDate",status,"createdAt","updatedAt")
  VALUES ('seed_enr_' || 'seed_pelicano_child_row263_allana_gabrielly_da_silva_bastos_seed_pelicano_class_pel_ii_periodo_sem_p', 'seed_pelicano_child_row263_allana_gabrielly_da_silva_bastos', 'seed_pelicano_class_pel_ii_periodo_sem_professora', '2026-02-01 12:00:00', 'ATIVA'::"EnrollmentStatus", NOW(), NOW())
  ON CONFLICT ("childId","classroomId") DO UPDATE SET status=EXCLUDED.status, "updatedAt"=NOW();
  -- Aluno: ANA CLARA NEIVA BEZERRA
  INSERT INTO "Child" (id,"mantenedoraId","unitId","firstName","lastName","dateOfBirth",gender,cpf,raca,peso,"bloodType",allergies,"medicalConditions","usoImagem",laudado,nis,"codigoAluno",inscricao,"nomeMae","nomePai","celPai",nacionalidade,naturalidade,"ufNascimento",endereco,cep,"dadosResponsaveis","documentosMatricula","autorizadosRetirada","transporteEscolar","fichaAdministrativa","isActive","createdAt","updatedAt")
  VALUES ('seed_pelicano_child_row264_ana_clara_neiva_bezerra',v_mantenedora_id,v_unit_id,'Ana','Clara Neiva Bezerra','2020-05-18 12:00:00','FEMININO'::"Gender",'107.574.201-33','PARDA',NULL,NULL,NULL,NULL,NULL,NULL,NULL,NULL,NULL,NULL,NULL,NULL,'BRASIL','Brasilia','DF',NULL,NULL,'{"mae": {"nome": null, "cpf": null, "telefone": null}, "pai": {"nome": null, "cpf": null, "telefone": null}, "responsavelPrincipal": {"nome": null, "cpf": null, "parentesco": null, "identidade": null, "orgaoExpedidor": null, "telefone": null}, "enderecoResponsavel": null, "cepResponsavel": null, "escolaridade": null, "profissao": null, "numeroDependentes": null, "numeroPessoasCasa": null}'::jsonb,'{"codigoAluno": null, "inscricao": null, "censo": null, "beneficio": null, "nis": null, "pisResponsavel": null, "cpfOriginalAluno": "107.574.201-33", "cpfPersistidoNoCampoCpf": "107.574.201-33", "cpfDuplicadoNaPlanilha": false, "serie2024": null, "origemLinhaPlanilha": 264}'::jsonb,'[]'::jsonb,'{"usaTransporteEscolar": null, "nomeTransporte": null}'::jsonb,'{"turmaPlanilha": "II PERÍODO", "professoraPlanilha": null, "fonte": "DADOS PARA PLATAFORMA PEDAGÓGICA (1) (1).xlsx / Planilha1", "linhaPlanilha": 264, "raw": {"NOME": "ANA CLARA NEIVA BEZERRA", "SEXO": "F", "NASC": "2020-05-18T00:00:00", "NACIONALIDADE": "BRASIL", "NATURALIDADE": "Brasilia", "UF": "DF", "CPF": "10757420133", "RAÇA": "PARDA", "TURMA": "II PERÍODO"}}'::jsonb,TRUE,NOW(),NOW())
  ON CONFLICT (id) DO UPDATE SET "unitId"=v_unit_id, "firstName"=EXCLUDED."firstName", "lastName"=EXCLUDED."lastName", "dateOfBirth"=EXCLUDED."dateOfBirth", gender=EXCLUDED.gender, cpf=EXCLUDED.cpf, raca=EXCLUDED.raca, peso=EXCLUDED.peso, "bloodType"=EXCLUDED."bloodType", allergies=EXCLUDED.allergies, "medicalConditions"=EXCLUDED."medicalConditions", "usoImagem"=EXCLUDED."usoImagem", laudado=EXCLUDED.laudado, nis=EXCLUDED.nis, "codigoAluno"=EXCLUDED."codigoAluno", inscricao=EXCLUDED.inscricao, "nomeMae"=EXCLUDED."nomeMae", "nomePai"=EXCLUDED."nomePai", "celPai"=EXCLUDED."celPai", nacionalidade=EXCLUDED.nacionalidade, naturalidade=EXCLUDED.naturalidade, "ufNascimento"=EXCLUDED."ufNascimento", endereco=EXCLUDED.endereco, cep=EXCLUDED.cep, "dadosResponsaveis"=EXCLUDED."dadosResponsaveis", "documentosMatricula"=EXCLUDED."documentosMatricula", "autorizadosRetirada"=EXCLUDED."autorizadosRetirada", "transporteEscolar"=EXCLUDED."transporteEscolar", "fichaAdministrativa"=EXCLUDED."fichaAdministrativa", "isActive"=TRUE, "updatedAt"=NOW();
  INSERT INTO "Enrollment" (id,"childId","classroomId","enrollmentDate",status,"createdAt","updatedAt")
  VALUES ('seed_enr_' || 'seed_pelicano_child_row264_ana_clara_neiva_bezerra_seed_pelicano_class_pel_ii_periodo_sem_professora', 'seed_pelicano_child_row264_ana_clara_neiva_bezerra', 'seed_pelicano_class_pel_ii_periodo_sem_professora', '2026-02-01 12:00:00', 'ATIVA'::"EnrollmentStatus", NOW(), NOW())
  ON CONFLICT ("childId","classroomId") DO UPDATE SET status=EXCLUDED.status, "updatedAt"=NOW();
  -- Aluno: ANA LUISA FRANCA SILVA
  INSERT INTO "Child" (id,"mantenedoraId","unitId","firstName","lastName","dateOfBirth",gender,cpf,raca,peso,"bloodType",allergies,"medicalConditions","usoImagem",laudado,nis,"codigoAluno",inscricao,"nomeMae","nomePai","celPai",nacionalidade,naturalidade,"ufNascimento",endereco,cep,"dadosResponsaveis","documentosMatricula","autorizadosRetirada","transporteEscolar","fichaAdministrativa","isActive","createdAt","updatedAt")
  VALUES ('seed_pelicano_child_row265_ana_luisa_franca_silva',v_mantenedora_id,v_unit_id,'Ana','Luisa Franca Silva','2020-08-04 12:00:00','FEMININO'::"Gender",'108.407.981-05','PARDA',NULL,NULL,NULL,NULL,NULL,NULL,NULL,NULL,NULL,NULL,NULL,NULL,'BRASIL','Brasilia','DF',NULL,NULL,'{"mae": {"nome": null, "cpf": null, "telefone": null}, "pai": {"nome": null, "cpf": null, "telefone": null}, "responsavelPrincipal": {"nome": null, "cpf": null, "parentesco": null, "identidade": null, "orgaoExpedidor": null, "telefone": null}, "enderecoResponsavel": null, "cepResponsavel": null, "escolaridade": null, "profissao": null, "numeroDependentes": null, "numeroPessoasCasa": null}'::jsonb,'{"codigoAluno": null, "inscricao": null, "censo": null, "beneficio": null, "nis": null, "pisResponsavel": null, "cpfOriginalAluno": "108.407.981-05", "cpfPersistidoNoCampoCpf": "108.407.981-05", "cpfDuplicadoNaPlanilha": false, "serie2024": null, "origemLinhaPlanilha": 265}'::jsonb,'[]'::jsonb,'{"usaTransporteEscolar": null, "nomeTransporte": null}'::jsonb,'{"turmaPlanilha": "II PERÍODO", "professoraPlanilha": null, "fonte": "DADOS PARA PLATAFORMA PEDAGÓGICA (1) (1).xlsx / Planilha1", "linhaPlanilha": 265, "raw": {"NOME": "ANA LUISA FRANCA SILVA", "SEXO": "F", "NASC": "2020-08-04T00:00:00", "NACIONALIDADE": "BRASIL", "NATURALIDADE": "Brasilia", "UF": "DF", "CPF": "10840798105", "RAÇA": "PARDA", "TURMA": "II PERÍODO"}}'::jsonb,TRUE,NOW(),NOW())
  ON CONFLICT (id) DO UPDATE SET "unitId"=v_unit_id, "firstName"=EXCLUDED."firstName", "lastName"=EXCLUDED."lastName", "dateOfBirth"=EXCLUDED."dateOfBirth", gender=EXCLUDED.gender, cpf=EXCLUDED.cpf, raca=EXCLUDED.raca, peso=EXCLUDED.peso, "bloodType"=EXCLUDED."bloodType", allergies=EXCLUDED.allergies, "medicalConditions"=EXCLUDED."medicalConditions", "usoImagem"=EXCLUDED."usoImagem", laudado=EXCLUDED.laudado, nis=EXCLUDED.nis, "codigoAluno"=EXCLUDED."codigoAluno", inscricao=EXCLUDED.inscricao, "nomeMae"=EXCLUDED."nomeMae", "nomePai"=EXCLUDED."nomePai", "celPai"=EXCLUDED."celPai", nacionalidade=EXCLUDED.nacionalidade, naturalidade=EXCLUDED.naturalidade, "ufNascimento"=EXCLUDED."ufNascimento", endereco=EXCLUDED.endereco, cep=EXCLUDED.cep, "dadosResponsaveis"=EXCLUDED."dadosResponsaveis", "documentosMatricula"=EXCLUDED."documentosMatricula", "autorizadosRetirada"=EXCLUDED."autorizadosRetirada", "transporteEscolar"=EXCLUDED."transporteEscolar", "fichaAdministrativa"=EXCLUDED."fichaAdministrativa", "isActive"=TRUE, "updatedAt"=NOW();
  INSERT INTO "Enrollment" (id,"childId","classroomId","enrollmentDate",status,"createdAt","updatedAt")
  VALUES ('seed_enr_' || 'seed_pelicano_child_row265_ana_luisa_franca_silva_seed_pelicano_class_pel_ii_periodo_sem_professora', 'seed_pelicano_child_row265_ana_luisa_franca_silva', 'seed_pelicano_class_pel_ii_periodo_sem_professora', '2026-02-01 12:00:00', 'ATIVA'::"EnrollmentStatus", NOW(), NOW())
  ON CONFLICT ("childId","classroomId") DO UPDATE SET status=EXCLUDED.status, "updatedAt"=NOW();
  -- Aluno: ANNAEL HENRIQUE DE SOUZA SANTOS
  INSERT INTO "Child" (id,"mantenedoraId","unitId","firstName","lastName","dateOfBirth",gender,cpf,raca,peso,"bloodType",allergies,"medicalConditions","usoImagem",laudado,nis,"codigoAluno",inscricao,"nomeMae","nomePai","celPai",nacionalidade,naturalidade,"ufNascimento",endereco,cep,"dadosResponsaveis","documentosMatricula","autorizadosRetirada","transporteEscolar","fichaAdministrativa","isActive","createdAt","updatedAt")
  VALUES ('seed_pelicano_child_row266_annael_henrique_de_souza_santos',v_mantenedora_id,v_unit_id,'Annael','Henrique De Souza Santos','2021-03-03 12:00:00','MASCULINO'::"Gender",'110.873.291-75','PARDA',NULL,NULL,NULL,NULL,NULL,NULL,NULL,NULL,NULL,NULL,NULL,NULL,'BRASIL','Brasilia','DF',NULL,NULL,'{"mae": {"nome": null, "cpf": null, "telefone": null}, "pai": {"nome": null, "cpf": null, "telefone": null}, "responsavelPrincipal": {"nome": null, "cpf": null, "parentesco": null, "identidade": null, "orgaoExpedidor": null, "telefone": null}, "enderecoResponsavel": null, "cepResponsavel": null, "escolaridade": null, "profissao": null, "numeroDependentes": null, "numeroPessoasCasa": null}'::jsonb,'{"codigoAluno": null, "inscricao": null, "censo": null, "beneficio": null, "nis": null, "pisResponsavel": null, "cpfOriginalAluno": "110.873.291-75", "cpfPersistidoNoCampoCpf": "110.873.291-75", "cpfDuplicadoNaPlanilha": false, "serie2024": null, "origemLinhaPlanilha": 266}'::jsonb,'[]'::jsonb,'{"usaTransporteEscolar": null, "nomeTransporte": null}'::jsonb,'{"turmaPlanilha": "II PERÍODO", "professoraPlanilha": null, "fonte": "DADOS PARA PLATAFORMA PEDAGÓGICA (1) (1).xlsx / Planilha1", "linhaPlanilha": 266, "raw": {"NOME": "ANNAEL HENRIQUE DE SOUZA SANTOS", "SEXO": "M", "NASC": "2021-03-03T00:00:00", "NACIONALIDADE": "BRASIL", "NATURALIDADE": "Brasilia", "UF": "DF", "CPF": "11087329175", "RAÇA": "PARDA", "TURMA": "II PERÍODO"}}'::jsonb,TRUE,NOW(),NOW())
  ON CONFLICT (id) DO UPDATE SET "unitId"=v_unit_id, "firstName"=EXCLUDED."firstName", "lastName"=EXCLUDED."lastName", "dateOfBirth"=EXCLUDED."dateOfBirth", gender=EXCLUDED.gender, cpf=EXCLUDED.cpf, raca=EXCLUDED.raca, peso=EXCLUDED.peso, "bloodType"=EXCLUDED."bloodType", allergies=EXCLUDED.allergies, "medicalConditions"=EXCLUDED."medicalConditions", "usoImagem"=EXCLUDED."usoImagem", laudado=EXCLUDED.laudado, nis=EXCLUDED.nis, "codigoAluno"=EXCLUDED."codigoAluno", inscricao=EXCLUDED.inscricao, "nomeMae"=EXCLUDED."nomeMae", "nomePai"=EXCLUDED."nomePai", "celPai"=EXCLUDED."celPai", nacionalidade=EXCLUDED.nacionalidade, naturalidade=EXCLUDED.naturalidade, "ufNascimento"=EXCLUDED."ufNascimento", endereco=EXCLUDED.endereco, cep=EXCLUDED.cep, "dadosResponsaveis"=EXCLUDED."dadosResponsaveis", "documentosMatricula"=EXCLUDED."documentosMatricula", "autorizadosRetirada"=EXCLUDED."autorizadosRetirada", "transporteEscolar"=EXCLUDED."transporteEscolar", "fichaAdministrativa"=EXCLUDED."fichaAdministrativa", "isActive"=TRUE, "updatedAt"=NOW();
  INSERT INTO "Enrollment" (id,"childId","classroomId","enrollmentDate",status,"createdAt","updatedAt")
  VALUES ('seed_enr_' || 'seed_pelicano_child_row266_annael_henrique_de_souza_santos_seed_pelicano_class_pel_ii_periodo_sem_pr', 'seed_pelicano_child_row266_annael_henrique_de_souza_santos', 'seed_pelicano_class_pel_ii_periodo_sem_professora', '2026-02-01 12:00:00', 'ATIVA'::"EnrollmentStatus", NOW(), NOW())
  ON CONFLICT ("childId","classroomId") DO UPDATE SET status=EXCLUDED.status, "updatedAt"=NOW();
  -- Aluno: ANNA JULIA SILVA GOMES
  INSERT INTO "Child" (id,"mantenedoraId","unitId","firstName","lastName","dateOfBirth",gender,cpf,raca,peso,"bloodType",allergies,"medicalConditions","usoImagem",laudado,nis,"codigoAluno",inscricao,"nomeMae","nomePai","celPai",nacionalidade,naturalidade,"ufNascimento",endereco,cep,"dadosResponsaveis","documentosMatricula","autorizadosRetirada","transporteEscolar","fichaAdministrativa","isActive","createdAt","updatedAt")
  VALUES ('seed_pelicano_child_row267_anna_julia_silva_gomes',v_mantenedora_id,v_unit_id,'Anna','Julia Silva Gomes','2021-03-25 12:00:00','FEMININO'::"Gender",NULL,'PARDA',NULL,NULL,NULL,NULL,NULL,NULL,NULL,NULL,NULL,NULL,NULL,NULL,'BRASIL','Brasilia','DF',NULL,NULL,'{"mae": {"nome": null, "cpf": null, "telefone": null}, "pai": {"nome": null, "cpf": null, "telefone": null}, "responsavelPrincipal": {"nome": null, "cpf": null, "parentesco": null, "identidade": null, "orgaoExpedidor": null, "telefone": null}, "enderecoResponsavel": null, "cepResponsavel": null, "escolaridade": null, "profissao": null, "numeroDependentes": null, "numeroPessoasCasa": null}'::jsonb,'{"codigoAluno": null, "inscricao": null, "censo": null, "beneficio": null, "nis": null, "pisResponsavel": null, "cpfOriginalAluno": null, "cpfPersistidoNoCampoCpf": null, "cpfDuplicadoNaPlanilha": false, "serie2024": null, "origemLinhaPlanilha": 267}'::jsonb,'[]'::jsonb,'{"usaTransporteEscolar": null, "nomeTransporte": null}'::jsonb,'{"turmaPlanilha": "II PERÍODO", "professoraPlanilha": null, "fonte": "DADOS PARA PLATAFORMA PEDAGÓGICA (1) (1).xlsx / Planilha1", "linhaPlanilha": 267, "raw": {"NOME": "ANNA JULIA SILVA GOMES", "SEXO": "F", "NASC": "2021-03-25T00:00:00", "NACIONALIDADE": "BRASIL", "NATURALIDADE": "Brasilia", "UF": "DF", "RAÇA": "PARDA", "TURMA": "II PERÍODO"}}'::jsonb,TRUE,NOW(),NOW())
  ON CONFLICT (id) DO UPDATE SET "unitId"=v_unit_id, "firstName"=EXCLUDED."firstName", "lastName"=EXCLUDED."lastName", "dateOfBirth"=EXCLUDED."dateOfBirth", gender=EXCLUDED.gender, cpf=EXCLUDED.cpf, raca=EXCLUDED.raca, peso=EXCLUDED.peso, "bloodType"=EXCLUDED."bloodType", allergies=EXCLUDED.allergies, "medicalConditions"=EXCLUDED."medicalConditions", "usoImagem"=EXCLUDED."usoImagem", laudado=EXCLUDED.laudado, nis=EXCLUDED.nis, "codigoAluno"=EXCLUDED."codigoAluno", inscricao=EXCLUDED.inscricao, "nomeMae"=EXCLUDED."nomeMae", "nomePai"=EXCLUDED."nomePai", "celPai"=EXCLUDED."celPai", nacionalidade=EXCLUDED.nacionalidade, naturalidade=EXCLUDED.naturalidade, "ufNascimento"=EXCLUDED."ufNascimento", endereco=EXCLUDED.endereco, cep=EXCLUDED.cep, "dadosResponsaveis"=EXCLUDED."dadosResponsaveis", "documentosMatricula"=EXCLUDED."documentosMatricula", "autorizadosRetirada"=EXCLUDED."autorizadosRetirada", "transporteEscolar"=EXCLUDED."transporteEscolar", "fichaAdministrativa"=EXCLUDED."fichaAdministrativa", "isActive"=TRUE, "updatedAt"=NOW();
  INSERT INTO "Enrollment" (id,"childId","classroomId","enrollmentDate",status,"createdAt","updatedAt")
  VALUES ('seed_enr_' || 'seed_pelicano_child_row267_anna_julia_silva_gomes_seed_pelicano_class_pel_ii_periodo_sem_professora', 'seed_pelicano_child_row267_anna_julia_silva_gomes', 'seed_pelicano_class_pel_ii_periodo_sem_professora', '2026-02-01 12:00:00', 'ATIVA'::"EnrollmentStatus", NOW(), NOW())
  ON CONFLICT ("childId","classroomId") DO UPDATE SET status=EXCLUDED.status, "updatedAt"=NOW();
  -- Aluno: ANTHONY BENICIO XAVIER DE OLIVEIRA SILVA
  INSERT INTO "Child" (id,"mantenedoraId","unitId","firstName","lastName","dateOfBirth",gender,cpf,raca,peso,"bloodType",allergies,"medicalConditions","usoImagem",laudado,nis,"codigoAluno",inscricao,"nomeMae","nomePai","celPai",nacionalidade,naturalidade,"ufNascimento",endereco,cep,"dadosResponsaveis","documentosMatricula","autorizadosRetirada","transporteEscolar","fichaAdministrativa","isActive","createdAt","updatedAt")
  VALUES ('seed_pelicano_child_row268_anthony_benicio_xavier_de_oliveira_silva',v_mantenedora_id,v_unit_id,'Anthony','Benicio Xavier De Oliveira Silva','2020-11-04 12:00:00','MASCULINO'::"Gender",NULL,'PARDA',NULL,NULL,NULL,NULL,NULL,NULL,NULL,NULL,NULL,NULL,NULL,NULL,'BRASIL','Brasilia','DF',NULL,NULL,'{"mae": {"nome": null, "cpf": null, "telefone": null}, "pai": {"nome": null, "cpf": null, "telefone": null}, "responsavelPrincipal": {"nome": null, "cpf": null, "parentesco": null, "identidade": null, "orgaoExpedidor": null, "telefone": null}, "enderecoResponsavel": null, "cepResponsavel": null, "escolaridade": null, "profissao": null, "numeroDependentes": null, "numeroPessoasCasa": null}'::jsonb,'{"codigoAluno": null, "inscricao": null, "censo": null, "beneficio": null, "nis": null, "pisResponsavel": null, "cpfOriginalAluno": null, "cpfPersistidoNoCampoCpf": null, "cpfDuplicadoNaPlanilha": false, "serie2024": null, "origemLinhaPlanilha": 268}'::jsonb,'[]'::jsonb,'{"usaTransporteEscolar": null, "nomeTransporte": null}'::jsonb,'{"turmaPlanilha": "II PERÍODO", "professoraPlanilha": null, "fonte": "DADOS PARA PLATAFORMA PEDAGÓGICA (1) (1).xlsx / Planilha1", "linhaPlanilha": 268, "raw": {"NOME": "ANTHONY BENICIO XAVIER DE OLIVEIRA SILVA", "SEXO": "M", "NASC": "2020-11-04T00:00:00", "NACIONALIDADE": "BRASIL", "NATURALIDADE": "Brasilia", "UF": "DF", "RAÇA": "PARDA", "TURMA": "II PERÍODO"}}'::jsonb,TRUE,NOW(),NOW())
  ON CONFLICT (id) DO UPDATE SET "unitId"=v_unit_id, "firstName"=EXCLUDED."firstName", "lastName"=EXCLUDED."lastName", "dateOfBirth"=EXCLUDED."dateOfBirth", gender=EXCLUDED.gender, cpf=EXCLUDED.cpf, raca=EXCLUDED.raca, peso=EXCLUDED.peso, "bloodType"=EXCLUDED."bloodType", allergies=EXCLUDED.allergies, "medicalConditions"=EXCLUDED."medicalConditions", "usoImagem"=EXCLUDED."usoImagem", laudado=EXCLUDED.laudado, nis=EXCLUDED.nis, "codigoAluno"=EXCLUDED."codigoAluno", inscricao=EXCLUDED.inscricao, "nomeMae"=EXCLUDED."nomeMae", "nomePai"=EXCLUDED."nomePai", "celPai"=EXCLUDED."celPai", nacionalidade=EXCLUDED.nacionalidade, naturalidade=EXCLUDED.naturalidade, "ufNascimento"=EXCLUDED."ufNascimento", endereco=EXCLUDED.endereco, cep=EXCLUDED.cep, "dadosResponsaveis"=EXCLUDED."dadosResponsaveis", "documentosMatricula"=EXCLUDED."documentosMatricula", "autorizadosRetirada"=EXCLUDED."autorizadosRetirada", "transporteEscolar"=EXCLUDED."transporteEscolar", "fichaAdministrativa"=EXCLUDED."fichaAdministrativa", "isActive"=TRUE, "updatedAt"=NOW();
  INSERT INTO "Enrollment" (id,"childId","classroomId","enrollmentDate",status,"createdAt","updatedAt")
  VALUES ('seed_enr_' || 'seed_pelicano_child_row268_anthony_benicio_xavier_de_oliveira_silva_seed_pelicano_class_pel_ii_perio', 'seed_pelicano_child_row268_anthony_benicio_xavier_de_oliveira_silva', 'seed_pelicano_class_pel_ii_periodo_sem_professora', '2026-02-01 12:00:00', 'ATIVA'::"EnrollmentStatus", NOW(), NOW())
  ON CONFLICT ("childId","classroomId") DO UPDATE SET status=EXCLUDED.status, "updatedAt"=NOW();
  -- Aluno: ANTONELLA GOMES MACIEL
  INSERT INTO "Child" (id,"mantenedoraId","unitId","firstName","lastName","dateOfBirth",gender,cpf,raca,peso,"bloodType",allergies,"medicalConditions","usoImagem",laudado,nis,"codigoAluno",inscricao,"nomeMae","nomePai","celPai",nacionalidade,naturalidade,"ufNascimento",endereco,cep,"dadosResponsaveis","documentosMatricula","autorizadosRetirada","transporteEscolar","fichaAdministrativa","isActive","createdAt","updatedAt")
  VALUES ('seed_pelicano_child_row269_antonella_gomes_maciel',v_mantenedora_id,v_unit_id,'Antonella','Gomes Maciel','2020-08-24 12:00:00','FEMININO'::"Gender",'717.316.401-02','PARDA',NULL,NULL,NULL,NULL,NULL,NULL,NULL,NULL,NULL,NULL,NULL,NULL,'BRASIL','Brasilia','DF',NULL,NULL,'{"mae": {"nome": null, "cpf": null, "telefone": null}, "pai": {"nome": null, "cpf": null, "telefone": null}, "responsavelPrincipal": {"nome": null, "cpf": null, "parentesco": null, "identidade": null, "orgaoExpedidor": null, "telefone": null}, "enderecoResponsavel": null, "cepResponsavel": null, "escolaridade": null, "profissao": null, "numeroDependentes": null, "numeroPessoasCasa": null}'::jsonb,'{"codigoAluno": null, "inscricao": null, "censo": null, "beneficio": null, "nis": null, "pisResponsavel": null, "cpfOriginalAluno": "717.316.401-02", "cpfPersistidoNoCampoCpf": "717.316.401-02", "cpfDuplicadoNaPlanilha": false, "serie2024": null, "origemLinhaPlanilha": 269}'::jsonb,'[]'::jsonb,'{"usaTransporteEscolar": null, "nomeTransporte": null}'::jsonb,'{"turmaPlanilha": "II PERÍODO", "professoraPlanilha": null, "fonte": "DADOS PARA PLATAFORMA PEDAGÓGICA (1) (1).xlsx / Planilha1", "linhaPlanilha": 269, "raw": {"NOME": "ANTONELLA GOMES MACIEL", "SEXO": "F", "NASC": "2020-08-24T00:00:00", "NACIONALIDADE": "BRASIL", "NATURALIDADE": "Brasilia", "UF": "DF", "CPF": "71731640102", "RAÇA": "PARDA", "TURMA": "II PERÍODO"}}'::jsonb,TRUE,NOW(),NOW())
  ON CONFLICT (id) DO UPDATE SET "unitId"=v_unit_id, "firstName"=EXCLUDED."firstName", "lastName"=EXCLUDED."lastName", "dateOfBirth"=EXCLUDED."dateOfBirth", gender=EXCLUDED.gender, cpf=EXCLUDED.cpf, raca=EXCLUDED.raca, peso=EXCLUDED.peso, "bloodType"=EXCLUDED."bloodType", allergies=EXCLUDED.allergies, "medicalConditions"=EXCLUDED."medicalConditions", "usoImagem"=EXCLUDED."usoImagem", laudado=EXCLUDED.laudado, nis=EXCLUDED.nis, "codigoAluno"=EXCLUDED."codigoAluno", inscricao=EXCLUDED.inscricao, "nomeMae"=EXCLUDED."nomeMae", "nomePai"=EXCLUDED."nomePai", "celPai"=EXCLUDED."celPai", nacionalidade=EXCLUDED.nacionalidade, naturalidade=EXCLUDED.naturalidade, "ufNascimento"=EXCLUDED."ufNascimento", endereco=EXCLUDED.endereco, cep=EXCLUDED.cep, "dadosResponsaveis"=EXCLUDED."dadosResponsaveis", "documentosMatricula"=EXCLUDED."documentosMatricula", "autorizadosRetirada"=EXCLUDED."autorizadosRetirada", "transporteEscolar"=EXCLUDED."transporteEscolar", "fichaAdministrativa"=EXCLUDED."fichaAdministrativa", "isActive"=TRUE, "updatedAt"=NOW();
  INSERT INTO "Enrollment" (id,"childId","classroomId","enrollmentDate",status,"createdAt","updatedAt")
  VALUES ('seed_enr_' || 'seed_pelicano_child_row269_antonella_gomes_maciel_seed_pelicano_class_pel_ii_periodo_sem_professora', 'seed_pelicano_child_row269_antonella_gomes_maciel', 'seed_pelicano_class_pel_ii_periodo_sem_professora', '2026-02-01 12:00:00', 'ATIVA'::"EnrollmentStatus", NOW(), NOW())
  ON CONFLICT ("childId","classroomId") DO UPDATE SET status=EXCLUDED.status, "updatedAt"=NOW();
  -- Aluno: ANTONY GABRIEL LOURENCO GAMA
  INSERT INTO "Child" (id,"mantenedoraId","unitId","firstName","lastName","dateOfBirth",gender,cpf,raca,peso,"bloodType",allergies,"medicalConditions","usoImagem",laudado,nis,"codigoAluno",inscricao,"nomeMae","nomePai","celPai",nacionalidade,naturalidade,"ufNascimento",endereco,cep,"dadosResponsaveis","documentosMatricula","autorizadosRetirada","transporteEscolar","fichaAdministrativa","isActive","createdAt","updatedAt")
  VALUES ('seed_pelicano_child_row270_antony_gabriel_lourenco_gama',v_mantenedora_id,v_unit_id,'Antony','Gabriel Lourenco Gama','2020-07-21 12:00:00','MASCULINO'::"Gender",NULL,'PARDA',NULL,NULL,NULL,NULL,NULL,NULL,NULL,NULL,NULL,NULL,NULL,NULL,'BRASIL','Brasilia','DF',NULL,NULL,'{"mae": {"nome": null, "cpf": null, "telefone": null}, "pai": {"nome": null, "cpf": null, "telefone": null}, "responsavelPrincipal": {"nome": null, "cpf": null, "parentesco": null, "identidade": null, "orgaoExpedidor": null, "telefone": null}, "enderecoResponsavel": null, "cepResponsavel": null, "escolaridade": null, "profissao": null, "numeroDependentes": null, "numeroPessoasCasa": null}'::jsonb,'{"codigoAluno": null, "inscricao": null, "censo": null, "beneficio": null, "nis": null, "pisResponsavel": null, "cpfOriginalAluno": null, "cpfPersistidoNoCampoCpf": null, "cpfDuplicadoNaPlanilha": false, "serie2024": null, "origemLinhaPlanilha": 270}'::jsonb,'[]'::jsonb,'{"usaTransporteEscolar": null, "nomeTransporte": null}'::jsonb,'{"turmaPlanilha": "II PERÍODO", "professoraPlanilha": null, "fonte": "DADOS PARA PLATAFORMA PEDAGÓGICA (1) (1).xlsx / Planilha1", "linhaPlanilha": 270, "raw": {"NOME": "ANTONY GABRIEL LOURENCO GAMA", "SEXO": "M", "NASC": "2020-07-21T00:00:00", "NACIONALIDADE": "BRASIL", "NATURALIDADE": "Brasilia", "UF": "DF", "RAÇA": "PARDA", "TURMA": "II PERÍODO"}}'::jsonb,TRUE,NOW(),NOW())
  ON CONFLICT (id) DO UPDATE SET "unitId"=v_unit_id, "firstName"=EXCLUDED."firstName", "lastName"=EXCLUDED."lastName", "dateOfBirth"=EXCLUDED."dateOfBirth", gender=EXCLUDED.gender, cpf=EXCLUDED.cpf, raca=EXCLUDED.raca, peso=EXCLUDED.peso, "bloodType"=EXCLUDED."bloodType", allergies=EXCLUDED.allergies, "medicalConditions"=EXCLUDED."medicalConditions", "usoImagem"=EXCLUDED."usoImagem", laudado=EXCLUDED.laudado, nis=EXCLUDED.nis, "codigoAluno"=EXCLUDED."codigoAluno", inscricao=EXCLUDED.inscricao, "nomeMae"=EXCLUDED."nomeMae", "nomePai"=EXCLUDED."nomePai", "celPai"=EXCLUDED."celPai", nacionalidade=EXCLUDED.nacionalidade, naturalidade=EXCLUDED.naturalidade, "ufNascimento"=EXCLUDED."ufNascimento", endereco=EXCLUDED.endereco, cep=EXCLUDED.cep, "dadosResponsaveis"=EXCLUDED."dadosResponsaveis", "documentosMatricula"=EXCLUDED."documentosMatricula", "autorizadosRetirada"=EXCLUDED."autorizadosRetirada", "transporteEscolar"=EXCLUDED."transporteEscolar", "fichaAdministrativa"=EXCLUDED."fichaAdministrativa", "isActive"=TRUE, "updatedAt"=NOW();
  INSERT INTO "Enrollment" (id,"childId","classroomId","enrollmentDate",status,"createdAt","updatedAt")
  VALUES ('seed_enr_' || 'seed_pelicano_child_row270_antony_gabriel_lourenco_gama_seed_pelicano_class_pel_ii_periodo_sem_profe', 'seed_pelicano_child_row270_antony_gabriel_lourenco_gama', 'seed_pelicano_class_pel_ii_periodo_sem_professora', '2026-02-01 12:00:00', 'ATIVA'::"EnrollmentStatus", NOW(), NOW())
  ON CONFLICT ("childId","classroomId") DO UPDATE SET status=EXCLUDED.status, "updatedAt"=NOW();
  -- Aluno: ARTUR GONCALVES DE SOUZA
  INSERT INTO "Child" (id,"mantenedoraId","unitId","firstName","lastName","dateOfBirth",gender,cpf,raca,peso,"bloodType",allergies,"medicalConditions","usoImagem",laudado,nis,"codigoAluno",inscricao,"nomeMae","nomePai","celPai",nacionalidade,naturalidade,"ufNascimento",endereco,cep,"dadosResponsaveis","documentosMatricula","autorizadosRetirada","transporteEscolar","fichaAdministrativa","isActive","createdAt","updatedAt")
  VALUES ('seed_pelicano_child_row271_artur_goncalves_de_souza',v_mantenedora_id,v_unit_id,'Artur','Goncalves De Souza','2020-05-27 12:00:00','MASCULINO'::"Gender",'107.674.091-08','PARDA','20kg',NULL,NULL,NULL,NULL,NULL,NULL,NULL,NULL,NULL,NULL,NULL,'BRASIL','Brasilia','DF',NULL,NULL,'{"mae": {"nome": null, "cpf": null, "telefone": null}, "pai": {"nome": null, "cpf": null, "telefone": null}, "responsavelPrincipal": {"nome": null, "cpf": null, "parentesco": null, "identidade": null, "orgaoExpedidor": null, "telefone": null}, "enderecoResponsavel": null, "cepResponsavel": null, "escolaridade": null, "profissao": null, "numeroDependentes": null, "numeroPessoasCasa": null}'::jsonb,'{"codigoAluno": null, "inscricao": null, "censo": null, "beneficio": null, "nis": null, "pisResponsavel": null, "cpfOriginalAluno": "107.674.091-08", "cpfPersistidoNoCampoCpf": "107.674.091-08", "cpfDuplicadoNaPlanilha": false, "serie2024": null, "origemLinhaPlanilha": 271}'::jsonb,'[]'::jsonb,'{"usaTransporteEscolar": null, "nomeTransporte": null}'::jsonb,'{"turmaPlanilha": "II PERÍODO", "professoraPlanilha": null, "fonte": "DADOS PARA PLATAFORMA PEDAGÓGICA (1) (1).xlsx / Planilha1", "linhaPlanilha": 271, "raw": {"NOME": "ARTUR GONCALVES DE SOUZA", "SEXO": "M", "NASC": "2020-05-27T00:00:00", "NACIONALIDADE": "BRASIL", "NATURALIDADE": "Brasilia", "UF": "DF", "CPF": "10767409108", "RAÇA": "PARDA", "PESO": "20kg", "TURMA": "II PERÍODO"}}'::jsonb,TRUE,NOW(),NOW())
  ON CONFLICT (id) DO UPDATE SET "unitId"=v_unit_id, "firstName"=EXCLUDED."firstName", "lastName"=EXCLUDED."lastName", "dateOfBirth"=EXCLUDED."dateOfBirth", gender=EXCLUDED.gender, cpf=EXCLUDED.cpf, raca=EXCLUDED.raca, peso=EXCLUDED.peso, "bloodType"=EXCLUDED."bloodType", allergies=EXCLUDED.allergies, "medicalConditions"=EXCLUDED."medicalConditions", "usoImagem"=EXCLUDED."usoImagem", laudado=EXCLUDED.laudado, nis=EXCLUDED.nis, "codigoAluno"=EXCLUDED."codigoAluno", inscricao=EXCLUDED.inscricao, "nomeMae"=EXCLUDED."nomeMae", "nomePai"=EXCLUDED."nomePai", "celPai"=EXCLUDED."celPai", nacionalidade=EXCLUDED.nacionalidade, naturalidade=EXCLUDED.naturalidade, "ufNascimento"=EXCLUDED."ufNascimento", endereco=EXCLUDED.endereco, cep=EXCLUDED.cep, "dadosResponsaveis"=EXCLUDED."dadosResponsaveis", "documentosMatricula"=EXCLUDED."documentosMatricula", "autorizadosRetirada"=EXCLUDED."autorizadosRetirada", "transporteEscolar"=EXCLUDED."transporteEscolar", "fichaAdministrativa"=EXCLUDED."fichaAdministrativa", "isActive"=TRUE, "updatedAt"=NOW();
  INSERT INTO "Enrollment" (id,"childId","classroomId","enrollmentDate",status,"createdAt","updatedAt")
  VALUES ('seed_enr_' || 'seed_pelicano_child_row271_artur_goncalves_de_souza_seed_pelicano_class_pel_ii_periodo_sem_professor', 'seed_pelicano_child_row271_artur_goncalves_de_souza', 'seed_pelicano_class_pel_ii_periodo_sem_professora', '2026-02-01 12:00:00', 'ATIVA'::"EnrollmentStatus", NOW(), NOW())
  ON CONFLICT ("childId","classroomId") DO UPDATE SET status=EXCLUDED.status, "updatedAt"=NOW();
  -- Aluno: AWANY SOPHIA MARQUES TRINDADE
  INSERT INTO "Child" (id,"mantenedoraId","unitId","firstName","lastName","dateOfBirth",gender,cpf,raca,peso,"bloodType",allergies,"medicalConditions","usoImagem",laudado,nis,"codigoAluno",inscricao,"nomeMae","nomePai","celPai",nacionalidade,naturalidade,"ufNascimento",endereco,cep,"dadosResponsaveis","documentosMatricula","autorizadosRetirada","transporteEscolar","fichaAdministrativa","isActive","createdAt","updatedAt")
  VALUES ('seed_pelicano_child_row272_awany_sophia_marques_trindade',v_mantenedora_id,v_unit_id,'Awany','Sophia Marques Trindade','2020-05-12 12:00:00','FEMININO'::"Gender",'107.463.181-11','PARDA',NULL,NULL,NULL,NULL,NULL,NULL,NULL,NULL,NULL,NULL,NULL,NULL,'BRASIL','Brasilia','DF',NULL,NULL,'{"mae": {"nome": null, "cpf": null, "telefone": null}, "pai": {"nome": null, "cpf": null, "telefone": null}, "responsavelPrincipal": {"nome": null, "cpf": null, "parentesco": null, "identidade": null, "orgaoExpedidor": null, "telefone": null}, "enderecoResponsavel": null, "cepResponsavel": null, "escolaridade": null, "profissao": null, "numeroDependentes": null, "numeroPessoasCasa": null}'::jsonb,'{"codigoAluno": null, "inscricao": null, "censo": null, "beneficio": null, "nis": null, "pisResponsavel": null, "cpfOriginalAluno": "107.463.181-11", "cpfPersistidoNoCampoCpf": "107.463.181-11", "cpfDuplicadoNaPlanilha": false, "serie2024": null, "origemLinhaPlanilha": 272}'::jsonb,'[]'::jsonb,'{"usaTransporteEscolar": null, "nomeTransporte": null}'::jsonb,'{"turmaPlanilha": "II PERÍODO", "professoraPlanilha": null, "fonte": "DADOS PARA PLATAFORMA PEDAGÓGICA (1) (1).xlsx / Planilha1", "linhaPlanilha": 272, "raw": {"NOME": "AWANY SOPHIA MARQUES TRINDADE", "SEXO": "F", "NASC": "2020-05-12T00:00:00", "NACIONALIDADE": "BRASIL", "NATURALIDADE": "Brasilia", "UF": "DF", "CPF": "10746318111", "RAÇA": "PARDA", "TURMA": "II PERÍODO"}}'::jsonb,TRUE,NOW(),NOW())
  ON CONFLICT (id) DO UPDATE SET "unitId"=v_unit_id, "firstName"=EXCLUDED."firstName", "lastName"=EXCLUDED."lastName", "dateOfBirth"=EXCLUDED."dateOfBirth", gender=EXCLUDED.gender, cpf=EXCLUDED.cpf, raca=EXCLUDED.raca, peso=EXCLUDED.peso, "bloodType"=EXCLUDED."bloodType", allergies=EXCLUDED.allergies, "medicalConditions"=EXCLUDED."medicalConditions", "usoImagem"=EXCLUDED."usoImagem", laudado=EXCLUDED.laudado, nis=EXCLUDED.nis, "codigoAluno"=EXCLUDED."codigoAluno", inscricao=EXCLUDED.inscricao, "nomeMae"=EXCLUDED."nomeMae", "nomePai"=EXCLUDED."nomePai", "celPai"=EXCLUDED."celPai", nacionalidade=EXCLUDED.nacionalidade, naturalidade=EXCLUDED.naturalidade, "ufNascimento"=EXCLUDED."ufNascimento", endereco=EXCLUDED.endereco, cep=EXCLUDED.cep, "dadosResponsaveis"=EXCLUDED."dadosResponsaveis", "documentosMatricula"=EXCLUDED."documentosMatricula", "autorizadosRetirada"=EXCLUDED."autorizadosRetirada", "transporteEscolar"=EXCLUDED."transporteEscolar", "fichaAdministrativa"=EXCLUDED."fichaAdministrativa", "isActive"=TRUE, "updatedAt"=NOW();
  INSERT INTO "Enrollment" (id,"childId","classroomId","enrollmentDate",status,"createdAt","updatedAt")
  VALUES ('seed_enr_' || 'seed_pelicano_child_row272_awany_sophia_marques_trindade_seed_pelicano_class_pel_ii_periodo_sem_prof', 'seed_pelicano_child_row272_awany_sophia_marques_trindade', 'seed_pelicano_class_pel_ii_periodo_sem_professora', '2026-02-01 12:00:00', 'ATIVA'::"EnrollmentStatus", NOW(), NOW())
  ON CONFLICT ("childId","classroomId") DO UPDATE SET status=EXCLUDED.status, "updatedAt"=NOW();
  -- Aluno: BENJAMIM DIAS ARAUJO
  INSERT INTO "Child" (id,"mantenedoraId","unitId","firstName","lastName","dateOfBirth",gender,cpf,raca,peso,"bloodType",allergies,"medicalConditions","usoImagem",laudado,nis,"codigoAluno",inscricao,"nomeMae","nomePai","celPai",nacionalidade,naturalidade,"ufNascimento",endereco,cep,"dadosResponsaveis","documentosMatricula","autorizadosRetirada","transporteEscolar","fichaAdministrativa","isActive","createdAt","updatedAt")
  VALUES ('seed_pelicano_child_row273_benjamim_dias_araujo',v_mantenedora_id,v_unit_id,'Benjamim','Dias Araujo','2021-02-06 12:00:00','MASCULINO'::"Gender",'110.590.201-30','PARDA',NULL,NULL,NULL,NULL,NULL,NULL,NULL,NULL,NULL,NULL,NULL,NULL,'BRASIL','Brasilia','DF',NULL,NULL,'{"mae": {"nome": null, "cpf": null, "telefone": null}, "pai": {"nome": null, "cpf": null, "telefone": null}, "responsavelPrincipal": {"nome": null, "cpf": null, "parentesco": null, "identidade": null, "orgaoExpedidor": null, "telefone": null}, "enderecoResponsavel": null, "cepResponsavel": null, "escolaridade": null, "profissao": null, "numeroDependentes": null, "numeroPessoasCasa": null}'::jsonb,'{"codigoAluno": null, "inscricao": null, "censo": null, "beneficio": null, "nis": null, "pisResponsavel": null, "cpfOriginalAluno": "110.590.201-30", "cpfPersistidoNoCampoCpf": "110.590.201-30", "cpfDuplicadoNaPlanilha": false, "serie2024": null, "origemLinhaPlanilha": 273}'::jsonb,'[]'::jsonb,'{"usaTransporteEscolar": null, "nomeTransporte": null}'::jsonb,'{"turmaPlanilha": "II PERÍODO", "professoraPlanilha": null, "fonte": "DADOS PARA PLATAFORMA PEDAGÓGICA (1) (1).xlsx / Planilha1", "linhaPlanilha": 273, "raw": {"NOME": "BENJAMIM DIAS ARAUJO", "SEXO": "M", "NASC": "2021-02-06T00:00:00", "NACIONALIDADE": "BRASIL", "NATURALIDADE": "Brasilia", "UF": "DF", "CPF": "11059020130", "RAÇA": "PARDA", "TURMA": "II PERÍODO"}}'::jsonb,TRUE,NOW(),NOW())
  ON CONFLICT (id) DO UPDATE SET "unitId"=v_unit_id, "firstName"=EXCLUDED."firstName", "lastName"=EXCLUDED."lastName", "dateOfBirth"=EXCLUDED."dateOfBirth", gender=EXCLUDED.gender, cpf=EXCLUDED.cpf, raca=EXCLUDED.raca, peso=EXCLUDED.peso, "bloodType"=EXCLUDED."bloodType", allergies=EXCLUDED.allergies, "medicalConditions"=EXCLUDED."medicalConditions", "usoImagem"=EXCLUDED."usoImagem", laudado=EXCLUDED.laudado, nis=EXCLUDED.nis, "codigoAluno"=EXCLUDED."codigoAluno", inscricao=EXCLUDED.inscricao, "nomeMae"=EXCLUDED."nomeMae", "nomePai"=EXCLUDED."nomePai", "celPai"=EXCLUDED."celPai", nacionalidade=EXCLUDED.nacionalidade, naturalidade=EXCLUDED.naturalidade, "ufNascimento"=EXCLUDED."ufNascimento", endereco=EXCLUDED.endereco, cep=EXCLUDED.cep, "dadosResponsaveis"=EXCLUDED."dadosResponsaveis", "documentosMatricula"=EXCLUDED."documentosMatricula", "autorizadosRetirada"=EXCLUDED."autorizadosRetirada", "transporteEscolar"=EXCLUDED."transporteEscolar", "fichaAdministrativa"=EXCLUDED."fichaAdministrativa", "isActive"=TRUE, "updatedAt"=NOW();
  INSERT INTO "Enrollment" (id,"childId","classroomId","enrollmentDate",status,"createdAt","updatedAt")
  VALUES ('seed_enr_' || 'seed_pelicano_child_row273_benjamim_dias_araujo_seed_pelicano_class_pel_ii_periodo_sem_professora', 'seed_pelicano_child_row273_benjamim_dias_araujo', 'seed_pelicano_class_pel_ii_periodo_sem_professora', '2026-02-01 12:00:00', 'ATIVA'::"EnrollmentStatus", NOW(), NOW())
  ON CONFLICT ("childId","classroomId") DO UPDATE SET status=EXCLUDED.status, "updatedAt"=NOW();
  -- Aluno: BENJAMIN LUCAS DOS SANTOS LIMA
  INSERT INTO "Child" (id,"mantenedoraId","unitId","firstName","lastName","dateOfBirth",gender,cpf,raca,peso,"bloodType",allergies,"medicalConditions","usoImagem",laudado,nis,"codigoAluno",inscricao,"nomeMae","nomePai","celPai",nacionalidade,naturalidade,"ufNascimento",endereco,cep,"dadosResponsaveis","documentosMatricula","autorizadosRetirada","transporteEscolar","fichaAdministrativa","isActive","createdAt","updatedAt")
  VALUES ('seed_pelicano_child_row274_benjamin_lucas_dos_santos_lima',v_mantenedora_id,v_unit_id,'Benjamin','Lucas Dos Santos Lima','2020-10-20 12:00:00','MASCULINO'::"Gender",'109.261.201-74','PARDA','16kg',NULL,NULL,NULL,NULL,NULL,NULL,NULL,NULL,NULL,NULL,NULL,'BRASIL','Brasilia','DF',NULL,NULL,'{"mae": {"nome": null, "cpf": null, "telefone": null}, "pai": {"nome": null, "cpf": null, "telefone": null}, "responsavelPrincipal": {"nome": null, "cpf": null, "parentesco": null, "identidade": null, "orgaoExpedidor": null, "telefone": null}, "enderecoResponsavel": null, "cepResponsavel": null, "escolaridade": null, "profissao": null, "numeroDependentes": null, "numeroPessoasCasa": null}'::jsonb,'{"codigoAluno": null, "inscricao": null, "censo": null, "beneficio": null, "nis": null, "pisResponsavel": null, "cpfOriginalAluno": "109.261.201-74", "cpfPersistidoNoCampoCpf": "109.261.201-74", "cpfDuplicadoNaPlanilha": false, "serie2024": null, "origemLinhaPlanilha": 274}'::jsonb,'[]'::jsonb,'{"usaTransporteEscolar": null, "nomeTransporte": null}'::jsonb,'{"turmaPlanilha": "II PERÍODO", "professoraPlanilha": null, "fonte": "DADOS PARA PLATAFORMA PEDAGÓGICA (1) (1).xlsx / Planilha1", "linhaPlanilha": 274, "raw": {"NOME": "BENJAMIN LUCAS DOS SANTOS LIMA", "SEXO": "M", "NASC": "2020-10-20T00:00:00", "NACIONALIDADE": "BRASIL", "NATURALIDADE": "Brasilia", "UF": "DF", "CPF": "10926120174", "RAÇA": "PARDA", "PESO": "16kg", "TURMA": "II PERÍODO"}}'::jsonb,TRUE,NOW(),NOW())
  ON CONFLICT (id) DO UPDATE SET "unitId"=v_unit_id, "firstName"=EXCLUDED."firstName", "lastName"=EXCLUDED."lastName", "dateOfBirth"=EXCLUDED."dateOfBirth", gender=EXCLUDED.gender, cpf=EXCLUDED.cpf, raca=EXCLUDED.raca, peso=EXCLUDED.peso, "bloodType"=EXCLUDED."bloodType", allergies=EXCLUDED.allergies, "medicalConditions"=EXCLUDED."medicalConditions", "usoImagem"=EXCLUDED."usoImagem", laudado=EXCLUDED.laudado, nis=EXCLUDED.nis, "codigoAluno"=EXCLUDED."codigoAluno", inscricao=EXCLUDED.inscricao, "nomeMae"=EXCLUDED."nomeMae", "nomePai"=EXCLUDED."nomePai", "celPai"=EXCLUDED."celPai", nacionalidade=EXCLUDED.nacionalidade, naturalidade=EXCLUDED.naturalidade, "ufNascimento"=EXCLUDED."ufNascimento", endereco=EXCLUDED.endereco, cep=EXCLUDED.cep, "dadosResponsaveis"=EXCLUDED."dadosResponsaveis", "documentosMatricula"=EXCLUDED."documentosMatricula", "autorizadosRetirada"=EXCLUDED."autorizadosRetirada", "transporteEscolar"=EXCLUDED."transporteEscolar", "fichaAdministrativa"=EXCLUDED."fichaAdministrativa", "isActive"=TRUE, "updatedAt"=NOW();
  INSERT INTO "Enrollment" (id,"childId","classroomId","enrollmentDate",status,"createdAt","updatedAt")
  VALUES ('seed_enr_' || 'seed_pelicano_child_row274_benjamin_lucas_dos_santos_lima_seed_pelicano_class_pel_ii_periodo_sem_pro', 'seed_pelicano_child_row274_benjamin_lucas_dos_santos_lima', 'seed_pelicano_class_pel_ii_periodo_sem_professora', '2026-02-01 12:00:00', 'ATIVA'::"EnrollmentStatus", NOW(), NOW())
  ON CONFLICT ("childId","classroomId") DO UPDATE SET status=EXCLUDED.status, "updatedAt"=NOW();
  -- Aluno: BLENYCIO GABRIEL DE SOUZA GUIMARAES
  INSERT INTO "Child" (id,"mantenedoraId","unitId","firstName","lastName","dateOfBirth",gender,cpf,raca,peso,"bloodType",allergies,"medicalConditions","usoImagem",laudado,nis,"codigoAluno",inscricao,"nomeMae","nomePai","celPai",nacionalidade,naturalidade,"ufNascimento",endereco,cep,"dadosResponsaveis","documentosMatricula","autorizadosRetirada","transporteEscolar","fichaAdministrativa","isActive","createdAt","updatedAt")
  VALUES ('seed_pelicano_child_row275_blenycio_gabriel_de_souza_guimaraes',v_mantenedora_id,v_unit_id,'Blenycio','Gabriel De Souza Guimaraes','2021-03-22 12:00:00','MASCULINO'::"Gender",'111.073.551-09','PARDA','17kg','O+',NULL,NULL,NULL,NULL,NULL,NULL,NULL,NULL,NULL,NULL,'BRASIL','Brasilia','DF',NULL,NULL,'{"mae": {"nome": null, "cpf": null, "telefone": null}, "pai": {"nome": null, "cpf": null, "telefone": null}, "responsavelPrincipal": {"nome": null, "cpf": null, "parentesco": null, "identidade": null, "orgaoExpedidor": null, "telefone": null}, "enderecoResponsavel": null, "cepResponsavel": null, "escolaridade": null, "profissao": null, "numeroDependentes": null, "numeroPessoasCasa": null}'::jsonb,'{"codigoAluno": null, "inscricao": null, "censo": null, "beneficio": null, "nis": null, "pisResponsavel": null, "cpfOriginalAluno": "111.073.551-09", "cpfPersistidoNoCampoCpf": "111.073.551-09", "cpfDuplicadoNaPlanilha": false, "serie2024": null, "origemLinhaPlanilha": 275}'::jsonb,'[]'::jsonb,'{"usaTransporteEscolar": null, "nomeTransporte": null}'::jsonb,'{"turmaPlanilha": "II PERÍODO", "professoraPlanilha": null, "fonte": "DADOS PARA PLATAFORMA PEDAGÓGICA (1) (1).xlsx / Planilha1", "linhaPlanilha": 275, "raw": {"NOME": "BLENYCIO GABRIEL DE SOUZA GUIMARAES", "SEXO": "M", "NASC": "2021-03-22T00:00:00", "NACIONALIDADE": "BRASIL", "NATURALIDADE": "Brasilia", "UF": "DF", "CPF": "111.073.551-09", "RAÇA": "PARDA", "PESO": "17kg", "TIPAGEM SANGUINEA": "O+", "TURMA": "II PERÍODO"}}'::jsonb,TRUE,NOW(),NOW())
  ON CONFLICT (id) DO UPDATE SET "unitId"=v_unit_id, "firstName"=EXCLUDED."firstName", "lastName"=EXCLUDED."lastName", "dateOfBirth"=EXCLUDED."dateOfBirth", gender=EXCLUDED.gender, cpf=EXCLUDED.cpf, raca=EXCLUDED.raca, peso=EXCLUDED.peso, "bloodType"=EXCLUDED."bloodType", allergies=EXCLUDED.allergies, "medicalConditions"=EXCLUDED."medicalConditions", "usoImagem"=EXCLUDED."usoImagem", laudado=EXCLUDED.laudado, nis=EXCLUDED.nis, "codigoAluno"=EXCLUDED."codigoAluno", inscricao=EXCLUDED.inscricao, "nomeMae"=EXCLUDED."nomeMae", "nomePai"=EXCLUDED."nomePai", "celPai"=EXCLUDED."celPai", nacionalidade=EXCLUDED.nacionalidade, naturalidade=EXCLUDED.naturalidade, "ufNascimento"=EXCLUDED."ufNascimento", endereco=EXCLUDED.endereco, cep=EXCLUDED.cep, "dadosResponsaveis"=EXCLUDED."dadosResponsaveis", "documentosMatricula"=EXCLUDED."documentosMatricula", "autorizadosRetirada"=EXCLUDED."autorizadosRetirada", "transporteEscolar"=EXCLUDED."transporteEscolar", "fichaAdministrativa"=EXCLUDED."fichaAdministrativa", "isActive"=TRUE, "updatedAt"=NOW();
  INSERT INTO "Enrollment" (id,"childId","classroomId","enrollmentDate",status,"createdAt","updatedAt")
  VALUES ('seed_enr_' || 'seed_pelicano_child_row275_blenycio_gabriel_de_souza_guimaraes_seed_pelicano_class_pel_ii_periodo_se', 'seed_pelicano_child_row275_blenycio_gabriel_de_souza_guimaraes', 'seed_pelicano_class_pel_ii_periodo_sem_professora', '2026-02-01 12:00:00', 'ATIVA'::"EnrollmentStatus", NOW(), NOW())
  ON CONFLICT ("childId","classroomId") DO UPDATE SET status=EXCLUDED.status, "updatedAt"=NOW();
  -- Aluno: CHRISTOFER THEO DA SILVA CASTRO
  INSERT INTO "Child" (id,"mantenedoraId","unitId","firstName","lastName","dateOfBirth",gender,cpf,raca,peso,"bloodType",allergies,"medicalConditions","usoImagem",laudado,nis,"codigoAluno",inscricao,"nomeMae","nomePai","celPai",nacionalidade,naturalidade,"ufNascimento",endereco,cep,"dadosResponsaveis","documentosMatricula","autorizadosRetirada","transporteEscolar","fichaAdministrativa","isActive","createdAt","updatedAt")
  VALUES ('seed_pelicano_child_row276_christofer_theo_da_silva_castro',v_mantenedora_id,v_unit_id,'Christofer','Theo Da Silva Castro','2020-08-16 12:00:00','MASCULINO'::"Gender",NULL,'PARDA',NULL,NULL,NULL,NULL,NULL,NULL,NULL,NULL,NULL,NULL,NULL,NULL,'BRASIL','Brasilia','DF',NULL,NULL,'{"mae": {"nome": null, "cpf": null, "telefone": null}, "pai": {"nome": null, "cpf": null, "telefone": null}, "responsavelPrincipal": {"nome": null, "cpf": null, "parentesco": null, "identidade": null, "orgaoExpedidor": null, "telefone": null}, "enderecoResponsavel": null, "cepResponsavel": null, "escolaridade": null, "profissao": null, "numeroDependentes": null, "numeroPessoasCasa": null}'::jsonb,'{"codigoAluno": null, "inscricao": null, "censo": null, "beneficio": null, "nis": null, "pisResponsavel": null, "cpfOriginalAluno": null, "cpfPersistidoNoCampoCpf": null, "cpfDuplicadoNaPlanilha": false, "serie2024": null, "origemLinhaPlanilha": 276}'::jsonb,'[]'::jsonb,'{"usaTransporteEscolar": null, "nomeTransporte": null}'::jsonb,'{"turmaPlanilha": "II PERÍODO", "professoraPlanilha": null, "fonte": "DADOS PARA PLATAFORMA PEDAGÓGICA (1) (1).xlsx / Planilha1", "linhaPlanilha": 276, "raw": {"NOME": "CHRISTOFER THEO DA SILVA CASTRO", "SEXO": "M", "NASC": "2020-08-16T00:00:00", "NACIONALIDADE": "BRASIL", "NATURALIDADE": "Brasilia", "UF": "DF", "RAÇA": "PARDA", "TURMA": "II PERÍODO"}}'::jsonb,TRUE,NOW(),NOW())
  ON CONFLICT (id) DO UPDATE SET "unitId"=v_unit_id, "firstName"=EXCLUDED."firstName", "lastName"=EXCLUDED."lastName", "dateOfBirth"=EXCLUDED."dateOfBirth", gender=EXCLUDED.gender, cpf=EXCLUDED.cpf, raca=EXCLUDED.raca, peso=EXCLUDED.peso, "bloodType"=EXCLUDED."bloodType", allergies=EXCLUDED.allergies, "medicalConditions"=EXCLUDED."medicalConditions", "usoImagem"=EXCLUDED."usoImagem", laudado=EXCLUDED.laudado, nis=EXCLUDED.nis, "codigoAluno"=EXCLUDED."codigoAluno", inscricao=EXCLUDED.inscricao, "nomeMae"=EXCLUDED."nomeMae", "nomePai"=EXCLUDED."nomePai", "celPai"=EXCLUDED."celPai", nacionalidade=EXCLUDED.nacionalidade, naturalidade=EXCLUDED.naturalidade, "ufNascimento"=EXCLUDED."ufNascimento", endereco=EXCLUDED.endereco, cep=EXCLUDED.cep, "dadosResponsaveis"=EXCLUDED."dadosResponsaveis", "documentosMatricula"=EXCLUDED."documentosMatricula", "autorizadosRetirada"=EXCLUDED."autorizadosRetirada", "transporteEscolar"=EXCLUDED."transporteEscolar", "fichaAdministrativa"=EXCLUDED."fichaAdministrativa", "isActive"=TRUE, "updatedAt"=NOW();
  INSERT INTO "Enrollment" (id,"childId","classroomId","enrollmentDate",status,"createdAt","updatedAt")
  VALUES ('seed_enr_' || 'seed_pelicano_child_row276_christofer_theo_da_silva_castro_seed_pelicano_class_pel_ii_periodo_sem_pr', 'seed_pelicano_child_row276_christofer_theo_da_silva_castro', 'seed_pelicano_class_pel_ii_periodo_sem_professora', '2026-02-01 12:00:00', 'ATIVA'::"EnrollmentStatus", NOW(), NOW())
  ON CONFLICT ("childId","classroomId") DO UPDATE SET status=EXCLUDED.status, "updatedAt"=NOW();
  -- Aluno: CLARA DO NASCIMENTO FERNANDES
  INSERT INTO "Child" (id,"mantenedoraId","unitId","firstName","lastName","dateOfBirth",gender,cpf,raca,peso,"bloodType",allergies,"medicalConditions","usoImagem",laudado,nis,"codigoAluno",inscricao,"nomeMae","nomePai","celPai",nacionalidade,naturalidade,"ufNascimento",endereco,cep,"dadosResponsaveis","documentosMatricula","autorizadosRetirada","transporteEscolar","fichaAdministrativa","isActive","createdAt","updatedAt")
  VALUES ('seed_pelicano_child_row277_clara_do_nascimento_fernandes',v_mantenedora_id,v_unit_id,'Clara','Do Nascimento Fernandes','2021-02-20 12:00:00','FEMININO'::"Gender",NULL,'PARDA',NULL,NULL,NULL,NULL,NULL,NULL,NULL,NULL,NULL,NULL,NULL,NULL,'BRASIL','Brasilia','DF',NULL,NULL,'{"mae": {"nome": null, "cpf": null, "telefone": null}, "pai": {"nome": null, "cpf": null, "telefone": null}, "responsavelPrincipal": {"nome": null, "cpf": null, "parentesco": null, "identidade": null, "orgaoExpedidor": null, "telefone": null}, "enderecoResponsavel": null, "cepResponsavel": null, "escolaridade": null, "profissao": null, "numeroDependentes": null, "numeroPessoasCasa": null}'::jsonb,'{"codigoAluno": null, "inscricao": null, "censo": null, "beneficio": null, "nis": null, "pisResponsavel": null, "cpfOriginalAluno": null, "cpfPersistidoNoCampoCpf": null, "cpfDuplicadoNaPlanilha": false, "serie2024": null, "origemLinhaPlanilha": 277}'::jsonb,'[]'::jsonb,'{"usaTransporteEscolar": null, "nomeTransporte": null}'::jsonb,'{"turmaPlanilha": "II PERÍODO", "professoraPlanilha": null, "fonte": "DADOS PARA PLATAFORMA PEDAGÓGICA (1) (1).xlsx / Planilha1", "linhaPlanilha": 277, "raw": {"NOME": "CLARA DO NASCIMENTO FERNANDES", "SEXO": "F", "NASC": "2021-02-20T00:00:00", "NACIONALIDADE": "BRASIL", "NATURALIDADE": "Brasilia", "UF": "DF", "RAÇA": "PARDA", "TURMA": "II PERÍODO"}}'::jsonb,TRUE,NOW(),NOW())
  ON CONFLICT (id) DO UPDATE SET "unitId"=v_unit_id, "firstName"=EXCLUDED."firstName", "lastName"=EXCLUDED."lastName", "dateOfBirth"=EXCLUDED."dateOfBirth", gender=EXCLUDED.gender, cpf=EXCLUDED.cpf, raca=EXCLUDED.raca, peso=EXCLUDED.peso, "bloodType"=EXCLUDED."bloodType", allergies=EXCLUDED.allergies, "medicalConditions"=EXCLUDED."medicalConditions", "usoImagem"=EXCLUDED."usoImagem", laudado=EXCLUDED.laudado, nis=EXCLUDED.nis, "codigoAluno"=EXCLUDED."codigoAluno", inscricao=EXCLUDED.inscricao, "nomeMae"=EXCLUDED."nomeMae", "nomePai"=EXCLUDED."nomePai", "celPai"=EXCLUDED."celPai", nacionalidade=EXCLUDED.nacionalidade, naturalidade=EXCLUDED.naturalidade, "ufNascimento"=EXCLUDED."ufNascimento", endereco=EXCLUDED.endereco, cep=EXCLUDED.cep, "dadosResponsaveis"=EXCLUDED."dadosResponsaveis", "documentosMatricula"=EXCLUDED."documentosMatricula", "autorizadosRetirada"=EXCLUDED."autorizadosRetirada", "transporteEscolar"=EXCLUDED."transporteEscolar", "fichaAdministrativa"=EXCLUDED."fichaAdministrativa", "isActive"=TRUE, "updatedAt"=NOW();
  INSERT INTO "Enrollment" (id,"childId","classroomId","enrollmentDate",status,"createdAt","updatedAt")
  VALUES ('seed_enr_' || 'seed_pelicano_child_row277_clara_do_nascimento_fernandes_seed_pelicano_class_pel_ii_periodo_sem_prof', 'seed_pelicano_child_row277_clara_do_nascimento_fernandes', 'seed_pelicano_class_pel_ii_periodo_sem_professora', '2026-02-01 12:00:00', 'ATIVA'::"EnrollmentStatus", NOW(), NOW())
  ON CONFLICT ("childId","classroomId") DO UPDATE SET status=EXCLUDED.status, "updatedAt"=NOW();
  -- Aluno: DAVI EMANUEL SILVA JUNIOR
  INSERT INTO "Child" (id,"mantenedoraId","unitId","firstName","lastName","dateOfBirth",gender,cpf,raca,peso,"bloodType",allergies,"medicalConditions","usoImagem",laudado,nis,"codigoAluno",inscricao,"nomeMae","nomePai","celPai",nacionalidade,naturalidade,"ufNascimento",endereco,cep,"dadosResponsaveis","documentosMatricula","autorizadosRetirada","transporteEscolar","fichaAdministrativa","isActive","createdAt","updatedAt")
  VALUES ('seed_pelicano_child_row278_davi_emanuel_silva_junior',v_mantenedora_id,v_unit_id,'Davi','Emanuel Silva Junior','2020-09-04 12:00:00','MASCULINO'::"Gender",'717.029.191-61','PARDA',NULL,NULL,NULL,NULL,NULL,NULL,NULL,NULL,NULL,NULL,NULL,NULL,'BRASIL','Brasilia','DF',NULL,NULL,'{"mae": {"nome": null, "cpf": null, "telefone": null}, "pai": {"nome": null, "cpf": null, "telefone": null}, "responsavelPrincipal": {"nome": null, "cpf": null, "parentesco": null, "identidade": null, "orgaoExpedidor": null, "telefone": null}, "enderecoResponsavel": null, "cepResponsavel": null, "escolaridade": null, "profissao": null, "numeroDependentes": null, "numeroPessoasCasa": null}'::jsonb,'{"codigoAluno": null, "inscricao": null, "censo": null, "beneficio": null, "nis": null, "pisResponsavel": null, "cpfOriginalAluno": "717.029.191-61", "cpfPersistidoNoCampoCpf": "717.029.191-61", "cpfDuplicadoNaPlanilha": false, "serie2024": null, "origemLinhaPlanilha": 278}'::jsonb,'[]'::jsonb,'{"usaTransporteEscolar": null, "nomeTransporte": null}'::jsonb,'{"turmaPlanilha": "II PERÍODO", "professoraPlanilha": null, "fonte": "DADOS PARA PLATAFORMA PEDAGÓGICA (1) (1).xlsx / Planilha1", "linhaPlanilha": 278, "raw": {"NOME": "DAVI EMANUEL SILVA JUNIOR", "SEXO": "M", "NASC": "2020-09-04T00:00:00", "NACIONALIDADE": "BRASIL", "NATURALIDADE": "Brasilia", "UF": "DF", "CPF": "71702919161", "RAÇA": "PARDA", "TURMA": "II PERÍODO"}}'::jsonb,TRUE,NOW(),NOW())
  ON CONFLICT (id) DO UPDATE SET "unitId"=v_unit_id, "firstName"=EXCLUDED."firstName", "lastName"=EXCLUDED."lastName", "dateOfBirth"=EXCLUDED."dateOfBirth", gender=EXCLUDED.gender, cpf=EXCLUDED.cpf, raca=EXCLUDED.raca, peso=EXCLUDED.peso, "bloodType"=EXCLUDED."bloodType", allergies=EXCLUDED.allergies, "medicalConditions"=EXCLUDED."medicalConditions", "usoImagem"=EXCLUDED."usoImagem", laudado=EXCLUDED.laudado, nis=EXCLUDED.nis, "codigoAluno"=EXCLUDED."codigoAluno", inscricao=EXCLUDED.inscricao, "nomeMae"=EXCLUDED."nomeMae", "nomePai"=EXCLUDED."nomePai", "celPai"=EXCLUDED."celPai", nacionalidade=EXCLUDED.nacionalidade, naturalidade=EXCLUDED.naturalidade, "ufNascimento"=EXCLUDED."ufNascimento", endereco=EXCLUDED.endereco, cep=EXCLUDED.cep, "dadosResponsaveis"=EXCLUDED."dadosResponsaveis", "documentosMatricula"=EXCLUDED."documentosMatricula", "autorizadosRetirada"=EXCLUDED."autorizadosRetirada", "transporteEscolar"=EXCLUDED."transporteEscolar", "fichaAdministrativa"=EXCLUDED."fichaAdministrativa", "isActive"=TRUE, "updatedAt"=NOW();
  INSERT INTO "Enrollment" (id,"childId","classroomId","enrollmentDate",status,"createdAt","updatedAt")
  VALUES ('seed_enr_' || 'seed_pelicano_child_row278_davi_emanuel_silva_junior_seed_pelicano_class_pel_ii_periodo_sem_professo', 'seed_pelicano_child_row278_davi_emanuel_silva_junior', 'seed_pelicano_class_pel_ii_periodo_sem_professora', '2026-02-01 12:00:00', 'ATIVA'::"EnrollmentStatus", NOW(), NOW())
  ON CONFLICT ("childId","classroomId") DO UPDATE SET status=EXCLUDED.status, "updatedAt"=NOW();
  -- Aluno: DAVI LUCCA MARTINS DE SOUZA
  INSERT INTO "Child" (id,"mantenedoraId","unitId","firstName","lastName","dateOfBirth",gender,cpf,raca,peso,"bloodType",allergies,"medicalConditions","usoImagem",laudado,nis,"codigoAluno",inscricao,"nomeMae","nomePai","celPai",nacionalidade,naturalidade,"ufNascimento",endereco,cep,"dadosResponsaveis","documentosMatricula","autorizadosRetirada","transporteEscolar","fichaAdministrativa","isActive","createdAt","updatedAt")
  VALUES ('seed_pelicano_child_row279_davi_lucca_martins_de_souza',v_mantenedora_id,v_unit_id,'Davi','Lucca Martins De Souza','2020-05-08 12:00:00','MASCULINO'::"Gender",'107.412.141-48','PARDA',NULL,NULL,NULL,NULL,NULL,NULL,NULL,NULL,NULL,NULL,NULL,NULL,'BRASIL','Brasilia','DF',NULL,NULL,'{"mae": {"nome": null, "cpf": null, "telefone": null}, "pai": {"nome": null, "cpf": null, "telefone": null}, "responsavelPrincipal": {"nome": null, "cpf": null, "parentesco": null, "identidade": null, "orgaoExpedidor": null, "telefone": null}, "enderecoResponsavel": null, "cepResponsavel": null, "escolaridade": null, "profissao": null, "numeroDependentes": null, "numeroPessoasCasa": null}'::jsonb,'{"codigoAluno": null, "inscricao": null, "censo": null, "beneficio": null, "nis": null, "pisResponsavel": null, "cpfOriginalAluno": "107.412.141-48", "cpfPersistidoNoCampoCpf": "107.412.141-48", "cpfDuplicadoNaPlanilha": false, "serie2024": null, "origemLinhaPlanilha": 279}'::jsonb,'[]'::jsonb,'{"usaTransporteEscolar": null, "nomeTransporte": null}'::jsonb,'{"turmaPlanilha": "II PERÍODO", "professoraPlanilha": null, "fonte": "DADOS PARA PLATAFORMA PEDAGÓGICA (1) (1).xlsx / Planilha1", "linhaPlanilha": 279, "raw": {"NOME": "DAVI LUCCA MARTINS DE SOUZA", "SEXO": "M", "NASC": "2020-05-08T00:00:00", "NACIONALIDADE": "BRASIL", "NATURALIDADE": "Brasilia", "UF": "DF", "CPF": "10741214148", "RAÇA": "PARDA", "TURMA": "II PERÍODO"}}'::jsonb,TRUE,NOW(),NOW())
  ON CONFLICT (id) DO UPDATE SET "unitId"=v_unit_id, "firstName"=EXCLUDED."firstName", "lastName"=EXCLUDED."lastName", "dateOfBirth"=EXCLUDED."dateOfBirth", gender=EXCLUDED.gender, cpf=EXCLUDED.cpf, raca=EXCLUDED.raca, peso=EXCLUDED.peso, "bloodType"=EXCLUDED."bloodType", allergies=EXCLUDED.allergies, "medicalConditions"=EXCLUDED."medicalConditions", "usoImagem"=EXCLUDED."usoImagem", laudado=EXCLUDED.laudado, nis=EXCLUDED.nis, "codigoAluno"=EXCLUDED."codigoAluno", inscricao=EXCLUDED.inscricao, "nomeMae"=EXCLUDED."nomeMae", "nomePai"=EXCLUDED."nomePai", "celPai"=EXCLUDED."celPai", nacionalidade=EXCLUDED.nacionalidade, naturalidade=EXCLUDED.naturalidade, "ufNascimento"=EXCLUDED."ufNascimento", endereco=EXCLUDED.endereco, cep=EXCLUDED.cep, "dadosResponsaveis"=EXCLUDED."dadosResponsaveis", "documentosMatricula"=EXCLUDED."documentosMatricula", "autorizadosRetirada"=EXCLUDED."autorizadosRetirada", "transporteEscolar"=EXCLUDED."transporteEscolar", "fichaAdministrativa"=EXCLUDED."fichaAdministrativa", "isActive"=TRUE, "updatedAt"=NOW();
  INSERT INTO "Enrollment" (id,"childId","classroomId","enrollmentDate",status,"createdAt","updatedAt")
  VALUES ('seed_enr_' || 'seed_pelicano_child_row279_davi_lucca_martins_de_souza_seed_pelicano_class_pel_ii_periodo_sem_profes', 'seed_pelicano_child_row279_davi_lucca_martins_de_souza', 'seed_pelicano_class_pel_ii_periodo_sem_professora', '2026-02-01 12:00:00', 'ATIVA'::"EnrollmentStatus", NOW(), NOW())
  ON CONFLICT ("childId","classroomId") DO UPDATE SET status=EXCLUDED.status, "updatedAt"=NOW();
  -- Aluno: EDUARDO FERREIRA MACEDO
  INSERT INTO "Child" (id,"mantenedoraId","unitId","firstName","lastName","dateOfBirth",gender,cpf,raca,peso,"bloodType",allergies,"medicalConditions","usoImagem",laudado,nis,"codigoAluno",inscricao,"nomeMae","nomePai","celPai",nacionalidade,naturalidade,"ufNascimento",endereco,cep,"dadosResponsaveis","documentosMatricula","autorizadosRetirada","transporteEscolar","fichaAdministrativa","isActive","createdAt","updatedAt")
  VALUES ('seed_pelicano_child_row280_eduardo_ferreira_macedo',v_mantenedora_id,v_unit_id,'Eduardo','Ferreira Macedo','2020-09-26 12:00:00','MASCULINO'::"Gender",'108.981.601-46','PARDA',NULL,NULL,NULL,NULL,NULL,NULL,NULL,NULL,NULL,NULL,NULL,NULL,'BRASIL','Brasilia','DF',NULL,NULL,'{"mae": {"nome": null, "cpf": null, "telefone": null}, "pai": {"nome": null, "cpf": null, "telefone": null}, "responsavelPrincipal": {"nome": null, "cpf": null, "parentesco": null, "identidade": null, "orgaoExpedidor": null, "telefone": null}, "enderecoResponsavel": null, "cepResponsavel": null, "escolaridade": null, "profissao": null, "numeroDependentes": null, "numeroPessoasCasa": null}'::jsonb,'{"codigoAluno": null, "inscricao": null, "censo": null, "beneficio": null, "nis": null, "pisResponsavel": null, "cpfOriginalAluno": "108.981.601-46", "cpfPersistidoNoCampoCpf": "108.981.601-46", "cpfDuplicadoNaPlanilha": false, "serie2024": null, "origemLinhaPlanilha": 280}'::jsonb,'[]'::jsonb,'{"usaTransporteEscolar": null, "nomeTransporte": null}'::jsonb,'{"turmaPlanilha": "II PERÍODO", "professoraPlanilha": null, "fonte": "DADOS PARA PLATAFORMA PEDAGÓGICA (1) (1).xlsx / Planilha1", "linhaPlanilha": 280, "raw": {"NOME": "EDUARDO FERREIRA MACEDO", "SEXO": "M", "NASC": "2020-09-26T00:00:00", "NACIONALIDADE": "BRASIL", "NATURALIDADE": "Brasilia", "UF": "DF", "CPF": "10898160146", "RAÇA": "PARDA", "TURMA": "II PERÍODO"}}'::jsonb,TRUE,NOW(),NOW())
  ON CONFLICT (id) DO UPDATE SET "unitId"=v_unit_id, "firstName"=EXCLUDED."firstName", "lastName"=EXCLUDED."lastName", "dateOfBirth"=EXCLUDED."dateOfBirth", gender=EXCLUDED.gender, cpf=EXCLUDED.cpf, raca=EXCLUDED.raca, peso=EXCLUDED.peso, "bloodType"=EXCLUDED."bloodType", allergies=EXCLUDED.allergies, "medicalConditions"=EXCLUDED."medicalConditions", "usoImagem"=EXCLUDED."usoImagem", laudado=EXCLUDED.laudado, nis=EXCLUDED.nis, "codigoAluno"=EXCLUDED."codigoAluno", inscricao=EXCLUDED.inscricao, "nomeMae"=EXCLUDED."nomeMae", "nomePai"=EXCLUDED."nomePai", "celPai"=EXCLUDED."celPai", nacionalidade=EXCLUDED.nacionalidade, naturalidade=EXCLUDED.naturalidade, "ufNascimento"=EXCLUDED."ufNascimento", endereco=EXCLUDED.endereco, cep=EXCLUDED.cep, "dadosResponsaveis"=EXCLUDED."dadosResponsaveis", "documentosMatricula"=EXCLUDED."documentosMatricula", "autorizadosRetirada"=EXCLUDED."autorizadosRetirada", "transporteEscolar"=EXCLUDED."transporteEscolar", "fichaAdministrativa"=EXCLUDED."fichaAdministrativa", "isActive"=TRUE, "updatedAt"=NOW();
  INSERT INTO "Enrollment" (id,"childId","classroomId","enrollmentDate",status,"createdAt","updatedAt")
  VALUES ('seed_enr_' || 'seed_pelicano_child_row280_eduardo_ferreira_macedo_seed_pelicano_class_pel_ii_periodo_sem_professora', 'seed_pelicano_child_row280_eduardo_ferreira_macedo', 'seed_pelicano_class_pel_ii_periodo_sem_professora', '2026-02-01 12:00:00', 'ATIVA'::"EnrollmentStatus", NOW(), NOW())
  ON CONFLICT ("childId","classroomId") DO UPDATE SET status=EXCLUDED.status, "updatedAt"=NOW();
  -- Aluno: ELISA RODRIGUES MOTA
  INSERT INTO "Child" (id,"mantenedoraId","unitId","firstName","lastName","dateOfBirth",gender,cpf,raca,peso,"bloodType",allergies,"medicalConditions","usoImagem",laudado,nis,"codigoAluno",inscricao,"nomeMae","nomePai","celPai",nacionalidade,naturalidade,"ufNascimento",endereco,cep,"dadosResponsaveis","documentosMatricula","autorizadosRetirada","transporteEscolar","fichaAdministrativa","isActive","createdAt","updatedAt")
  VALUES ('seed_pelicano_child_row281_elisa_rodrigues_mota',v_mantenedora_id,v_unit_id,'Elisa','Rodrigues Mota','2021-02-10 12:00:00','FEMININO'::"Gender",'110.663.621-06','PARDA','15.6kg','B+',NULL,NULL,NULL,NULL,NULL,NULL,NULL,NULL,NULL,NULL,'BRASIL','Brasilia','DF',NULL,NULL,'{"mae": {"nome": null, "cpf": null, "telefone": null}, "pai": {"nome": null, "cpf": null, "telefone": null}, "responsavelPrincipal": {"nome": null, "cpf": null, "parentesco": null, "identidade": null, "orgaoExpedidor": null, "telefone": null}, "enderecoResponsavel": null, "cepResponsavel": null, "escolaridade": null, "profissao": null, "numeroDependentes": null, "numeroPessoasCasa": null}'::jsonb,'{"codigoAluno": null, "inscricao": null, "censo": null, "beneficio": null, "nis": null, "pisResponsavel": null, "cpfOriginalAluno": "110.663.621-06", "cpfPersistidoNoCampoCpf": "110.663.621-06", "cpfDuplicadoNaPlanilha": false, "serie2024": null, "origemLinhaPlanilha": 281}'::jsonb,'[]'::jsonb,'{"usaTransporteEscolar": null, "nomeTransporte": null}'::jsonb,'{"turmaPlanilha": "II PERÍODO", "professoraPlanilha": null, "fonte": "DADOS PARA PLATAFORMA PEDAGÓGICA (1) (1).xlsx / Planilha1", "linhaPlanilha": 281, "raw": {"NOME": "ELISA RODRIGUES MOTA", "SEXO": "F", "NASC": "2021-02-10T00:00:00", "NACIONALIDADE": "BRASIL", "NATURALIDADE": "Brasilia", "UF": "DF", "CPF": "110.663.621-06", "RAÇA": "PARDA", "PESO": "15.6kg", "TIPAGEM SANGUINEA": "B+", "TURMA": "II PERÍODO"}}'::jsonb,TRUE,NOW(),NOW())
  ON CONFLICT (id) DO UPDATE SET "unitId"=v_unit_id, "firstName"=EXCLUDED."firstName", "lastName"=EXCLUDED."lastName", "dateOfBirth"=EXCLUDED."dateOfBirth", gender=EXCLUDED.gender, cpf=EXCLUDED.cpf, raca=EXCLUDED.raca, peso=EXCLUDED.peso, "bloodType"=EXCLUDED."bloodType", allergies=EXCLUDED.allergies, "medicalConditions"=EXCLUDED."medicalConditions", "usoImagem"=EXCLUDED."usoImagem", laudado=EXCLUDED.laudado, nis=EXCLUDED.nis, "codigoAluno"=EXCLUDED."codigoAluno", inscricao=EXCLUDED.inscricao, "nomeMae"=EXCLUDED."nomeMae", "nomePai"=EXCLUDED."nomePai", "celPai"=EXCLUDED."celPai", nacionalidade=EXCLUDED.nacionalidade, naturalidade=EXCLUDED.naturalidade, "ufNascimento"=EXCLUDED."ufNascimento", endereco=EXCLUDED.endereco, cep=EXCLUDED.cep, "dadosResponsaveis"=EXCLUDED."dadosResponsaveis", "documentosMatricula"=EXCLUDED."documentosMatricula", "autorizadosRetirada"=EXCLUDED."autorizadosRetirada", "transporteEscolar"=EXCLUDED."transporteEscolar", "fichaAdministrativa"=EXCLUDED."fichaAdministrativa", "isActive"=TRUE, "updatedAt"=NOW();
  INSERT INTO "Enrollment" (id,"childId","classroomId","enrollmentDate",status,"createdAt","updatedAt")
  VALUES ('seed_enr_' || 'seed_pelicano_child_row281_elisa_rodrigues_mota_seed_pelicano_class_pel_ii_periodo_sem_professora', 'seed_pelicano_child_row281_elisa_rodrigues_mota', 'seed_pelicano_class_pel_ii_periodo_sem_professora', '2026-02-01 12:00:00', 'ATIVA'::"EnrollmentStatus", NOW(), NOW())
  ON CONFLICT ("childId","classroomId") DO UPDATE SET status=EXCLUDED.status, "updatedAt"=NOW();
  -- Aluno: ENZO GABRIEL PEREIRA DOS SANTOS
  INSERT INTO "Child" (id,"mantenedoraId","unitId","firstName","lastName","dateOfBirth",gender,cpf,raca,peso,"bloodType",allergies,"medicalConditions","usoImagem",laudado,nis,"codigoAluno",inscricao,"nomeMae","nomePai","celPai",nacionalidade,naturalidade,"ufNascimento",endereco,cep,"dadosResponsaveis","documentosMatricula","autorizadosRetirada","transporteEscolar","fichaAdministrativa","isActive","createdAt","updatedAt")
  VALUES ('seed_pelicano_child_row282_enzo_gabriel_pereira_dos_santos',v_mantenedora_id,v_unit_id,'Enzo','Gabriel Pereira Dos Santos','2020-04-20 12:00:00','MASCULINO'::"Gender",'107.033.881-85','PARDA',NULL,NULL,NULL,NULL,NULL,NULL,NULL,NULL,NULL,NULL,NULL,NULL,'BRASIL','Brasilia','DF',NULL,NULL,'{"mae": {"nome": null, "cpf": null, "telefone": null}, "pai": {"nome": null, "cpf": null, "telefone": null}, "responsavelPrincipal": {"nome": null, "cpf": null, "parentesco": null, "identidade": null, "orgaoExpedidor": null, "telefone": null}, "enderecoResponsavel": null, "cepResponsavel": null, "escolaridade": null, "profissao": null, "numeroDependentes": null, "numeroPessoasCasa": null}'::jsonb,'{"codigoAluno": null, "inscricao": null, "censo": null, "beneficio": null, "nis": null, "pisResponsavel": null, "cpfOriginalAluno": "107.033.881-85", "cpfPersistidoNoCampoCpf": "107.033.881-85", "cpfDuplicadoNaPlanilha": false, "serie2024": null, "origemLinhaPlanilha": 282}'::jsonb,'[]'::jsonb,'{"usaTransporteEscolar": null, "nomeTransporte": null}'::jsonb,'{"turmaPlanilha": "II PERÍODO", "professoraPlanilha": null, "fonte": "DADOS PARA PLATAFORMA PEDAGÓGICA (1) (1).xlsx / Planilha1", "linhaPlanilha": 282, "raw": {"NOME": "ENZO GABRIEL PEREIRA DOS SANTOS", "SEXO": "M", "NASC": "2020-04-20T00:00:00", "NACIONALIDADE": "BRASIL", "NATURALIDADE": "Brasilia", "UF": "DF", "CPF": "10703388185", "RAÇA": "PARDA", "TURMA": "II PERÍODO"}}'::jsonb,TRUE,NOW(),NOW())
  ON CONFLICT (id) DO UPDATE SET "unitId"=v_unit_id, "firstName"=EXCLUDED."firstName", "lastName"=EXCLUDED."lastName", "dateOfBirth"=EXCLUDED."dateOfBirth", gender=EXCLUDED.gender, cpf=EXCLUDED.cpf, raca=EXCLUDED.raca, peso=EXCLUDED.peso, "bloodType"=EXCLUDED."bloodType", allergies=EXCLUDED.allergies, "medicalConditions"=EXCLUDED."medicalConditions", "usoImagem"=EXCLUDED."usoImagem", laudado=EXCLUDED.laudado, nis=EXCLUDED.nis, "codigoAluno"=EXCLUDED."codigoAluno", inscricao=EXCLUDED.inscricao, "nomeMae"=EXCLUDED."nomeMae", "nomePai"=EXCLUDED."nomePai", "celPai"=EXCLUDED."celPai", nacionalidade=EXCLUDED.nacionalidade, naturalidade=EXCLUDED.naturalidade, "ufNascimento"=EXCLUDED."ufNascimento", endereco=EXCLUDED.endereco, cep=EXCLUDED.cep, "dadosResponsaveis"=EXCLUDED."dadosResponsaveis", "documentosMatricula"=EXCLUDED."documentosMatricula", "autorizadosRetirada"=EXCLUDED."autorizadosRetirada", "transporteEscolar"=EXCLUDED."transporteEscolar", "fichaAdministrativa"=EXCLUDED."fichaAdministrativa", "isActive"=TRUE, "updatedAt"=NOW();
  INSERT INTO "Enrollment" (id,"childId","classroomId","enrollmentDate",status,"createdAt","updatedAt")
  VALUES ('seed_enr_' || 'seed_pelicano_child_row282_enzo_gabriel_pereira_dos_santos_seed_pelicano_class_pel_ii_periodo_sem_pr', 'seed_pelicano_child_row282_enzo_gabriel_pereira_dos_santos', 'seed_pelicano_class_pel_ii_periodo_sem_professora', '2026-02-01 12:00:00', 'ATIVA'::"EnrollmentStatus", NOW(), NOW())
  ON CONFLICT ("childId","classroomId") DO UPDATE SET status=EXCLUDED.status, "updatedAt"=NOW();
  -- Aluno: ENZO GABRIEL RODRIGUES LIMA
  INSERT INTO "Child" (id,"mantenedoraId","unitId","firstName","lastName","dateOfBirth",gender,cpf,raca,peso,"bloodType",allergies,"medicalConditions","usoImagem",laudado,nis,"codigoAluno",inscricao,"nomeMae","nomePai","celPai",nacionalidade,naturalidade,"ufNascimento",endereco,cep,"dadosResponsaveis","documentosMatricula","autorizadosRetirada","transporteEscolar","fichaAdministrativa","isActive","createdAt","updatedAt")
  VALUES ('seed_pelicano_child_row283_enzo_gabriel_rodrigues_lima',v_mantenedora_id,v_unit_id,'Enzo','Gabriel Rodrigues Lima','2020-12-24 12:00:00','MASCULINO'::"Gender",'110.059.081-17','PARDA',NULL,NULL,NULL,NULL,NULL,NULL,NULL,NULL,NULL,NULL,NULL,NULL,'BRASIL','Brasilia','DF',NULL,NULL,'{"mae": {"nome": null, "cpf": null, "telefone": null}, "pai": {"nome": null, "cpf": null, "telefone": null}, "responsavelPrincipal": {"nome": null, "cpf": null, "parentesco": null, "identidade": null, "orgaoExpedidor": null, "telefone": null}, "enderecoResponsavel": null, "cepResponsavel": null, "escolaridade": null, "profissao": null, "numeroDependentes": null, "numeroPessoasCasa": null}'::jsonb,'{"codigoAluno": null, "inscricao": null, "censo": null, "beneficio": null, "nis": null, "pisResponsavel": null, "cpfOriginalAluno": "110.059.081-17", "cpfPersistidoNoCampoCpf": "110.059.081-17", "cpfDuplicadoNaPlanilha": false, "serie2024": null, "origemLinhaPlanilha": 283}'::jsonb,'[]'::jsonb,'{"usaTransporteEscolar": null, "nomeTransporte": null}'::jsonb,'{"turmaPlanilha": "II PERÍODO", "professoraPlanilha": null, "fonte": "DADOS PARA PLATAFORMA PEDAGÓGICA (1) (1).xlsx / Planilha1", "linhaPlanilha": 283, "raw": {"NOME": "ENZO GABRIEL RODRIGUES LIMA", "SEXO": "M", "NASC": "2020-12-24T00:00:00", "NACIONALIDADE": "BRASIL", "NATURALIDADE": "Brasilia", "UF": "DF", "CPF": "11005908117", "RAÇA": "PARDA", "TURMA": "II PERÍODO"}}'::jsonb,TRUE,NOW(),NOW())
  ON CONFLICT (id) DO UPDATE SET "unitId"=v_unit_id, "firstName"=EXCLUDED."firstName", "lastName"=EXCLUDED."lastName", "dateOfBirth"=EXCLUDED."dateOfBirth", gender=EXCLUDED.gender, cpf=EXCLUDED.cpf, raca=EXCLUDED.raca, peso=EXCLUDED.peso, "bloodType"=EXCLUDED."bloodType", allergies=EXCLUDED.allergies, "medicalConditions"=EXCLUDED."medicalConditions", "usoImagem"=EXCLUDED."usoImagem", laudado=EXCLUDED.laudado, nis=EXCLUDED.nis, "codigoAluno"=EXCLUDED."codigoAluno", inscricao=EXCLUDED.inscricao, "nomeMae"=EXCLUDED."nomeMae", "nomePai"=EXCLUDED."nomePai", "celPai"=EXCLUDED."celPai", nacionalidade=EXCLUDED.nacionalidade, naturalidade=EXCLUDED.naturalidade, "ufNascimento"=EXCLUDED."ufNascimento", endereco=EXCLUDED.endereco, cep=EXCLUDED.cep, "dadosResponsaveis"=EXCLUDED."dadosResponsaveis", "documentosMatricula"=EXCLUDED."documentosMatricula", "autorizadosRetirada"=EXCLUDED."autorizadosRetirada", "transporteEscolar"=EXCLUDED."transporteEscolar", "fichaAdministrativa"=EXCLUDED."fichaAdministrativa", "isActive"=TRUE, "updatedAt"=NOW();
  INSERT INTO "Enrollment" (id,"childId","classroomId","enrollmentDate",status,"createdAt","updatedAt")
  VALUES ('seed_enr_' || 'seed_pelicano_child_row283_enzo_gabriel_rodrigues_lima_seed_pelicano_class_pel_ii_periodo_sem_profes', 'seed_pelicano_child_row283_enzo_gabriel_rodrigues_lima', 'seed_pelicano_class_pel_ii_periodo_sem_professora', '2026-02-01 12:00:00', 'ATIVA'::"EnrollmentStatus", NOW(), NOW())
  ON CONFLICT ("childId","classroomId") DO UPDATE SET status=EXCLUDED.status, "updatedAt"=NOW();
  -- Aluno: ESTELLA GOMES MACIEL
  INSERT INTO "Child" (id,"mantenedoraId","unitId","firstName","lastName","dateOfBirth",gender,cpf,raca,peso,"bloodType",allergies,"medicalConditions","usoImagem",laudado,nis,"codigoAluno",inscricao,"nomeMae","nomePai","celPai",nacionalidade,naturalidade,"ufNascimento",endereco,cep,"dadosResponsaveis","documentosMatricula","autorizadosRetirada","transporteEscolar","fichaAdministrativa","isActive","createdAt","updatedAt")
  VALUES ('seed_pelicano_child_row284_estella_gomes_maciel',v_mantenedora_id,v_unit_id,'Estella','Gomes Maciel','2020-08-24 12:00:00','FEMININO'::"Gender",'717.316.351-09','PARDA',NULL,NULL,NULL,NULL,NULL,NULL,NULL,NULL,NULL,NULL,NULL,NULL,'BRASIL','Brasilia','DF',NULL,NULL,'{"mae": {"nome": null, "cpf": null, "telefone": null}, "pai": {"nome": null, "cpf": null, "telefone": null}, "responsavelPrincipal": {"nome": null, "cpf": null, "parentesco": null, "identidade": null, "orgaoExpedidor": null, "telefone": null}, "enderecoResponsavel": null, "cepResponsavel": null, "escolaridade": null, "profissao": null, "numeroDependentes": null, "numeroPessoasCasa": null}'::jsonb,'{"codigoAluno": null, "inscricao": null, "censo": null, "beneficio": null, "nis": null, "pisResponsavel": null, "cpfOriginalAluno": "717.316.351-09", "cpfPersistidoNoCampoCpf": "717.316.351-09", "cpfDuplicadoNaPlanilha": false, "serie2024": null, "origemLinhaPlanilha": 284}'::jsonb,'[]'::jsonb,'{"usaTransporteEscolar": null, "nomeTransporte": null}'::jsonb,'{"turmaPlanilha": "II PERÍODO", "professoraPlanilha": null, "fonte": "DADOS PARA PLATAFORMA PEDAGÓGICA (1) (1).xlsx / Planilha1", "linhaPlanilha": 284, "raw": {"NOME": "ESTELLA GOMES MACIEL", "SEXO": "F", "NASC": "2020-08-24T00:00:00", "NACIONALIDADE": "BRASIL", "NATURALIDADE": "Brasilia", "UF": "DF", "CPF": "71731635109", "RAÇA": "PARDA", "TURMA": "II PERÍODO"}}'::jsonb,TRUE,NOW(),NOW())
  ON CONFLICT (id) DO UPDATE SET "unitId"=v_unit_id, "firstName"=EXCLUDED."firstName", "lastName"=EXCLUDED."lastName", "dateOfBirth"=EXCLUDED."dateOfBirth", gender=EXCLUDED.gender, cpf=EXCLUDED.cpf, raca=EXCLUDED.raca, peso=EXCLUDED.peso, "bloodType"=EXCLUDED."bloodType", allergies=EXCLUDED.allergies, "medicalConditions"=EXCLUDED."medicalConditions", "usoImagem"=EXCLUDED."usoImagem", laudado=EXCLUDED.laudado, nis=EXCLUDED.nis, "codigoAluno"=EXCLUDED."codigoAluno", inscricao=EXCLUDED.inscricao, "nomeMae"=EXCLUDED."nomeMae", "nomePai"=EXCLUDED."nomePai", "celPai"=EXCLUDED."celPai", nacionalidade=EXCLUDED.nacionalidade, naturalidade=EXCLUDED.naturalidade, "ufNascimento"=EXCLUDED."ufNascimento", endereco=EXCLUDED.endereco, cep=EXCLUDED.cep, "dadosResponsaveis"=EXCLUDED."dadosResponsaveis", "documentosMatricula"=EXCLUDED."documentosMatricula", "autorizadosRetirada"=EXCLUDED."autorizadosRetirada", "transporteEscolar"=EXCLUDED."transporteEscolar", "fichaAdministrativa"=EXCLUDED."fichaAdministrativa", "isActive"=TRUE, "updatedAt"=NOW();
  INSERT INTO "Enrollment" (id,"childId","classroomId","enrollmentDate",status,"createdAt","updatedAt")
  VALUES ('seed_enr_' || 'seed_pelicano_child_row284_estella_gomes_maciel_seed_pelicano_class_pel_ii_periodo_sem_professora', 'seed_pelicano_child_row284_estella_gomes_maciel', 'seed_pelicano_class_pel_ii_periodo_sem_professora', '2026-02-01 12:00:00', 'ATIVA'::"EnrollmentStatus", NOW(), NOW())
  ON CONFLICT ("childId","classroomId") DO UPDATE SET status=EXCLUDED.status, "updatedAt"=NOW();
  -- Aluno: FLAVIO ALEX RODRIGUES DE OLIVEIRA
  INSERT INTO "Child" (id,"mantenedoraId","unitId","firstName","lastName","dateOfBirth",gender,cpf,raca,peso,"bloodType",allergies,"medicalConditions","usoImagem",laudado,nis,"codigoAluno",inscricao,"nomeMae","nomePai","celPai",nacionalidade,naturalidade,"ufNascimento",endereco,cep,"dadosResponsaveis","documentosMatricula","autorizadosRetirada","transporteEscolar","fichaAdministrativa","isActive","createdAt","updatedAt")
  VALUES ('seed_pelicano_child_row285_flavio_alex_rodrigues_de_oliveira',v_mantenedora_id,v_unit_id,'Flavio','Alex Rodrigues De Oliveira','2020-09-12 12:00:00','MASCULINO'::"Gender",NULL,'PARDA',NULL,NULL,NULL,NULL,NULL,NULL,NULL,NULL,NULL,NULL,NULL,NULL,'BRASIL','Brasilia','DF',NULL,NULL,'{"mae": {"nome": null, "cpf": null, "telefone": null}, "pai": {"nome": null, "cpf": null, "telefone": null}, "responsavelPrincipal": {"nome": null, "cpf": null, "parentesco": null, "identidade": null, "orgaoExpedidor": null, "telefone": null}, "enderecoResponsavel": null, "cepResponsavel": null, "escolaridade": null, "profissao": null, "numeroDependentes": null, "numeroPessoasCasa": null}'::jsonb,'{"codigoAluno": null, "inscricao": null, "censo": null, "beneficio": null, "nis": null, "pisResponsavel": null, "cpfOriginalAluno": null, "cpfPersistidoNoCampoCpf": null, "cpfDuplicadoNaPlanilha": false, "serie2024": null, "origemLinhaPlanilha": 285}'::jsonb,'[]'::jsonb,'{"usaTransporteEscolar": null, "nomeTransporte": null}'::jsonb,'{"turmaPlanilha": "II PERÍODO", "professoraPlanilha": null, "fonte": "DADOS PARA PLATAFORMA PEDAGÓGICA (1) (1).xlsx / Planilha1", "linhaPlanilha": 285, "raw": {"NOME": "FLAVIO ALEX RODRIGUES DE OLIVEIRA", "SEXO": "M", "NASC": "2020-09-12T00:00:00", "NACIONALIDADE": "BRASIL", "NATURALIDADE": "Brasilia", "UF": "DF", "RAÇA": "PARDA", "TURMA": "II PERÍODO"}}'::jsonb,TRUE,NOW(),NOW())
  ON CONFLICT (id) DO UPDATE SET "unitId"=v_unit_id, "firstName"=EXCLUDED."firstName", "lastName"=EXCLUDED."lastName", "dateOfBirth"=EXCLUDED."dateOfBirth", gender=EXCLUDED.gender, cpf=EXCLUDED.cpf, raca=EXCLUDED.raca, peso=EXCLUDED.peso, "bloodType"=EXCLUDED."bloodType", allergies=EXCLUDED.allergies, "medicalConditions"=EXCLUDED."medicalConditions", "usoImagem"=EXCLUDED."usoImagem", laudado=EXCLUDED.laudado, nis=EXCLUDED.nis, "codigoAluno"=EXCLUDED."codigoAluno", inscricao=EXCLUDED.inscricao, "nomeMae"=EXCLUDED."nomeMae", "nomePai"=EXCLUDED."nomePai", "celPai"=EXCLUDED."celPai", nacionalidade=EXCLUDED.nacionalidade, naturalidade=EXCLUDED.naturalidade, "ufNascimento"=EXCLUDED."ufNascimento", endereco=EXCLUDED.endereco, cep=EXCLUDED.cep, "dadosResponsaveis"=EXCLUDED."dadosResponsaveis", "documentosMatricula"=EXCLUDED."documentosMatricula", "autorizadosRetirada"=EXCLUDED."autorizadosRetirada", "transporteEscolar"=EXCLUDED."transporteEscolar", "fichaAdministrativa"=EXCLUDED."fichaAdministrativa", "isActive"=TRUE, "updatedAt"=NOW();
  INSERT INTO "Enrollment" (id,"childId","classroomId","enrollmentDate",status,"createdAt","updatedAt")
  VALUES ('seed_enr_' || 'seed_pelicano_child_row285_flavio_alex_rodrigues_de_oliveira_seed_pelicano_class_pel_ii_periodo_sem_', 'seed_pelicano_child_row285_flavio_alex_rodrigues_de_oliveira', 'seed_pelicano_class_pel_ii_periodo_sem_professora', '2026-02-01 12:00:00', 'ATIVA'::"EnrollmentStatus", NOW(), NOW())
  ON CONFLICT ("childId","classroomId") DO UPDATE SET status=EXCLUDED.status, "updatedAt"=NOW();
  -- Aluno: FRANCIELLY AMARAL DOS SANTOS
  INSERT INTO "Child" (id,"mantenedoraId","unitId","firstName","lastName","dateOfBirth",gender,cpf,raca,peso,"bloodType",allergies,"medicalConditions","usoImagem",laudado,nis,"codigoAluno",inscricao,"nomeMae","nomePai","celPai",nacionalidade,naturalidade,"ufNascimento",endereco,cep,"dadosResponsaveis","documentosMatricula","autorizadosRetirada","transporteEscolar","fichaAdministrativa","isActive","createdAt","updatedAt")
  VALUES ('seed_pelicano_child_row286_francielly_amaral_dos_santos',v_mantenedora_id,v_unit_id,'Francielly','Amaral Dos Santos','2020-04-21 12:00:00','FEMININO'::"Gender",'107.083.551-02','PARDA',NULL,NULL,NULL,NULL,NULL,NULL,NULL,NULL,NULL,NULL,NULL,NULL,'BRASIL','Brasilia','DF',NULL,NULL,'{"mae": {"nome": null, "cpf": null, "telefone": null}, "pai": {"nome": null, "cpf": null, "telefone": null}, "responsavelPrincipal": {"nome": null, "cpf": null, "parentesco": null, "identidade": null, "orgaoExpedidor": null, "telefone": null}, "enderecoResponsavel": null, "cepResponsavel": null, "escolaridade": null, "profissao": null, "numeroDependentes": null, "numeroPessoasCasa": null}'::jsonb,'{"codigoAluno": null, "inscricao": null, "censo": null, "beneficio": null, "nis": null, "pisResponsavel": null, "cpfOriginalAluno": "107.083.551-02", "cpfPersistidoNoCampoCpf": "107.083.551-02", "cpfDuplicadoNaPlanilha": false, "serie2024": null, "origemLinhaPlanilha": 286}'::jsonb,'[]'::jsonb,'{"usaTransporteEscolar": null, "nomeTransporte": null}'::jsonb,'{"turmaPlanilha": "II PERÍODO", "professoraPlanilha": null, "fonte": "DADOS PARA PLATAFORMA PEDAGÓGICA (1) (1).xlsx / Planilha1", "linhaPlanilha": 286, "raw": {"NOME": "FRANCIELLY AMARAL DOS SANTOS", "SEXO": "F", "NASC": "2020-04-21T00:00:00", "NACIONALIDADE": "BRASIL", "NATURALIDADE": "Brasilia", "UF": "DF", "CPF": "10708355102", "RAÇA": "PARDA", "TURMA": "II PERÍODO"}}'::jsonb,TRUE,NOW(),NOW())
  ON CONFLICT (id) DO UPDATE SET "unitId"=v_unit_id, "firstName"=EXCLUDED."firstName", "lastName"=EXCLUDED."lastName", "dateOfBirth"=EXCLUDED."dateOfBirth", gender=EXCLUDED.gender, cpf=EXCLUDED.cpf, raca=EXCLUDED.raca, peso=EXCLUDED.peso, "bloodType"=EXCLUDED."bloodType", allergies=EXCLUDED.allergies, "medicalConditions"=EXCLUDED."medicalConditions", "usoImagem"=EXCLUDED."usoImagem", laudado=EXCLUDED.laudado, nis=EXCLUDED.nis, "codigoAluno"=EXCLUDED."codigoAluno", inscricao=EXCLUDED.inscricao, "nomeMae"=EXCLUDED."nomeMae", "nomePai"=EXCLUDED."nomePai", "celPai"=EXCLUDED."celPai", nacionalidade=EXCLUDED.nacionalidade, naturalidade=EXCLUDED.naturalidade, "ufNascimento"=EXCLUDED."ufNascimento", endereco=EXCLUDED.endereco, cep=EXCLUDED.cep, "dadosResponsaveis"=EXCLUDED."dadosResponsaveis", "documentosMatricula"=EXCLUDED."documentosMatricula", "autorizadosRetirada"=EXCLUDED."autorizadosRetirada", "transporteEscolar"=EXCLUDED."transporteEscolar", "fichaAdministrativa"=EXCLUDED."fichaAdministrativa", "isActive"=TRUE, "updatedAt"=NOW();
  INSERT INTO "Enrollment" (id,"childId","classroomId","enrollmentDate",status,"createdAt","updatedAt")
  VALUES ('seed_enr_' || 'seed_pelicano_child_row286_francielly_amaral_dos_santos_seed_pelicano_class_pel_ii_periodo_sem_profe', 'seed_pelicano_child_row286_francielly_amaral_dos_santos', 'seed_pelicano_class_pel_ii_periodo_sem_professora', '2026-02-01 12:00:00', 'ATIVA'::"EnrollmentStatus", NOW(), NOW())
  ON CONFLICT ("childId","classroomId") DO UPDATE SET status=EXCLUDED.status, "updatedAt"=NOW();
  -- Aluno: GABRIEL FARIAS MELO
  INSERT INTO "Child" (id,"mantenedoraId","unitId","firstName","lastName","dateOfBirth",gender,cpf,raca,peso,"bloodType",allergies,"medicalConditions","usoImagem",laudado,nis,"codigoAluno",inscricao,"nomeMae","nomePai","celPai",nacionalidade,naturalidade,"ufNascimento",endereco,cep,"dadosResponsaveis","documentosMatricula","autorizadosRetirada","transporteEscolar","fichaAdministrativa","isActive","createdAt","updatedAt")
  VALUES ('seed_pelicano_child_row287_gabriel_farias_melo',v_mantenedora_id,v_unit_id,'Gabriel','Farias Melo','2020-05-17 12:00:00','MASCULINO'::"Gender",NULL,'PARDA',NULL,NULL,NULL,NULL,NULL,NULL,NULL,NULL,NULL,NULL,NULL,NULL,'BRASIL','Brasilia','DF',NULL,NULL,'{"mae": {"nome": null, "cpf": null, "telefone": null}, "pai": {"nome": null, "cpf": null, "telefone": null}, "responsavelPrincipal": {"nome": null, "cpf": null, "parentesco": null, "identidade": null, "orgaoExpedidor": null, "telefone": null}, "enderecoResponsavel": null, "cepResponsavel": null, "escolaridade": null, "profissao": null, "numeroDependentes": null, "numeroPessoasCasa": null}'::jsonb,'{"codigoAluno": null, "inscricao": null, "censo": null, "beneficio": null, "nis": null, "pisResponsavel": null, "cpfOriginalAluno": null, "cpfPersistidoNoCampoCpf": null, "cpfDuplicadoNaPlanilha": false, "serie2024": null, "origemLinhaPlanilha": 287}'::jsonb,'[]'::jsonb,'{"usaTransporteEscolar": null, "nomeTransporte": null}'::jsonb,'{"turmaPlanilha": "II PERÍODO", "professoraPlanilha": null, "fonte": "DADOS PARA PLATAFORMA PEDAGÓGICA (1) (1).xlsx / Planilha1", "linhaPlanilha": 287, "raw": {"NOME": "GABRIEL FARIAS MELO", "SEXO": "M", "NASC": "2020-05-17T00:00:00", "NACIONALIDADE": "BRASIL", "NATURALIDADE": "Brasilia", "UF": "DF", "RAÇA": "PARDA", "TURMA": "II PERÍODO"}}'::jsonb,TRUE,NOW(),NOW())
  ON CONFLICT (id) DO UPDATE SET "unitId"=v_unit_id, "firstName"=EXCLUDED."firstName", "lastName"=EXCLUDED."lastName", "dateOfBirth"=EXCLUDED."dateOfBirth", gender=EXCLUDED.gender, cpf=EXCLUDED.cpf, raca=EXCLUDED.raca, peso=EXCLUDED.peso, "bloodType"=EXCLUDED."bloodType", allergies=EXCLUDED.allergies, "medicalConditions"=EXCLUDED."medicalConditions", "usoImagem"=EXCLUDED."usoImagem", laudado=EXCLUDED.laudado, nis=EXCLUDED.nis, "codigoAluno"=EXCLUDED."codigoAluno", inscricao=EXCLUDED.inscricao, "nomeMae"=EXCLUDED."nomeMae", "nomePai"=EXCLUDED."nomePai", "celPai"=EXCLUDED."celPai", nacionalidade=EXCLUDED.nacionalidade, naturalidade=EXCLUDED.naturalidade, "ufNascimento"=EXCLUDED."ufNascimento", endereco=EXCLUDED.endereco, cep=EXCLUDED.cep, "dadosResponsaveis"=EXCLUDED."dadosResponsaveis", "documentosMatricula"=EXCLUDED."documentosMatricula", "autorizadosRetirada"=EXCLUDED."autorizadosRetirada", "transporteEscolar"=EXCLUDED."transporteEscolar", "fichaAdministrativa"=EXCLUDED."fichaAdministrativa", "isActive"=TRUE, "updatedAt"=NOW();
  INSERT INTO "Enrollment" (id,"childId","classroomId","enrollmentDate",status,"createdAt","updatedAt")
  VALUES ('seed_enr_' || 'seed_pelicano_child_row287_gabriel_farias_melo_seed_pelicano_class_pel_ii_periodo_sem_professora', 'seed_pelicano_child_row287_gabriel_farias_melo', 'seed_pelicano_class_pel_ii_periodo_sem_professora', '2026-02-01 12:00:00', 'ATIVA'::"EnrollmentStatus", NOW(), NOW())
  ON CONFLICT ("childId","classroomId") DO UPDATE SET status=EXCLUDED.status, "updatedAt"=NOW();
  -- Aluno: GABRIELL LUAN RODRIGUES DIAS
  INSERT INTO "Child" (id,"mantenedoraId","unitId","firstName","lastName","dateOfBirth",gender,cpf,raca,peso,"bloodType",allergies,"medicalConditions","usoImagem",laudado,nis,"codigoAluno",inscricao,"nomeMae","nomePai","celPai",nacionalidade,naturalidade,"ufNascimento",endereco,cep,"dadosResponsaveis","documentosMatricula","autorizadosRetirada","transporteEscolar","fichaAdministrativa","isActive","createdAt","updatedAt")
  VALUES ('seed_pelicano_child_row288_gabriell_luan_rodrigues_dias',v_mantenedora_id,v_unit_id,'Gabriell','Luan Rodrigues Dias','2020-04-06 12:00:00','MASCULINO'::"Gender",'106.845.801-10','PARDA',NULL,NULL,NULL,NULL,NULL,NULL,NULL,NULL,NULL,NULL,NULL,NULL,'BRASIL','Brasilia','DF',NULL,NULL,'{"mae": {"nome": null, "cpf": null, "telefone": null}, "pai": {"nome": null, "cpf": null, "telefone": null}, "responsavelPrincipal": {"nome": null, "cpf": null, "parentesco": null, "identidade": null, "orgaoExpedidor": null, "telefone": null}, "enderecoResponsavel": null, "cepResponsavel": null, "escolaridade": null, "profissao": null, "numeroDependentes": null, "numeroPessoasCasa": null}'::jsonb,'{"codigoAluno": null, "inscricao": null, "censo": null, "beneficio": null, "nis": null, "pisResponsavel": null, "cpfOriginalAluno": "106.845.801-10", "cpfPersistidoNoCampoCpf": "106.845.801-10", "cpfDuplicadoNaPlanilha": false, "serie2024": null, "origemLinhaPlanilha": 288}'::jsonb,'[]'::jsonb,'{"usaTransporteEscolar": null, "nomeTransporte": null}'::jsonb,'{"turmaPlanilha": "II PERÍODO", "professoraPlanilha": null, "fonte": "DADOS PARA PLATAFORMA PEDAGÓGICA (1) (1).xlsx / Planilha1", "linhaPlanilha": 288, "raw": {"NOME": "GABRIELL LUAN RODRIGUES DIAS", "SEXO": "M", "NASC": "2020-04-06T00:00:00", "NACIONALIDADE": "BRASIL", "NATURALIDADE": "Brasilia", "UF": "DF", "CPF": "10684580110", "RAÇA": "PARDA", "TURMA": "II PERÍODO"}}'::jsonb,TRUE,NOW(),NOW())
  ON CONFLICT (id) DO UPDATE SET "unitId"=v_unit_id, "firstName"=EXCLUDED."firstName", "lastName"=EXCLUDED."lastName", "dateOfBirth"=EXCLUDED."dateOfBirth", gender=EXCLUDED.gender, cpf=EXCLUDED.cpf, raca=EXCLUDED.raca, peso=EXCLUDED.peso, "bloodType"=EXCLUDED."bloodType", allergies=EXCLUDED.allergies, "medicalConditions"=EXCLUDED."medicalConditions", "usoImagem"=EXCLUDED."usoImagem", laudado=EXCLUDED.laudado, nis=EXCLUDED.nis, "codigoAluno"=EXCLUDED."codigoAluno", inscricao=EXCLUDED.inscricao, "nomeMae"=EXCLUDED."nomeMae", "nomePai"=EXCLUDED."nomePai", "celPai"=EXCLUDED."celPai", nacionalidade=EXCLUDED.nacionalidade, naturalidade=EXCLUDED.naturalidade, "ufNascimento"=EXCLUDED."ufNascimento", endereco=EXCLUDED.endereco, cep=EXCLUDED.cep, "dadosResponsaveis"=EXCLUDED."dadosResponsaveis", "documentosMatricula"=EXCLUDED."documentosMatricula", "autorizadosRetirada"=EXCLUDED."autorizadosRetirada", "transporteEscolar"=EXCLUDED."transporteEscolar", "fichaAdministrativa"=EXCLUDED."fichaAdministrativa", "isActive"=TRUE, "updatedAt"=NOW();
  INSERT INTO "Enrollment" (id,"childId","classroomId","enrollmentDate",status,"createdAt","updatedAt")
  VALUES ('seed_enr_' || 'seed_pelicano_child_row288_gabriell_luan_rodrigues_dias_seed_pelicano_class_pel_ii_periodo_sem_profe', 'seed_pelicano_child_row288_gabriell_luan_rodrigues_dias', 'seed_pelicano_class_pel_ii_periodo_sem_professora', '2026-02-01 12:00:00', 'ATIVA'::"EnrollmentStatus", NOW(), NOW())
  ON CONFLICT ("childId","classroomId") DO UPDATE SET status=EXCLUDED.status, "updatedAt"=NOW();
  -- Aluno: GAEL PESSOA ALVES
  INSERT INTO "Child" (id,"mantenedoraId","unitId","firstName","lastName","dateOfBirth",gender,cpf,raca,peso,"bloodType",allergies,"medicalConditions","usoImagem",laudado,nis,"codigoAluno",inscricao,"nomeMae","nomePai","celPai",nacionalidade,naturalidade,"ufNascimento",endereco,cep,"dadosResponsaveis","documentosMatricula","autorizadosRetirada","transporteEscolar","fichaAdministrativa","isActive","createdAt","updatedAt")
  VALUES ('seed_pelicano_child_row289_gael_pessoa_alves',v_mantenedora_id,v_unit_id,'Gael','Pessoa Alves','2021-03-01 12:00:00','MASCULINO'::"Gender",'107.618.721-83','PARDA',NULL,NULL,NULL,NULL,NULL,NULL,NULL,NULL,NULL,NULL,NULL,NULL,'BRASIL','Brasilia','DF',NULL,NULL,'{"mae": {"nome": null, "cpf": null, "telefone": null}, "pai": {"nome": null, "cpf": null, "telefone": null}, "responsavelPrincipal": {"nome": null, "cpf": null, "parentesco": null, "identidade": null, "orgaoExpedidor": null, "telefone": null}, "enderecoResponsavel": null, "cepResponsavel": null, "escolaridade": null, "profissao": null, "numeroDependentes": null, "numeroPessoasCasa": null}'::jsonb,'{"codigoAluno": null, "inscricao": null, "censo": null, "beneficio": null, "nis": null, "pisResponsavel": null, "cpfOriginalAluno": "107.618.721-83", "cpfPersistidoNoCampoCpf": "107.618.721-83", "cpfDuplicadoNaPlanilha": false, "serie2024": null, "origemLinhaPlanilha": 289}'::jsonb,'[]'::jsonb,'{"usaTransporteEscolar": null, "nomeTransporte": null}'::jsonb,'{"turmaPlanilha": "II PERÍODO", "professoraPlanilha": null, "fonte": "DADOS PARA PLATAFORMA PEDAGÓGICA (1) (1).xlsx / Planilha1", "linhaPlanilha": 289, "raw": {"NOME": "GAEL PESSOA ALVES", "SEXO": "M", "NASC": "2021-03-01T00:00:00", "NACIONALIDADE": "BRASIL", "NATURALIDADE": "Brasilia", "UF": "DF", "CPF": "10761872183", "RAÇA": "PARDA", "TURMA": "II PERÍODO"}}'::jsonb,TRUE,NOW(),NOW())
  ON CONFLICT (id) DO UPDATE SET "unitId"=v_unit_id, "firstName"=EXCLUDED."firstName", "lastName"=EXCLUDED."lastName", "dateOfBirth"=EXCLUDED."dateOfBirth", gender=EXCLUDED.gender, cpf=EXCLUDED.cpf, raca=EXCLUDED.raca, peso=EXCLUDED.peso, "bloodType"=EXCLUDED."bloodType", allergies=EXCLUDED.allergies, "medicalConditions"=EXCLUDED."medicalConditions", "usoImagem"=EXCLUDED."usoImagem", laudado=EXCLUDED.laudado, nis=EXCLUDED.nis, "codigoAluno"=EXCLUDED."codigoAluno", inscricao=EXCLUDED.inscricao, "nomeMae"=EXCLUDED."nomeMae", "nomePai"=EXCLUDED."nomePai", "celPai"=EXCLUDED."celPai", nacionalidade=EXCLUDED.nacionalidade, naturalidade=EXCLUDED.naturalidade, "ufNascimento"=EXCLUDED."ufNascimento", endereco=EXCLUDED.endereco, cep=EXCLUDED.cep, "dadosResponsaveis"=EXCLUDED."dadosResponsaveis", "documentosMatricula"=EXCLUDED."documentosMatricula", "autorizadosRetirada"=EXCLUDED."autorizadosRetirada", "transporteEscolar"=EXCLUDED."transporteEscolar", "fichaAdministrativa"=EXCLUDED."fichaAdministrativa", "isActive"=TRUE, "updatedAt"=NOW();
  INSERT INTO "Enrollment" (id,"childId","classroomId","enrollmentDate",status,"createdAt","updatedAt")
  VALUES ('seed_enr_' || 'seed_pelicano_child_row289_gael_pessoa_alves_seed_pelicano_class_pel_ii_periodo_sem_professora', 'seed_pelicano_child_row289_gael_pessoa_alves', 'seed_pelicano_class_pel_ii_periodo_sem_professora', '2026-02-01 12:00:00', 'ATIVA'::"EnrollmentStatus", NOW(), NOW())
  ON CONFLICT ("childId","classroomId") DO UPDATE SET status=EXCLUDED.status, "updatedAt"=NOW();
  -- Aluno: GAEL RAVY DIAS DE ALMEIDA
  INSERT INTO "Child" (id,"mantenedoraId","unitId","firstName","lastName","dateOfBirth",gender,cpf,raca,peso,"bloodType",allergies,"medicalConditions","usoImagem",laudado,nis,"codigoAluno",inscricao,"nomeMae","nomePai","celPai",nacionalidade,naturalidade,"ufNascimento",endereco,cep,"dadosResponsaveis","documentosMatricula","autorizadosRetirada","transporteEscolar","fichaAdministrativa","isActive","createdAt","updatedAt")
  VALUES ('seed_pelicano_child_row290_gael_ravy_dias_de_almeida',v_mantenedora_id,v_unit_id,'Gael','Ravy Dias De Almeida','2021-01-06 12:00:00','MASCULINO'::"Gender",NULL,'PARDA',NULL,NULL,NULL,NULL,NULL,NULL,NULL,NULL,NULL,NULL,NULL,NULL,'BRASIL','Brasilia','DF',NULL,NULL,'{"mae": {"nome": null, "cpf": null, "telefone": null}, "pai": {"nome": null, "cpf": null, "telefone": null}, "responsavelPrincipal": {"nome": null, "cpf": null, "parentesco": null, "identidade": null, "orgaoExpedidor": null, "telefone": null}, "enderecoResponsavel": null, "cepResponsavel": null, "escolaridade": null, "profissao": null, "numeroDependentes": null, "numeroPessoasCasa": null}'::jsonb,'{"codigoAluno": null, "inscricao": null, "censo": null, "beneficio": null, "nis": null, "pisResponsavel": null, "cpfOriginalAluno": null, "cpfPersistidoNoCampoCpf": null, "cpfDuplicadoNaPlanilha": false, "serie2024": null, "origemLinhaPlanilha": 290}'::jsonb,'[]'::jsonb,'{"usaTransporteEscolar": null, "nomeTransporte": null}'::jsonb,'{"turmaPlanilha": "II PERÍODO", "professoraPlanilha": null, "fonte": "DADOS PARA PLATAFORMA PEDAGÓGICA (1) (1).xlsx / Planilha1", "linhaPlanilha": 290, "raw": {"NOME": "GAEL RAVY DIAS DE ALMEIDA", "SEXO": "M", "NASC": "2021-01-06T00:00:00", "NACIONALIDADE": "BRASIL", "NATURALIDADE": "Brasilia", "UF": "DF", "RAÇA": "PARDA", "TURMA": "II PERÍODO"}}'::jsonb,TRUE,NOW(),NOW())
  ON CONFLICT (id) DO UPDATE SET "unitId"=v_unit_id, "firstName"=EXCLUDED."firstName", "lastName"=EXCLUDED."lastName", "dateOfBirth"=EXCLUDED."dateOfBirth", gender=EXCLUDED.gender, cpf=EXCLUDED.cpf, raca=EXCLUDED.raca, peso=EXCLUDED.peso, "bloodType"=EXCLUDED."bloodType", allergies=EXCLUDED.allergies, "medicalConditions"=EXCLUDED."medicalConditions", "usoImagem"=EXCLUDED."usoImagem", laudado=EXCLUDED.laudado, nis=EXCLUDED.nis, "codigoAluno"=EXCLUDED."codigoAluno", inscricao=EXCLUDED.inscricao, "nomeMae"=EXCLUDED."nomeMae", "nomePai"=EXCLUDED."nomePai", "celPai"=EXCLUDED."celPai", nacionalidade=EXCLUDED.nacionalidade, naturalidade=EXCLUDED.naturalidade, "ufNascimento"=EXCLUDED."ufNascimento", endereco=EXCLUDED.endereco, cep=EXCLUDED.cep, "dadosResponsaveis"=EXCLUDED."dadosResponsaveis", "documentosMatricula"=EXCLUDED."documentosMatricula", "autorizadosRetirada"=EXCLUDED."autorizadosRetirada", "transporteEscolar"=EXCLUDED."transporteEscolar", "fichaAdministrativa"=EXCLUDED."fichaAdministrativa", "isActive"=TRUE, "updatedAt"=NOW();
  INSERT INTO "Enrollment" (id,"childId","classroomId","enrollmentDate",status,"createdAt","updatedAt")
  VALUES ('seed_enr_' || 'seed_pelicano_child_row290_gael_ravy_dias_de_almeida_seed_pelicano_class_pel_ii_periodo_sem_professo', 'seed_pelicano_child_row290_gael_ravy_dias_de_almeida', 'seed_pelicano_class_pel_ii_periodo_sem_professora', '2026-02-01 12:00:00', 'ATIVA'::"EnrollmentStatus", NOW(), NOW())
  ON CONFLICT ("childId","classroomId") DO UPDATE SET status=EXCLUDED.status, "updatedAt"=NOW();
  -- Aluno: GUSTAVO MACHADO DE SOUZA CRUZ
  INSERT INTO "Child" (id,"mantenedoraId","unitId","firstName","lastName","dateOfBirth",gender,cpf,raca,peso,"bloodType",allergies,"medicalConditions","usoImagem",laudado,nis,"codigoAluno",inscricao,"nomeMae","nomePai","celPai",nacionalidade,naturalidade,"ufNascimento",endereco,cep,"dadosResponsaveis","documentosMatricula","autorizadosRetirada","transporteEscolar","fichaAdministrativa","isActive","createdAt","updatedAt")
  VALUES ('seed_pelicano_child_row291_gustavo_machado_de_souza_cruz',v_mantenedora_id,v_unit_id,'Gustavo','Machado De Souza Cruz','2021-03-08 12:00:00','MASCULINO'::"Gender",'110.950.531-08','PARDA',NULL,NULL,NULL,NULL,NULL,NULL,NULL,NULL,NULL,NULL,NULL,NULL,'BRASIL','Brasilia','DF',NULL,NULL,'{"mae": {"nome": null, "cpf": null, "telefone": null}, "pai": {"nome": null, "cpf": null, "telefone": null}, "responsavelPrincipal": {"nome": null, "cpf": null, "parentesco": null, "identidade": null, "orgaoExpedidor": null, "telefone": null}, "enderecoResponsavel": null, "cepResponsavel": null, "escolaridade": null, "profissao": null, "numeroDependentes": null, "numeroPessoasCasa": null}'::jsonb,'{"codigoAluno": null, "inscricao": null, "censo": null, "beneficio": null, "nis": null, "pisResponsavel": null, "cpfOriginalAluno": "110.950.531-08", "cpfPersistidoNoCampoCpf": "110.950.531-08", "cpfDuplicadoNaPlanilha": false, "serie2024": null, "origemLinhaPlanilha": 291}'::jsonb,'[]'::jsonb,'{"usaTransporteEscolar": null, "nomeTransporte": null}'::jsonb,'{"turmaPlanilha": "II PERÍODO", "professoraPlanilha": null, "fonte": "DADOS PARA PLATAFORMA PEDAGÓGICA (1) (1).xlsx / Planilha1", "linhaPlanilha": 291, "raw": {"NOME": "GUSTAVO MACHADO DE SOUZA CRUZ", "SEXO": "M", "NASC": "2021-03-08T00:00:00", "NACIONALIDADE": "BRASIL", "NATURALIDADE": "Brasilia", "UF": "DF", "CPF": "11095053108", "RAÇA": "PARDA", "TURMA": "II PERÍODO"}}'::jsonb,TRUE,NOW(),NOW())
  ON CONFLICT (id) DO UPDATE SET "unitId"=v_unit_id, "firstName"=EXCLUDED."firstName", "lastName"=EXCLUDED."lastName", "dateOfBirth"=EXCLUDED."dateOfBirth", gender=EXCLUDED.gender, cpf=EXCLUDED.cpf, raca=EXCLUDED.raca, peso=EXCLUDED.peso, "bloodType"=EXCLUDED."bloodType", allergies=EXCLUDED.allergies, "medicalConditions"=EXCLUDED."medicalConditions", "usoImagem"=EXCLUDED."usoImagem", laudado=EXCLUDED.laudado, nis=EXCLUDED.nis, "codigoAluno"=EXCLUDED."codigoAluno", inscricao=EXCLUDED.inscricao, "nomeMae"=EXCLUDED."nomeMae", "nomePai"=EXCLUDED."nomePai", "celPai"=EXCLUDED."celPai", nacionalidade=EXCLUDED.nacionalidade, naturalidade=EXCLUDED.naturalidade, "ufNascimento"=EXCLUDED."ufNascimento", endereco=EXCLUDED.endereco, cep=EXCLUDED.cep, "dadosResponsaveis"=EXCLUDED."dadosResponsaveis", "documentosMatricula"=EXCLUDED."documentosMatricula", "autorizadosRetirada"=EXCLUDED."autorizadosRetirada", "transporteEscolar"=EXCLUDED."transporteEscolar", "fichaAdministrativa"=EXCLUDED."fichaAdministrativa", "isActive"=TRUE, "updatedAt"=NOW();
  INSERT INTO "Enrollment" (id,"childId","classroomId","enrollmentDate",status,"createdAt","updatedAt")
  VALUES ('seed_enr_' || 'seed_pelicano_child_row291_gustavo_machado_de_souza_cruz_seed_pelicano_class_pel_ii_periodo_sem_prof', 'seed_pelicano_child_row291_gustavo_machado_de_souza_cruz', 'seed_pelicano_class_pel_ii_periodo_sem_professora', '2026-02-01 12:00:00', 'ATIVA'::"EnrollmentStatus", NOW(), NOW())
  ON CONFLICT ("childId","classroomId") DO UPDATE SET status=EXCLUDED.status, "updatedAt"=NOW();
  -- Aluno: GUSTAVO OLIVEIRA LIMA
  INSERT INTO "Child" (id,"mantenedoraId","unitId","firstName","lastName","dateOfBirth",gender,cpf,raca,peso,"bloodType",allergies,"medicalConditions","usoImagem",laudado,nis,"codigoAluno",inscricao,"nomeMae","nomePai","celPai",nacionalidade,naturalidade,"ufNascimento",endereco,cep,"dadosResponsaveis","documentosMatricula","autorizadosRetirada","transporteEscolar","fichaAdministrativa","isActive","createdAt","updatedAt")
  VALUES ('seed_pelicano_child_row292_gustavo_oliveira_lima',v_mantenedora_id,v_unit_id,'Gustavo','Oliveira Lima','2020-11-20 12:00:00','MASCULINO'::"Gender",'109.637.491-96','PARDA',NULL,NULL,NULL,NULL,NULL,NULL,NULL,NULL,NULL,NULL,NULL,NULL,'BRASIL','Brasilia','DF',NULL,NULL,'{"mae": {"nome": null, "cpf": null, "telefone": null}, "pai": {"nome": null, "cpf": null, "telefone": null}, "responsavelPrincipal": {"nome": null, "cpf": null, "parentesco": null, "identidade": null, "orgaoExpedidor": null, "telefone": null}, "enderecoResponsavel": null, "cepResponsavel": null, "escolaridade": null, "profissao": null, "numeroDependentes": null, "numeroPessoasCasa": null}'::jsonb,'{"codigoAluno": null, "inscricao": null, "censo": null, "beneficio": null, "nis": null, "pisResponsavel": null, "cpfOriginalAluno": "109.637.491-96", "cpfPersistidoNoCampoCpf": "109.637.491-96", "cpfDuplicadoNaPlanilha": false, "serie2024": null, "origemLinhaPlanilha": 292}'::jsonb,'[]'::jsonb,'{"usaTransporteEscolar": null, "nomeTransporte": null}'::jsonb,'{"turmaPlanilha": "II PERÍODO", "professoraPlanilha": null, "fonte": "DADOS PARA PLATAFORMA PEDAGÓGICA (1) (1).xlsx / Planilha1", "linhaPlanilha": 292, "raw": {"NOME": "GUSTAVO OLIVEIRA LIMA", "SEXO": "M", "NASC": "2020-11-20T00:00:00", "NACIONALIDADE": "BRASIL", "NATURALIDADE": "Brasilia", "UF": "DF", "CPF": "10963749196", "RAÇA": "PARDA", "TURMA": "II PERÍODO"}}'::jsonb,TRUE,NOW(),NOW())
  ON CONFLICT (id) DO UPDATE SET "unitId"=v_unit_id, "firstName"=EXCLUDED."firstName", "lastName"=EXCLUDED."lastName", "dateOfBirth"=EXCLUDED."dateOfBirth", gender=EXCLUDED.gender, cpf=EXCLUDED.cpf, raca=EXCLUDED.raca, peso=EXCLUDED.peso, "bloodType"=EXCLUDED."bloodType", allergies=EXCLUDED.allergies, "medicalConditions"=EXCLUDED."medicalConditions", "usoImagem"=EXCLUDED."usoImagem", laudado=EXCLUDED.laudado, nis=EXCLUDED.nis, "codigoAluno"=EXCLUDED."codigoAluno", inscricao=EXCLUDED.inscricao, "nomeMae"=EXCLUDED."nomeMae", "nomePai"=EXCLUDED."nomePai", "celPai"=EXCLUDED."celPai", nacionalidade=EXCLUDED.nacionalidade, naturalidade=EXCLUDED.naturalidade, "ufNascimento"=EXCLUDED."ufNascimento", endereco=EXCLUDED.endereco, cep=EXCLUDED.cep, "dadosResponsaveis"=EXCLUDED."dadosResponsaveis", "documentosMatricula"=EXCLUDED."documentosMatricula", "autorizadosRetirada"=EXCLUDED."autorizadosRetirada", "transporteEscolar"=EXCLUDED."transporteEscolar", "fichaAdministrativa"=EXCLUDED."fichaAdministrativa", "isActive"=TRUE, "updatedAt"=NOW();
  INSERT INTO "Enrollment" (id,"childId","classroomId","enrollmentDate",status,"createdAt","updatedAt")
  VALUES ('seed_enr_' || 'seed_pelicano_child_row292_gustavo_oliveira_lima_seed_pelicano_class_pel_ii_periodo_sem_professora', 'seed_pelicano_child_row292_gustavo_oliveira_lima', 'seed_pelicano_class_pel_ii_periodo_sem_professora', '2026-02-01 12:00:00', 'ATIVA'::"EnrollmentStatus", NOW(), NOW())
  ON CONFLICT ("childId","classroomId") DO UPDATE SET status=EXCLUDED.status, "updatedAt"=NOW();
  -- Aluno: HEITOR OLIVEIRA DA SILVA
  INSERT INTO "Child" (id,"mantenedoraId","unitId","firstName","lastName","dateOfBirth",gender,cpf,raca,peso,"bloodType",allergies,"medicalConditions","usoImagem",laudado,nis,"codigoAluno",inscricao,"nomeMae","nomePai","celPai",nacionalidade,naturalidade,"ufNascimento",endereco,cep,"dadosResponsaveis","documentosMatricula","autorizadosRetirada","transporteEscolar","fichaAdministrativa","isActive","createdAt","updatedAt")
  VALUES ('seed_pelicano_child_row293_heitor_oliveira_da_silva',v_mantenedora_id,v_unit_id,'Heitor','Oliveira Da Silva','2020-12-11 12:00:00','MASCULINO'::"Gender",'109.212.191-99','PARDA',NULL,NULL,NULL,NULL,NULL,NULL,NULL,NULL,NULL,NULL,NULL,NULL,'BRASIL','Brasilia','DF',NULL,NULL,'{"mae": {"nome": null, "cpf": null, "telefone": null}, "pai": {"nome": null, "cpf": null, "telefone": null}, "responsavelPrincipal": {"nome": null, "cpf": null, "parentesco": null, "identidade": null, "orgaoExpedidor": null, "telefone": null}, "enderecoResponsavel": null, "cepResponsavel": null, "escolaridade": null, "profissao": null, "numeroDependentes": null, "numeroPessoasCasa": null}'::jsonb,'{"codigoAluno": null, "inscricao": null, "censo": null, "beneficio": null, "nis": null, "pisResponsavel": null, "cpfOriginalAluno": "109.212.191-99", "cpfPersistidoNoCampoCpf": "109.212.191-99", "cpfDuplicadoNaPlanilha": false, "serie2024": null, "origemLinhaPlanilha": 293}'::jsonb,'[]'::jsonb,'{"usaTransporteEscolar": null, "nomeTransporte": null}'::jsonb,'{"turmaPlanilha": "II PERÍODO", "professoraPlanilha": null, "fonte": "DADOS PARA PLATAFORMA PEDAGÓGICA (1) (1).xlsx / Planilha1", "linhaPlanilha": 293, "raw": {"NOME": "HEITOR OLIVEIRA DA SILVA", "SEXO": "M", "NASC": "2020-12-11T00:00:00", "NACIONALIDADE": "BRASIL", "NATURALIDADE": "Brasilia", "UF": "DF", "CPF": "10921219199", "RAÇA": "PARDA", "TURMA": "II PERÍODO"}}'::jsonb,TRUE,NOW(),NOW())
  ON CONFLICT (id) DO UPDATE SET "unitId"=v_unit_id, "firstName"=EXCLUDED."firstName", "lastName"=EXCLUDED."lastName", "dateOfBirth"=EXCLUDED."dateOfBirth", gender=EXCLUDED.gender, cpf=EXCLUDED.cpf, raca=EXCLUDED.raca, peso=EXCLUDED.peso, "bloodType"=EXCLUDED."bloodType", allergies=EXCLUDED.allergies, "medicalConditions"=EXCLUDED."medicalConditions", "usoImagem"=EXCLUDED."usoImagem", laudado=EXCLUDED.laudado, nis=EXCLUDED.nis, "codigoAluno"=EXCLUDED."codigoAluno", inscricao=EXCLUDED.inscricao, "nomeMae"=EXCLUDED."nomeMae", "nomePai"=EXCLUDED."nomePai", "celPai"=EXCLUDED."celPai", nacionalidade=EXCLUDED.nacionalidade, naturalidade=EXCLUDED.naturalidade, "ufNascimento"=EXCLUDED."ufNascimento", endereco=EXCLUDED.endereco, cep=EXCLUDED.cep, "dadosResponsaveis"=EXCLUDED."dadosResponsaveis", "documentosMatricula"=EXCLUDED."documentosMatricula", "autorizadosRetirada"=EXCLUDED."autorizadosRetirada", "transporteEscolar"=EXCLUDED."transporteEscolar", "fichaAdministrativa"=EXCLUDED."fichaAdministrativa", "isActive"=TRUE, "updatedAt"=NOW();
  INSERT INTO "Enrollment" (id,"childId","classroomId","enrollmentDate",status,"createdAt","updatedAt")
  VALUES ('seed_enr_' || 'seed_pelicano_child_row293_heitor_oliveira_da_silva_seed_pelicano_class_pel_ii_periodo_sem_professor', 'seed_pelicano_child_row293_heitor_oliveira_da_silva', 'seed_pelicano_class_pel_ii_periodo_sem_professora', '2026-02-01 12:00:00', 'ATIVA'::"EnrollmentStatus", NOW(), NOW())
  ON CONFLICT ("childId","classroomId") DO UPDATE SET status=EXCLUDED.status, "updatedAt"=NOW();
  -- Aluno: HELENA RODRIGUES DA SILVA
  INSERT INTO "Child" (id,"mantenedoraId","unitId","firstName","lastName","dateOfBirth",gender,cpf,raca,peso,"bloodType",allergies,"medicalConditions","usoImagem",laudado,nis,"codigoAluno",inscricao,"nomeMae","nomePai","celPai",nacionalidade,naturalidade,"ufNascimento",endereco,cep,"dadosResponsaveis","documentosMatricula","autorizadosRetirada","transporteEscolar","fichaAdministrativa","isActive","createdAt","updatedAt")
  VALUES ('seed_pelicano_child_row294_helena_rodrigues_da_silva',v_mantenedora_id,v_unit_id,'Helena','Rodrigues Da Silva','2020-06-13 12:00:00','FEMININO'::"Gender",'107.838.831-88','PARDA',NULL,NULL,NULL,NULL,NULL,NULL,NULL,NULL,NULL,NULL,NULL,NULL,'BRASIL','Brasilia','DF',NULL,NULL,'{"mae": {"nome": null, "cpf": null, "telefone": null}, "pai": {"nome": null, "cpf": null, "telefone": null}, "responsavelPrincipal": {"nome": null, "cpf": null, "parentesco": null, "identidade": null, "orgaoExpedidor": null, "telefone": null}, "enderecoResponsavel": null, "cepResponsavel": null, "escolaridade": null, "profissao": null, "numeroDependentes": null, "numeroPessoasCasa": null}'::jsonb,'{"codigoAluno": null, "inscricao": null, "censo": null, "beneficio": null, "nis": null, "pisResponsavel": null, "cpfOriginalAluno": "107.838.831-88", "cpfPersistidoNoCampoCpf": "107.838.831-88", "cpfDuplicadoNaPlanilha": false, "serie2024": null, "origemLinhaPlanilha": 294}'::jsonb,'[]'::jsonb,'{"usaTransporteEscolar": null, "nomeTransporte": null}'::jsonb,'{"turmaPlanilha": "II PERÍODO", "professoraPlanilha": null, "fonte": "DADOS PARA PLATAFORMA PEDAGÓGICA (1) (1).xlsx / Planilha1", "linhaPlanilha": 294, "raw": {"NOME": "HELENA RODRIGUES DA SILVA", "SEXO": "F", "NASC": "2020-06-13T00:00:00", "NACIONALIDADE": "BRASIL", "NATURALIDADE": "Brasilia", "UF": "DF", "CPF": "10783883188", "RAÇA": "PARDA", "TURMA": "II PERÍODO"}}'::jsonb,TRUE,NOW(),NOW())
  ON CONFLICT (id) DO UPDATE SET "unitId"=v_unit_id, "firstName"=EXCLUDED."firstName", "lastName"=EXCLUDED."lastName", "dateOfBirth"=EXCLUDED."dateOfBirth", gender=EXCLUDED.gender, cpf=EXCLUDED.cpf, raca=EXCLUDED.raca, peso=EXCLUDED.peso, "bloodType"=EXCLUDED."bloodType", allergies=EXCLUDED.allergies, "medicalConditions"=EXCLUDED."medicalConditions", "usoImagem"=EXCLUDED."usoImagem", laudado=EXCLUDED.laudado, nis=EXCLUDED.nis, "codigoAluno"=EXCLUDED."codigoAluno", inscricao=EXCLUDED.inscricao, "nomeMae"=EXCLUDED."nomeMae", "nomePai"=EXCLUDED."nomePai", "celPai"=EXCLUDED."celPai", nacionalidade=EXCLUDED.nacionalidade, naturalidade=EXCLUDED.naturalidade, "ufNascimento"=EXCLUDED."ufNascimento", endereco=EXCLUDED.endereco, cep=EXCLUDED.cep, "dadosResponsaveis"=EXCLUDED."dadosResponsaveis", "documentosMatricula"=EXCLUDED."documentosMatricula", "autorizadosRetirada"=EXCLUDED."autorizadosRetirada", "transporteEscolar"=EXCLUDED."transporteEscolar", "fichaAdministrativa"=EXCLUDED."fichaAdministrativa", "isActive"=TRUE, "updatedAt"=NOW();
  INSERT INTO "Enrollment" (id,"childId","classroomId","enrollmentDate",status,"createdAt","updatedAt")
  VALUES ('seed_enr_' || 'seed_pelicano_child_row294_helena_rodrigues_da_silva_seed_pelicano_class_pel_ii_periodo_sem_professo', 'seed_pelicano_child_row294_helena_rodrigues_da_silva', 'seed_pelicano_class_pel_ii_periodo_sem_professora', '2026-02-01 12:00:00', 'ATIVA'::"EnrollmentStatus", NOW(), NOW())
  ON CONFLICT ("childId","classroomId") DO UPDATE SET status=EXCLUDED.status, "updatedAt"=NOW();
  -- Aluno: HELLENA SOARES COSTA
  INSERT INTO "Child" (id,"mantenedoraId","unitId","firstName","lastName","dateOfBirth",gender,cpf,raca,peso,"bloodType",allergies,"medicalConditions","usoImagem",laudado,nis,"codigoAluno",inscricao,"nomeMae","nomePai","celPai",nacionalidade,naturalidade,"ufNascimento",endereco,cep,"dadosResponsaveis","documentosMatricula","autorizadosRetirada","transporteEscolar","fichaAdministrativa","isActive","createdAt","updatedAt")
  VALUES ('seed_pelicano_child_row295_hellena_soares_costa',v_mantenedora_id,v_unit_id,'Hellena','Soares Costa','2020-07-31 12:00:00','FEMININO'::"Gender",'108.372.321-98','PARDA',NULL,NULL,NULL,NULL,NULL,NULL,NULL,NULL,NULL,NULL,NULL,NULL,'BRASIL','Brasilia','DF',NULL,NULL,'{"mae": {"nome": null, "cpf": null, "telefone": null}, "pai": {"nome": null, "cpf": null, "telefone": null}, "responsavelPrincipal": {"nome": null, "cpf": null, "parentesco": null, "identidade": null, "orgaoExpedidor": null, "telefone": null}, "enderecoResponsavel": null, "cepResponsavel": null, "escolaridade": null, "profissao": null, "numeroDependentes": null, "numeroPessoasCasa": null}'::jsonb,'{"codigoAluno": null, "inscricao": null, "censo": null, "beneficio": null, "nis": null, "pisResponsavel": null, "cpfOriginalAluno": "108.372.321-98", "cpfPersistidoNoCampoCpf": "108.372.321-98", "cpfDuplicadoNaPlanilha": false, "serie2024": null, "origemLinhaPlanilha": 295}'::jsonb,'[]'::jsonb,'{"usaTransporteEscolar": null, "nomeTransporte": null}'::jsonb,'{"turmaPlanilha": "II PERÍODO", "professoraPlanilha": null, "fonte": "DADOS PARA PLATAFORMA PEDAGÓGICA (1) (1).xlsx / Planilha1", "linhaPlanilha": 295, "raw": {"NOME": "HELLENA SOARES COSTA", "SEXO": "F", "NASC": "2020-07-31T00:00:00", "NACIONALIDADE": "BRASIL", "NATURALIDADE": "Brasilia", "UF": "DF", "CPF": "10837232198", "RAÇA": "PARDA", "TURMA": "II PERÍODO"}}'::jsonb,TRUE,NOW(),NOW())
  ON CONFLICT (id) DO UPDATE SET "unitId"=v_unit_id, "firstName"=EXCLUDED."firstName", "lastName"=EXCLUDED."lastName", "dateOfBirth"=EXCLUDED."dateOfBirth", gender=EXCLUDED.gender, cpf=EXCLUDED.cpf, raca=EXCLUDED.raca, peso=EXCLUDED.peso, "bloodType"=EXCLUDED."bloodType", allergies=EXCLUDED.allergies, "medicalConditions"=EXCLUDED."medicalConditions", "usoImagem"=EXCLUDED."usoImagem", laudado=EXCLUDED.laudado, nis=EXCLUDED.nis, "codigoAluno"=EXCLUDED."codigoAluno", inscricao=EXCLUDED.inscricao, "nomeMae"=EXCLUDED."nomeMae", "nomePai"=EXCLUDED."nomePai", "celPai"=EXCLUDED."celPai", nacionalidade=EXCLUDED.nacionalidade, naturalidade=EXCLUDED.naturalidade, "ufNascimento"=EXCLUDED."ufNascimento", endereco=EXCLUDED.endereco, cep=EXCLUDED.cep, "dadosResponsaveis"=EXCLUDED."dadosResponsaveis", "documentosMatricula"=EXCLUDED."documentosMatricula", "autorizadosRetirada"=EXCLUDED."autorizadosRetirada", "transporteEscolar"=EXCLUDED."transporteEscolar", "fichaAdministrativa"=EXCLUDED."fichaAdministrativa", "isActive"=TRUE, "updatedAt"=NOW();
  INSERT INTO "Enrollment" (id,"childId","classroomId","enrollmentDate",status,"createdAt","updatedAt")
  VALUES ('seed_enr_' || 'seed_pelicano_child_row295_hellena_soares_costa_seed_pelicano_class_pel_ii_periodo_sem_professora', 'seed_pelicano_child_row295_hellena_soares_costa', 'seed_pelicano_class_pel_ii_periodo_sem_professora', '2026-02-01 12:00:00', 'ATIVA'::"EnrollmentStatus", NOW(), NOW())
  ON CONFLICT ("childId","classroomId") DO UPDATE SET status=EXCLUDED.status, "updatedAt"=NOW();
  -- Aluno: HERICK DIAS SANTOS
  INSERT INTO "Child" (id,"mantenedoraId","unitId","firstName","lastName","dateOfBirth",gender,cpf,raca,peso,"bloodType",allergies,"medicalConditions","usoImagem",laudado,nis,"codigoAluno",inscricao,"nomeMae","nomePai","celPai",nacionalidade,naturalidade,"ufNascimento",endereco,cep,"dadosResponsaveis","documentosMatricula","autorizadosRetirada","transporteEscolar","fichaAdministrativa","isActive","createdAt","updatedAt")
  VALUES ('seed_pelicano_child_row296_herick_dias_santos',v_mantenedora_id,v_unit_id,'Herick','Dias Santos','2020-05-13 12:00:00','MASCULINO'::"Gender",'107.487.111-12','PARDA',NULL,NULL,NULL,NULL,NULL,NULL,NULL,NULL,NULL,NULL,NULL,NULL,'BRASIL','Brasilia','DF',NULL,NULL,'{"mae": {"nome": null, "cpf": null, "telefone": null}, "pai": {"nome": null, "cpf": null, "telefone": null}, "responsavelPrincipal": {"nome": null, "cpf": null, "parentesco": null, "identidade": null, "orgaoExpedidor": null, "telefone": null}, "enderecoResponsavel": null, "cepResponsavel": null, "escolaridade": null, "profissao": null, "numeroDependentes": null, "numeroPessoasCasa": null}'::jsonb,'{"codigoAluno": null, "inscricao": null, "censo": null, "beneficio": null, "nis": null, "pisResponsavel": null, "cpfOriginalAluno": "107.487.111-12", "cpfPersistidoNoCampoCpf": "107.487.111-12", "cpfDuplicadoNaPlanilha": false, "serie2024": null, "origemLinhaPlanilha": 296}'::jsonb,'[]'::jsonb,'{"usaTransporteEscolar": null, "nomeTransporte": null}'::jsonb,'{"turmaPlanilha": "II PERÍODO", "professoraPlanilha": null, "fonte": "DADOS PARA PLATAFORMA PEDAGÓGICA (1) (1).xlsx / Planilha1", "linhaPlanilha": 296, "raw": {"NOME": "HERICK DIAS SANTOS", "SEXO": "M", "NASC": "2020-05-13T00:00:00", "NACIONALIDADE": "BRASIL", "NATURALIDADE": "Brasilia", "UF": "DF", "CPF": "10748711112", "RAÇA": "PARDA", "TURMA": "II PERÍODO"}}'::jsonb,TRUE,NOW(),NOW())
  ON CONFLICT (id) DO UPDATE SET "unitId"=v_unit_id, "firstName"=EXCLUDED."firstName", "lastName"=EXCLUDED."lastName", "dateOfBirth"=EXCLUDED."dateOfBirth", gender=EXCLUDED.gender, cpf=EXCLUDED.cpf, raca=EXCLUDED.raca, peso=EXCLUDED.peso, "bloodType"=EXCLUDED."bloodType", allergies=EXCLUDED.allergies, "medicalConditions"=EXCLUDED."medicalConditions", "usoImagem"=EXCLUDED."usoImagem", laudado=EXCLUDED.laudado, nis=EXCLUDED.nis, "codigoAluno"=EXCLUDED."codigoAluno", inscricao=EXCLUDED.inscricao, "nomeMae"=EXCLUDED."nomeMae", "nomePai"=EXCLUDED."nomePai", "celPai"=EXCLUDED."celPai", nacionalidade=EXCLUDED.nacionalidade, naturalidade=EXCLUDED.naturalidade, "ufNascimento"=EXCLUDED."ufNascimento", endereco=EXCLUDED.endereco, cep=EXCLUDED.cep, "dadosResponsaveis"=EXCLUDED."dadosResponsaveis", "documentosMatricula"=EXCLUDED."documentosMatricula", "autorizadosRetirada"=EXCLUDED."autorizadosRetirada", "transporteEscolar"=EXCLUDED."transporteEscolar", "fichaAdministrativa"=EXCLUDED."fichaAdministrativa", "isActive"=TRUE, "updatedAt"=NOW();
  INSERT INTO "Enrollment" (id,"childId","classroomId","enrollmentDate",status,"createdAt","updatedAt")
  VALUES ('seed_enr_' || 'seed_pelicano_child_row296_herick_dias_santos_seed_pelicano_class_pel_ii_periodo_sem_professora', 'seed_pelicano_child_row296_herick_dias_santos', 'seed_pelicano_class_pel_ii_periodo_sem_professora', '2026-02-01 12:00:00', 'ATIVA'::"EnrollmentStatus", NOW(), NOW())
  ON CONFLICT ("childId","classroomId") DO UPDATE SET status=EXCLUDED.status, "updatedAt"=NOW();
  -- Aluno: HEYTOR GAEL RODRIGUES SOARES
  INSERT INTO "Child" (id,"mantenedoraId","unitId","firstName","lastName","dateOfBirth",gender,cpf,raca,peso,"bloodType",allergies,"medicalConditions","usoImagem",laudado,nis,"codigoAluno",inscricao,"nomeMae","nomePai","celPai",nacionalidade,naturalidade,"ufNascimento",endereco,cep,"dadosResponsaveis","documentosMatricula","autorizadosRetirada","transporteEscolar","fichaAdministrativa","isActive","createdAt","updatedAt")
  VALUES ('seed_pelicano_child_row297_heytor_gael_rodrigues_soares',v_mantenedora_id,v_unit_id,'Heytor','Gael Rodrigues Soares','2021-03-11 12:00:00','MASCULINO'::"Gender",'111.022.911-96','PARDA',NULL,NULL,NULL,NULL,NULL,NULL,NULL,NULL,NULL,NULL,NULL,NULL,'BRASIL','Brasilia','DF',NULL,NULL,'{"mae": {"nome": null, "cpf": null, "telefone": null}, "pai": {"nome": null, "cpf": null, "telefone": null}, "responsavelPrincipal": {"nome": null, "cpf": null, "parentesco": null, "identidade": null, "orgaoExpedidor": null, "telefone": null}, "enderecoResponsavel": null, "cepResponsavel": null, "escolaridade": null, "profissao": null, "numeroDependentes": null, "numeroPessoasCasa": null}'::jsonb,'{"codigoAluno": null, "inscricao": null, "censo": null, "beneficio": null, "nis": null, "pisResponsavel": null, "cpfOriginalAluno": "111.022.911-96", "cpfPersistidoNoCampoCpf": "111.022.911-96", "cpfDuplicadoNaPlanilha": false, "serie2024": null, "origemLinhaPlanilha": 297}'::jsonb,'[]'::jsonb,'{"usaTransporteEscolar": null, "nomeTransporte": null}'::jsonb,'{"turmaPlanilha": "II PERÍODO", "professoraPlanilha": null, "fonte": "DADOS PARA PLATAFORMA PEDAGÓGICA (1) (1).xlsx / Planilha1", "linhaPlanilha": 297, "raw": {"NOME": "HEYTOR GAEL RODRIGUES SOARES", "SEXO": "M", "NASC": "2021-03-11T00:00:00", "NACIONALIDADE": "BRASIL", "NATURALIDADE": "Brasilia", "UF": "DF", "CPF": "111.022.911-96", "RAÇA": "PARDA", "TURMA": "II PERÍODO"}}'::jsonb,TRUE,NOW(),NOW())
  ON CONFLICT (id) DO UPDATE SET "unitId"=v_unit_id, "firstName"=EXCLUDED."firstName", "lastName"=EXCLUDED."lastName", "dateOfBirth"=EXCLUDED."dateOfBirth", gender=EXCLUDED.gender, cpf=EXCLUDED.cpf, raca=EXCLUDED.raca, peso=EXCLUDED.peso, "bloodType"=EXCLUDED."bloodType", allergies=EXCLUDED.allergies, "medicalConditions"=EXCLUDED."medicalConditions", "usoImagem"=EXCLUDED."usoImagem", laudado=EXCLUDED.laudado, nis=EXCLUDED.nis, "codigoAluno"=EXCLUDED."codigoAluno", inscricao=EXCLUDED.inscricao, "nomeMae"=EXCLUDED."nomeMae", "nomePai"=EXCLUDED."nomePai", "celPai"=EXCLUDED."celPai", nacionalidade=EXCLUDED.nacionalidade, naturalidade=EXCLUDED.naturalidade, "ufNascimento"=EXCLUDED."ufNascimento", endereco=EXCLUDED.endereco, cep=EXCLUDED.cep, "dadosResponsaveis"=EXCLUDED."dadosResponsaveis", "documentosMatricula"=EXCLUDED."documentosMatricula", "autorizadosRetirada"=EXCLUDED."autorizadosRetirada", "transporteEscolar"=EXCLUDED."transporteEscolar", "fichaAdministrativa"=EXCLUDED."fichaAdministrativa", "isActive"=TRUE, "updatedAt"=NOW();
  INSERT INTO "Enrollment" (id,"childId","classroomId","enrollmentDate",status,"createdAt","updatedAt")
  VALUES ('seed_enr_' || 'seed_pelicano_child_row297_heytor_gael_rodrigues_soares_seed_pelicano_class_pel_ii_periodo_sem_profe', 'seed_pelicano_child_row297_heytor_gael_rodrigues_soares', 'seed_pelicano_class_pel_ii_periodo_sem_professora', '2026-02-01 12:00:00', 'ATIVA'::"EnrollmentStatus", NOW(), NOW())
  ON CONFLICT ("childId","classroomId") DO UPDATE SET status=EXCLUDED.status, "updatedAt"=NOW();
  -- Aluno: HEYTOR HENRY OLIVEIRA SANTOS
  INSERT INTO "Child" (id,"mantenedoraId","unitId","firstName","lastName","dateOfBirth",gender,cpf,raca,peso,"bloodType",allergies,"medicalConditions","usoImagem",laudado,nis,"codigoAluno",inscricao,"nomeMae","nomePai","celPai",nacionalidade,naturalidade,"ufNascimento",endereco,cep,"dadosResponsaveis","documentosMatricula","autorizadosRetirada","transporteEscolar","fichaAdministrativa","isActive","createdAt","updatedAt")
  VALUES ('seed_pelicano_child_row298_heytor_henry_oliveira_santos',v_mantenedora_id,v_unit_id,'Heytor','Henry Oliveira Santos','2020-04-26 12:00:00','MASCULINO'::"Gender",NULL,'PARDA',NULL,NULL,NULL,NULL,NULL,NULL,NULL,NULL,NULL,NULL,NULL,NULL,'BRASIL','Brasilia','DF',NULL,NULL,'{"mae": {"nome": null, "cpf": null, "telefone": null}, "pai": {"nome": null, "cpf": null, "telefone": null}, "responsavelPrincipal": {"nome": null, "cpf": null, "parentesco": null, "identidade": null, "orgaoExpedidor": null, "telefone": null}, "enderecoResponsavel": null, "cepResponsavel": null, "escolaridade": null, "profissao": null, "numeroDependentes": null, "numeroPessoasCasa": null}'::jsonb,'{"codigoAluno": null, "inscricao": null, "censo": null, "beneficio": null, "nis": null, "pisResponsavel": null, "cpfOriginalAluno": null, "cpfPersistidoNoCampoCpf": null, "cpfDuplicadoNaPlanilha": false, "serie2024": null, "origemLinhaPlanilha": 298}'::jsonb,'[]'::jsonb,'{"usaTransporteEscolar": null, "nomeTransporte": null}'::jsonb,'{"turmaPlanilha": "II PERÍODO", "professoraPlanilha": null, "fonte": "DADOS PARA PLATAFORMA PEDAGÓGICA (1) (1).xlsx / Planilha1", "linhaPlanilha": 298, "raw": {"NOME": "HEYTOR HENRY OLIVEIRA SANTOS", "SEXO": "M", "NASC": "2020-04-26T00:00:00", "NACIONALIDADE": "BRASIL", "NATURALIDADE": "Brasilia", "UF": "DF", "RAÇA": "PARDA", "TURMA": "II PERÍODO"}}'::jsonb,TRUE,NOW(),NOW())
  ON CONFLICT (id) DO UPDATE SET "unitId"=v_unit_id, "firstName"=EXCLUDED."firstName", "lastName"=EXCLUDED."lastName", "dateOfBirth"=EXCLUDED."dateOfBirth", gender=EXCLUDED.gender, cpf=EXCLUDED.cpf, raca=EXCLUDED.raca, peso=EXCLUDED.peso, "bloodType"=EXCLUDED."bloodType", allergies=EXCLUDED.allergies, "medicalConditions"=EXCLUDED."medicalConditions", "usoImagem"=EXCLUDED."usoImagem", laudado=EXCLUDED.laudado, nis=EXCLUDED.nis, "codigoAluno"=EXCLUDED."codigoAluno", inscricao=EXCLUDED.inscricao, "nomeMae"=EXCLUDED."nomeMae", "nomePai"=EXCLUDED."nomePai", "celPai"=EXCLUDED."celPai", nacionalidade=EXCLUDED.nacionalidade, naturalidade=EXCLUDED.naturalidade, "ufNascimento"=EXCLUDED."ufNascimento", endereco=EXCLUDED.endereco, cep=EXCLUDED.cep, "dadosResponsaveis"=EXCLUDED."dadosResponsaveis", "documentosMatricula"=EXCLUDED."documentosMatricula", "autorizadosRetirada"=EXCLUDED."autorizadosRetirada", "transporteEscolar"=EXCLUDED."transporteEscolar", "fichaAdministrativa"=EXCLUDED."fichaAdministrativa", "isActive"=TRUE, "updatedAt"=NOW();
  INSERT INTO "Enrollment" (id,"childId","classroomId","enrollmentDate",status,"createdAt","updatedAt")
  VALUES ('seed_enr_' || 'seed_pelicano_child_row298_heytor_henry_oliveira_santos_seed_pelicano_class_pel_ii_periodo_sem_profe', 'seed_pelicano_child_row298_heytor_henry_oliveira_santos', 'seed_pelicano_class_pel_ii_periodo_sem_professora', '2026-02-01 12:00:00', 'ATIVA'::"EnrollmentStatus", NOW(), NOW())
  ON CONFLICT ("childId","classroomId") DO UPDATE SET status=EXCLUDED.status, "updatedAt"=NOW();
  -- Aluno: IKARIO ARAUJO DE LIMA
  INSERT INTO "Child" (id,"mantenedoraId","unitId","firstName","lastName","dateOfBirth",gender,cpf,raca,peso,"bloodType",allergies,"medicalConditions","usoImagem",laudado,nis,"codigoAluno",inscricao,"nomeMae","nomePai","celPai",nacionalidade,naturalidade,"ufNascimento",endereco,cep,"dadosResponsaveis","documentosMatricula","autorizadosRetirada","transporteEscolar","fichaAdministrativa","isActive","createdAt","updatedAt")
  VALUES ('seed_pelicano_child_row299_ikario_araujo_de_lima',v_mantenedora_id,v_unit_id,'Ikario','Araujo De Lima','2021-01-29 12:00:00','MASCULINO'::"Gender",NULL,'PARDA',NULL,NULL,NULL,NULL,NULL,NULL,NULL,NULL,NULL,NULL,NULL,NULL,'BRASIL','Brasilia','DF',NULL,NULL,'{"mae": {"nome": null, "cpf": null, "telefone": null}, "pai": {"nome": null, "cpf": null, "telefone": null}, "responsavelPrincipal": {"nome": null, "cpf": null, "parentesco": null, "identidade": null, "orgaoExpedidor": null, "telefone": null}, "enderecoResponsavel": null, "cepResponsavel": null, "escolaridade": null, "profissao": null, "numeroDependentes": null, "numeroPessoasCasa": null}'::jsonb,'{"codigoAluno": null, "inscricao": null, "censo": null, "beneficio": null, "nis": null, "pisResponsavel": null, "cpfOriginalAluno": null, "cpfPersistidoNoCampoCpf": null, "cpfDuplicadoNaPlanilha": false, "serie2024": null, "origemLinhaPlanilha": 299}'::jsonb,'[]'::jsonb,'{"usaTransporteEscolar": null, "nomeTransporte": null}'::jsonb,'{"turmaPlanilha": "II PERÍODO", "professoraPlanilha": null, "fonte": "DADOS PARA PLATAFORMA PEDAGÓGICA (1) (1).xlsx / Planilha1", "linhaPlanilha": 299, "raw": {"NOME": "IKARIO ARAUJO DE LIMA", "SEXO": "M", "NASC": "2021-01-29T00:00:00", "NACIONALIDADE": "BRASIL", "NATURALIDADE": "Brasilia", "UF": "DF", "RAÇA": "PARDA", "TURMA": "II PERÍODO"}}'::jsonb,TRUE,NOW(),NOW())
  ON CONFLICT (id) DO UPDATE SET "unitId"=v_unit_id, "firstName"=EXCLUDED."firstName", "lastName"=EXCLUDED."lastName", "dateOfBirth"=EXCLUDED."dateOfBirth", gender=EXCLUDED.gender, cpf=EXCLUDED.cpf, raca=EXCLUDED.raca, peso=EXCLUDED.peso, "bloodType"=EXCLUDED."bloodType", allergies=EXCLUDED.allergies, "medicalConditions"=EXCLUDED."medicalConditions", "usoImagem"=EXCLUDED."usoImagem", laudado=EXCLUDED.laudado, nis=EXCLUDED.nis, "codigoAluno"=EXCLUDED."codigoAluno", inscricao=EXCLUDED.inscricao, "nomeMae"=EXCLUDED."nomeMae", "nomePai"=EXCLUDED."nomePai", "celPai"=EXCLUDED."celPai", nacionalidade=EXCLUDED.nacionalidade, naturalidade=EXCLUDED.naturalidade, "ufNascimento"=EXCLUDED."ufNascimento", endereco=EXCLUDED.endereco, cep=EXCLUDED.cep, "dadosResponsaveis"=EXCLUDED."dadosResponsaveis", "documentosMatricula"=EXCLUDED."documentosMatricula", "autorizadosRetirada"=EXCLUDED."autorizadosRetirada", "transporteEscolar"=EXCLUDED."transporteEscolar", "fichaAdministrativa"=EXCLUDED."fichaAdministrativa", "isActive"=TRUE, "updatedAt"=NOW();
  INSERT INTO "Enrollment" (id,"childId","classroomId","enrollmentDate",status,"createdAt","updatedAt")
  VALUES ('seed_enr_' || 'seed_pelicano_child_row299_ikario_araujo_de_lima_seed_pelicano_class_pel_ii_periodo_sem_professora', 'seed_pelicano_child_row299_ikario_araujo_de_lima', 'seed_pelicano_class_pel_ii_periodo_sem_professora', '2026-02-01 12:00:00', 'ATIVA'::"EnrollmentStatus", NOW(), NOW())
  ON CONFLICT ("childId","classroomId") DO UPDATE SET status=EXCLUDED.status, "updatedAt"=NOW();
  -- Aluno: ISAAC ROCHA NASCIMENTO
  INSERT INTO "Child" (id,"mantenedoraId","unitId","firstName","lastName","dateOfBirth",gender,cpf,raca,peso,"bloodType",allergies,"medicalConditions","usoImagem",laudado,nis,"codigoAluno",inscricao,"nomeMae","nomePai","celPai",nacionalidade,naturalidade,"ufNascimento",endereco,cep,"dadosResponsaveis","documentosMatricula","autorizadosRetirada","transporteEscolar","fichaAdministrativa","isActive","createdAt","updatedAt")
  VALUES ('seed_pelicano_child_row300_isaac_rocha_nascimento',v_mantenedora_id,v_unit_id,'Isaac','Rocha Nascimento','2021-03-26 12:00:00','MASCULINO'::"Gender",'111.139.221-84','PARDA',NULL,NULL,NULL,NULL,NULL,NULL,NULL,NULL,NULL,NULL,NULL,NULL,'BRASIL','Brasilia','DF',NULL,NULL,'{"mae": {"nome": null, "cpf": null, "telefone": null}, "pai": {"nome": null, "cpf": null, "telefone": null}, "responsavelPrincipal": {"nome": null, "cpf": null, "parentesco": null, "identidade": null, "orgaoExpedidor": null, "telefone": null}, "enderecoResponsavel": null, "cepResponsavel": null, "escolaridade": null, "profissao": null, "numeroDependentes": null, "numeroPessoasCasa": null}'::jsonb,'{"codigoAluno": null, "inscricao": null, "censo": null, "beneficio": null, "nis": null, "pisResponsavel": null, "cpfOriginalAluno": "111.139.221-84", "cpfPersistidoNoCampoCpf": "111.139.221-84", "cpfDuplicadoNaPlanilha": false, "serie2024": null, "origemLinhaPlanilha": 300}'::jsonb,'[]'::jsonb,'{"usaTransporteEscolar": null, "nomeTransporte": null}'::jsonb,'{"turmaPlanilha": "II PERÍODO", "professoraPlanilha": null, "fonte": "DADOS PARA PLATAFORMA PEDAGÓGICA (1) (1).xlsx / Planilha1", "linhaPlanilha": 300, "raw": {"NOME": "ISAAC ROCHA NASCIMENTO", "SEXO": "M", "NASC": "2021-03-26T00:00:00", "NACIONALIDADE": "BRASIL", "NATURALIDADE": "Brasilia", "UF": "DF", "CPF": "11113922184", "RAÇA": "PARDA", "TURMA": "II PERÍODO"}}'::jsonb,TRUE,NOW(),NOW())
  ON CONFLICT (id) DO UPDATE SET "unitId"=v_unit_id, "firstName"=EXCLUDED."firstName", "lastName"=EXCLUDED."lastName", "dateOfBirth"=EXCLUDED."dateOfBirth", gender=EXCLUDED.gender, cpf=EXCLUDED.cpf, raca=EXCLUDED.raca, peso=EXCLUDED.peso, "bloodType"=EXCLUDED."bloodType", allergies=EXCLUDED.allergies, "medicalConditions"=EXCLUDED."medicalConditions", "usoImagem"=EXCLUDED."usoImagem", laudado=EXCLUDED.laudado, nis=EXCLUDED.nis, "codigoAluno"=EXCLUDED."codigoAluno", inscricao=EXCLUDED.inscricao, "nomeMae"=EXCLUDED."nomeMae", "nomePai"=EXCLUDED."nomePai", "celPai"=EXCLUDED."celPai", nacionalidade=EXCLUDED.nacionalidade, naturalidade=EXCLUDED.naturalidade, "ufNascimento"=EXCLUDED."ufNascimento", endereco=EXCLUDED.endereco, cep=EXCLUDED.cep, "dadosResponsaveis"=EXCLUDED."dadosResponsaveis", "documentosMatricula"=EXCLUDED."documentosMatricula", "autorizadosRetirada"=EXCLUDED."autorizadosRetirada", "transporteEscolar"=EXCLUDED."transporteEscolar", "fichaAdministrativa"=EXCLUDED."fichaAdministrativa", "isActive"=TRUE, "updatedAt"=NOW();
  INSERT INTO "Enrollment" (id,"childId","classroomId","enrollmentDate",status,"createdAt","updatedAt")
  VALUES ('seed_enr_' || 'seed_pelicano_child_row300_isaac_rocha_nascimento_seed_pelicano_class_pel_ii_periodo_sem_professora', 'seed_pelicano_child_row300_isaac_rocha_nascimento', 'seed_pelicano_class_pel_ii_periodo_sem_professora', '2026-02-01 12:00:00', 'ATIVA'::"EnrollmentStatus", NOW(), NOW())
  ON CONFLICT ("childId","classroomId") DO UPDATE SET status=EXCLUDED.status, "updatedAt"=NOW();
  -- Aluno: ISABELLA MARIAH FRANCO MAGALHAES
  INSERT INTO "Child" (id,"mantenedoraId","unitId","firstName","lastName","dateOfBirth",gender,cpf,raca,peso,"bloodType",allergies,"medicalConditions","usoImagem",laudado,nis,"codigoAluno",inscricao,"nomeMae","nomePai","celPai",nacionalidade,naturalidade,"ufNascimento",endereco,cep,"dadosResponsaveis","documentosMatricula","autorizadosRetirada","transporteEscolar","fichaAdministrativa","isActive","createdAt","updatedAt")
  VALUES ('seed_pelicano_child_row301_isabella_mariah_franco_magalhaes',v_mantenedora_id,v_unit_id,'Isabella','Mariah Franco Magalhaes','2020-07-18 12:00:00','FEMININO'::"Gender",'108.221.561-99','PARDA',NULL,NULL,NULL,NULL,NULL,NULL,NULL,NULL,NULL,NULL,NULL,NULL,'BRASIL','Brasilia','DF',NULL,NULL,'{"mae": {"nome": null, "cpf": null, "telefone": null}, "pai": {"nome": null, "cpf": null, "telefone": null}, "responsavelPrincipal": {"nome": null, "cpf": null, "parentesco": null, "identidade": null, "orgaoExpedidor": null, "telefone": null}, "enderecoResponsavel": null, "cepResponsavel": null, "escolaridade": null, "profissao": null, "numeroDependentes": null, "numeroPessoasCasa": null}'::jsonb,'{"codigoAluno": null, "inscricao": null, "censo": null, "beneficio": null, "nis": null, "pisResponsavel": null, "cpfOriginalAluno": "108.221.561-99", "cpfPersistidoNoCampoCpf": "108.221.561-99", "cpfDuplicadoNaPlanilha": false, "serie2024": null, "origemLinhaPlanilha": 301}'::jsonb,'[]'::jsonb,'{"usaTransporteEscolar": null, "nomeTransporte": null}'::jsonb,'{"turmaPlanilha": "II PERÍODO", "professoraPlanilha": null, "fonte": "DADOS PARA PLATAFORMA PEDAGÓGICA (1) (1).xlsx / Planilha1", "linhaPlanilha": 301, "raw": {"NOME": "ISABELLA MARIAH FRANCO MAGALHAES", "SEXO": "F", "NASC": "2020-07-18T00:00:00", "NACIONALIDADE": "BRASIL", "NATURALIDADE": "Brasilia", "UF": "DF", "CPF": "108.221.561-99", "RAÇA": "PARDA", "TURMA": "II PERÍODO"}}'::jsonb,TRUE,NOW(),NOW())
  ON CONFLICT (id) DO UPDATE SET "unitId"=v_unit_id, "firstName"=EXCLUDED."firstName", "lastName"=EXCLUDED."lastName", "dateOfBirth"=EXCLUDED."dateOfBirth", gender=EXCLUDED.gender, cpf=EXCLUDED.cpf, raca=EXCLUDED.raca, peso=EXCLUDED.peso, "bloodType"=EXCLUDED."bloodType", allergies=EXCLUDED.allergies, "medicalConditions"=EXCLUDED."medicalConditions", "usoImagem"=EXCLUDED."usoImagem", laudado=EXCLUDED.laudado, nis=EXCLUDED.nis, "codigoAluno"=EXCLUDED."codigoAluno", inscricao=EXCLUDED.inscricao, "nomeMae"=EXCLUDED."nomeMae", "nomePai"=EXCLUDED."nomePai", "celPai"=EXCLUDED."celPai", nacionalidade=EXCLUDED.nacionalidade, naturalidade=EXCLUDED.naturalidade, "ufNascimento"=EXCLUDED."ufNascimento", endereco=EXCLUDED.endereco, cep=EXCLUDED.cep, "dadosResponsaveis"=EXCLUDED."dadosResponsaveis", "documentosMatricula"=EXCLUDED."documentosMatricula", "autorizadosRetirada"=EXCLUDED."autorizadosRetirada", "transporteEscolar"=EXCLUDED."transporteEscolar", "fichaAdministrativa"=EXCLUDED."fichaAdministrativa", "isActive"=TRUE, "updatedAt"=NOW();
  INSERT INTO "Enrollment" (id,"childId","classroomId","enrollmentDate",status,"createdAt","updatedAt")
  VALUES ('seed_enr_' || 'seed_pelicano_child_row301_isabella_mariah_franco_magalhaes_seed_pelicano_class_pel_ii_periodo_sem_p', 'seed_pelicano_child_row301_isabella_mariah_franco_magalhaes', 'seed_pelicano_class_pel_ii_periodo_sem_professora', '2026-02-01 12:00:00', 'ATIVA'::"EnrollmentStatus", NOW(), NOW())
  ON CONFLICT ("childId","classroomId") DO UPDATE SET status=EXCLUDED.status, "updatedAt"=NOW();
  -- Aluno: ISABELLE VITORIA CALIXTO RODRIGUES
  INSERT INTO "Child" (id,"mantenedoraId","unitId","firstName","lastName","dateOfBirth",gender,cpf,raca,peso,"bloodType",allergies,"medicalConditions","usoImagem",laudado,nis,"codigoAluno",inscricao,"nomeMae","nomePai","celPai",nacionalidade,naturalidade,"ufNascimento",endereco,cep,"dadosResponsaveis","documentosMatricula","autorizadosRetirada","transporteEscolar","fichaAdministrativa","isActive","createdAt","updatedAt")
  VALUES ('seed_pelicano_child_row302_isabelle_vitoria_calixto_rodrigues',v_mantenedora_id,v_unit_id,'Isabelle','Vitoria Calixto Rodrigues','2021-01-13 12:00:00','FEMININO'::"Gender",NULL,'PARDA',NULL,NULL,NULL,NULL,NULL,NULL,NULL,NULL,NULL,NULL,NULL,NULL,'BRASIL','Brasilia','DF',NULL,NULL,'{"mae": {"nome": null, "cpf": null, "telefone": null}, "pai": {"nome": null, "cpf": null, "telefone": null}, "responsavelPrincipal": {"nome": null, "cpf": null, "parentesco": null, "identidade": null, "orgaoExpedidor": null, "telefone": null}, "enderecoResponsavel": null, "cepResponsavel": null, "escolaridade": null, "profissao": null, "numeroDependentes": null, "numeroPessoasCasa": null}'::jsonb,'{"codigoAluno": null, "inscricao": null, "censo": null, "beneficio": null, "nis": null, "pisResponsavel": null, "cpfOriginalAluno": null, "cpfPersistidoNoCampoCpf": null, "cpfDuplicadoNaPlanilha": false, "serie2024": null, "origemLinhaPlanilha": 302}'::jsonb,'[]'::jsonb,'{"usaTransporteEscolar": null, "nomeTransporte": null}'::jsonb,'{"turmaPlanilha": "II PERÍODO", "professoraPlanilha": null, "fonte": "DADOS PARA PLATAFORMA PEDAGÓGICA (1) (1).xlsx / Planilha1", "linhaPlanilha": 302, "raw": {"NOME": "ISABELLE VITORIA CALIXTO RODRIGUES", "SEXO": "F", "NASC": "2021-01-13T00:00:00", "NACIONALIDADE": "BRASIL", "NATURALIDADE": "Brasilia", "UF": "DF", "RAÇA": "PARDA", "TURMA": "II PERÍODO"}}'::jsonb,TRUE,NOW(),NOW())
  ON CONFLICT (id) DO UPDATE SET "unitId"=v_unit_id, "firstName"=EXCLUDED."firstName", "lastName"=EXCLUDED."lastName", "dateOfBirth"=EXCLUDED."dateOfBirth", gender=EXCLUDED.gender, cpf=EXCLUDED.cpf, raca=EXCLUDED.raca, peso=EXCLUDED.peso, "bloodType"=EXCLUDED."bloodType", allergies=EXCLUDED.allergies, "medicalConditions"=EXCLUDED."medicalConditions", "usoImagem"=EXCLUDED."usoImagem", laudado=EXCLUDED.laudado, nis=EXCLUDED.nis, "codigoAluno"=EXCLUDED."codigoAluno", inscricao=EXCLUDED.inscricao, "nomeMae"=EXCLUDED."nomeMae", "nomePai"=EXCLUDED."nomePai", "celPai"=EXCLUDED."celPai", nacionalidade=EXCLUDED.nacionalidade, naturalidade=EXCLUDED.naturalidade, "ufNascimento"=EXCLUDED."ufNascimento", endereco=EXCLUDED.endereco, cep=EXCLUDED.cep, "dadosResponsaveis"=EXCLUDED."dadosResponsaveis", "documentosMatricula"=EXCLUDED."documentosMatricula", "autorizadosRetirada"=EXCLUDED."autorizadosRetirada", "transporteEscolar"=EXCLUDED."transporteEscolar", "fichaAdministrativa"=EXCLUDED."fichaAdministrativa", "isActive"=TRUE, "updatedAt"=NOW();
  INSERT INTO "Enrollment" (id,"childId","classroomId","enrollmentDate",status,"createdAt","updatedAt")
  VALUES ('seed_enr_' || 'seed_pelicano_child_row302_isabelle_vitoria_calixto_rodrigues_seed_pelicano_class_pel_ii_periodo_sem', 'seed_pelicano_child_row302_isabelle_vitoria_calixto_rodrigues', 'seed_pelicano_class_pel_ii_periodo_sem_professora', '2026-02-01 12:00:00', 'ATIVA'::"EnrollmentStatus", NOW(), NOW())
  ON CONFLICT ("childId","classroomId") DO UPDATE SET status=EXCLUDED.status, "updatedAt"=NOW();
  -- Aluno: ISABELLY VITORIA BARBOSA MARQUES BERTOLDO
  INSERT INTO "Child" (id,"mantenedoraId","unitId","firstName","lastName","dateOfBirth",gender,cpf,raca,peso,"bloodType",allergies,"medicalConditions","usoImagem",laudado,nis,"codigoAluno",inscricao,"nomeMae","nomePai","celPai",nacionalidade,naturalidade,"ufNascimento",endereco,cep,"dadosResponsaveis","documentosMatricula","autorizadosRetirada","transporteEscolar","fichaAdministrativa","isActive","createdAt","updatedAt")
  VALUES ('seed_pelicano_child_row303_isabelly_vitoria_barbosa_marques_bertoldo',v_mantenedora_id,v_unit_id,'Isabelly','Vitoria Barbosa Marques Bertoldo','2021-01-18 12:00:00','FEMININO'::"Gender",'110.335.751-43','PARDA',NULL,NULL,NULL,NULL,NULL,NULL,NULL,NULL,NULL,NULL,NULL,NULL,'BRASIL','Brasilia','DF',NULL,NULL,'{"mae": {"nome": null, "cpf": null, "telefone": null}, "pai": {"nome": null, "cpf": null, "telefone": null}, "responsavelPrincipal": {"nome": null, "cpf": null, "parentesco": null, "identidade": null, "orgaoExpedidor": null, "telefone": null}, "enderecoResponsavel": null, "cepResponsavel": null, "escolaridade": null, "profissao": null, "numeroDependentes": null, "numeroPessoasCasa": null}'::jsonb,'{"codigoAluno": null, "inscricao": null, "censo": null, "beneficio": null, "nis": null, "pisResponsavel": null, "cpfOriginalAluno": "110.335.751-43", "cpfPersistidoNoCampoCpf": "110.335.751-43", "cpfDuplicadoNaPlanilha": false, "serie2024": null, "origemLinhaPlanilha": 303}'::jsonb,'[]'::jsonb,'{"usaTransporteEscolar": null, "nomeTransporte": null}'::jsonb,'{"turmaPlanilha": "II PERÍODO", "professoraPlanilha": null, "fonte": "DADOS PARA PLATAFORMA PEDAGÓGICA (1) (1).xlsx / Planilha1", "linhaPlanilha": 303, "raw": {"NOME": "ISABELLY VITORIA BARBOSA MARQUES BERTOLDO", "SEXO": "F", "NASC": "2021-01-18T00:00:00", "NACIONALIDADE": "BRASIL", "NATURALIDADE": "Brasilia", "UF": "DF", "CPF": "11033575143", "RAÇA": "PARDA", "TURMA": "II PERÍODO"}}'::jsonb,TRUE,NOW(),NOW())
  ON CONFLICT (id) DO UPDATE SET "unitId"=v_unit_id, "firstName"=EXCLUDED."firstName", "lastName"=EXCLUDED."lastName", "dateOfBirth"=EXCLUDED."dateOfBirth", gender=EXCLUDED.gender, cpf=EXCLUDED.cpf, raca=EXCLUDED.raca, peso=EXCLUDED.peso, "bloodType"=EXCLUDED."bloodType", allergies=EXCLUDED.allergies, "medicalConditions"=EXCLUDED."medicalConditions", "usoImagem"=EXCLUDED."usoImagem", laudado=EXCLUDED.laudado, nis=EXCLUDED.nis, "codigoAluno"=EXCLUDED."codigoAluno", inscricao=EXCLUDED.inscricao, "nomeMae"=EXCLUDED."nomeMae", "nomePai"=EXCLUDED."nomePai", "celPai"=EXCLUDED."celPai", nacionalidade=EXCLUDED.nacionalidade, naturalidade=EXCLUDED.naturalidade, "ufNascimento"=EXCLUDED."ufNascimento", endereco=EXCLUDED.endereco, cep=EXCLUDED.cep, "dadosResponsaveis"=EXCLUDED."dadosResponsaveis", "documentosMatricula"=EXCLUDED."documentosMatricula", "autorizadosRetirada"=EXCLUDED."autorizadosRetirada", "transporteEscolar"=EXCLUDED."transporteEscolar", "fichaAdministrativa"=EXCLUDED."fichaAdministrativa", "isActive"=TRUE, "updatedAt"=NOW();
  INSERT INTO "Enrollment" (id,"childId","classroomId","enrollmentDate",status,"createdAt","updatedAt")
  VALUES ('seed_enr_' || 'seed_pelicano_child_row303_isabelly_vitoria_barbosa_marques_bertoldo_seed_pelicano_class_pel_ii_peri', 'seed_pelicano_child_row303_isabelly_vitoria_barbosa_marques_bertoldo', 'seed_pelicano_class_pel_ii_periodo_sem_professora', '2026-02-01 12:00:00', 'ATIVA'::"EnrollmentStatus", NOW(), NOW())
  ON CONFLICT ("childId","classroomId") DO UPDATE SET status=EXCLUDED.status, "updatedAt"=NOW();
  -- Aluno: IZADORA MACEDO DE MATOS
  INSERT INTO "Child" (id,"mantenedoraId","unitId","firstName","lastName","dateOfBirth",gender,cpf,raca,peso,"bloodType",allergies,"medicalConditions","usoImagem",laudado,nis,"codigoAluno",inscricao,"nomeMae","nomePai","celPai",nacionalidade,naturalidade,"ufNascimento",endereco,cep,"dadosResponsaveis","documentosMatricula","autorizadosRetirada","transporteEscolar","fichaAdministrativa","isActive","createdAt","updatedAt")
  VALUES ('seed_pelicano_child_row304_izadora_macedo_de_matos',v_mantenedora_id,v_unit_id,'Izadora','Macedo De Matos','2021-02-06 12:00:00','FEMININO'::"Gender",'110.572.801-35','PARDA',NULL,NULL,NULL,NULL,NULL,NULL,NULL,NULL,NULL,NULL,NULL,NULL,'BRASIL','Brasilia','DF',NULL,NULL,'{"mae": {"nome": null, "cpf": null, "telefone": null}, "pai": {"nome": null, "cpf": null, "telefone": null}, "responsavelPrincipal": {"nome": null, "cpf": null, "parentesco": null, "identidade": null, "orgaoExpedidor": null, "telefone": null}, "enderecoResponsavel": null, "cepResponsavel": null, "escolaridade": null, "profissao": null, "numeroDependentes": null, "numeroPessoasCasa": null}'::jsonb,'{"codigoAluno": null, "inscricao": null, "censo": null, "beneficio": null, "nis": null, "pisResponsavel": null, "cpfOriginalAluno": "110.572.801-35", "cpfPersistidoNoCampoCpf": "110.572.801-35", "cpfDuplicadoNaPlanilha": false, "serie2024": null, "origemLinhaPlanilha": 304}'::jsonb,'[]'::jsonb,'{"usaTransporteEscolar": null, "nomeTransporte": null}'::jsonb,'{"turmaPlanilha": "II PERÍODO", "professoraPlanilha": null, "fonte": "DADOS PARA PLATAFORMA PEDAGÓGICA (1) (1).xlsx / Planilha1", "linhaPlanilha": 304, "raw": {"NOME": "IZADORA MACEDO DE MATOS", "SEXO": "F", "NASC": "2021-02-06T00:00:00", "NACIONALIDADE": "BRASIL", "NATURALIDADE": "Brasilia", "UF": "DF", "CPF": "110.572.801-35", "RAÇA": "PARDA", "TURMA": "II PERÍODO"}}'::jsonb,TRUE,NOW(),NOW())
  ON CONFLICT (id) DO UPDATE SET "unitId"=v_unit_id, "firstName"=EXCLUDED."firstName", "lastName"=EXCLUDED."lastName", "dateOfBirth"=EXCLUDED."dateOfBirth", gender=EXCLUDED.gender, cpf=EXCLUDED.cpf, raca=EXCLUDED.raca, peso=EXCLUDED.peso, "bloodType"=EXCLUDED."bloodType", allergies=EXCLUDED.allergies, "medicalConditions"=EXCLUDED."medicalConditions", "usoImagem"=EXCLUDED."usoImagem", laudado=EXCLUDED.laudado, nis=EXCLUDED.nis, "codigoAluno"=EXCLUDED."codigoAluno", inscricao=EXCLUDED.inscricao, "nomeMae"=EXCLUDED."nomeMae", "nomePai"=EXCLUDED."nomePai", "celPai"=EXCLUDED."celPai", nacionalidade=EXCLUDED.nacionalidade, naturalidade=EXCLUDED.naturalidade, "ufNascimento"=EXCLUDED."ufNascimento", endereco=EXCLUDED.endereco, cep=EXCLUDED.cep, "dadosResponsaveis"=EXCLUDED."dadosResponsaveis", "documentosMatricula"=EXCLUDED."documentosMatricula", "autorizadosRetirada"=EXCLUDED."autorizadosRetirada", "transporteEscolar"=EXCLUDED."transporteEscolar", "fichaAdministrativa"=EXCLUDED."fichaAdministrativa", "isActive"=TRUE, "updatedAt"=NOW();
  INSERT INTO "Enrollment" (id,"childId","classroomId","enrollmentDate",status,"createdAt","updatedAt")
  VALUES ('seed_enr_' || 'seed_pelicano_child_row304_izadora_macedo_de_matos_seed_pelicano_class_pel_ii_periodo_sem_professora', 'seed_pelicano_child_row304_izadora_macedo_de_matos', 'seed_pelicano_class_pel_ii_periodo_sem_professora', '2026-02-01 12:00:00', 'ATIVA'::"EnrollmentStatus", NOW(), NOW())
  ON CONFLICT ("childId","classroomId") DO UPDATE SET status=EXCLUDED.status, "updatedAt"=NOW();
  -- Aluno: JHONATHAN RAVI RODRIGUES AQUINO
  INSERT INTO "Child" (id,"mantenedoraId","unitId","firstName","lastName","dateOfBirth",gender,cpf,raca,peso,"bloodType",allergies,"medicalConditions","usoImagem",laudado,nis,"codigoAluno",inscricao,"nomeMae","nomePai","celPai",nacionalidade,naturalidade,"ufNascimento",endereco,cep,"dadosResponsaveis","documentosMatricula","autorizadosRetirada","transporteEscolar","fichaAdministrativa","isActive","createdAt","updatedAt")
  VALUES ('seed_pelicano_child_row305_jhonathan_ravi_rodrigues_aquino',v_mantenedora_id,v_unit_id,'Jhonathan','Ravi Rodrigues Aquino','2020-11-10 12:00:00','MASCULINO'::"Gender",'109.463.431-01','PARDA',NULL,NULL,NULL,NULL,NULL,NULL,NULL,NULL,NULL,NULL,NULL,NULL,'BRASIL','Brasilia','DF',NULL,NULL,'{"mae": {"nome": null, "cpf": null, "telefone": null}, "pai": {"nome": null, "cpf": null, "telefone": null}, "responsavelPrincipal": {"nome": null, "cpf": null, "parentesco": null, "identidade": null, "orgaoExpedidor": null, "telefone": null}, "enderecoResponsavel": null, "cepResponsavel": null, "escolaridade": null, "profissao": null, "numeroDependentes": null, "numeroPessoasCasa": null}'::jsonb,'{"codigoAluno": null, "inscricao": null, "censo": null, "beneficio": null, "nis": null, "pisResponsavel": null, "cpfOriginalAluno": "109.463.431-01", "cpfPersistidoNoCampoCpf": "109.463.431-01", "cpfDuplicadoNaPlanilha": false, "serie2024": null, "origemLinhaPlanilha": 305}'::jsonb,'[]'::jsonb,'{"usaTransporteEscolar": null, "nomeTransporte": null}'::jsonb,'{"turmaPlanilha": "II PERÍODO", "professoraPlanilha": null, "fonte": "DADOS PARA PLATAFORMA PEDAGÓGICA (1) (1).xlsx / Planilha1", "linhaPlanilha": 305, "raw": {"NOME": "JHONATHAN RAVI RODRIGUES AQUINO", "SEXO": "M", "NASC": "2020-11-10T00:00:00", "NACIONALIDADE": "BRASIL", "NATURALIDADE": "Brasilia", "UF": "DF", "CPF": "10946343101", "RAÇA": "PARDA", "TURMA": "II PERÍODO"}}'::jsonb,TRUE,NOW(),NOW())
  ON CONFLICT (id) DO UPDATE SET "unitId"=v_unit_id, "firstName"=EXCLUDED."firstName", "lastName"=EXCLUDED."lastName", "dateOfBirth"=EXCLUDED."dateOfBirth", gender=EXCLUDED.gender, cpf=EXCLUDED.cpf, raca=EXCLUDED.raca, peso=EXCLUDED.peso, "bloodType"=EXCLUDED."bloodType", allergies=EXCLUDED.allergies, "medicalConditions"=EXCLUDED."medicalConditions", "usoImagem"=EXCLUDED."usoImagem", laudado=EXCLUDED.laudado, nis=EXCLUDED.nis, "codigoAluno"=EXCLUDED."codigoAluno", inscricao=EXCLUDED.inscricao, "nomeMae"=EXCLUDED."nomeMae", "nomePai"=EXCLUDED."nomePai", "celPai"=EXCLUDED."celPai", nacionalidade=EXCLUDED.nacionalidade, naturalidade=EXCLUDED.naturalidade, "ufNascimento"=EXCLUDED."ufNascimento", endereco=EXCLUDED.endereco, cep=EXCLUDED.cep, "dadosResponsaveis"=EXCLUDED."dadosResponsaveis", "documentosMatricula"=EXCLUDED."documentosMatricula", "autorizadosRetirada"=EXCLUDED."autorizadosRetirada", "transporteEscolar"=EXCLUDED."transporteEscolar", "fichaAdministrativa"=EXCLUDED."fichaAdministrativa", "isActive"=TRUE, "updatedAt"=NOW();
  INSERT INTO "Enrollment" (id,"childId","classroomId","enrollmentDate",status,"createdAt","updatedAt")
  VALUES ('seed_enr_' || 'seed_pelicano_child_row305_jhonathan_ravi_rodrigues_aquino_seed_pelicano_class_pel_ii_periodo_sem_pr', 'seed_pelicano_child_row305_jhonathan_ravi_rodrigues_aquino', 'seed_pelicano_class_pel_ii_periodo_sem_professora', '2026-02-01 12:00:00', 'ATIVA'::"EnrollmentStatus", NOW(), NOW())
  ON CONFLICT ("childId","classroomId") DO UPDATE SET status=EXCLUDED.status, "updatedAt"=NOW();
  -- Aluno: JOAO AUGUSTO SIQUEIRA NASCIMENTO
  INSERT INTO "Child" (id,"mantenedoraId","unitId","firstName","lastName","dateOfBirth",gender,cpf,raca,peso,"bloodType",allergies,"medicalConditions","usoImagem",laudado,nis,"codigoAluno",inscricao,"nomeMae","nomePai","celPai",nacionalidade,naturalidade,"ufNascimento",endereco,cep,"dadosResponsaveis","documentosMatricula","autorizadosRetirada","transporteEscolar","fichaAdministrativa","isActive","createdAt","updatedAt")
  VALUES ('seed_pelicano_child_row306_joao_augusto_siqueira_nascimento',v_mantenedora_id,v_unit_id,'Joao','Augusto Siqueira Nascimento','2020-07-24 12:00:00','MASCULINO'::"Gender",'108.295.101-33','PARDA',NULL,NULL,NULL,NULL,NULL,NULL,NULL,NULL,NULL,NULL,NULL,NULL,'BRASIL','Brasilia','DF',NULL,NULL,'{"mae": {"nome": null, "cpf": null, "telefone": null}, "pai": {"nome": null, "cpf": null, "telefone": null}, "responsavelPrincipal": {"nome": null, "cpf": null, "parentesco": null, "identidade": null, "orgaoExpedidor": null, "telefone": null}, "enderecoResponsavel": null, "cepResponsavel": null, "escolaridade": null, "profissao": null, "numeroDependentes": null, "numeroPessoasCasa": null}'::jsonb,'{"codigoAluno": null, "inscricao": null, "censo": null, "beneficio": null, "nis": null, "pisResponsavel": null, "cpfOriginalAluno": "108.295.101-33", "cpfPersistidoNoCampoCpf": "108.295.101-33", "cpfDuplicadoNaPlanilha": false, "serie2024": null, "origemLinhaPlanilha": 306}'::jsonb,'[]'::jsonb,'{"usaTransporteEscolar": null, "nomeTransporte": null}'::jsonb,'{"turmaPlanilha": "II PERÍODO", "professoraPlanilha": null, "fonte": "DADOS PARA PLATAFORMA PEDAGÓGICA (1) (1).xlsx / Planilha1", "linhaPlanilha": 306, "raw": {"NOME": "JOAO AUGUSTO SIQUEIRA NASCIMENTO", "SEXO": "M", "NASC": "2020-07-24T00:00:00", "NACIONALIDADE": "BRASIL", "NATURALIDADE": "Brasilia", "UF": "DF", "CPF": "10829510133", "RAÇA": "PARDA", "TURMA": "II PERÍODO"}}'::jsonb,TRUE,NOW(),NOW())
  ON CONFLICT (id) DO UPDATE SET "unitId"=v_unit_id, "firstName"=EXCLUDED."firstName", "lastName"=EXCLUDED."lastName", "dateOfBirth"=EXCLUDED."dateOfBirth", gender=EXCLUDED.gender, cpf=EXCLUDED.cpf, raca=EXCLUDED.raca, peso=EXCLUDED.peso, "bloodType"=EXCLUDED."bloodType", allergies=EXCLUDED.allergies, "medicalConditions"=EXCLUDED."medicalConditions", "usoImagem"=EXCLUDED."usoImagem", laudado=EXCLUDED.laudado, nis=EXCLUDED.nis, "codigoAluno"=EXCLUDED."codigoAluno", inscricao=EXCLUDED.inscricao, "nomeMae"=EXCLUDED."nomeMae", "nomePai"=EXCLUDED."nomePai", "celPai"=EXCLUDED."celPai", nacionalidade=EXCLUDED.nacionalidade, naturalidade=EXCLUDED.naturalidade, "ufNascimento"=EXCLUDED."ufNascimento", endereco=EXCLUDED.endereco, cep=EXCLUDED.cep, "dadosResponsaveis"=EXCLUDED."dadosResponsaveis", "documentosMatricula"=EXCLUDED."documentosMatricula", "autorizadosRetirada"=EXCLUDED."autorizadosRetirada", "transporteEscolar"=EXCLUDED."transporteEscolar", "fichaAdministrativa"=EXCLUDED."fichaAdministrativa", "isActive"=TRUE, "updatedAt"=NOW();
  INSERT INTO "Enrollment" (id,"childId","classroomId","enrollmentDate",status,"createdAt","updatedAt")
  VALUES ('seed_enr_' || 'seed_pelicano_child_row306_joao_augusto_siqueira_nascimento_seed_pelicano_class_pel_ii_periodo_sem_p', 'seed_pelicano_child_row306_joao_augusto_siqueira_nascimento', 'seed_pelicano_class_pel_ii_periodo_sem_professora', '2026-02-01 12:00:00', 'ATIVA'::"EnrollmentStatus", NOW(), NOW())
  ON CONFLICT ("childId","classroomId") DO UPDATE SET status=EXCLUDED.status, "updatedAt"=NOW();
  -- Aluno: JOAO MIGUEL OLIVEIRA BRAGA
  INSERT INTO "Child" (id,"mantenedoraId","unitId","firstName","lastName","dateOfBirth",gender,cpf,raca,peso,"bloodType",allergies,"medicalConditions","usoImagem",laudado,nis,"codigoAluno",inscricao,"nomeMae","nomePai","celPai",nacionalidade,naturalidade,"ufNascimento",endereco,cep,"dadosResponsaveis","documentosMatricula","autorizadosRetirada","transporteEscolar","fichaAdministrativa","isActive","createdAt","updatedAt")
  VALUES ('seed_pelicano_child_row307_joao_miguel_oliveira_braga',v_mantenedora_id,v_unit_id,'Joao','Miguel Oliveira Braga','2021-03-12 12:00:00','MASCULINO'::"Gender",'111.153.161-76','PARDA',NULL,NULL,NULL,NULL,NULL,NULL,NULL,NULL,NULL,NULL,NULL,NULL,'BRASIL','Brasilia','DF',NULL,NULL,'{"mae": {"nome": null, "cpf": null, "telefone": null}, "pai": {"nome": null, "cpf": null, "telefone": null}, "responsavelPrincipal": {"nome": null, "cpf": null, "parentesco": null, "identidade": null, "orgaoExpedidor": null, "telefone": null}, "enderecoResponsavel": null, "cepResponsavel": null, "escolaridade": null, "profissao": null, "numeroDependentes": null, "numeroPessoasCasa": null}'::jsonb,'{"codigoAluno": null, "inscricao": null, "censo": null, "beneficio": null, "nis": null, "pisResponsavel": null, "cpfOriginalAluno": "111.153.161-76", "cpfPersistidoNoCampoCpf": "111.153.161-76", "cpfDuplicadoNaPlanilha": false, "serie2024": null, "origemLinhaPlanilha": 307}'::jsonb,'[]'::jsonb,'{"usaTransporteEscolar": null, "nomeTransporte": null}'::jsonb,'{"turmaPlanilha": "II PERÍODO", "professoraPlanilha": null, "fonte": "DADOS PARA PLATAFORMA PEDAGÓGICA (1) (1).xlsx / Planilha1", "linhaPlanilha": 307, "raw": {"NOME": "JOAO MIGUEL OLIVEIRA BRAGA", "SEXO": "M", "NASC": "2021-03-12T00:00:00", "NACIONALIDADE": "BRASIL", "NATURALIDADE": "Brasilia", "UF": "DF", "CPF": "11115316176", "RAÇA": "PARDA", "TURMA": "II PERÍODO"}}'::jsonb,TRUE,NOW(),NOW())
  ON CONFLICT (id) DO UPDATE SET "unitId"=v_unit_id, "firstName"=EXCLUDED."firstName", "lastName"=EXCLUDED."lastName", "dateOfBirth"=EXCLUDED."dateOfBirth", gender=EXCLUDED.gender, cpf=EXCLUDED.cpf, raca=EXCLUDED.raca, peso=EXCLUDED.peso, "bloodType"=EXCLUDED."bloodType", allergies=EXCLUDED.allergies, "medicalConditions"=EXCLUDED."medicalConditions", "usoImagem"=EXCLUDED."usoImagem", laudado=EXCLUDED.laudado, nis=EXCLUDED.nis, "codigoAluno"=EXCLUDED."codigoAluno", inscricao=EXCLUDED.inscricao, "nomeMae"=EXCLUDED."nomeMae", "nomePai"=EXCLUDED."nomePai", "celPai"=EXCLUDED."celPai", nacionalidade=EXCLUDED.nacionalidade, naturalidade=EXCLUDED.naturalidade, "ufNascimento"=EXCLUDED."ufNascimento", endereco=EXCLUDED.endereco, cep=EXCLUDED.cep, "dadosResponsaveis"=EXCLUDED."dadosResponsaveis", "documentosMatricula"=EXCLUDED."documentosMatricula", "autorizadosRetirada"=EXCLUDED."autorizadosRetirada", "transporteEscolar"=EXCLUDED."transporteEscolar", "fichaAdministrativa"=EXCLUDED."fichaAdministrativa", "isActive"=TRUE, "updatedAt"=NOW();
  INSERT INTO "Enrollment" (id,"childId","classroomId","enrollmentDate",status,"createdAt","updatedAt")
  VALUES ('seed_enr_' || 'seed_pelicano_child_row307_joao_miguel_oliveira_braga_seed_pelicano_class_pel_ii_periodo_sem_profess', 'seed_pelicano_child_row307_joao_miguel_oliveira_braga', 'seed_pelicano_class_pel_ii_periodo_sem_professora', '2026-02-01 12:00:00', 'ATIVA'::"EnrollmentStatus", NOW(), NOW())
  ON CONFLICT ("childId","classroomId") DO UPDATE SET status=EXCLUDED.status, "updatedAt"=NOW();
  -- Aluno: JOAO PAULO CARDOSO DE PAIVA FERNANDES
  INSERT INTO "Child" (id,"mantenedoraId","unitId","firstName","lastName","dateOfBirth",gender,cpf,raca,peso,"bloodType",allergies,"medicalConditions","usoImagem",laudado,nis,"codigoAluno",inscricao,"nomeMae","nomePai","celPai",nacionalidade,naturalidade,"ufNascimento",endereco,cep,"dadosResponsaveis","documentosMatricula","autorizadosRetirada","transporteEscolar","fichaAdministrativa","isActive","createdAt","updatedAt")
  VALUES ('seed_pelicano_child_row308_joao_paulo_cardoso_de_paiva_fernandes',v_mantenedora_id,v_unit_id,'Joao','Paulo Cardoso De Paiva Fernandes','2020-11-01 12:00:00','MASCULINO'::"Gender",'109.412.211-48','PARDA',NULL,NULL,NULL,NULL,NULL,NULL,NULL,NULL,NULL,NULL,NULL,NULL,'BRASIL','Brasilia','DF',NULL,NULL,'{"mae": {"nome": null, "cpf": null, "telefone": null}, "pai": {"nome": null, "cpf": null, "telefone": null}, "responsavelPrincipal": {"nome": null, "cpf": null, "parentesco": null, "identidade": null, "orgaoExpedidor": null, "telefone": null}, "enderecoResponsavel": null, "cepResponsavel": null, "escolaridade": null, "profissao": null, "numeroDependentes": null, "numeroPessoasCasa": null}'::jsonb,'{"codigoAluno": null, "inscricao": null, "censo": null, "beneficio": null, "nis": null, "pisResponsavel": null, "cpfOriginalAluno": "109.412.211-48", "cpfPersistidoNoCampoCpf": "109.412.211-48", "cpfDuplicadoNaPlanilha": false, "serie2024": null, "origemLinhaPlanilha": 308}'::jsonb,'[]'::jsonb,'{"usaTransporteEscolar": null, "nomeTransporte": null}'::jsonb,'{"turmaPlanilha": "II PERÍODO", "professoraPlanilha": null, "fonte": "DADOS PARA PLATAFORMA PEDAGÓGICA (1) (1).xlsx / Planilha1", "linhaPlanilha": 308, "raw": {"NOME": "JOAO PAULO CARDOSO DE PAIVA FERNANDES", "SEXO": "M", "NASC": "2020-11-01T00:00:00", "NACIONALIDADE": "BRASIL", "NATURALIDADE": "Brasilia", "UF": "DF", "CPF": "109.412.211-48", "RAÇA": "PARDA", "TURMA": "II PERÍODO"}}'::jsonb,TRUE,NOW(),NOW())
  ON CONFLICT (id) DO UPDATE SET "unitId"=v_unit_id, "firstName"=EXCLUDED."firstName", "lastName"=EXCLUDED."lastName", "dateOfBirth"=EXCLUDED."dateOfBirth", gender=EXCLUDED.gender, cpf=EXCLUDED.cpf, raca=EXCLUDED.raca, peso=EXCLUDED.peso, "bloodType"=EXCLUDED."bloodType", allergies=EXCLUDED.allergies, "medicalConditions"=EXCLUDED."medicalConditions", "usoImagem"=EXCLUDED."usoImagem", laudado=EXCLUDED.laudado, nis=EXCLUDED.nis, "codigoAluno"=EXCLUDED."codigoAluno", inscricao=EXCLUDED.inscricao, "nomeMae"=EXCLUDED."nomeMae", "nomePai"=EXCLUDED."nomePai", "celPai"=EXCLUDED."celPai", nacionalidade=EXCLUDED.nacionalidade, naturalidade=EXCLUDED.naturalidade, "ufNascimento"=EXCLUDED."ufNascimento", endereco=EXCLUDED.endereco, cep=EXCLUDED.cep, "dadosResponsaveis"=EXCLUDED."dadosResponsaveis", "documentosMatricula"=EXCLUDED."documentosMatricula", "autorizadosRetirada"=EXCLUDED."autorizadosRetirada", "transporteEscolar"=EXCLUDED."transporteEscolar", "fichaAdministrativa"=EXCLUDED."fichaAdministrativa", "isActive"=TRUE, "updatedAt"=NOW();
  INSERT INTO "Enrollment" (id,"childId","classroomId","enrollmentDate",status,"createdAt","updatedAt")
  VALUES ('seed_enr_' || 'seed_pelicano_child_row308_joao_paulo_cardoso_de_paiva_fernandes_seed_pelicano_class_pel_ii_periodo_', 'seed_pelicano_child_row308_joao_paulo_cardoso_de_paiva_fernandes', 'seed_pelicano_class_pel_ii_periodo_sem_professora', '2026-02-01 12:00:00', 'ATIVA'::"EnrollmentStatus", NOW(), NOW())
  ON CONFLICT ("childId","classroomId") DO UPDATE SET status=EXCLUDED.status, "updatedAt"=NOW();
  -- Aluno: KALEBE ALVES TEIXEIRA
  INSERT INTO "Child" (id,"mantenedoraId","unitId","firstName","lastName","dateOfBirth",gender,cpf,raca,peso,"bloodType",allergies,"medicalConditions","usoImagem",laudado,nis,"codigoAluno",inscricao,"nomeMae","nomePai","celPai",nacionalidade,naturalidade,"ufNascimento",endereco,cep,"dadosResponsaveis","documentosMatricula","autorizadosRetirada","transporteEscolar","fichaAdministrativa","isActive","createdAt","updatedAt")
  VALUES ('seed_pelicano_child_row309_kalebe_alves_teixeira',v_mantenedora_id,v_unit_id,'Kalebe','Alves Teixeira','2021-02-10 12:00:00','MASCULINO'::"Gender",NULL,'PARDA',NULL,NULL,NULL,NULL,NULL,NULL,NULL,NULL,NULL,NULL,NULL,NULL,'BRASIL','Brasilia','DF',NULL,NULL,'{"mae": {"nome": null, "cpf": null, "telefone": null}, "pai": {"nome": null, "cpf": null, "telefone": null}, "responsavelPrincipal": {"nome": null, "cpf": null, "parentesco": null, "identidade": null, "orgaoExpedidor": null, "telefone": null}, "enderecoResponsavel": null, "cepResponsavel": null, "escolaridade": null, "profissao": null, "numeroDependentes": null, "numeroPessoasCasa": null}'::jsonb,'{"codigoAluno": null, "inscricao": null, "censo": null, "beneficio": null, "nis": null, "pisResponsavel": null, "cpfOriginalAluno": "109.412.211-48", "cpfPersistidoNoCampoCpf": null, "cpfDuplicadoNaPlanilha": true, "serie2024": null, "origemLinhaPlanilha": 309}'::jsonb,'[]'::jsonb,'{"usaTransporteEscolar": null, "nomeTransporte": null}'::jsonb,'{"turmaPlanilha": "II PERÍODO", "professoraPlanilha": null, "fonte": "DADOS PARA PLATAFORMA PEDAGÓGICA (1) (1).xlsx / Planilha1", "linhaPlanilha": 309, "raw": {"NOME": "KALEBE ALVES TEIXEIRA", "SEXO": "M", "NASC": "2021-02-10T00:00:00", "NACIONALIDADE": "BRASIL", "NATURALIDADE": "Brasilia", "UF": "DF", "CPF": "109.412.211-48", "RAÇA": "PARDA", "TURMA": "II PERÍODO"}}'::jsonb,TRUE,NOW(),NOW())
  ON CONFLICT (id) DO UPDATE SET "unitId"=v_unit_id, "firstName"=EXCLUDED."firstName", "lastName"=EXCLUDED."lastName", "dateOfBirth"=EXCLUDED."dateOfBirth", gender=EXCLUDED.gender, cpf=EXCLUDED.cpf, raca=EXCLUDED.raca, peso=EXCLUDED.peso, "bloodType"=EXCLUDED."bloodType", allergies=EXCLUDED.allergies, "medicalConditions"=EXCLUDED."medicalConditions", "usoImagem"=EXCLUDED."usoImagem", laudado=EXCLUDED.laudado, nis=EXCLUDED.nis, "codigoAluno"=EXCLUDED."codigoAluno", inscricao=EXCLUDED.inscricao, "nomeMae"=EXCLUDED."nomeMae", "nomePai"=EXCLUDED."nomePai", "celPai"=EXCLUDED."celPai", nacionalidade=EXCLUDED.nacionalidade, naturalidade=EXCLUDED.naturalidade, "ufNascimento"=EXCLUDED."ufNascimento", endereco=EXCLUDED.endereco, cep=EXCLUDED.cep, "dadosResponsaveis"=EXCLUDED."dadosResponsaveis", "documentosMatricula"=EXCLUDED."documentosMatricula", "autorizadosRetirada"=EXCLUDED."autorizadosRetirada", "transporteEscolar"=EXCLUDED."transporteEscolar", "fichaAdministrativa"=EXCLUDED."fichaAdministrativa", "isActive"=TRUE, "updatedAt"=NOW();
  INSERT INTO "Enrollment" (id,"childId","classroomId","enrollmentDate",status,"createdAt","updatedAt")
  VALUES ('seed_enr_' || 'seed_pelicano_child_row309_kalebe_alves_teixeira_seed_pelicano_class_pel_ii_periodo_sem_professora', 'seed_pelicano_child_row309_kalebe_alves_teixeira', 'seed_pelicano_class_pel_ii_periodo_sem_professora', '2026-02-01 12:00:00', 'ATIVA'::"EnrollmentStatus", NOW(), NOW())
  ON CONFLICT ("childId","classroomId") DO UPDATE SET status=EXCLUDED.status, "updatedAt"=NOW();
  -- Aluno: KLAUS HENRIQUE SANTOS COSTA
  INSERT INTO "Child" (id,"mantenedoraId","unitId","firstName","lastName","dateOfBirth",gender,cpf,raca,peso,"bloodType",allergies,"medicalConditions","usoImagem",laudado,nis,"codigoAluno",inscricao,"nomeMae","nomePai","celPai",nacionalidade,naturalidade,"ufNascimento",endereco,cep,"dadosResponsaveis","documentosMatricula","autorizadosRetirada","transporteEscolar","fichaAdministrativa","isActive","createdAt","updatedAt")
  VALUES ('seed_pelicano_child_row310_klaus_henrique_santos_costa',v_mantenedora_id,v_unit_id,'Klaus','Henrique Santos Costa','2021-02-12 12:00:00','MASCULINO'::"Gender",'110.665.461-77','PARDA',NULL,NULL,NULL,NULL,NULL,NULL,NULL,NULL,NULL,NULL,NULL,NULL,'BRASIL','Brasilia','DF',NULL,NULL,'{"mae": {"nome": null, "cpf": null, "telefone": null}, "pai": {"nome": null, "cpf": null, "telefone": null}, "responsavelPrincipal": {"nome": null, "cpf": null, "parentesco": null, "identidade": null, "orgaoExpedidor": null, "telefone": null}, "enderecoResponsavel": null, "cepResponsavel": null, "escolaridade": null, "profissao": null, "numeroDependentes": null, "numeroPessoasCasa": null}'::jsonb,'{"codigoAluno": null, "inscricao": null, "censo": null, "beneficio": null, "nis": null, "pisResponsavel": null, "cpfOriginalAluno": "110.665.461-77", "cpfPersistidoNoCampoCpf": "110.665.461-77", "cpfDuplicadoNaPlanilha": false, "serie2024": null, "origemLinhaPlanilha": 310}'::jsonb,'[]'::jsonb,'{"usaTransporteEscolar": null, "nomeTransporte": null}'::jsonb,'{"turmaPlanilha": "II PERÍODO", "professoraPlanilha": null, "fonte": "DADOS PARA PLATAFORMA PEDAGÓGICA (1) (1).xlsx / Planilha1", "linhaPlanilha": 310, "raw": {"NOME": "KLAUS HENRIQUE SANTOS COSTA", "SEXO": "M", "NASC": "2021-02-12T00:00:00", "NACIONALIDADE": "BRASIL", "NATURALIDADE": "Brasilia", "UF": "DF", "CPF": "11066546177", "RAÇA": "PARDA", "TURMA": "II PERÍODO"}}'::jsonb,TRUE,NOW(),NOW())
  ON CONFLICT (id) DO UPDATE SET "unitId"=v_unit_id, "firstName"=EXCLUDED."firstName", "lastName"=EXCLUDED."lastName", "dateOfBirth"=EXCLUDED."dateOfBirth", gender=EXCLUDED.gender, cpf=EXCLUDED.cpf, raca=EXCLUDED.raca, peso=EXCLUDED.peso, "bloodType"=EXCLUDED."bloodType", allergies=EXCLUDED.allergies, "medicalConditions"=EXCLUDED."medicalConditions", "usoImagem"=EXCLUDED."usoImagem", laudado=EXCLUDED.laudado, nis=EXCLUDED.nis, "codigoAluno"=EXCLUDED."codigoAluno", inscricao=EXCLUDED.inscricao, "nomeMae"=EXCLUDED."nomeMae", "nomePai"=EXCLUDED."nomePai", "celPai"=EXCLUDED."celPai", nacionalidade=EXCLUDED.nacionalidade, naturalidade=EXCLUDED.naturalidade, "ufNascimento"=EXCLUDED."ufNascimento", endereco=EXCLUDED.endereco, cep=EXCLUDED.cep, "dadosResponsaveis"=EXCLUDED."dadosResponsaveis", "documentosMatricula"=EXCLUDED."documentosMatricula", "autorizadosRetirada"=EXCLUDED."autorizadosRetirada", "transporteEscolar"=EXCLUDED."transporteEscolar", "fichaAdministrativa"=EXCLUDED."fichaAdministrativa", "isActive"=TRUE, "updatedAt"=NOW();
  INSERT INTO "Enrollment" (id,"childId","classroomId","enrollmentDate",status,"createdAt","updatedAt")
  VALUES ('seed_enr_' || 'seed_pelicano_child_row310_klaus_henrique_santos_costa_seed_pelicano_class_pel_ii_periodo_sem_profes', 'seed_pelicano_child_row310_klaus_henrique_santos_costa', 'seed_pelicano_class_pel_ii_periodo_sem_professora', '2026-02-01 12:00:00', 'ATIVA'::"EnrollmentStatus", NOW(), NOW())
  ON CONFLICT ("childId","classroomId") DO UPDATE SET status=EXCLUDED.status, "updatedAt"=NOW();
  -- Aluno: LARA ISIS DA SILVA SANTOS
  INSERT INTO "Child" (id,"mantenedoraId","unitId","firstName","lastName","dateOfBirth",gender,cpf,raca,peso,"bloodType",allergies,"medicalConditions","usoImagem",laudado,nis,"codigoAluno",inscricao,"nomeMae","nomePai","celPai",nacionalidade,naturalidade,"ufNascimento",endereco,cep,"dadosResponsaveis","documentosMatricula","autorizadosRetirada","transporteEscolar","fichaAdministrativa","isActive","createdAt","updatedAt")
  VALUES ('seed_pelicano_child_row311_lara_isis_da_silva_santos',v_mantenedora_id,v_unit_id,'Lara','Isis Da Silva Santos','2020-05-07 12:00:00','FEMININO'::"Gender",'111.082.101-80','PARDA',NULL,NULL,NULL,NULL,NULL,NULL,NULL,NULL,NULL,NULL,NULL,NULL,'BRASIL','Brasilia','DF',NULL,NULL,'{"mae": {"nome": null, "cpf": null, "telefone": null}, "pai": {"nome": null, "cpf": null, "telefone": null}, "responsavelPrincipal": {"nome": null, "cpf": null, "parentesco": null, "identidade": null, "orgaoExpedidor": null, "telefone": null}, "enderecoResponsavel": null, "cepResponsavel": null, "escolaridade": null, "profissao": null, "numeroDependentes": null, "numeroPessoasCasa": null}'::jsonb,'{"codigoAluno": null, "inscricao": null, "censo": null, "beneficio": null, "nis": null, "pisResponsavel": null, "cpfOriginalAluno": "111.082.101-80", "cpfPersistidoNoCampoCpf": "111.082.101-80", "cpfDuplicadoNaPlanilha": false, "serie2024": null, "origemLinhaPlanilha": 311}'::jsonb,'[]'::jsonb,'{"usaTransporteEscolar": null, "nomeTransporte": null}'::jsonb,'{"turmaPlanilha": "II PERÍODO", "professoraPlanilha": null, "fonte": "DADOS PARA PLATAFORMA PEDAGÓGICA (1) (1).xlsx / Planilha1", "linhaPlanilha": 311, "raw": {"NOME": "LARA ISIS DA SILVA SANTOS", "SEXO": "F", "NASC": "2020-05-07T00:00:00", "NACIONALIDADE": "BRASIL", "NATURALIDADE": "Brasilia", "UF": "DF", "CPF": "11108210180", "RAÇA": "PARDA", "TURMA": "II PERÍODO"}}'::jsonb,TRUE,NOW(),NOW())
  ON CONFLICT (id) DO UPDATE SET "unitId"=v_unit_id, "firstName"=EXCLUDED."firstName", "lastName"=EXCLUDED."lastName", "dateOfBirth"=EXCLUDED."dateOfBirth", gender=EXCLUDED.gender, cpf=EXCLUDED.cpf, raca=EXCLUDED.raca, peso=EXCLUDED.peso, "bloodType"=EXCLUDED."bloodType", allergies=EXCLUDED.allergies, "medicalConditions"=EXCLUDED."medicalConditions", "usoImagem"=EXCLUDED."usoImagem", laudado=EXCLUDED.laudado, nis=EXCLUDED.nis, "codigoAluno"=EXCLUDED."codigoAluno", inscricao=EXCLUDED.inscricao, "nomeMae"=EXCLUDED."nomeMae", "nomePai"=EXCLUDED."nomePai", "celPai"=EXCLUDED."celPai", nacionalidade=EXCLUDED.nacionalidade, naturalidade=EXCLUDED.naturalidade, "ufNascimento"=EXCLUDED."ufNascimento", endereco=EXCLUDED.endereco, cep=EXCLUDED.cep, "dadosResponsaveis"=EXCLUDED."dadosResponsaveis", "documentosMatricula"=EXCLUDED."documentosMatricula", "autorizadosRetirada"=EXCLUDED."autorizadosRetirada", "transporteEscolar"=EXCLUDED."transporteEscolar", "fichaAdministrativa"=EXCLUDED."fichaAdministrativa", "isActive"=TRUE, "updatedAt"=NOW();
  INSERT INTO "Enrollment" (id,"childId","classroomId","enrollmentDate",status,"createdAt","updatedAt")
  VALUES ('seed_enr_' || 'seed_pelicano_child_row311_lara_isis_da_silva_santos_seed_pelicano_class_pel_ii_periodo_sem_professo', 'seed_pelicano_child_row311_lara_isis_da_silva_santos', 'seed_pelicano_class_pel_ii_periodo_sem_professora', '2026-02-01 12:00:00', 'ATIVA'::"EnrollmentStatus", NOW(), NOW())
  ON CONFLICT ("childId","classroomId") DO UPDATE SET status=EXCLUDED.status, "updatedAt"=NOW();
  -- Aluno: LARA MELISSA FERNANDES FERREIRA
  INSERT INTO "Child" (id,"mantenedoraId","unitId","firstName","lastName","dateOfBirth",gender,cpf,raca,peso,"bloodType",allergies,"medicalConditions","usoImagem",laudado,nis,"codigoAluno",inscricao,"nomeMae","nomePai","celPai",nacionalidade,naturalidade,"ufNascimento",endereco,cep,"dadosResponsaveis","documentosMatricula","autorizadosRetirada","transporteEscolar","fichaAdministrativa","isActive","createdAt","updatedAt")
  VALUES ('seed_pelicano_child_row312_lara_melissa_fernandes_ferreira',v_mantenedora_id,v_unit_id,'Lara','Melissa Fernandes Ferreira','2021-02-16 12:00:00','MASCULINO'::"Gender",NULL,'PARDA',NULL,NULL,NULL,NULL,NULL,NULL,NULL,NULL,NULL,NULL,NULL,NULL,'BRASIL','Brasilia','DF',NULL,NULL,'{"mae": {"nome": null, "cpf": null, "telefone": null}, "pai": {"nome": null, "cpf": null, "telefone": null}, "responsavelPrincipal": {"nome": null, "cpf": null, "parentesco": null, "identidade": null, "orgaoExpedidor": null, "telefone": null}, "enderecoResponsavel": null, "cepResponsavel": null, "escolaridade": null, "profissao": null, "numeroDependentes": null, "numeroPessoasCasa": null}'::jsonb,'{"codigoAluno": null, "inscricao": null, "censo": null, "beneficio": null, "nis": null, "pisResponsavel": null, "cpfOriginalAluno": null, "cpfPersistidoNoCampoCpf": null, "cpfDuplicadoNaPlanilha": false, "serie2024": null, "origemLinhaPlanilha": 312}'::jsonb,'[]'::jsonb,'{"usaTransporteEscolar": null, "nomeTransporte": null}'::jsonb,'{"turmaPlanilha": "II PERÍODO", "professoraPlanilha": null, "fonte": "DADOS PARA PLATAFORMA PEDAGÓGICA (1) (1).xlsx / Planilha1", "linhaPlanilha": 312, "raw": {"NOME": "LARA MELISSA FERNANDES FERREIRA", "SEXO": "M", "NASC": "2021-02-16T00:00:00", "NACIONALIDADE": "BRASIL", "NATURALIDADE": "Brasilia", "UF": "DF", "RAÇA": "PARDA", "TURMA": "II PERÍODO"}}'::jsonb,TRUE,NOW(),NOW())
  ON CONFLICT (id) DO UPDATE SET "unitId"=v_unit_id, "firstName"=EXCLUDED."firstName", "lastName"=EXCLUDED."lastName", "dateOfBirth"=EXCLUDED."dateOfBirth", gender=EXCLUDED.gender, cpf=EXCLUDED.cpf, raca=EXCLUDED.raca, peso=EXCLUDED.peso, "bloodType"=EXCLUDED."bloodType", allergies=EXCLUDED.allergies, "medicalConditions"=EXCLUDED."medicalConditions", "usoImagem"=EXCLUDED."usoImagem", laudado=EXCLUDED.laudado, nis=EXCLUDED.nis, "codigoAluno"=EXCLUDED."codigoAluno", inscricao=EXCLUDED.inscricao, "nomeMae"=EXCLUDED."nomeMae", "nomePai"=EXCLUDED."nomePai", "celPai"=EXCLUDED."celPai", nacionalidade=EXCLUDED.nacionalidade, naturalidade=EXCLUDED.naturalidade, "ufNascimento"=EXCLUDED."ufNascimento", endereco=EXCLUDED.endereco, cep=EXCLUDED.cep, "dadosResponsaveis"=EXCLUDED."dadosResponsaveis", "documentosMatricula"=EXCLUDED."documentosMatricula", "autorizadosRetirada"=EXCLUDED."autorizadosRetirada", "transporteEscolar"=EXCLUDED."transporteEscolar", "fichaAdministrativa"=EXCLUDED."fichaAdministrativa", "isActive"=TRUE, "updatedAt"=NOW();
  INSERT INTO "Enrollment" (id,"childId","classroomId","enrollmentDate",status,"createdAt","updatedAt")
  VALUES ('seed_enr_' || 'seed_pelicano_child_row312_lara_melissa_fernandes_ferreira_seed_pelicano_class_pel_ii_periodo_sem_pr', 'seed_pelicano_child_row312_lara_melissa_fernandes_ferreira', 'seed_pelicano_class_pel_ii_periodo_sem_professora', '2026-02-01 12:00:00', 'ATIVA'::"EnrollmentStatus", NOW(), NOW())
  ON CONFLICT ("childId","classroomId") DO UPDATE SET status=EXCLUDED.status, "updatedAt"=NOW();
  -- Aluno: LIZ EMANUELE RODRIGUES ROCHA
  INSERT INTO "Child" (id,"mantenedoraId","unitId","firstName","lastName","dateOfBirth",gender,cpf,raca,peso,"bloodType",allergies,"medicalConditions","usoImagem",laudado,nis,"codigoAluno",inscricao,"nomeMae","nomePai","celPai",nacionalidade,naturalidade,"ufNascimento",endereco,cep,"dadosResponsaveis","documentosMatricula","autorizadosRetirada","transporteEscolar","fichaAdministrativa","isActive","createdAt","updatedAt")
  VALUES ('seed_pelicano_child_row313_liz_emanuele_rodrigues_rocha',v_mantenedora_id,v_unit_id,'Liz','Emanuele Rodrigues Rocha','2020-04-29 12:00:00','FEMININO'::"Gender",'107.369.631-62','PARDA',NULL,NULL,NULL,NULL,NULL,NULL,NULL,NULL,NULL,NULL,NULL,NULL,'BRASIL','Brasilia','DF',NULL,NULL,'{"mae": {"nome": null, "cpf": null, "telefone": null}, "pai": {"nome": null, "cpf": null, "telefone": null}, "responsavelPrincipal": {"nome": null, "cpf": null, "parentesco": null, "identidade": null, "orgaoExpedidor": null, "telefone": null}, "enderecoResponsavel": null, "cepResponsavel": null, "escolaridade": null, "profissao": null, "numeroDependentes": null, "numeroPessoasCasa": null}'::jsonb,'{"codigoAluno": null, "inscricao": null, "censo": null, "beneficio": null, "nis": null, "pisResponsavel": null, "cpfOriginalAluno": "107.369.631-62", "cpfPersistidoNoCampoCpf": "107.369.631-62", "cpfDuplicadoNaPlanilha": false, "serie2024": null, "origemLinhaPlanilha": 313}'::jsonb,'[]'::jsonb,'{"usaTransporteEscolar": null, "nomeTransporte": null}'::jsonb,'{"turmaPlanilha": "II PERÍODO", "professoraPlanilha": null, "fonte": "DADOS PARA PLATAFORMA PEDAGÓGICA (1) (1).xlsx / Planilha1", "linhaPlanilha": 313, "raw": {"NOME": "LIZ EMANUELE RODRIGUES ROCHA", "SEXO": "F", "NASC": "2020-04-29T00:00:00", "NACIONALIDADE": "BRASIL", "NATURALIDADE": "Brasilia", "UF": "DF", "CPF": "10736963162", "RAÇA": "PARDA", "TURMA": "II PERÍODO"}}'::jsonb,TRUE,NOW(),NOW())
  ON CONFLICT (id) DO UPDATE SET "unitId"=v_unit_id, "firstName"=EXCLUDED."firstName", "lastName"=EXCLUDED."lastName", "dateOfBirth"=EXCLUDED."dateOfBirth", gender=EXCLUDED.gender, cpf=EXCLUDED.cpf, raca=EXCLUDED.raca, peso=EXCLUDED.peso, "bloodType"=EXCLUDED."bloodType", allergies=EXCLUDED.allergies, "medicalConditions"=EXCLUDED."medicalConditions", "usoImagem"=EXCLUDED."usoImagem", laudado=EXCLUDED.laudado, nis=EXCLUDED.nis, "codigoAluno"=EXCLUDED."codigoAluno", inscricao=EXCLUDED.inscricao, "nomeMae"=EXCLUDED."nomeMae", "nomePai"=EXCLUDED."nomePai", "celPai"=EXCLUDED."celPai", nacionalidade=EXCLUDED.nacionalidade, naturalidade=EXCLUDED.naturalidade, "ufNascimento"=EXCLUDED."ufNascimento", endereco=EXCLUDED.endereco, cep=EXCLUDED.cep, "dadosResponsaveis"=EXCLUDED."dadosResponsaveis", "documentosMatricula"=EXCLUDED."documentosMatricula", "autorizadosRetirada"=EXCLUDED."autorizadosRetirada", "transporteEscolar"=EXCLUDED."transporteEscolar", "fichaAdministrativa"=EXCLUDED."fichaAdministrativa", "isActive"=TRUE, "updatedAt"=NOW();
  INSERT INTO "Enrollment" (id,"childId","classroomId","enrollmentDate",status,"createdAt","updatedAt")
  VALUES ('seed_enr_' || 'seed_pelicano_child_row313_liz_emanuele_rodrigues_rocha_seed_pelicano_class_pel_ii_periodo_sem_profe', 'seed_pelicano_child_row313_liz_emanuele_rodrigues_rocha', 'seed_pelicano_class_pel_ii_periodo_sem_professora', '2026-02-01 12:00:00', 'ATIVA'::"EnrollmentStatus", NOW(), NOW())
  ON CONFLICT ("childId","classroomId") DO UPDATE SET status=EXCLUDED.status, "updatedAt"=NOW();
  -- Aluno: LIZ RENATA COSTA DE OLIVEIRA
  INSERT INTO "Child" (id,"mantenedoraId","unitId","firstName","lastName","dateOfBirth",gender,cpf,raca,peso,"bloodType",allergies,"medicalConditions","usoImagem",laudado,nis,"codigoAluno",inscricao,"nomeMae","nomePai","celPai",nacionalidade,naturalidade,"ufNascimento",endereco,cep,"dadosResponsaveis","documentosMatricula","autorizadosRetirada","transporteEscolar","fichaAdministrativa","isActive","createdAt","updatedAt")
  VALUES ('seed_pelicano_child_row314_liz_renata_costa_de_oliveira',v_mantenedora_id,v_unit_id,'Liz','Renata Costa De Oliveira','2020-05-23 12:00:00','FEMININO'::"Gender",'107.606.051-06','PARDA',NULL,NULL,NULL,NULL,NULL,NULL,NULL,NULL,NULL,NULL,NULL,NULL,'BRASIL','Brasilia','DF',NULL,NULL,'{"mae": {"nome": null, "cpf": null, "telefone": null}, "pai": {"nome": null, "cpf": null, "telefone": null}, "responsavelPrincipal": {"nome": null, "cpf": null, "parentesco": null, "identidade": null, "orgaoExpedidor": null, "telefone": null}, "enderecoResponsavel": null, "cepResponsavel": null, "escolaridade": null, "profissao": null, "numeroDependentes": null, "numeroPessoasCasa": null}'::jsonb,'{"codigoAluno": null, "inscricao": null, "censo": null, "beneficio": null, "nis": null, "pisResponsavel": null, "cpfOriginalAluno": "107.606.051-06", "cpfPersistidoNoCampoCpf": "107.606.051-06", "cpfDuplicadoNaPlanilha": false, "serie2024": null, "origemLinhaPlanilha": 314}'::jsonb,'[]'::jsonb,'{"usaTransporteEscolar": null, "nomeTransporte": null}'::jsonb,'{"turmaPlanilha": "II PERÍODO", "professoraPlanilha": null, "fonte": "DADOS PARA PLATAFORMA PEDAGÓGICA (1) (1).xlsx / Planilha1", "linhaPlanilha": 314, "raw": {"NOME": "LIZ RENATA COSTA DE OLIVEIRA", "SEXO": "F", "NASC": "2020-05-23T00:00:00", "NACIONALIDADE": "BRASIL", "NATURALIDADE": "Brasilia", "UF": "DF", "CPF": "10760605106", "RAÇA": "PARDA", "TURMA": "II PERÍODO"}}'::jsonb,TRUE,NOW(),NOW())
  ON CONFLICT (id) DO UPDATE SET "unitId"=v_unit_id, "firstName"=EXCLUDED."firstName", "lastName"=EXCLUDED."lastName", "dateOfBirth"=EXCLUDED."dateOfBirth", gender=EXCLUDED.gender, cpf=EXCLUDED.cpf, raca=EXCLUDED.raca, peso=EXCLUDED.peso, "bloodType"=EXCLUDED."bloodType", allergies=EXCLUDED.allergies, "medicalConditions"=EXCLUDED."medicalConditions", "usoImagem"=EXCLUDED."usoImagem", laudado=EXCLUDED.laudado, nis=EXCLUDED.nis, "codigoAluno"=EXCLUDED."codigoAluno", inscricao=EXCLUDED.inscricao, "nomeMae"=EXCLUDED."nomeMae", "nomePai"=EXCLUDED."nomePai", "celPai"=EXCLUDED."celPai", nacionalidade=EXCLUDED.nacionalidade, naturalidade=EXCLUDED.naturalidade, "ufNascimento"=EXCLUDED."ufNascimento", endereco=EXCLUDED.endereco, cep=EXCLUDED.cep, "dadosResponsaveis"=EXCLUDED."dadosResponsaveis", "documentosMatricula"=EXCLUDED."documentosMatricula", "autorizadosRetirada"=EXCLUDED."autorizadosRetirada", "transporteEscolar"=EXCLUDED."transporteEscolar", "fichaAdministrativa"=EXCLUDED."fichaAdministrativa", "isActive"=TRUE, "updatedAt"=NOW();
  INSERT INTO "Enrollment" (id,"childId","classroomId","enrollmentDate",status,"createdAt","updatedAt")
  VALUES ('seed_enr_' || 'seed_pelicano_child_row314_liz_renata_costa_de_oliveira_seed_pelicano_class_pel_ii_periodo_sem_profe', 'seed_pelicano_child_row314_liz_renata_costa_de_oliveira', 'seed_pelicano_class_pel_ii_periodo_sem_professora', '2026-02-01 12:00:00', 'ATIVA'::"EnrollmentStatus", NOW(), NOW())
  ON CONFLICT ("childId","classroomId") DO UPDATE SET status=EXCLUDED.status, "updatedAt"=NOW();
  -- Aluno: LORENA CANGUSSU GAVINESCKI
  INSERT INTO "Child" (id,"mantenedoraId","unitId","firstName","lastName","dateOfBirth",gender,cpf,raca,peso,"bloodType",allergies,"medicalConditions","usoImagem",laudado,nis,"codigoAluno",inscricao,"nomeMae","nomePai","celPai",nacionalidade,naturalidade,"ufNascimento",endereco,cep,"dadosResponsaveis","documentosMatricula","autorizadosRetirada","transporteEscolar","fichaAdministrativa","isActive","createdAt","updatedAt")
  VALUES ('seed_pelicano_child_row315_lorena_cangussu_gavinescki',v_mantenedora_id,v_unit_id,'Lorena','Cangussu Gavinescki','2020-11-27 12:00:00','FEMININO'::"Gender",'109.762.551-62','PARDA','A+',NULL,NULL,NULL,NULL,NULL,NULL,NULL,NULL,NULL,NULL,NULL,'BRASIL','Brasilia','DF',NULL,NULL,'{"mae": {"nome": null, "cpf": null, "telefone": null}, "pai": {"nome": null, "cpf": null, "telefone": null}, "responsavelPrincipal": {"nome": null, "cpf": null, "parentesco": null, "identidade": null, "orgaoExpedidor": null, "telefone": null}, "enderecoResponsavel": null, "cepResponsavel": null, "escolaridade": null, "profissao": null, "numeroDependentes": null, "numeroPessoasCasa": null}'::jsonb,'{"codigoAluno": null, "inscricao": null, "censo": null, "beneficio": null, "nis": null, "pisResponsavel": null, "cpfOriginalAluno": "109.762.551-62", "cpfPersistidoNoCampoCpf": "109.762.551-62", "cpfDuplicadoNaPlanilha": false, "serie2024": null, "origemLinhaPlanilha": 315}'::jsonb,'[]'::jsonb,'{"usaTransporteEscolar": null, "nomeTransporte": null}'::jsonb,'{"turmaPlanilha": "II PERÍODO", "professoraPlanilha": null, "fonte": "DADOS PARA PLATAFORMA PEDAGÓGICA (1) (1).xlsx / Planilha1", "linhaPlanilha": 315, "raw": {"NOME": "LORENA CANGUSSU GAVINESCKI", "SEXO": "F", "NASC": "2020-11-27T00:00:00", "NACIONALIDADE": "BRASIL", "NATURALIDADE": "Brasilia", "UF": "DF", "CPF": "109.762.551-62", "RAÇA": "PARDA", "PESO": "A+", "CEP": "#VALUE!", "TURMA": "II PERÍODO"}}'::jsonb,TRUE,NOW(),NOW())
  ON CONFLICT (id) DO UPDATE SET "unitId"=v_unit_id, "firstName"=EXCLUDED."firstName", "lastName"=EXCLUDED."lastName", "dateOfBirth"=EXCLUDED."dateOfBirth", gender=EXCLUDED.gender, cpf=EXCLUDED.cpf, raca=EXCLUDED.raca, peso=EXCLUDED.peso, "bloodType"=EXCLUDED."bloodType", allergies=EXCLUDED.allergies, "medicalConditions"=EXCLUDED."medicalConditions", "usoImagem"=EXCLUDED."usoImagem", laudado=EXCLUDED.laudado, nis=EXCLUDED.nis, "codigoAluno"=EXCLUDED."codigoAluno", inscricao=EXCLUDED.inscricao, "nomeMae"=EXCLUDED."nomeMae", "nomePai"=EXCLUDED."nomePai", "celPai"=EXCLUDED."celPai", nacionalidade=EXCLUDED.nacionalidade, naturalidade=EXCLUDED.naturalidade, "ufNascimento"=EXCLUDED."ufNascimento", endereco=EXCLUDED.endereco, cep=EXCLUDED.cep, "dadosResponsaveis"=EXCLUDED."dadosResponsaveis", "documentosMatricula"=EXCLUDED."documentosMatricula", "autorizadosRetirada"=EXCLUDED."autorizadosRetirada", "transporteEscolar"=EXCLUDED."transporteEscolar", "fichaAdministrativa"=EXCLUDED."fichaAdministrativa", "isActive"=TRUE, "updatedAt"=NOW();
  INSERT INTO "Enrollment" (id,"childId","classroomId","enrollmentDate",status,"createdAt","updatedAt")
  VALUES ('seed_enr_' || 'seed_pelicano_child_row315_lorena_cangussu_gavinescki_seed_pelicano_class_pel_ii_periodo_sem_profess', 'seed_pelicano_child_row315_lorena_cangussu_gavinescki', 'seed_pelicano_class_pel_ii_periodo_sem_professora', '2026-02-01 12:00:00', 'ATIVA'::"EnrollmentStatus", NOW(), NOW())
  ON CONFLICT ("childId","classroomId") DO UPDATE SET status=EXCLUDED.status, "updatedAt"=NOW();
  -- Aluno: LORENZO BORGES DA SILVA
  INSERT INTO "Child" (id,"mantenedoraId","unitId","firstName","lastName","dateOfBirth",gender,cpf,raca,peso,"bloodType",allergies,"medicalConditions","usoImagem",laudado,nis,"codigoAluno",inscricao,"nomeMae","nomePai","celPai",nacionalidade,naturalidade,"ufNascimento",endereco,cep,"dadosResponsaveis","documentosMatricula","autorizadosRetirada","transporteEscolar","fichaAdministrativa","isActive","createdAt","updatedAt")
  VALUES ('seed_pelicano_child_row316_lorenzo_borges_da_silva',v_mantenedora_id,v_unit_id,'Lorenzo','Borges Da Silva','2020-04-03 12:00:00','MASCULINO'::"Gender",'106.808.171-66','PARDA',NULL,NULL,NULL,NULL,NULL,NULL,NULL,NULL,NULL,NULL,NULL,NULL,'BRASIL','Brasilia','DF',NULL,NULL,'{"mae": {"nome": null, "cpf": null, "telefone": null}, "pai": {"nome": null, "cpf": null, "telefone": null}, "responsavelPrincipal": {"nome": null, "cpf": null, "parentesco": null, "identidade": null, "orgaoExpedidor": null, "telefone": null}, "enderecoResponsavel": null, "cepResponsavel": null, "escolaridade": null, "profissao": null, "numeroDependentes": null, "numeroPessoasCasa": null}'::jsonb,'{"codigoAluno": null, "inscricao": null, "censo": null, "beneficio": null, "nis": null, "pisResponsavel": null, "cpfOriginalAluno": "106.808.171-66", "cpfPersistidoNoCampoCpf": "106.808.171-66", "cpfDuplicadoNaPlanilha": false, "serie2024": null, "origemLinhaPlanilha": 316}'::jsonb,'[]'::jsonb,'{"usaTransporteEscolar": null, "nomeTransporte": null}'::jsonb,'{"turmaPlanilha": "II PERÍODO", "professoraPlanilha": null, "fonte": "DADOS PARA PLATAFORMA PEDAGÓGICA (1) (1).xlsx / Planilha1", "linhaPlanilha": 316, "raw": {"NOME": "LORENZO BORGES DA SILVA", "SEXO": "M", "NASC": "2020-04-03T00:00:00", "NACIONALIDADE": "BRASIL", "NATURALIDADE": "Brasilia", "UF": "DF", "CPF": "10680817166", "RAÇA": "PARDA", "TURMA": "II PERÍODO"}}'::jsonb,TRUE,NOW(),NOW())
  ON CONFLICT (id) DO UPDATE SET "unitId"=v_unit_id, "firstName"=EXCLUDED."firstName", "lastName"=EXCLUDED."lastName", "dateOfBirth"=EXCLUDED."dateOfBirth", gender=EXCLUDED.gender, cpf=EXCLUDED.cpf, raca=EXCLUDED.raca, peso=EXCLUDED.peso, "bloodType"=EXCLUDED."bloodType", allergies=EXCLUDED.allergies, "medicalConditions"=EXCLUDED."medicalConditions", "usoImagem"=EXCLUDED."usoImagem", laudado=EXCLUDED.laudado, nis=EXCLUDED.nis, "codigoAluno"=EXCLUDED."codigoAluno", inscricao=EXCLUDED.inscricao, "nomeMae"=EXCLUDED."nomeMae", "nomePai"=EXCLUDED."nomePai", "celPai"=EXCLUDED."celPai", nacionalidade=EXCLUDED.nacionalidade, naturalidade=EXCLUDED.naturalidade, "ufNascimento"=EXCLUDED."ufNascimento", endereco=EXCLUDED.endereco, cep=EXCLUDED.cep, "dadosResponsaveis"=EXCLUDED."dadosResponsaveis", "documentosMatricula"=EXCLUDED."documentosMatricula", "autorizadosRetirada"=EXCLUDED."autorizadosRetirada", "transporteEscolar"=EXCLUDED."transporteEscolar", "fichaAdministrativa"=EXCLUDED."fichaAdministrativa", "isActive"=TRUE, "updatedAt"=NOW();
  INSERT INTO "Enrollment" (id,"childId","classroomId","enrollmentDate",status,"createdAt","updatedAt")
  VALUES ('seed_enr_' || 'seed_pelicano_child_row316_lorenzo_borges_da_silva_seed_pelicano_class_pel_ii_periodo_sem_professora', 'seed_pelicano_child_row316_lorenzo_borges_da_silva', 'seed_pelicano_class_pel_ii_periodo_sem_professora', '2026-02-01 12:00:00', 'ATIVA'::"EnrollmentStatus", NOW(), NOW())
  ON CONFLICT ("childId","classroomId") DO UPDATE SET status=EXCLUDED.status, "updatedAt"=NOW();
  -- Aluno: LOURENZO NEVES DE SOUZA BERTUNES
  INSERT INTO "Child" (id,"mantenedoraId","unitId","firstName","lastName","dateOfBirth",gender,cpf,raca,peso,"bloodType",allergies,"medicalConditions","usoImagem",laudado,nis,"codigoAluno",inscricao,"nomeMae","nomePai","celPai",nacionalidade,naturalidade,"ufNascimento",endereco,cep,"dadosResponsaveis","documentosMatricula","autorizadosRetirada","transporteEscolar","fichaAdministrativa","isActive","createdAt","updatedAt")
  VALUES ('seed_pelicano_child_row317_lourenzo_neves_de_souza_bertunes',v_mantenedora_id,v_unit_id,'Lourenzo','Neves De Souza Bertunes','2020-11-06 12:00:00','MASCULINO'::"Gender",'109.502.281-41','PARDA',NULL,NULL,NULL,NULL,NULL,NULL,NULL,NULL,NULL,NULL,NULL,NULL,'BRASIL','Brasilia','DF',NULL,NULL,'{"mae": {"nome": null, "cpf": null, "telefone": null}, "pai": {"nome": null, "cpf": null, "telefone": null}, "responsavelPrincipal": {"nome": null, "cpf": null, "parentesco": null, "identidade": null, "orgaoExpedidor": null, "telefone": null}, "enderecoResponsavel": null, "cepResponsavel": null, "escolaridade": null, "profissao": null, "numeroDependentes": null, "numeroPessoasCasa": null}'::jsonb,'{"codigoAluno": null, "inscricao": null, "censo": null, "beneficio": null, "nis": null, "pisResponsavel": null, "cpfOriginalAluno": "109.502.281-41", "cpfPersistidoNoCampoCpf": "109.502.281-41", "cpfDuplicadoNaPlanilha": false, "serie2024": null, "origemLinhaPlanilha": 317}'::jsonb,'[]'::jsonb,'{"usaTransporteEscolar": null, "nomeTransporte": null}'::jsonb,'{"turmaPlanilha": "II PERÍODO", "professoraPlanilha": null, "fonte": "DADOS PARA PLATAFORMA PEDAGÓGICA (1) (1).xlsx / Planilha1", "linhaPlanilha": 317, "raw": {"NOME": "LOURENZO NEVES DE SOUZA BERTUNES", "SEXO": "M", "NASC": "2020-11-06T00:00:00", "NACIONALIDADE": "BRASIL", "NATURALIDADE": "Brasilia", "UF": "DF", "CPF": "10950228141", "RAÇA": "PARDA", "TURMA": "II PERÍODO"}}'::jsonb,TRUE,NOW(),NOW())
  ON CONFLICT (id) DO UPDATE SET "unitId"=v_unit_id, "firstName"=EXCLUDED."firstName", "lastName"=EXCLUDED."lastName", "dateOfBirth"=EXCLUDED."dateOfBirth", gender=EXCLUDED.gender, cpf=EXCLUDED.cpf, raca=EXCLUDED.raca, peso=EXCLUDED.peso, "bloodType"=EXCLUDED."bloodType", allergies=EXCLUDED.allergies, "medicalConditions"=EXCLUDED."medicalConditions", "usoImagem"=EXCLUDED."usoImagem", laudado=EXCLUDED.laudado, nis=EXCLUDED.nis, "codigoAluno"=EXCLUDED."codigoAluno", inscricao=EXCLUDED.inscricao, "nomeMae"=EXCLUDED."nomeMae", "nomePai"=EXCLUDED."nomePai", "celPai"=EXCLUDED."celPai", nacionalidade=EXCLUDED.nacionalidade, naturalidade=EXCLUDED.naturalidade, "ufNascimento"=EXCLUDED."ufNascimento", endereco=EXCLUDED.endereco, cep=EXCLUDED.cep, "dadosResponsaveis"=EXCLUDED."dadosResponsaveis", "documentosMatricula"=EXCLUDED."documentosMatricula", "autorizadosRetirada"=EXCLUDED."autorizadosRetirada", "transporteEscolar"=EXCLUDED."transporteEscolar", "fichaAdministrativa"=EXCLUDED."fichaAdministrativa", "isActive"=TRUE, "updatedAt"=NOW();
  INSERT INTO "Enrollment" (id,"childId","classroomId","enrollmentDate",status,"createdAt","updatedAt")
  VALUES ('seed_enr_' || 'seed_pelicano_child_row317_lourenzo_neves_de_souza_bertunes_seed_pelicano_class_pel_ii_periodo_sem_p', 'seed_pelicano_child_row317_lourenzo_neves_de_souza_bertunes', 'seed_pelicano_class_pel_ii_periodo_sem_professora', '2026-02-01 12:00:00', 'ATIVA'::"EnrollmentStatus", NOW(), NOW())
  ON CONFLICT ("childId","classroomId") DO UPDATE SET status=EXCLUDED.status, "updatedAt"=NOW();
  -- Aluno: LUIZ FELIPE RODRIGUES BRAGA
  INSERT INTO "Child" (id,"mantenedoraId","unitId","firstName","lastName","dateOfBirth",gender,cpf,raca,peso,"bloodType",allergies,"medicalConditions","usoImagem",laudado,nis,"codigoAluno",inscricao,"nomeMae","nomePai","celPai",nacionalidade,naturalidade,"ufNascimento",endereco,cep,"dadosResponsaveis","documentosMatricula","autorizadosRetirada","transporteEscolar","fichaAdministrativa","isActive","createdAt","updatedAt")
  VALUES ('seed_pelicano_child_row318_luiz_felipe_rodrigues_braga',v_mantenedora_id,v_unit_id,'Luiz','Felipe Rodrigues Braga','2020-11-14 12:00:00','MASCULINO'::"Gender",'107.311.341-84','PARDA',NULL,NULL,NULL,NULL,NULL,NULL,NULL,NULL,NULL,NULL,NULL,NULL,'BRASIL','Brasilia','DF',NULL,NULL,'{"mae": {"nome": null, "cpf": null, "telefone": null}, "pai": {"nome": null, "cpf": null, "telefone": null}, "responsavelPrincipal": {"nome": null, "cpf": null, "parentesco": null, "identidade": null, "orgaoExpedidor": null, "telefone": null}, "enderecoResponsavel": null, "cepResponsavel": null, "escolaridade": null, "profissao": null, "numeroDependentes": null, "numeroPessoasCasa": null}'::jsonb,'{"codigoAluno": null, "inscricao": null, "censo": null, "beneficio": null, "nis": null, "pisResponsavel": null, "cpfOriginalAluno": "107.311.341-84", "cpfPersistidoNoCampoCpf": "107.311.341-84", "cpfDuplicadoNaPlanilha": false, "serie2024": null, "origemLinhaPlanilha": 318}'::jsonb,'[]'::jsonb,'{"usaTransporteEscolar": null, "nomeTransporte": null}'::jsonb,'{"turmaPlanilha": "II PERÍODO", "professoraPlanilha": null, "fonte": "DADOS PARA PLATAFORMA PEDAGÓGICA (1) (1).xlsx / Planilha1", "linhaPlanilha": 318, "raw": {"NOME": "LUIZ FELIPE RODRIGUES BRAGA", "SEXO": "M", "NASC": "2020-11-14T00:00:00", "NACIONALIDADE": "BRASIL", "NATURALIDADE": "Brasilia", "UF": "DF", "CPF": "10731134184", "RAÇA": "PARDA", "TURMA": "II PERÍODO"}}'::jsonb,TRUE,NOW(),NOW())
  ON CONFLICT (id) DO UPDATE SET "unitId"=v_unit_id, "firstName"=EXCLUDED."firstName", "lastName"=EXCLUDED."lastName", "dateOfBirth"=EXCLUDED."dateOfBirth", gender=EXCLUDED.gender, cpf=EXCLUDED.cpf, raca=EXCLUDED.raca, peso=EXCLUDED.peso, "bloodType"=EXCLUDED."bloodType", allergies=EXCLUDED.allergies, "medicalConditions"=EXCLUDED."medicalConditions", "usoImagem"=EXCLUDED."usoImagem", laudado=EXCLUDED.laudado, nis=EXCLUDED.nis, "codigoAluno"=EXCLUDED."codigoAluno", inscricao=EXCLUDED.inscricao, "nomeMae"=EXCLUDED."nomeMae", "nomePai"=EXCLUDED."nomePai", "celPai"=EXCLUDED."celPai", nacionalidade=EXCLUDED.nacionalidade, naturalidade=EXCLUDED.naturalidade, "ufNascimento"=EXCLUDED."ufNascimento", endereco=EXCLUDED.endereco, cep=EXCLUDED.cep, "dadosResponsaveis"=EXCLUDED."dadosResponsaveis", "documentosMatricula"=EXCLUDED."documentosMatricula", "autorizadosRetirada"=EXCLUDED."autorizadosRetirada", "transporteEscolar"=EXCLUDED."transporteEscolar", "fichaAdministrativa"=EXCLUDED."fichaAdministrativa", "isActive"=TRUE, "updatedAt"=NOW();
  INSERT INTO "Enrollment" (id,"childId","classroomId","enrollmentDate",status,"createdAt","updatedAt")
  VALUES ('seed_enr_' || 'seed_pelicano_child_row318_luiz_felipe_rodrigues_braga_seed_pelicano_class_pel_ii_periodo_sem_profes', 'seed_pelicano_child_row318_luiz_felipe_rodrigues_braga', 'seed_pelicano_class_pel_ii_periodo_sem_professora', '2026-02-01 12:00:00', 'ATIVA'::"EnrollmentStatus", NOW(), NOW())
  ON CONFLICT ("childId","classroomId") DO UPDATE SET status=EXCLUDED.status, "updatedAt"=NOW();
  -- Aluno: LUIZ HENRIQUE FERNANDES SANTOS
  INSERT INTO "Child" (id,"mantenedoraId","unitId","firstName","lastName","dateOfBirth",gender,cpf,raca,peso,"bloodType",allergies,"medicalConditions","usoImagem",laudado,nis,"codigoAluno",inscricao,"nomeMae","nomePai","celPai",nacionalidade,naturalidade,"ufNascimento",endereco,cep,"dadosResponsaveis","documentosMatricula","autorizadosRetirada","transporteEscolar","fichaAdministrativa","isActive","createdAt","updatedAt")
  VALUES ('seed_pelicano_child_row319_luiz_henrique_fernandes_santos',v_mantenedora_id,v_unit_id,'Luiz','Henrique Fernandes Santos','2020-10-18 12:00:00','MASCULINO'::"Gender",NULL,'PARDA',NULL,NULL,NULL,NULL,NULL,NULL,NULL,NULL,NULL,NULL,NULL,NULL,'BRASIL','Brasilia','DF',NULL,NULL,'{"mae": {"nome": null, "cpf": null, "telefone": null}, "pai": {"nome": null, "cpf": null, "telefone": null}, "responsavelPrincipal": {"nome": null, "cpf": null, "parentesco": null, "identidade": null, "orgaoExpedidor": null, "telefone": null}, "enderecoResponsavel": null, "cepResponsavel": null, "escolaridade": null, "profissao": null, "numeroDependentes": null, "numeroPessoasCasa": null}'::jsonb,'{"codigoAluno": null, "inscricao": null, "censo": null, "beneficio": null, "nis": null, "pisResponsavel": null, "cpfOriginalAluno": null, "cpfPersistidoNoCampoCpf": null, "cpfDuplicadoNaPlanilha": false, "serie2024": null, "origemLinhaPlanilha": 319}'::jsonb,'[]'::jsonb,'{"usaTransporteEscolar": null, "nomeTransporte": null}'::jsonb,'{"turmaPlanilha": "II PERÍODO", "professoraPlanilha": null, "fonte": "DADOS PARA PLATAFORMA PEDAGÓGICA (1) (1).xlsx / Planilha1", "linhaPlanilha": 319, "raw": {"NOME": "LUIZ HENRIQUE FERNANDES SANTOS", "SEXO": "M", "NASC": "2020-10-18T00:00:00", "NACIONALIDADE": "BRASIL", "NATURALIDADE": "Brasilia", "UF": "DF", "RAÇA": "PARDA", "TURMA": "II PERÍODO"}}'::jsonb,TRUE,NOW(),NOW())
  ON CONFLICT (id) DO UPDATE SET "unitId"=v_unit_id, "firstName"=EXCLUDED."firstName", "lastName"=EXCLUDED."lastName", "dateOfBirth"=EXCLUDED."dateOfBirth", gender=EXCLUDED.gender, cpf=EXCLUDED.cpf, raca=EXCLUDED.raca, peso=EXCLUDED.peso, "bloodType"=EXCLUDED."bloodType", allergies=EXCLUDED.allergies, "medicalConditions"=EXCLUDED."medicalConditions", "usoImagem"=EXCLUDED."usoImagem", laudado=EXCLUDED.laudado, nis=EXCLUDED.nis, "codigoAluno"=EXCLUDED."codigoAluno", inscricao=EXCLUDED.inscricao, "nomeMae"=EXCLUDED."nomeMae", "nomePai"=EXCLUDED."nomePai", "celPai"=EXCLUDED."celPai", nacionalidade=EXCLUDED.nacionalidade, naturalidade=EXCLUDED.naturalidade, "ufNascimento"=EXCLUDED."ufNascimento", endereco=EXCLUDED.endereco, cep=EXCLUDED.cep, "dadosResponsaveis"=EXCLUDED."dadosResponsaveis", "documentosMatricula"=EXCLUDED."documentosMatricula", "autorizadosRetirada"=EXCLUDED."autorizadosRetirada", "transporteEscolar"=EXCLUDED."transporteEscolar", "fichaAdministrativa"=EXCLUDED."fichaAdministrativa", "isActive"=TRUE, "updatedAt"=NOW();
  INSERT INTO "Enrollment" (id,"childId","classroomId","enrollmentDate",status,"createdAt","updatedAt")
  VALUES ('seed_enr_' || 'seed_pelicano_child_row319_luiz_henrique_fernandes_santos_seed_pelicano_class_pel_ii_periodo_sem_pro', 'seed_pelicano_child_row319_luiz_henrique_fernandes_santos', 'seed_pelicano_class_pel_ii_periodo_sem_professora', '2026-02-01 12:00:00', 'ATIVA'::"EnrollmentStatus", NOW(), NOW())
  ON CONFLICT ("childId","classroomId") DO UPDATE SET status=EXCLUDED.status, "updatedAt"=NOW();
  -- Aluno: LUNA HADASSA DA ROCHA RIBEIRO
  INSERT INTO "Child" (id,"mantenedoraId","unitId","firstName","lastName","dateOfBirth",gender,cpf,raca,peso,"bloodType",allergies,"medicalConditions","usoImagem",laudado,nis,"codigoAluno",inscricao,"nomeMae","nomePai","celPai",nacionalidade,naturalidade,"ufNascimento",endereco,cep,"dadosResponsaveis","documentosMatricula","autorizadosRetirada","transporteEscolar","fichaAdministrativa","isActive","createdAt","updatedAt")
  VALUES ('seed_pelicano_child_row320_luna_hadassa_da_rocha_ribeiro',v_mantenedora_id,v_unit_id,'Luna','Hadassa Da Rocha Ribeiro','2020-12-24 12:00:00','FEMININO'::"Gender",'110.023.631-79','PARDA',NULL,NULL,NULL,NULL,NULL,NULL,NULL,NULL,NULL,NULL,NULL,NULL,'BRASIL','Brasilia','DF',NULL,NULL,'{"mae": {"nome": null, "cpf": null, "telefone": null}, "pai": {"nome": null, "cpf": null, "telefone": null}, "responsavelPrincipal": {"nome": null, "cpf": null, "parentesco": null, "identidade": null, "orgaoExpedidor": null, "telefone": null}, "enderecoResponsavel": null, "cepResponsavel": null, "escolaridade": null, "profissao": null, "numeroDependentes": null, "numeroPessoasCasa": null}'::jsonb,'{"codigoAluno": null, "inscricao": null, "censo": null, "beneficio": null, "nis": null, "pisResponsavel": null, "cpfOriginalAluno": "110.023.631-79", "cpfPersistidoNoCampoCpf": "110.023.631-79", "cpfDuplicadoNaPlanilha": false, "serie2024": null, "origemLinhaPlanilha": 320}'::jsonb,'[]'::jsonb,'{"usaTransporteEscolar": null, "nomeTransporte": null}'::jsonb,'{"turmaPlanilha": "II PERÍODO", "professoraPlanilha": null, "fonte": "DADOS PARA PLATAFORMA PEDAGÓGICA (1) (1).xlsx / Planilha1", "linhaPlanilha": 320, "raw": {"NOME": "LUNA HADASSA DA ROCHA RIBEIRO", "SEXO": "F", "NASC": "2020-12-24T00:00:00", "NACIONALIDADE": "BRASIL", "NATURALIDADE": "Brasilia", "UF": "DF", "CPF": "11002363179", "RAÇA": "PARDA", "TURMA": "II PERÍODO"}}'::jsonb,TRUE,NOW(),NOW())
  ON CONFLICT (id) DO UPDATE SET "unitId"=v_unit_id, "firstName"=EXCLUDED."firstName", "lastName"=EXCLUDED."lastName", "dateOfBirth"=EXCLUDED."dateOfBirth", gender=EXCLUDED.gender, cpf=EXCLUDED.cpf, raca=EXCLUDED.raca, peso=EXCLUDED.peso, "bloodType"=EXCLUDED."bloodType", allergies=EXCLUDED.allergies, "medicalConditions"=EXCLUDED."medicalConditions", "usoImagem"=EXCLUDED."usoImagem", laudado=EXCLUDED.laudado, nis=EXCLUDED.nis, "codigoAluno"=EXCLUDED."codigoAluno", inscricao=EXCLUDED.inscricao, "nomeMae"=EXCLUDED."nomeMae", "nomePai"=EXCLUDED."nomePai", "celPai"=EXCLUDED."celPai", nacionalidade=EXCLUDED.nacionalidade, naturalidade=EXCLUDED.naturalidade, "ufNascimento"=EXCLUDED."ufNascimento", endereco=EXCLUDED.endereco, cep=EXCLUDED.cep, "dadosResponsaveis"=EXCLUDED."dadosResponsaveis", "documentosMatricula"=EXCLUDED."documentosMatricula", "autorizadosRetirada"=EXCLUDED."autorizadosRetirada", "transporteEscolar"=EXCLUDED."transporteEscolar", "fichaAdministrativa"=EXCLUDED."fichaAdministrativa", "isActive"=TRUE, "updatedAt"=NOW();
  INSERT INTO "Enrollment" (id,"childId","classroomId","enrollmentDate",status,"createdAt","updatedAt")
  VALUES ('seed_enr_' || 'seed_pelicano_child_row320_luna_hadassa_da_rocha_ribeiro_seed_pelicano_class_pel_ii_periodo_sem_prof', 'seed_pelicano_child_row320_luna_hadassa_da_rocha_ribeiro', 'seed_pelicano_class_pel_ii_periodo_sem_professora', '2026-02-01 12:00:00', 'ATIVA'::"EnrollmentStatus", NOW(), NOW())
  ON CONFLICT ("childId","classroomId") DO UPDATE SET status=EXCLUDED.status, "updatedAt"=NOW();
  -- Aluno: MAITE ELIEDIA DE ANDRADE SOUSA SANTOS
  INSERT INTO "Child" (id,"mantenedoraId","unitId","firstName","lastName","dateOfBirth",gender,cpf,raca,peso,"bloodType",allergies,"medicalConditions","usoImagem",laudado,nis,"codigoAluno",inscricao,"nomeMae","nomePai","celPai",nacionalidade,naturalidade,"ufNascimento",endereco,cep,"dadosResponsaveis","documentosMatricula","autorizadosRetirada","transporteEscolar","fichaAdministrativa","isActive","createdAt","updatedAt")
  VALUES ('seed_pelicano_child_row321_maite_eliedia_de_andrade_sousa_santos',v_mantenedora_id,v_unit_id,'Maite','Eliedia De Andrade Sousa Santos','2021-01-11 12:00:00','FEMININO'::"Gender",'110.219.051-94','PARDA',NULL,NULL,NULL,NULL,NULL,NULL,NULL,NULL,NULL,NULL,NULL,NULL,'BRASIL','Brasilia','DF',NULL,NULL,'{"mae": {"nome": null, "cpf": null, "telefone": null}, "pai": {"nome": null, "cpf": null, "telefone": null}, "responsavelPrincipal": {"nome": null, "cpf": null, "parentesco": null, "identidade": null, "orgaoExpedidor": null, "telefone": null}, "enderecoResponsavel": null, "cepResponsavel": null, "escolaridade": null, "profissao": null, "numeroDependentes": null, "numeroPessoasCasa": null}'::jsonb,'{"codigoAluno": null, "inscricao": null, "censo": null, "beneficio": null, "nis": null, "pisResponsavel": null, "cpfOriginalAluno": "110.219.051-94", "cpfPersistidoNoCampoCpf": "110.219.051-94", "cpfDuplicadoNaPlanilha": false, "serie2024": null, "origemLinhaPlanilha": 321}'::jsonb,'[]'::jsonb,'{"usaTransporteEscolar": null, "nomeTransporte": null}'::jsonb,'{"turmaPlanilha": "II PERÍODO", "professoraPlanilha": null, "fonte": "DADOS PARA PLATAFORMA PEDAGÓGICA (1) (1).xlsx / Planilha1", "linhaPlanilha": 321, "raw": {"NOME": "MAITE ELIEDIA DE ANDRADE SOUSA SANTOS", "SEXO": "F", "NASC": "2021-01-11T00:00:00", "NACIONALIDADE": "BRASIL", "NATURALIDADE": "Brasilia", "UF": "DF", "CPF": "11021905194", "RAÇA": "PARDA", "TURMA": "II PERÍODO"}}'::jsonb,TRUE,NOW(),NOW())
  ON CONFLICT (id) DO UPDATE SET "unitId"=v_unit_id, "firstName"=EXCLUDED."firstName", "lastName"=EXCLUDED."lastName", "dateOfBirth"=EXCLUDED."dateOfBirth", gender=EXCLUDED.gender, cpf=EXCLUDED.cpf, raca=EXCLUDED.raca, peso=EXCLUDED.peso, "bloodType"=EXCLUDED."bloodType", allergies=EXCLUDED.allergies, "medicalConditions"=EXCLUDED."medicalConditions", "usoImagem"=EXCLUDED."usoImagem", laudado=EXCLUDED.laudado, nis=EXCLUDED.nis, "codigoAluno"=EXCLUDED."codigoAluno", inscricao=EXCLUDED.inscricao, "nomeMae"=EXCLUDED."nomeMae", "nomePai"=EXCLUDED."nomePai", "celPai"=EXCLUDED."celPai", nacionalidade=EXCLUDED.nacionalidade, naturalidade=EXCLUDED.naturalidade, "ufNascimento"=EXCLUDED."ufNascimento", endereco=EXCLUDED.endereco, cep=EXCLUDED.cep, "dadosResponsaveis"=EXCLUDED."dadosResponsaveis", "documentosMatricula"=EXCLUDED."documentosMatricula", "autorizadosRetirada"=EXCLUDED."autorizadosRetirada", "transporteEscolar"=EXCLUDED."transporteEscolar", "fichaAdministrativa"=EXCLUDED."fichaAdministrativa", "isActive"=TRUE, "updatedAt"=NOW();
  INSERT INTO "Enrollment" (id,"childId","classroomId","enrollmentDate",status,"createdAt","updatedAt")
  VALUES ('seed_enr_' || 'seed_pelicano_child_row321_maite_eliedia_de_andrade_sousa_santos_seed_pelicano_class_pel_ii_periodo_', 'seed_pelicano_child_row321_maite_eliedia_de_andrade_sousa_santos', 'seed_pelicano_class_pel_ii_periodo_sem_professora', '2026-02-01 12:00:00', 'ATIVA'::"EnrollmentStatus", NOW(), NOW())
  ON CONFLICT ("childId","classroomId") DO UPDATE SET status=EXCLUDED.status, "updatedAt"=NOW();
  -- Aluno: MARCELLE MENDES CUTRIM
  INSERT INTO "Child" (id,"mantenedoraId","unitId","firstName","lastName","dateOfBirth",gender,cpf,raca,peso,"bloodType",allergies,"medicalConditions","usoImagem",laudado,nis,"codigoAluno",inscricao,"nomeMae","nomePai","celPai",nacionalidade,naturalidade,"ufNascimento",endereco,cep,"dadosResponsaveis","documentosMatricula","autorizadosRetirada","transporteEscolar","fichaAdministrativa","isActive","createdAt","updatedAt")
  VALUES ('seed_pelicano_child_row322_marcelle_mendes_cutrim',v_mantenedora_id,v_unit_id,'Marcelle','Mendes Cutrim','2020-06-22 12:00:00','FEMININO'::"Gender",NULL,'PARDA',NULL,NULL,NULL,NULL,NULL,NULL,NULL,NULL,NULL,NULL,NULL,NULL,'BRASIL','Brasilia','DF',NULL,NULL,'{"mae": {"nome": null, "cpf": null, "telefone": null}, "pai": {"nome": null, "cpf": null, "telefone": null}, "responsavelPrincipal": {"nome": null, "cpf": null, "parentesco": null, "identidade": null, "orgaoExpedidor": null, "telefone": null}, "enderecoResponsavel": null, "cepResponsavel": null, "escolaridade": null, "profissao": null, "numeroDependentes": null, "numeroPessoasCasa": null}'::jsonb,'{"codigoAluno": null, "inscricao": null, "censo": null, "beneficio": null, "nis": null, "pisResponsavel": null, "cpfOriginalAluno": "110.219.051-94", "cpfPersistidoNoCampoCpf": null, "cpfDuplicadoNaPlanilha": true, "serie2024": null, "origemLinhaPlanilha": 322}'::jsonb,'[]'::jsonb,'{"usaTransporteEscolar": null, "nomeTransporte": null}'::jsonb,'{"turmaPlanilha": "II PERÍODO", "professoraPlanilha": null, "fonte": "DADOS PARA PLATAFORMA PEDAGÓGICA (1) (1).xlsx / Planilha1", "linhaPlanilha": 322, "raw": {"NOME": "MARCELLE MENDES CUTRIM", "SEXO": "F", "NASC": "2020-06-22T00:00:00", "NACIONALIDADE": "BRASIL", "NATURALIDADE": "Brasilia", "UF": "DF", "CPF": "11021905194", "RAÇA": "PARDA", "TURMA": "II PERÍODO"}}'::jsonb,TRUE,NOW(),NOW())
  ON CONFLICT (id) DO UPDATE SET "unitId"=v_unit_id, "firstName"=EXCLUDED."firstName", "lastName"=EXCLUDED."lastName", "dateOfBirth"=EXCLUDED."dateOfBirth", gender=EXCLUDED.gender, cpf=EXCLUDED.cpf, raca=EXCLUDED.raca, peso=EXCLUDED.peso, "bloodType"=EXCLUDED."bloodType", allergies=EXCLUDED.allergies, "medicalConditions"=EXCLUDED."medicalConditions", "usoImagem"=EXCLUDED."usoImagem", laudado=EXCLUDED.laudado, nis=EXCLUDED.nis, "codigoAluno"=EXCLUDED."codigoAluno", inscricao=EXCLUDED.inscricao, "nomeMae"=EXCLUDED."nomeMae", "nomePai"=EXCLUDED."nomePai", "celPai"=EXCLUDED."celPai", nacionalidade=EXCLUDED.nacionalidade, naturalidade=EXCLUDED.naturalidade, "ufNascimento"=EXCLUDED."ufNascimento", endereco=EXCLUDED.endereco, cep=EXCLUDED.cep, "dadosResponsaveis"=EXCLUDED."dadosResponsaveis", "documentosMatricula"=EXCLUDED."documentosMatricula", "autorizadosRetirada"=EXCLUDED."autorizadosRetirada", "transporteEscolar"=EXCLUDED."transporteEscolar", "fichaAdministrativa"=EXCLUDED."fichaAdministrativa", "isActive"=TRUE, "updatedAt"=NOW();
  INSERT INTO "Enrollment" (id,"childId","classroomId","enrollmentDate",status,"createdAt","updatedAt")
  VALUES ('seed_enr_' || 'seed_pelicano_child_row322_marcelle_mendes_cutrim_seed_pelicano_class_pel_ii_periodo_sem_professora', 'seed_pelicano_child_row322_marcelle_mendes_cutrim', 'seed_pelicano_class_pel_ii_periodo_sem_professora', '2026-02-01 12:00:00', 'ATIVA'::"EnrollmentStatus", NOW(), NOW())
  ON CONFLICT ("childId","classroomId") DO UPDATE SET status=EXCLUDED.status, "updatedAt"=NOW();
  -- Aluno: MARIA ALICE VERAS DE ANDRADE
  INSERT INTO "Child" (id,"mantenedoraId","unitId","firstName","lastName","dateOfBirth",gender,cpf,raca,peso,"bloodType",allergies,"medicalConditions","usoImagem",laudado,nis,"codigoAluno",inscricao,"nomeMae","nomePai","celPai",nacionalidade,naturalidade,"ufNascimento",endereco,cep,"dadosResponsaveis","documentosMatricula","autorizadosRetirada","transporteEscolar","fichaAdministrativa","isActive","createdAt","updatedAt")
  VALUES ('seed_pelicano_child_row323_maria_alice_veras_de_andrade',v_mantenedora_id,v_unit_id,'Maria','Alice Veras De Andrade','2021-03-03 12:00:00','FEMININO'::"Gender",'110.906.571-02','PARDA',NULL,'A+',NULL,NULL,NULL,NULL,NULL,NULL,NULL,NULL,NULL,NULL,'BRASIL','Brasilia','DF',NULL,NULL,'{"mae": {"nome": null, "cpf": null, "telefone": null}, "pai": {"nome": null, "cpf": null, "telefone": null}, "responsavelPrincipal": {"nome": null, "cpf": null, "parentesco": null, "identidade": null, "orgaoExpedidor": null, "telefone": null}, "enderecoResponsavel": null, "cepResponsavel": null, "escolaridade": null, "profissao": null, "numeroDependentes": null, "numeroPessoasCasa": null}'::jsonb,'{"codigoAluno": null, "inscricao": null, "censo": null, "beneficio": null, "nis": null, "pisResponsavel": null, "cpfOriginalAluno": "110.906.571-02", "cpfPersistidoNoCampoCpf": "110.906.571-02", "cpfDuplicadoNaPlanilha": false, "serie2024": null, "origemLinhaPlanilha": 323}'::jsonb,'[]'::jsonb,'{"usaTransporteEscolar": null, "nomeTransporte": null}'::jsonb,'{"turmaPlanilha": "II PERÍODO", "professoraPlanilha": null, "fonte": "DADOS PARA PLATAFORMA PEDAGÓGICA (1) (1).xlsx / Planilha1", "linhaPlanilha": 323, "raw": {"NOME": "MARIA ALICE VERAS DE ANDRADE", "SEXO": "F", "NASC": "2021-03-03T00:00:00", "NACIONALIDADE": "BRASIL", "NATURALIDADE": "Brasilia", "UF": "DF", "CPF": "11090657102", "RAÇA": "PARDA", "TIPAGEM SANGUINEA": "A+", "TURMA": "II PERÍODO"}}'::jsonb,TRUE,NOW(),NOW())
  ON CONFLICT (id) DO UPDATE SET "unitId"=v_unit_id, "firstName"=EXCLUDED."firstName", "lastName"=EXCLUDED."lastName", "dateOfBirth"=EXCLUDED."dateOfBirth", gender=EXCLUDED.gender, cpf=EXCLUDED.cpf, raca=EXCLUDED.raca, peso=EXCLUDED.peso, "bloodType"=EXCLUDED."bloodType", allergies=EXCLUDED.allergies, "medicalConditions"=EXCLUDED."medicalConditions", "usoImagem"=EXCLUDED."usoImagem", laudado=EXCLUDED.laudado, nis=EXCLUDED.nis, "codigoAluno"=EXCLUDED."codigoAluno", inscricao=EXCLUDED.inscricao, "nomeMae"=EXCLUDED."nomeMae", "nomePai"=EXCLUDED."nomePai", "celPai"=EXCLUDED."celPai", nacionalidade=EXCLUDED.nacionalidade, naturalidade=EXCLUDED.naturalidade, "ufNascimento"=EXCLUDED."ufNascimento", endereco=EXCLUDED.endereco, cep=EXCLUDED.cep, "dadosResponsaveis"=EXCLUDED."dadosResponsaveis", "documentosMatricula"=EXCLUDED."documentosMatricula", "autorizadosRetirada"=EXCLUDED."autorizadosRetirada", "transporteEscolar"=EXCLUDED."transporteEscolar", "fichaAdministrativa"=EXCLUDED."fichaAdministrativa", "isActive"=TRUE, "updatedAt"=NOW();
  INSERT INTO "Enrollment" (id,"childId","classroomId","enrollmentDate",status,"createdAt","updatedAt")
  VALUES ('seed_enr_' || 'seed_pelicano_child_row323_maria_alice_veras_de_andrade_seed_pelicano_class_pel_ii_periodo_sem_profe', 'seed_pelicano_child_row323_maria_alice_veras_de_andrade', 'seed_pelicano_class_pel_ii_periodo_sem_professora', '2026-02-01 12:00:00', 'ATIVA'::"EnrollmentStatus", NOW(), NOW())
  ON CONFLICT ("childId","classroomId") DO UPDATE SET status=EXCLUDED.status, "updatedAt"=NOW();
  -- Aluno: MARIA CECÍLIA XAVIER DA SILVA
  INSERT INTO "Child" (id,"mantenedoraId","unitId","firstName","lastName","dateOfBirth",gender,cpf,raca,peso,"bloodType",allergies,"medicalConditions","usoImagem",laudado,nis,"codigoAluno",inscricao,"nomeMae","nomePai","celPai",nacionalidade,naturalidade,"ufNascimento",endereco,cep,"dadosResponsaveis","documentosMatricula","autorizadosRetirada","transporteEscolar","fichaAdministrativa","isActive","createdAt","updatedAt")
  VALUES ('seed_pelicano_child_row324_maria_cecilia_xavier_da_silva',v_mantenedora_id,v_unit_id,'Maria','Cecília Xavier Da Silva','2020-11-25 12:00:00','FEMININO'::"Gender",'109.814.851-70','PARDA',NULL,NULL,NULL,NULL,NULL,NULL,NULL,NULL,NULL,NULL,NULL,NULL,'BRASIL','Brasilia','DF',NULL,NULL,'{"mae": {"nome": null, "cpf": null, "telefone": null}, "pai": {"nome": null, "cpf": null, "telefone": null}, "responsavelPrincipal": {"nome": null, "cpf": null, "parentesco": null, "identidade": null, "orgaoExpedidor": null, "telefone": null}, "enderecoResponsavel": null, "cepResponsavel": null, "escolaridade": null, "profissao": null, "numeroDependentes": null, "numeroPessoasCasa": null}'::jsonb,'{"codigoAluno": null, "inscricao": null, "censo": null, "beneficio": null, "nis": null, "pisResponsavel": null, "cpfOriginalAluno": "109.814.851-70", "cpfPersistidoNoCampoCpf": "109.814.851-70", "cpfDuplicadoNaPlanilha": false, "serie2024": null, "origemLinhaPlanilha": 324}'::jsonb,'[]'::jsonb,'{"usaTransporteEscolar": null, "nomeTransporte": null}'::jsonb,'{"turmaPlanilha": "II PERÍODO", "professoraPlanilha": null, "fonte": "DADOS PARA PLATAFORMA PEDAGÓGICA (1) (1).xlsx / Planilha1", "linhaPlanilha": 324, "raw": {"NOME": "MARIA CECÍLIA XAVIER DA SILVA", "SEXO": "F", "NASC": "2020-11-25T00:00:00", "NACIONALIDADE": "BRASIL", "NATURALIDADE": "Brasilia", "UF": "DF", "CPF": "10981485170", "RAÇA": "PARDA", "TURMA": "II PERÍODO"}}'::jsonb,TRUE,NOW(),NOW())
  ON CONFLICT (id) DO UPDATE SET "unitId"=v_unit_id, "firstName"=EXCLUDED."firstName", "lastName"=EXCLUDED."lastName", "dateOfBirth"=EXCLUDED."dateOfBirth", gender=EXCLUDED.gender, cpf=EXCLUDED.cpf, raca=EXCLUDED.raca, peso=EXCLUDED.peso, "bloodType"=EXCLUDED."bloodType", allergies=EXCLUDED.allergies, "medicalConditions"=EXCLUDED."medicalConditions", "usoImagem"=EXCLUDED."usoImagem", laudado=EXCLUDED.laudado, nis=EXCLUDED.nis, "codigoAluno"=EXCLUDED."codigoAluno", inscricao=EXCLUDED.inscricao, "nomeMae"=EXCLUDED."nomeMae", "nomePai"=EXCLUDED."nomePai", "celPai"=EXCLUDED."celPai", nacionalidade=EXCLUDED.nacionalidade, naturalidade=EXCLUDED.naturalidade, "ufNascimento"=EXCLUDED."ufNascimento", endereco=EXCLUDED.endereco, cep=EXCLUDED.cep, "dadosResponsaveis"=EXCLUDED."dadosResponsaveis", "documentosMatricula"=EXCLUDED."documentosMatricula", "autorizadosRetirada"=EXCLUDED."autorizadosRetirada", "transporteEscolar"=EXCLUDED."transporteEscolar", "fichaAdministrativa"=EXCLUDED."fichaAdministrativa", "isActive"=TRUE, "updatedAt"=NOW();
  INSERT INTO "Enrollment" (id,"childId","classroomId","enrollmentDate",status,"createdAt","updatedAt")
  VALUES ('seed_enr_' || 'seed_pelicano_child_row324_maria_cecilia_xavier_da_silva_seed_pelicano_class_pel_ii_periodo_sem_prof', 'seed_pelicano_child_row324_maria_cecilia_xavier_da_silva', 'seed_pelicano_class_pel_ii_periodo_sem_professora', '2026-02-01 12:00:00', 'ATIVA'::"EnrollmentStatus", NOW(), NOW())
  ON CONFLICT ("childId","classroomId") DO UPDATE SET status=EXCLUDED.status, "updatedAt"=NOW();
  -- Aluno: MARIA JULIA BORGES SOUSA
  INSERT INTO "Child" (id,"mantenedoraId","unitId","firstName","lastName","dateOfBirth",gender,cpf,raca,peso,"bloodType",allergies,"medicalConditions","usoImagem",laudado,nis,"codigoAluno",inscricao,"nomeMae","nomePai","celPai",nacionalidade,naturalidade,"ufNascimento",endereco,cep,"dadosResponsaveis","documentosMatricula","autorizadosRetirada","transporteEscolar","fichaAdministrativa","isActive","createdAt","updatedAt")
  VALUES ('seed_pelicano_child_row325_maria_julia_borges_sousa',v_mantenedora_id,v_unit_id,'Maria','Julia Borges Sousa','2021-01-04 12:00:00','FEMININO'::"Gender",'110.125.021-63','PARDA',NULL,NULL,NULL,NULL,NULL,NULL,NULL,NULL,NULL,NULL,NULL,NULL,'BRASIL','Brasilia','DF',NULL,NULL,'{"mae": {"nome": null, "cpf": null, "telefone": null}, "pai": {"nome": null, "cpf": null, "telefone": null}, "responsavelPrincipal": {"nome": null, "cpf": null, "parentesco": null, "identidade": null, "orgaoExpedidor": null, "telefone": null}, "enderecoResponsavel": null, "cepResponsavel": null, "escolaridade": null, "profissao": null, "numeroDependentes": null, "numeroPessoasCasa": null}'::jsonb,'{"codigoAluno": null, "inscricao": null, "censo": null, "beneficio": null, "nis": null, "pisResponsavel": null, "cpfOriginalAluno": "110.125.021-63", "cpfPersistidoNoCampoCpf": "110.125.021-63", "cpfDuplicadoNaPlanilha": false, "serie2024": null, "origemLinhaPlanilha": 325}'::jsonb,'[]'::jsonb,'{"usaTransporteEscolar": null, "nomeTransporte": null}'::jsonb,'{"turmaPlanilha": "II PERÍODO", "professoraPlanilha": null, "fonte": "DADOS PARA PLATAFORMA PEDAGÓGICA (1) (1).xlsx / Planilha1", "linhaPlanilha": 325, "raw": {"NOME": "MARIA JULIA BORGES SOUSA", "SEXO": "F", "NASC": "2021-01-04T00:00:00", "NACIONALIDADE": "BRASIL", "NATURALIDADE": "Brasilia", "UF": "DF", "CPF": "110.125.021-63", "RAÇA": "PARDA", "TURMA": "II PERÍODO"}}'::jsonb,TRUE,NOW(),NOW())
  ON CONFLICT (id) DO UPDATE SET "unitId"=v_unit_id, "firstName"=EXCLUDED."firstName", "lastName"=EXCLUDED."lastName", "dateOfBirth"=EXCLUDED."dateOfBirth", gender=EXCLUDED.gender, cpf=EXCLUDED.cpf, raca=EXCLUDED.raca, peso=EXCLUDED.peso, "bloodType"=EXCLUDED."bloodType", allergies=EXCLUDED.allergies, "medicalConditions"=EXCLUDED."medicalConditions", "usoImagem"=EXCLUDED."usoImagem", laudado=EXCLUDED.laudado, nis=EXCLUDED.nis, "codigoAluno"=EXCLUDED."codigoAluno", inscricao=EXCLUDED.inscricao, "nomeMae"=EXCLUDED."nomeMae", "nomePai"=EXCLUDED."nomePai", "celPai"=EXCLUDED."celPai", nacionalidade=EXCLUDED.nacionalidade, naturalidade=EXCLUDED.naturalidade, "ufNascimento"=EXCLUDED."ufNascimento", endereco=EXCLUDED.endereco, cep=EXCLUDED.cep, "dadosResponsaveis"=EXCLUDED."dadosResponsaveis", "documentosMatricula"=EXCLUDED."documentosMatricula", "autorizadosRetirada"=EXCLUDED."autorizadosRetirada", "transporteEscolar"=EXCLUDED."transporteEscolar", "fichaAdministrativa"=EXCLUDED."fichaAdministrativa", "isActive"=TRUE, "updatedAt"=NOW();
  INSERT INTO "Enrollment" (id,"childId","classroomId","enrollmentDate",status,"createdAt","updatedAt")
  VALUES ('seed_enr_' || 'seed_pelicano_child_row325_maria_julia_borges_sousa_seed_pelicano_class_pel_ii_periodo_sem_professor', 'seed_pelicano_child_row325_maria_julia_borges_sousa', 'seed_pelicano_class_pel_ii_periodo_sem_professora', '2026-02-01 12:00:00', 'ATIVA'::"EnrollmentStatus", NOW(), NOW())
  ON CONFLICT ("childId","classroomId") DO UPDATE SET status=EXCLUDED.status, "updatedAt"=NOW();
  -- Aluno: MAYLI ALCANTARA NUNES
  INSERT INTO "Child" (id,"mantenedoraId","unitId","firstName","lastName","dateOfBirth",gender,cpf,raca,peso,"bloodType",allergies,"medicalConditions","usoImagem",laudado,nis,"codigoAluno",inscricao,"nomeMae","nomePai","celPai",nacionalidade,naturalidade,"ufNascimento",endereco,cep,"dadosResponsaveis","documentosMatricula","autorizadosRetirada","transporteEscolar","fichaAdministrativa","isActive","createdAt","updatedAt")
  VALUES ('seed_pelicano_child_row326_mayli_alcantara_nunes',v_mantenedora_id,v_unit_id,'Mayli','Alcantara Nunes','2020-06-10 12:00:00','FEMININO'::"Gender",'107.827.041-40','PARDA',NULL,NULL,NULL,NULL,NULL,NULL,NULL,NULL,NULL,NULL,NULL,NULL,'BRASIL','Brasilia','DF',NULL,NULL,'{"mae": {"nome": null, "cpf": null, "telefone": null}, "pai": {"nome": null, "cpf": null, "telefone": null}, "responsavelPrincipal": {"nome": null, "cpf": null, "parentesco": null, "identidade": null, "orgaoExpedidor": null, "telefone": null}, "enderecoResponsavel": null, "cepResponsavel": null, "escolaridade": null, "profissao": null, "numeroDependentes": null, "numeroPessoasCasa": null}'::jsonb,'{"codigoAluno": null, "inscricao": null, "censo": null, "beneficio": null, "nis": null, "pisResponsavel": null, "cpfOriginalAluno": "107.827.041-40", "cpfPersistidoNoCampoCpf": "107.827.041-40", "cpfDuplicadoNaPlanilha": false, "serie2024": null, "origemLinhaPlanilha": 326}'::jsonb,'[]'::jsonb,'{"usaTransporteEscolar": null, "nomeTransporte": null}'::jsonb,'{"turmaPlanilha": "II PERÍODO", "professoraPlanilha": null, "fonte": "DADOS PARA PLATAFORMA PEDAGÓGICA (1) (1).xlsx / Planilha1", "linhaPlanilha": 326, "raw": {"NOME": "MAYLI ALCANTARA NUNES", "SEXO": "F", "NASC": "2020-06-10T00:00:00", "NACIONALIDADE": "BRASIL", "NATURALIDADE": "Brasilia", "UF": "DF", "CPF": "107.827.041-40", "RAÇA": "PARDA", "TURMA": "II PERÍODO"}}'::jsonb,TRUE,NOW(),NOW())
  ON CONFLICT (id) DO UPDATE SET "unitId"=v_unit_id, "firstName"=EXCLUDED."firstName", "lastName"=EXCLUDED."lastName", "dateOfBirth"=EXCLUDED."dateOfBirth", gender=EXCLUDED.gender, cpf=EXCLUDED.cpf, raca=EXCLUDED.raca, peso=EXCLUDED.peso, "bloodType"=EXCLUDED."bloodType", allergies=EXCLUDED.allergies, "medicalConditions"=EXCLUDED."medicalConditions", "usoImagem"=EXCLUDED."usoImagem", laudado=EXCLUDED.laudado, nis=EXCLUDED.nis, "codigoAluno"=EXCLUDED."codigoAluno", inscricao=EXCLUDED.inscricao, "nomeMae"=EXCLUDED."nomeMae", "nomePai"=EXCLUDED."nomePai", "celPai"=EXCLUDED."celPai", nacionalidade=EXCLUDED.nacionalidade, naturalidade=EXCLUDED.naturalidade, "ufNascimento"=EXCLUDED."ufNascimento", endereco=EXCLUDED.endereco, cep=EXCLUDED.cep, "dadosResponsaveis"=EXCLUDED."dadosResponsaveis", "documentosMatricula"=EXCLUDED."documentosMatricula", "autorizadosRetirada"=EXCLUDED."autorizadosRetirada", "transporteEscolar"=EXCLUDED."transporteEscolar", "fichaAdministrativa"=EXCLUDED."fichaAdministrativa", "isActive"=TRUE, "updatedAt"=NOW();
  INSERT INTO "Enrollment" (id,"childId","classroomId","enrollmentDate",status,"createdAt","updatedAt")
  VALUES ('seed_enr_' || 'seed_pelicano_child_row326_mayli_alcantara_nunes_seed_pelicano_class_pel_ii_periodo_sem_professora', 'seed_pelicano_child_row326_mayli_alcantara_nunes', 'seed_pelicano_class_pel_ii_periodo_sem_professora', '2026-02-01 12:00:00', 'ATIVA'::"EnrollmentStatus", NOW(), NOW())
  ON CONFLICT ("childId","classroomId") DO UPDATE SET status=EXCLUDED.status, "updatedAt"=NOW();
  -- Aluno: MIGUEL CARLOS SANTOS
  INSERT INTO "Child" (id,"mantenedoraId","unitId","firstName","lastName","dateOfBirth",gender,cpf,raca,peso,"bloodType",allergies,"medicalConditions","usoImagem",laudado,nis,"codigoAluno",inscricao,"nomeMae","nomePai","celPai",nacionalidade,naturalidade,"ufNascimento",endereco,cep,"dadosResponsaveis","documentosMatricula","autorizadosRetirada","transporteEscolar","fichaAdministrativa","isActive","createdAt","updatedAt")
  VALUES ('seed_pelicano_child_row327_miguel_carlos_santos',v_mantenedora_id,v_unit_id,'Miguel','Carlos Santos','2020-08-17 12:00:00','MASCULINO'::"Gender",'108.568.551-97','PARDA',NULL,NULL,NULL,NULL,NULL,NULL,NULL,NULL,NULL,NULL,NULL,NULL,'BRASIL','Brasilia','DF',NULL,NULL,'{"mae": {"nome": null, "cpf": null, "telefone": null}, "pai": {"nome": null, "cpf": null, "telefone": null}, "responsavelPrincipal": {"nome": null, "cpf": null, "parentesco": null, "identidade": null, "orgaoExpedidor": null, "telefone": null}, "enderecoResponsavel": null, "cepResponsavel": null, "escolaridade": null, "profissao": null, "numeroDependentes": null, "numeroPessoasCasa": null}'::jsonb,'{"codigoAluno": null, "inscricao": null, "censo": null, "beneficio": null, "nis": null, "pisResponsavel": null, "cpfOriginalAluno": "108.568.551-97", "cpfPersistidoNoCampoCpf": "108.568.551-97", "cpfDuplicadoNaPlanilha": false, "serie2024": null, "origemLinhaPlanilha": 327}'::jsonb,'[]'::jsonb,'{"usaTransporteEscolar": null, "nomeTransporte": null}'::jsonb,'{"turmaPlanilha": "II PERÍODO", "professoraPlanilha": null, "fonte": "DADOS PARA PLATAFORMA PEDAGÓGICA (1) (1).xlsx / Planilha1", "linhaPlanilha": 327, "raw": {"NOME": "MIGUEL CARLOS SANTOS", "SEXO": "M", "NASC": "2020-08-17T00:00:00", "NACIONALIDADE": "BRASIL", "NATURALIDADE": "Brasilia", "UF": "DF", "CPF": "10856855197", "RAÇA": "PARDA", "TURMA": "II PERÍODO"}}'::jsonb,TRUE,NOW(),NOW())
  ON CONFLICT (id) DO UPDATE SET "unitId"=v_unit_id, "firstName"=EXCLUDED."firstName", "lastName"=EXCLUDED."lastName", "dateOfBirth"=EXCLUDED."dateOfBirth", gender=EXCLUDED.gender, cpf=EXCLUDED.cpf, raca=EXCLUDED.raca, peso=EXCLUDED.peso, "bloodType"=EXCLUDED."bloodType", allergies=EXCLUDED.allergies, "medicalConditions"=EXCLUDED."medicalConditions", "usoImagem"=EXCLUDED."usoImagem", laudado=EXCLUDED.laudado, nis=EXCLUDED.nis, "codigoAluno"=EXCLUDED."codigoAluno", inscricao=EXCLUDED.inscricao, "nomeMae"=EXCLUDED."nomeMae", "nomePai"=EXCLUDED."nomePai", "celPai"=EXCLUDED."celPai", nacionalidade=EXCLUDED.nacionalidade, naturalidade=EXCLUDED.naturalidade, "ufNascimento"=EXCLUDED."ufNascimento", endereco=EXCLUDED.endereco, cep=EXCLUDED.cep, "dadosResponsaveis"=EXCLUDED."dadosResponsaveis", "documentosMatricula"=EXCLUDED."documentosMatricula", "autorizadosRetirada"=EXCLUDED."autorizadosRetirada", "transporteEscolar"=EXCLUDED."transporteEscolar", "fichaAdministrativa"=EXCLUDED."fichaAdministrativa", "isActive"=TRUE, "updatedAt"=NOW();
  INSERT INTO "Enrollment" (id,"childId","classroomId","enrollmentDate",status,"createdAt","updatedAt")
  VALUES ('seed_enr_' || 'seed_pelicano_child_row327_miguel_carlos_santos_seed_pelicano_class_pel_ii_periodo_sem_professora', 'seed_pelicano_child_row327_miguel_carlos_santos', 'seed_pelicano_class_pel_ii_periodo_sem_professora', '2026-02-01 12:00:00', 'ATIVA'::"EnrollmentStatus", NOW(), NOW())
  ON CONFLICT ("childId","classroomId") DO UPDATE SET status=EXCLUDED.status, "updatedAt"=NOW();
  -- Aluno: MIQUEIAS COSTA PEREIRA
  INSERT INTO "Child" (id,"mantenedoraId","unitId","firstName","lastName","dateOfBirth",gender,cpf,raca,peso,"bloodType",allergies,"medicalConditions","usoImagem",laudado,nis,"codigoAluno",inscricao,"nomeMae","nomePai","celPai",nacionalidade,naturalidade,"ufNascimento",endereco,cep,"dadosResponsaveis","documentosMatricula","autorizadosRetirada","transporteEscolar","fichaAdministrativa","isActive","createdAt","updatedAt")
  VALUES ('seed_pelicano_child_row328_miqueias_costa_pereira',v_mantenedora_id,v_unit_id,'Miqueias','Costa Pereira','2020-05-02 12:00:00','MASCULINO'::"Gender",'107.312.401-03','PARDA',NULL,'O+',NULL,NULL,NULL,NULL,NULL,NULL,NULL,NULL,NULL,NULL,'BRASIL','Brasilia','DF',NULL,NULL,'{"mae": {"nome": null, "cpf": null, "telefone": null}, "pai": {"nome": null, "cpf": null, "telefone": null}, "responsavelPrincipal": {"nome": null, "cpf": null, "parentesco": null, "identidade": null, "orgaoExpedidor": null, "telefone": null}, "enderecoResponsavel": null, "cepResponsavel": null, "escolaridade": null, "profissao": null, "numeroDependentes": null, "numeroPessoasCasa": null}'::jsonb,'{"codigoAluno": null, "inscricao": null, "censo": null, "beneficio": null, "nis": null, "pisResponsavel": null, "cpfOriginalAluno": "107.312.401-03", "cpfPersistidoNoCampoCpf": "107.312.401-03", "cpfDuplicadoNaPlanilha": false, "serie2024": null, "origemLinhaPlanilha": 328}'::jsonb,'[]'::jsonb,'{"usaTransporteEscolar": null, "nomeTransporte": null}'::jsonb,'{"turmaPlanilha": "II PERÍODO", "professoraPlanilha": null, "fonte": "DADOS PARA PLATAFORMA PEDAGÓGICA (1) (1).xlsx / Planilha1", "linhaPlanilha": 328, "raw": {"NOME": "MIQUEIAS COSTA PEREIRA", "SEXO": "M", "NASC": "2020-05-02T00:00:00", "NACIONALIDADE": "BRASIL", "NATURALIDADE": "Brasilia", "UF": "DF", "CPF": "10731240103", "RAÇA": "PARDA", "TIPAGEM SANGUINEA": "O+", "TURMA": "II PERÍODO"}}'::jsonb,TRUE,NOW(),NOW())
  ON CONFLICT (id) DO UPDATE SET "unitId"=v_unit_id, "firstName"=EXCLUDED."firstName", "lastName"=EXCLUDED."lastName", "dateOfBirth"=EXCLUDED."dateOfBirth", gender=EXCLUDED.gender, cpf=EXCLUDED.cpf, raca=EXCLUDED.raca, peso=EXCLUDED.peso, "bloodType"=EXCLUDED."bloodType", allergies=EXCLUDED.allergies, "medicalConditions"=EXCLUDED."medicalConditions", "usoImagem"=EXCLUDED."usoImagem", laudado=EXCLUDED.laudado, nis=EXCLUDED.nis, "codigoAluno"=EXCLUDED."codigoAluno", inscricao=EXCLUDED.inscricao, "nomeMae"=EXCLUDED."nomeMae", "nomePai"=EXCLUDED."nomePai", "celPai"=EXCLUDED."celPai", nacionalidade=EXCLUDED.nacionalidade, naturalidade=EXCLUDED.naturalidade, "ufNascimento"=EXCLUDED."ufNascimento", endereco=EXCLUDED.endereco, cep=EXCLUDED.cep, "dadosResponsaveis"=EXCLUDED."dadosResponsaveis", "documentosMatricula"=EXCLUDED."documentosMatricula", "autorizadosRetirada"=EXCLUDED."autorizadosRetirada", "transporteEscolar"=EXCLUDED."transporteEscolar", "fichaAdministrativa"=EXCLUDED."fichaAdministrativa", "isActive"=TRUE, "updatedAt"=NOW();
  INSERT INTO "Enrollment" (id,"childId","classroomId","enrollmentDate",status,"createdAt","updatedAt")
  VALUES ('seed_enr_' || 'seed_pelicano_child_row328_miqueias_costa_pereira_seed_pelicano_class_pel_ii_periodo_sem_professora', 'seed_pelicano_child_row328_miqueias_costa_pereira', 'seed_pelicano_class_pel_ii_periodo_sem_professora', '2026-02-01 12:00:00', 'ATIVA'::"EnrollmentStatus", NOW(), NOW())
  ON CONFLICT ("childId","classroomId") DO UPDATE SET status=EXCLUDED.status, "updatedAt"=NOW();
  -- Aluno: MURILO JORGE OLIVEIRA DOS SANTOS
  INSERT INTO "Child" (id,"mantenedoraId","unitId","firstName","lastName","dateOfBirth",gender,cpf,raca,peso,"bloodType",allergies,"medicalConditions","usoImagem",laudado,nis,"codigoAluno",inscricao,"nomeMae","nomePai","celPai",nacionalidade,naturalidade,"ufNascimento",endereco,cep,"dadosResponsaveis","documentosMatricula","autorizadosRetirada","transporteEscolar","fichaAdministrativa","isActive","createdAt","updatedAt")
  VALUES ('seed_pelicano_child_row329_murilo_jorge_oliveira_dos_santos',v_mantenedora_id,v_unit_id,'Murilo','Jorge Oliveira Dos Santos','2020-09-11 12:00:00','MASCULINO'::"Gender",'108.814.611-21','PARDA',NULL,NULL,NULL,NULL,NULL,NULL,NULL,NULL,NULL,NULL,NULL,NULL,'BRASIL','Brasilia','DF',NULL,NULL,'{"mae": {"nome": null, "cpf": null, "telefone": null}, "pai": {"nome": null, "cpf": null, "telefone": null}, "responsavelPrincipal": {"nome": null, "cpf": null, "parentesco": null, "identidade": null, "orgaoExpedidor": null, "telefone": null}, "enderecoResponsavel": null, "cepResponsavel": null, "escolaridade": null, "profissao": null, "numeroDependentes": null, "numeroPessoasCasa": null}'::jsonb,'{"codigoAluno": null, "inscricao": null, "censo": null, "beneficio": null, "nis": null, "pisResponsavel": null, "cpfOriginalAluno": "108.814.611-21", "cpfPersistidoNoCampoCpf": "108.814.611-21", "cpfDuplicadoNaPlanilha": false, "serie2024": null, "origemLinhaPlanilha": 329}'::jsonb,'[]'::jsonb,'{"usaTransporteEscolar": null, "nomeTransporte": null}'::jsonb,'{"turmaPlanilha": "II PERÍODO", "professoraPlanilha": null, "fonte": "DADOS PARA PLATAFORMA PEDAGÓGICA (1) (1).xlsx / Planilha1", "linhaPlanilha": 329, "raw": {"NOME": "MURILO JORGE OLIVEIRA DOS SANTOS", "SEXO": "M", "NASC": "2020-09-11T00:00:00", "NACIONALIDADE": "BRASIL", "NATURALIDADE": "Brasilia", "UF": "DF", "CPF": "10881461121", "RAÇA": "PARDA", "TURMA": "II PERÍODO"}}'::jsonb,TRUE,NOW(),NOW())
  ON CONFLICT (id) DO UPDATE SET "unitId"=v_unit_id, "firstName"=EXCLUDED."firstName", "lastName"=EXCLUDED."lastName", "dateOfBirth"=EXCLUDED."dateOfBirth", gender=EXCLUDED.gender, cpf=EXCLUDED.cpf, raca=EXCLUDED.raca, peso=EXCLUDED.peso, "bloodType"=EXCLUDED."bloodType", allergies=EXCLUDED.allergies, "medicalConditions"=EXCLUDED."medicalConditions", "usoImagem"=EXCLUDED."usoImagem", laudado=EXCLUDED.laudado, nis=EXCLUDED.nis, "codigoAluno"=EXCLUDED."codigoAluno", inscricao=EXCLUDED.inscricao, "nomeMae"=EXCLUDED."nomeMae", "nomePai"=EXCLUDED."nomePai", "celPai"=EXCLUDED."celPai", nacionalidade=EXCLUDED.nacionalidade, naturalidade=EXCLUDED.naturalidade, "ufNascimento"=EXCLUDED."ufNascimento", endereco=EXCLUDED.endereco, cep=EXCLUDED.cep, "dadosResponsaveis"=EXCLUDED."dadosResponsaveis", "documentosMatricula"=EXCLUDED."documentosMatricula", "autorizadosRetirada"=EXCLUDED."autorizadosRetirada", "transporteEscolar"=EXCLUDED."transporteEscolar", "fichaAdministrativa"=EXCLUDED."fichaAdministrativa", "isActive"=TRUE, "updatedAt"=NOW();
  INSERT INTO "Enrollment" (id,"childId","classroomId","enrollmentDate",status,"createdAt","updatedAt")
  VALUES ('seed_enr_' || 'seed_pelicano_child_row329_murilo_jorge_oliveira_dos_santos_seed_pelicano_class_pel_ii_periodo_sem_p', 'seed_pelicano_child_row329_murilo_jorge_oliveira_dos_santos', 'seed_pelicano_class_pel_ii_periodo_sem_professora', '2026-02-01 12:00:00', 'ATIVA'::"EnrollmentStatus", NOW(), NOW())
  ON CONFLICT ("childId","classroomId") DO UPDATE SET status=EXCLUDED.status, "updatedAt"=NOW();
  -- Aluno: MYGUEL SANTANA DE OLIVEIRA
  INSERT INTO "Child" (id,"mantenedoraId","unitId","firstName","lastName","dateOfBirth",gender,cpf,raca,peso,"bloodType",allergies,"medicalConditions","usoImagem",laudado,nis,"codigoAluno",inscricao,"nomeMae","nomePai","celPai",nacionalidade,naturalidade,"ufNascimento",endereco,cep,"dadosResponsaveis","documentosMatricula","autorizadosRetirada","transporteEscolar","fichaAdministrativa","isActive","createdAt","updatedAt")
  VALUES ('seed_pelicano_child_row330_myguel_santana_de_oliveira',v_mantenedora_id,v_unit_id,'Myguel','Santana De Oliveira','2020-11-16 12:00:00','MASCULINO'::"Gender",'109.552.091-10','PARDA',NULL,NULL,NULL,NULL,NULL,NULL,NULL,NULL,NULL,NULL,NULL,NULL,'BRASIL','Brasilia','DF',NULL,NULL,'{"mae": {"nome": null, "cpf": null, "telefone": null}, "pai": {"nome": null, "cpf": null, "telefone": null}, "responsavelPrincipal": {"nome": null, "cpf": null, "parentesco": null, "identidade": null, "orgaoExpedidor": null, "telefone": null}, "enderecoResponsavel": null, "cepResponsavel": null, "escolaridade": null, "profissao": null, "numeroDependentes": null, "numeroPessoasCasa": null}'::jsonb,'{"codigoAluno": null, "inscricao": null, "censo": null, "beneficio": null, "nis": null, "pisResponsavel": null, "cpfOriginalAluno": "109.552.091-10", "cpfPersistidoNoCampoCpf": "109.552.091-10", "cpfDuplicadoNaPlanilha": false, "serie2024": null, "origemLinhaPlanilha": 330}'::jsonb,'[]'::jsonb,'{"usaTransporteEscolar": null, "nomeTransporte": null}'::jsonb,'{"turmaPlanilha": "II PERÍODO", "professoraPlanilha": null, "fonte": "DADOS PARA PLATAFORMA PEDAGÓGICA (1) (1).xlsx / Planilha1", "linhaPlanilha": 330, "raw": {"NOME": "MYGUEL SANTANA DE OLIVEIRA", "SEXO": "M", "NASC": "2020-11-16T00:00:00", "NACIONALIDADE": "BRASIL", "NATURALIDADE": "Brasilia", "UF": "DF", "CPF": "10955209110", "RAÇA": "PARDA", "TURMA": "II PERÍODO"}}'::jsonb,TRUE,NOW(),NOW())
  ON CONFLICT (id) DO UPDATE SET "unitId"=v_unit_id, "firstName"=EXCLUDED."firstName", "lastName"=EXCLUDED."lastName", "dateOfBirth"=EXCLUDED."dateOfBirth", gender=EXCLUDED.gender, cpf=EXCLUDED.cpf, raca=EXCLUDED.raca, peso=EXCLUDED.peso, "bloodType"=EXCLUDED."bloodType", allergies=EXCLUDED.allergies, "medicalConditions"=EXCLUDED."medicalConditions", "usoImagem"=EXCLUDED."usoImagem", laudado=EXCLUDED.laudado, nis=EXCLUDED.nis, "codigoAluno"=EXCLUDED."codigoAluno", inscricao=EXCLUDED.inscricao, "nomeMae"=EXCLUDED."nomeMae", "nomePai"=EXCLUDED."nomePai", "celPai"=EXCLUDED."celPai", nacionalidade=EXCLUDED.nacionalidade, naturalidade=EXCLUDED.naturalidade, "ufNascimento"=EXCLUDED."ufNascimento", endereco=EXCLUDED.endereco, cep=EXCLUDED.cep, "dadosResponsaveis"=EXCLUDED."dadosResponsaveis", "documentosMatricula"=EXCLUDED."documentosMatricula", "autorizadosRetirada"=EXCLUDED."autorizadosRetirada", "transporteEscolar"=EXCLUDED."transporteEscolar", "fichaAdministrativa"=EXCLUDED."fichaAdministrativa", "isActive"=TRUE, "updatedAt"=NOW();
  INSERT INTO "Enrollment" (id,"childId","classroomId","enrollmentDate",status,"createdAt","updatedAt")
  VALUES ('seed_enr_' || 'seed_pelicano_child_row330_myguel_santana_de_oliveira_seed_pelicano_class_pel_ii_periodo_sem_profess', 'seed_pelicano_child_row330_myguel_santana_de_oliveira', 'seed_pelicano_class_pel_ii_periodo_sem_professora', '2026-02-01 12:00:00', 'ATIVA'::"EnrollmentStatus", NOW(), NOW())
  ON CONFLICT ("childId","classroomId") DO UPDATE SET status=EXCLUDED.status, "updatedAt"=NOW();
  -- Aluno: NICOLAS PEREIRA FERNANDES
  INSERT INTO "Child" (id,"mantenedoraId","unitId","firstName","lastName","dateOfBirth",gender,cpf,raca,peso,"bloodType",allergies,"medicalConditions","usoImagem",laudado,nis,"codigoAluno",inscricao,"nomeMae","nomePai","celPai",nacionalidade,naturalidade,"ufNascimento",endereco,cep,"dadosResponsaveis","documentosMatricula","autorizadosRetirada","transporteEscolar","fichaAdministrativa","isActive","createdAt","updatedAt")
  VALUES ('seed_pelicano_child_row331_nicolas_pereira_fernandes',v_mantenedora_id,v_unit_id,'Nicolas','Pereira Fernandes','2020-12-24 12:00:00','MASCULINO'::"Gender",NULL,'PARDA',NULL,NULL,NULL,NULL,NULL,NULL,NULL,NULL,NULL,NULL,NULL,NULL,'BRASIL','Brasilia','DF',NULL,NULL,'{"mae": {"nome": null, "cpf": null, "telefone": null}, "pai": {"nome": null, "cpf": null, "telefone": null}, "responsavelPrincipal": {"nome": null, "cpf": null, "parentesco": null, "identidade": null, "orgaoExpedidor": null, "telefone": null}, "enderecoResponsavel": null, "cepResponsavel": null, "escolaridade": null, "profissao": null, "numeroDependentes": null, "numeroPessoasCasa": null}'::jsonb,'{"codigoAluno": null, "inscricao": null, "censo": null, "beneficio": null, "nis": null, "pisResponsavel": null, "cpfOriginalAluno": null, "cpfPersistidoNoCampoCpf": null, "cpfDuplicadoNaPlanilha": false, "serie2024": null, "origemLinhaPlanilha": 331}'::jsonb,'[]'::jsonb,'{"usaTransporteEscolar": null, "nomeTransporte": null}'::jsonb,'{"turmaPlanilha": "II PERÍODO", "professoraPlanilha": null, "fonte": "DADOS PARA PLATAFORMA PEDAGÓGICA (1) (1).xlsx / Planilha1", "linhaPlanilha": 331, "raw": {"NOME": "NICOLAS PEREIRA FERNANDES", "SEXO": "M", "NASC": "2020-12-24T00:00:00", "NACIONALIDADE": "BRASIL", "NATURALIDADE": "Brasilia", "UF": "DF", "RAÇA": "PARDA", "TURMA": "II PERÍODO"}}'::jsonb,TRUE,NOW(),NOW())
  ON CONFLICT (id) DO UPDATE SET "unitId"=v_unit_id, "firstName"=EXCLUDED."firstName", "lastName"=EXCLUDED."lastName", "dateOfBirth"=EXCLUDED."dateOfBirth", gender=EXCLUDED.gender, cpf=EXCLUDED.cpf, raca=EXCLUDED.raca, peso=EXCLUDED.peso, "bloodType"=EXCLUDED."bloodType", allergies=EXCLUDED.allergies, "medicalConditions"=EXCLUDED."medicalConditions", "usoImagem"=EXCLUDED."usoImagem", laudado=EXCLUDED.laudado, nis=EXCLUDED.nis, "codigoAluno"=EXCLUDED."codigoAluno", inscricao=EXCLUDED.inscricao, "nomeMae"=EXCLUDED."nomeMae", "nomePai"=EXCLUDED."nomePai", "celPai"=EXCLUDED."celPai", nacionalidade=EXCLUDED.nacionalidade, naturalidade=EXCLUDED.naturalidade, "ufNascimento"=EXCLUDED."ufNascimento", endereco=EXCLUDED.endereco, cep=EXCLUDED.cep, "dadosResponsaveis"=EXCLUDED."dadosResponsaveis", "documentosMatricula"=EXCLUDED."documentosMatricula", "autorizadosRetirada"=EXCLUDED."autorizadosRetirada", "transporteEscolar"=EXCLUDED."transporteEscolar", "fichaAdministrativa"=EXCLUDED."fichaAdministrativa", "isActive"=TRUE, "updatedAt"=NOW();
  INSERT INTO "Enrollment" (id,"childId","classroomId","enrollmentDate",status,"createdAt","updatedAt")
  VALUES ('seed_enr_' || 'seed_pelicano_child_row331_nicolas_pereira_fernandes_seed_pelicano_class_pel_ii_periodo_sem_professo', 'seed_pelicano_child_row331_nicolas_pereira_fernandes', 'seed_pelicano_class_pel_ii_periodo_sem_professora', '2026-02-01 12:00:00', 'ATIVA'::"EnrollmentStatus", NOW(), NOW())
  ON CONFLICT ("childId","classroomId") DO UPDATE SET status=EXCLUDED.status, "updatedAt"=NOW();
  -- Aluno: NICOLLAS GABRIEL MARTINS DA ROCHA
  INSERT INTO "Child" (id,"mantenedoraId","unitId","firstName","lastName","dateOfBirth",gender,cpf,raca,peso,"bloodType",allergies,"medicalConditions","usoImagem",laudado,nis,"codigoAluno",inscricao,"nomeMae","nomePai","celPai",nacionalidade,naturalidade,"ufNascimento",endereco,cep,"dadosResponsaveis","documentosMatricula","autorizadosRetirada","transporteEscolar","fichaAdministrativa","isActive","createdAt","updatedAt")
  VALUES ('seed_pelicano_child_row332_nicollas_gabriel_martins_da_rocha',v_mantenedora_id,v_unit_id,'Nicollas','Gabriel Martins Da Rocha','2020-11-01 12:00:00','MASCULINO'::"Gender",'109.386.861-94','PARDA',NULL,NULL,NULL,NULL,NULL,NULL,NULL,NULL,NULL,NULL,NULL,NULL,'BRASIL','Brasilia','DF',NULL,NULL,'{"mae": {"nome": null, "cpf": null, "telefone": null}, "pai": {"nome": null, "cpf": null, "telefone": null}, "responsavelPrincipal": {"nome": null, "cpf": null, "parentesco": null, "identidade": null, "orgaoExpedidor": null, "telefone": null}, "enderecoResponsavel": null, "cepResponsavel": null, "escolaridade": null, "profissao": null, "numeroDependentes": null, "numeroPessoasCasa": null}'::jsonb,'{"codigoAluno": null, "inscricao": null, "censo": null, "beneficio": null, "nis": null, "pisResponsavel": null, "cpfOriginalAluno": "109.386.861-94", "cpfPersistidoNoCampoCpf": "109.386.861-94", "cpfDuplicadoNaPlanilha": false, "serie2024": null, "origemLinhaPlanilha": 332}'::jsonb,'[]'::jsonb,'{"usaTransporteEscolar": null, "nomeTransporte": null}'::jsonb,'{"turmaPlanilha": "II PERÍODO", "professoraPlanilha": null, "fonte": "DADOS PARA PLATAFORMA PEDAGÓGICA (1) (1).xlsx / Planilha1", "linhaPlanilha": 332, "raw": {"NOME": "NICOLLAS GABRIEL MARTINS DA ROCHA", "SEXO": "M", "NASC": "2020-11-01T00:00:00", "NACIONALIDADE": "BRASIL", "NATURALIDADE": "Brasilia", "UF": "DF", "CPF": "109.386.861-94", "RAÇA": "PARDA", "TURMA": "II PERÍODO"}}'::jsonb,TRUE,NOW(),NOW())
  ON CONFLICT (id) DO UPDATE SET "unitId"=v_unit_id, "firstName"=EXCLUDED."firstName", "lastName"=EXCLUDED."lastName", "dateOfBirth"=EXCLUDED."dateOfBirth", gender=EXCLUDED.gender, cpf=EXCLUDED.cpf, raca=EXCLUDED.raca, peso=EXCLUDED.peso, "bloodType"=EXCLUDED."bloodType", allergies=EXCLUDED.allergies, "medicalConditions"=EXCLUDED."medicalConditions", "usoImagem"=EXCLUDED."usoImagem", laudado=EXCLUDED.laudado, nis=EXCLUDED.nis, "codigoAluno"=EXCLUDED."codigoAluno", inscricao=EXCLUDED.inscricao, "nomeMae"=EXCLUDED."nomeMae", "nomePai"=EXCLUDED."nomePai", "celPai"=EXCLUDED."celPai", nacionalidade=EXCLUDED.nacionalidade, naturalidade=EXCLUDED.naturalidade, "ufNascimento"=EXCLUDED."ufNascimento", endereco=EXCLUDED.endereco, cep=EXCLUDED.cep, "dadosResponsaveis"=EXCLUDED."dadosResponsaveis", "documentosMatricula"=EXCLUDED."documentosMatricula", "autorizadosRetirada"=EXCLUDED."autorizadosRetirada", "transporteEscolar"=EXCLUDED."transporteEscolar", "fichaAdministrativa"=EXCLUDED."fichaAdministrativa", "isActive"=TRUE, "updatedAt"=NOW();
  INSERT INTO "Enrollment" (id,"childId","classroomId","enrollmentDate",status,"createdAt","updatedAt")
  VALUES ('seed_enr_' || 'seed_pelicano_child_row332_nicollas_gabriel_martins_da_rocha_seed_pelicano_class_pel_ii_periodo_sem_', 'seed_pelicano_child_row332_nicollas_gabriel_martins_da_rocha', 'seed_pelicano_class_pel_ii_periodo_sem_professora', '2026-02-01 12:00:00', 'ATIVA'::"EnrollmentStatus", NOW(), NOW())
  ON CONFLICT ("childId","classroomId") DO UPDATE SET status=EXCLUDED.status, "updatedAt"=NOW();
  -- Aluno: NOAH MARCELO RODRIGUES MOTA
  INSERT INTO "Child" (id,"mantenedoraId","unitId","firstName","lastName","dateOfBirth",gender,cpf,raca,peso,"bloodType",allergies,"medicalConditions","usoImagem",laudado,nis,"codigoAluno",inscricao,"nomeMae","nomePai","celPai",nacionalidade,naturalidade,"ufNascimento",endereco,cep,"dadosResponsaveis","documentosMatricula","autorizadosRetirada","transporteEscolar","fichaAdministrativa","isActive","createdAt","updatedAt")
  VALUES ('seed_pelicano_child_row333_noah_marcelo_rodrigues_mota',v_mantenedora_id,v_unit_id,'Noah','Marcelo Rodrigues Mota','2021-02-26 12:00:00','MASCULINO'::"Gender",'110.819.581-46','PARDA',NULL,NULL,NULL,NULL,NULL,NULL,NULL,NULL,NULL,NULL,NULL,NULL,'BRASIL','Brasilia','DF',NULL,NULL,'{"mae": {"nome": null, "cpf": null, "telefone": null}, "pai": {"nome": null, "cpf": null, "telefone": null}, "responsavelPrincipal": {"nome": null, "cpf": null, "parentesco": null, "identidade": null, "orgaoExpedidor": null, "telefone": null}, "enderecoResponsavel": null, "cepResponsavel": null, "escolaridade": null, "profissao": null, "numeroDependentes": null, "numeroPessoasCasa": null}'::jsonb,'{"codigoAluno": null, "inscricao": null, "censo": null, "beneficio": null, "nis": null, "pisResponsavel": null, "cpfOriginalAluno": "110.819.581-46", "cpfPersistidoNoCampoCpf": "110.819.581-46", "cpfDuplicadoNaPlanilha": false, "serie2024": null, "origemLinhaPlanilha": 333}'::jsonb,'[]'::jsonb,'{"usaTransporteEscolar": null, "nomeTransporte": null}'::jsonb,'{"turmaPlanilha": "II PERÍODO", "professoraPlanilha": null, "fonte": "DADOS PARA PLATAFORMA PEDAGÓGICA (1) (1).xlsx / Planilha1", "linhaPlanilha": 333, "raw": {"NOME": "NOAH MARCELO RODRIGUES MOTA", "SEXO": "M", "NASC": "2021-02-26T00:00:00", "NACIONALIDADE": "BRASIL", "NATURALIDADE": "Brasilia", "UF": "DF", "CPF": "11081958146", "RAÇA": "PARDA", "TURMA": "II PERÍODO"}}'::jsonb,TRUE,NOW(),NOW())
  ON CONFLICT (id) DO UPDATE SET "unitId"=v_unit_id, "firstName"=EXCLUDED."firstName", "lastName"=EXCLUDED."lastName", "dateOfBirth"=EXCLUDED."dateOfBirth", gender=EXCLUDED.gender, cpf=EXCLUDED.cpf, raca=EXCLUDED.raca, peso=EXCLUDED.peso, "bloodType"=EXCLUDED."bloodType", allergies=EXCLUDED.allergies, "medicalConditions"=EXCLUDED."medicalConditions", "usoImagem"=EXCLUDED."usoImagem", laudado=EXCLUDED.laudado, nis=EXCLUDED.nis, "codigoAluno"=EXCLUDED."codigoAluno", inscricao=EXCLUDED.inscricao, "nomeMae"=EXCLUDED."nomeMae", "nomePai"=EXCLUDED."nomePai", "celPai"=EXCLUDED."celPai", nacionalidade=EXCLUDED.nacionalidade, naturalidade=EXCLUDED.naturalidade, "ufNascimento"=EXCLUDED."ufNascimento", endereco=EXCLUDED.endereco, cep=EXCLUDED.cep, "dadosResponsaveis"=EXCLUDED."dadosResponsaveis", "documentosMatricula"=EXCLUDED."documentosMatricula", "autorizadosRetirada"=EXCLUDED."autorizadosRetirada", "transporteEscolar"=EXCLUDED."transporteEscolar", "fichaAdministrativa"=EXCLUDED."fichaAdministrativa", "isActive"=TRUE, "updatedAt"=NOW();
  INSERT INTO "Enrollment" (id,"childId","classroomId","enrollmentDate",status,"createdAt","updatedAt")
  VALUES ('seed_enr_' || 'seed_pelicano_child_row333_noah_marcelo_rodrigues_mota_seed_pelicano_class_pel_ii_periodo_sem_profes', 'seed_pelicano_child_row333_noah_marcelo_rodrigues_mota', 'seed_pelicano_class_pel_ii_periodo_sem_professora', '2026-02-01 12:00:00', 'ATIVA'::"EnrollmentStatus", NOW(), NOW())
  ON CONFLICT ("childId","classroomId") DO UPDATE SET status=EXCLUDED.status, "updatedAt"=NOW();
  -- Aluno: PEDRO HENRIQUE MIRANDA
  INSERT INTO "Child" (id,"mantenedoraId","unitId","firstName","lastName","dateOfBirth",gender,cpf,raca,peso,"bloodType",allergies,"medicalConditions","usoImagem",laudado,nis,"codigoAluno",inscricao,"nomeMae","nomePai","celPai",nacionalidade,naturalidade,"ufNascimento",endereco,cep,"dadosResponsaveis","documentosMatricula","autorizadosRetirada","transporteEscolar","fichaAdministrativa","isActive","createdAt","updatedAt")
  VALUES ('seed_pelicano_child_row334_pedro_henrique_miranda',v_mantenedora_id,v_unit_id,'Pedro','Henrique Miranda','2020-04-03 12:00:00','MASCULINO'::"Gender",'106.801.421-00','PARDA',NULL,NULL,NULL,NULL,NULL,NULL,NULL,NULL,NULL,NULL,NULL,NULL,'BRASIL','Brasilia','DF',NULL,NULL,'{"mae": {"nome": null, "cpf": null, "telefone": null}, "pai": {"nome": null, "cpf": null, "telefone": null}, "responsavelPrincipal": {"nome": null, "cpf": null, "parentesco": null, "identidade": null, "orgaoExpedidor": null, "telefone": null}, "enderecoResponsavel": null, "cepResponsavel": null, "escolaridade": null, "profissao": null, "numeroDependentes": null, "numeroPessoasCasa": null}'::jsonb,'{"codigoAluno": null, "inscricao": null, "censo": null, "beneficio": null, "nis": null, "pisResponsavel": null, "cpfOriginalAluno": "106.801.421-00", "cpfPersistidoNoCampoCpf": "106.801.421-00", "cpfDuplicadoNaPlanilha": false, "serie2024": null, "origemLinhaPlanilha": 334}'::jsonb,'[]'::jsonb,'{"usaTransporteEscolar": null, "nomeTransporte": null}'::jsonb,'{"turmaPlanilha": "II PERÍODO", "professoraPlanilha": null, "fonte": "DADOS PARA PLATAFORMA PEDAGÓGICA (1) (1).xlsx / Planilha1", "linhaPlanilha": 334, "raw": {"NOME": "PEDRO HENRIQUE MIRANDA", "SEXO": "M", "NASC": "2020-04-03T00:00:00", "NACIONALIDADE": "BRASIL", "NATURALIDADE": "Brasilia", "UF": "DF", "CPF": "106.801.421-00", "RAÇA": "PARDA", "TURMA": "II PERÍODO"}}'::jsonb,TRUE,NOW(),NOW())
  ON CONFLICT (id) DO UPDATE SET "unitId"=v_unit_id, "firstName"=EXCLUDED."firstName", "lastName"=EXCLUDED."lastName", "dateOfBirth"=EXCLUDED."dateOfBirth", gender=EXCLUDED.gender, cpf=EXCLUDED.cpf, raca=EXCLUDED.raca, peso=EXCLUDED.peso, "bloodType"=EXCLUDED."bloodType", allergies=EXCLUDED.allergies, "medicalConditions"=EXCLUDED."medicalConditions", "usoImagem"=EXCLUDED."usoImagem", laudado=EXCLUDED.laudado, nis=EXCLUDED.nis, "codigoAluno"=EXCLUDED."codigoAluno", inscricao=EXCLUDED.inscricao, "nomeMae"=EXCLUDED."nomeMae", "nomePai"=EXCLUDED."nomePai", "celPai"=EXCLUDED."celPai", nacionalidade=EXCLUDED.nacionalidade, naturalidade=EXCLUDED.naturalidade, "ufNascimento"=EXCLUDED."ufNascimento", endereco=EXCLUDED.endereco, cep=EXCLUDED.cep, "dadosResponsaveis"=EXCLUDED."dadosResponsaveis", "documentosMatricula"=EXCLUDED."documentosMatricula", "autorizadosRetirada"=EXCLUDED."autorizadosRetirada", "transporteEscolar"=EXCLUDED."transporteEscolar", "fichaAdministrativa"=EXCLUDED."fichaAdministrativa", "isActive"=TRUE, "updatedAt"=NOW();
  INSERT INTO "Enrollment" (id,"childId","classroomId","enrollmentDate",status,"createdAt","updatedAt")
  VALUES ('seed_enr_' || 'seed_pelicano_child_row334_pedro_henrique_miranda_seed_pelicano_class_pel_ii_periodo_sem_professora', 'seed_pelicano_child_row334_pedro_henrique_miranda', 'seed_pelicano_class_pel_ii_periodo_sem_professora', '2026-02-01 12:00:00', 'ATIVA'::"EnrollmentStatus", NOW(), NOW())
  ON CONFLICT ("childId","classroomId") DO UPDATE SET status=EXCLUDED.status, "updatedAt"=NOW();
  -- Aluno: PEDRO PEREIRA MESQUITA
  INSERT INTO "Child" (id,"mantenedoraId","unitId","firstName","lastName","dateOfBirth",gender,cpf,raca,peso,"bloodType",allergies,"medicalConditions","usoImagem",laudado,nis,"codigoAluno",inscricao,"nomeMae","nomePai","celPai",nacionalidade,naturalidade,"ufNascimento",endereco,cep,"dadosResponsaveis","documentosMatricula","autorizadosRetirada","transporteEscolar","fichaAdministrativa","isActive","createdAt","updatedAt")
  VALUES ('seed_pelicano_child_row335_pedro_pereira_mesquita',v_mantenedora_id,v_unit_id,'Pedro','Pereira Mesquita','2020-09-13 12:00:00','MASCULINO'::"Gender",NULL,'PARDA',NULL,NULL,NULL,NULL,NULL,NULL,NULL,NULL,NULL,NULL,NULL,NULL,'BRASIL','Brasilia','DF',NULL,NULL,'{"mae": {"nome": null, "cpf": null, "telefone": null}, "pai": {"nome": null, "cpf": null, "telefone": null}, "responsavelPrincipal": {"nome": null, "cpf": null, "parentesco": null, "identidade": null, "orgaoExpedidor": null, "telefone": null}, "enderecoResponsavel": null, "cepResponsavel": null, "escolaridade": null, "profissao": null, "numeroDependentes": null, "numeroPessoasCasa": null}'::jsonb,'{"codigoAluno": null, "inscricao": null, "censo": null, "beneficio": null, "nis": null, "pisResponsavel": null, "cpfOriginalAluno": null, "cpfPersistidoNoCampoCpf": null, "cpfDuplicadoNaPlanilha": false, "serie2024": null, "origemLinhaPlanilha": 335}'::jsonb,'[]'::jsonb,'{"usaTransporteEscolar": null, "nomeTransporte": null}'::jsonb,'{"turmaPlanilha": "II PERÍODO", "professoraPlanilha": null, "fonte": "DADOS PARA PLATAFORMA PEDAGÓGICA (1) (1).xlsx / Planilha1", "linhaPlanilha": 335, "raw": {"NOME": "PEDRO PEREIRA MESQUITA", "SEXO": "M", "NASC": "2020-09-13T00:00:00", "NACIONALIDADE": "BRASIL", "NATURALIDADE": "Brasilia", "UF": "DF", "RAÇA": "PARDA", "TURMA": "II PERÍODO"}}'::jsonb,TRUE,NOW(),NOW())
  ON CONFLICT (id) DO UPDATE SET "unitId"=v_unit_id, "firstName"=EXCLUDED."firstName", "lastName"=EXCLUDED."lastName", "dateOfBirth"=EXCLUDED."dateOfBirth", gender=EXCLUDED.gender, cpf=EXCLUDED.cpf, raca=EXCLUDED.raca, peso=EXCLUDED.peso, "bloodType"=EXCLUDED."bloodType", allergies=EXCLUDED.allergies, "medicalConditions"=EXCLUDED."medicalConditions", "usoImagem"=EXCLUDED."usoImagem", laudado=EXCLUDED.laudado, nis=EXCLUDED.nis, "codigoAluno"=EXCLUDED."codigoAluno", inscricao=EXCLUDED.inscricao, "nomeMae"=EXCLUDED."nomeMae", "nomePai"=EXCLUDED."nomePai", "celPai"=EXCLUDED."celPai", nacionalidade=EXCLUDED.nacionalidade, naturalidade=EXCLUDED.naturalidade, "ufNascimento"=EXCLUDED."ufNascimento", endereco=EXCLUDED.endereco, cep=EXCLUDED.cep, "dadosResponsaveis"=EXCLUDED."dadosResponsaveis", "documentosMatricula"=EXCLUDED."documentosMatricula", "autorizadosRetirada"=EXCLUDED."autorizadosRetirada", "transporteEscolar"=EXCLUDED."transporteEscolar", "fichaAdministrativa"=EXCLUDED."fichaAdministrativa", "isActive"=TRUE, "updatedAt"=NOW();
  INSERT INTO "Enrollment" (id,"childId","classroomId","enrollmentDate",status,"createdAt","updatedAt")
  VALUES ('seed_enr_' || 'seed_pelicano_child_row335_pedro_pereira_mesquita_seed_pelicano_class_pel_ii_periodo_sem_professora', 'seed_pelicano_child_row335_pedro_pereira_mesquita', 'seed_pelicano_class_pel_ii_periodo_sem_professora', '2026-02-01 12:00:00', 'ATIVA'::"EnrollmentStatus", NOW(), NOW())
  ON CONFLICT ("childId","classroomId") DO UPDATE SET status=EXCLUDED.status, "updatedAt"=NOW();
  -- Aluno: PYETRA DE SOUSA FREIRE
  INSERT INTO "Child" (id,"mantenedoraId","unitId","firstName","lastName","dateOfBirth",gender,cpf,raca,peso,"bloodType",allergies,"medicalConditions","usoImagem",laudado,nis,"codigoAluno",inscricao,"nomeMae","nomePai","celPai",nacionalidade,naturalidade,"ufNascimento",endereco,cep,"dadosResponsaveis","documentosMatricula","autorizadosRetirada","transporteEscolar","fichaAdministrativa","isActive","createdAt","updatedAt")
  VALUES ('seed_pelicano_child_row336_pyetra_de_sousa_freire',v_mantenedora_id,v_unit_id,'Pyetra','De Sousa Freire','2020-06-25 12:00:00','FEMININO'::"Gender",'107.979.011-08','PARDA',NULL,NULL,NULL,NULL,NULL,NULL,NULL,NULL,NULL,NULL,NULL,NULL,'BRASIL','Brasilia','DF',NULL,NULL,'{"mae": {"nome": null, "cpf": null, "telefone": null}, "pai": {"nome": null, "cpf": null, "telefone": null}, "responsavelPrincipal": {"nome": null, "cpf": null, "parentesco": null, "identidade": null, "orgaoExpedidor": null, "telefone": null}, "enderecoResponsavel": null, "cepResponsavel": null, "escolaridade": null, "profissao": null, "numeroDependentes": null, "numeroPessoasCasa": null}'::jsonb,'{"codigoAluno": null, "inscricao": null, "censo": null, "beneficio": null, "nis": null, "pisResponsavel": null, "cpfOriginalAluno": "107.979.011-08", "cpfPersistidoNoCampoCpf": "107.979.011-08", "cpfDuplicadoNaPlanilha": false, "serie2024": null, "origemLinhaPlanilha": 336}'::jsonb,'[]'::jsonb,'{"usaTransporteEscolar": null, "nomeTransporte": null}'::jsonb,'{"turmaPlanilha": "II PERÍODO", "professoraPlanilha": null, "fonte": "DADOS PARA PLATAFORMA PEDAGÓGICA (1) (1).xlsx / Planilha1", "linhaPlanilha": 336, "raw": {"NOME": "PYETRA DE SOUSA FREIRE", "SEXO": "F", "NASC": "2020-06-25T00:00:00", "NACIONALIDADE": "BRASIL", "NATURALIDADE": "Brasilia", "UF": "DF", "CPF": "107979011-08", "RAÇA": "PARDA", "TURMA": "II PERÍODO"}}'::jsonb,TRUE,NOW(),NOW())
  ON CONFLICT (id) DO UPDATE SET "unitId"=v_unit_id, "firstName"=EXCLUDED."firstName", "lastName"=EXCLUDED."lastName", "dateOfBirth"=EXCLUDED."dateOfBirth", gender=EXCLUDED.gender, cpf=EXCLUDED.cpf, raca=EXCLUDED.raca, peso=EXCLUDED.peso, "bloodType"=EXCLUDED."bloodType", allergies=EXCLUDED.allergies, "medicalConditions"=EXCLUDED."medicalConditions", "usoImagem"=EXCLUDED."usoImagem", laudado=EXCLUDED.laudado, nis=EXCLUDED.nis, "codigoAluno"=EXCLUDED."codigoAluno", inscricao=EXCLUDED.inscricao, "nomeMae"=EXCLUDED."nomeMae", "nomePai"=EXCLUDED."nomePai", "celPai"=EXCLUDED."celPai", nacionalidade=EXCLUDED.nacionalidade, naturalidade=EXCLUDED.naturalidade, "ufNascimento"=EXCLUDED."ufNascimento", endereco=EXCLUDED.endereco, cep=EXCLUDED.cep, "dadosResponsaveis"=EXCLUDED."dadosResponsaveis", "documentosMatricula"=EXCLUDED."documentosMatricula", "autorizadosRetirada"=EXCLUDED."autorizadosRetirada", "transporteEscolar"=EXCLUDED."transporteEscolar", "fichaAdministrativa"=EXCLUDED."fichaAdministrativa", "isActive"=TRUE, "updatedAt"=NOW();
  INSERT INTO "Enrollment" (id,"childId","classroomId","enrollmentDate",status,"createdAt","updatedAt")
  VALUES ('seed_enr_' || 'seed_pelicano_child_row336_pyetra_de_sousa_freire_seed_pelicano_class_pel_ii_periodo_sem_professora', 'seed_pelicano_child_row336_pyetra_de_sousa_freire', 'seed_pelicano_class_pel_ii_periodo_sem_professora', '2026-02-01 12:00:00', 'ATIVA'::"EnrollmentStatus", NOW(), NOW())
  ON CONFLICT ("childId","classroomId") DO UPDATE SET status=EXCLUDED.status, "updatedAt"=NOW();
  -- Aluno: RAFAELA CAMPOS GOMES
  INSERT INTO "Child" (id,"mantenedoraId","unitId","firstName","lastName","dateOfBirth",gender,cpf,raca,peso,"bloodType",allergies,"medicalConditions","usoImagem",laudado,nis,"codigoAluno",inscricao,"nomeMae","nomePai","celPai",nacionalidade,naturalidade,"ufNascimento",endereco,cep,"dadosResponsaveis","documentosMatricula","autorizadosRetirada","transporteEscolar","fichaAdministrativa","isActive","createdAt","updatedAt")
  VALUES ('seed_pelicano_child_row337_rafaela_campos_gomes',v_mantenedora_id,v_unit_id,'Rafaela','Campos Gomes','2020-09-01 12:00:00','FEMININO'::"Gender",'108.720.591-38','PARDA',NULL,NULL,NULL,NULL,NULL,NULL,NULL,NULL,NULL,NULL,NULL,NULL,'BRASIL','Brasilia','DF',NULL,NULL,'{"mae": {"nome": null, "cpf": null, "telefone": null}, "pai": {"nome": null, "cpf": null, "telefone": null}, "responsavelPrincipal": {"nome": null, "cpf": null, "parentesco": null, "identidade": null, "orgaoExpedidor": null, "telefone": null}, "enderecoResponsavel": null, "cepResponsavel": null, "escolaridade": null, "profissao": null, "numeroDependentes": null, "numeroPessoasCasa": null}'::jsonb,'{"codigoAluno": null, "inscricao": null, "censo": null, "beneficio": null, "nis": null, "pisResponsavel": null, "cpfOriginalAluno": "108.720.591-38", "cpfPersistidoNoCampoCpf": "108.720.591-38", "cpfDuplicadoNaPlanilha": false, "serie2024": null, "origemLinhaPlanilha": 337}'::jsonb,'[]'::jsonb,'{"usaTransporteEscolar": null, "nomeTransporte": null}'::jsonb,'{"turmaPlanilha": "II PERÍODO", "professoraPlanilha": null, "fonte": "DADOS PARA PLATAFORMA PEDAGÓGICA (1) (1).xlsx / Planilha1", "linhaPlanilha": 337, "raw": {"NOME": "RAFAELA CAMPOS GOMES", "SEXO": "F", "NASC": "2020-09-01T00:00:00", "NACIONALIDADE": "BRASIL", "NATURALIDADE": "Brasilia", "UF": "DF", "CPF": "10872059138", "RAÇA": "PARDA", "TURMA": "II PERÍODO"}}'::jsonb,TRUE,NOW(),NOW())
  ON CONFLICT (id) DO UPDATE SET "unitId"=v_unit_id, "firstName"=EXCLUDED."firstName", "lastName"=EXCLUDED."lastName", "dateOfBirth"=EXCLUDED."dateOfBirth", gender=EXCLUDED.gender, cpf=EXCLUDED.cpf, raca=EXCLUDED.raca, peso=EXCLUDED.peso, "bloodType"=EXCLUDED."bloodType", allergies=EXCLUDED.allergies, "medicalConditions"=EXCLUDED."medicalConditions", "usoImagem"=EXCLUDED."usoImagem", laudado=EXCLUDED.laudado, nis=EXCLUDED.nis, "codigoAluno"=EXCLUDED."codigoAluno", inscricao=EXCLUDED.inscricao, "nomeMae"=EXCLUDED."nomeMae", "nomePai"=EXCLUDED."nomePai", "celPai"=EXCLUDED."celPai", nacionalidade=EXCLUDED.nacionalidade, naturalidade=EXCLUDED.naturalidade, "ufNascimento"=EXCLUDED."ufNascimento", endereco=EXCLUDED.endereco, cep=EXCLUDED.cep, "dadosResponsaveis"=EXCLUDED."dadosResponsaveis", "documentosMatricula"=EXCLUDED."documentosMatricula", "autorizadosRetirada"=EXCLUDED."autorizadosRetirada", "transporteEscolar"=EXCLUDED."transporteEscolar", "fichaAdministrativa"=EXCLUDED."fichaAdministrativa", "isActive"=TRUE, "updatedAt"=NOW();
  INSERT INTO "Enrollment" (id,"childId","classroomId","enrollmentDate",status,"createdAt","updatedAt")
  VALUES ('seed_enr_' || 'seed_pelicano_child_row337_rafaela_campos_gomes_seed_pelicano_class_pel_ii_periodo_sem_professora', 'seed_pelicano_child_row337_rafaela_campos_gomes', 'seed_pelicano_class_pel_ii_periodo_sem_professora', '2026-02-01 12:00:00', 'ATIVA'::"EnrollmentStatus", NOW(), NOW())
  ON CONFLICT ("childId","classroomId") DO UPDATE SET status=EXCLUDED.status, "updatedAt"=NOW();
  -- Aluno: RAQUEL TORQUATO DOS SANTOS
  INSERT INTO "Child" (id,"mantenedoraId","unitId","firstName","lastName","dateOfBirth",gender,cpf,raca,peso,"bloodType",allergies,"medicalConditions","usoImagem",laudado,nis,"codigoAluno",inscricao,"nomeMae","nomePai","celPai",nacionalidade,naturalidade,"ufNascimento",endereco,cep,"dadosResponsaveis","documentosMatricula","autorizadosRetirada","transporteEscolar","fichaAdministrativa","isActive","createdAt","updatedAt")
  VALUES ('seed_pelicano_child_row338_raquel_torquato_dos_santos',v_mantenedora_id,v_unit_id,'Raquel','Torquato Dos Santos','2021-02-18 12:00:00','FEMININO'::"Gender",'110.716.231-92','PARDA',NULL,NULL,NULL,NULL,NULL,NULL,NULL,NULL,NULL,NULL,NULL,NULL,'BRASIL','Brasilia','DF',NULL,NULL,'{"mae": {"nome": null, "cpf": null, "telefone": null}, "pai": {"nome": null, "cpf": null, "telefone": null}, "responsavelPrincipal": {"nome": null, "cpf": null, "parentesco": null, "identidade": null, "orgaoExpedidor": null, "telefone": null}, "enderecoResponsavel": null, "cepResponsavel": null, "escolaridade": null, "profissao": null, "numeroDependentes": null, "numeroPessoasCasa": null}'::jsonb,'{"codigoAluno": null, "inscricao": null, "censo": null, "beneficio": null, "nis": null, "pisResponsavel": null, "cpfOriginalAluno": "110.716.231-92", "cpfPersistidoNoCampoCpf": "110.716.231-92", "cpfDuplicadoNaPlanilha": false, "serie2024": null, "origemLinhaPlanilha": 338}'::jsonb,'[]'::jsonb,'{"usaTransporteEscolar": null, "nomeTransporte": null}'::jsonb,'{"turmaPlanilha": "II PERÍODO", "professoraPlanilha": null, "fonte": "DADOS PARA PLATAFORMA PEDAGÓGICA (1) (1).xlsx / Planilha1", "linhaPlanilha": 338, "raw": {"NOME": "RAQUEL TORQUATO DOS SANTOS", "SEXO": "F", "NASC": "2021-02-18T00:00:00", "NACIONALIDADE": "BRASIL", "NATURALIDADE": "Brasilia", "UF": "DF", "CPF": "11071623192", "RAÇA": "PARDA", "TURMA": "II PERÍODO"}}'::jsonb,TRUE,NOW(),NOW())
  ON CONFLICT (id) DO UPDATE SET "unitId"=v_unit_id, "firstName"=EXCLUDED."firstName", "lastName"=EXCLUDED."lastName", "dateOfBirth"=EXCLUDED."dateOfBirth", gender=EXCLUDED.gender, cpf=EXCLUDED.cpf, raca=EXCLUDED.raca, peso=EXCLUDED.peso, "bloodType"=EXCLUDED."bloodType", allergies=EXCLUDED.allergies, "medicalConditions"=EXCLUDED."medicalConditions", "usoImagem"=EXCLUDED."usoImagem", laudado=EXCLUDED.laudado, nis=EXCLUDED.nis, "codigoAluno"=EXCLUDED."codigoAluno", inscricao=EXCLUDED.inscricao, "nomeMae"=EXCLUDED."nomeMae", "nomePai"=EXCLUDED."nomePai", "celPai"=EXCLUDED."celPai", nacionalidade=EXCLUDED.nacionalidade, naturalidade=EXCLUDED.naturalidade, "ufNascimento"=EXCLUDED."ufNascimento", endereco=EXCLUDED.endereco, cep=EXCLUDED.cep, "dadosResponsaveis"=EXCLUDED."dadosResponsaveis", "documentosMatricula"=EXCLUDED."documentosMatricula", "autorizadosRetirada"=EXCLUDED."autorizadosRetirada", "transporteEscolar"=EXCLUDED."transporteEscolar", "fichaAdministrativa"=EXCLUDED."fichaAdministrativa", "isActive"=TRUE, "updatedAt"=NOW();
  INSERT INTO "Enrollment" (id,"childId","classroomId","enrollmentDate",status,"createdAt","updatedAt")
  VALUES ('seed_enr_' || 'seed_pelicano_child_row338_raquel_torquato_dos_santos_seed_pelicano_class_pel_ii_periodo_sem_profess', 'seed_pelicano_child_row338_raquel_torquato_dos_santos', 'seed_pelicano_class_pel_ii_periodo_sem_professora', '2026-02-01 12:00:00', 'ATIVA'::"EnrollmentStatus", NOW(), NOW())
  ON CONFLICT ("childId","classroomId") DO UPDATE SET status=EXCLUDED.status, "updatedAt"=NOW();
  -- Aluno: REBECA VITORIA DE OLIVEIRA MOREIRA
  INSERT INTO "Child" (id,"mantenedoraId","unitId","firstName","lastName","dateOfBirth",gender,cpf,raca,peso,"bloodType",allergies,"medicalConditions","usoImagem",laudado,nis,"codigoAluno",inscricao,"nomeMae","nomePai","celPai",nacionalidade,naturalidade,"ufNascimento",endereco,cep,"dadosResponsaveis","documentosMatricula","autorizadosRetirada","transporteEscolar","fichaAdministrativa","isActive","createdAt","updatedAt")
  VALUES ('seed_pelicano_child_row339_rebeca_vitoria_de_oliveira_moreira',v_mantenedora_id,v_unit_id,'Rebeca','Vitoria De Oliveira Moreira','2020-07-02 12:00:00','FEMININO'::"Gender",'108.075.811-94','PARDA',NULL,NULL,NULL,NULL,NULL,NULL,NULL,NULL,NULL,NULL,NULL,NULL,'BRASIL','Brasilia','DF',NULL,NULL,'{"mae": {"nome": null, "cpf": null, "telefone": null}, "pai": {"nome": null, "cpf": null, "telefone": null}, "responsavelPrincipal": {"nome": null, "cpf": null, "parentesco": null, "identidade": null, "orgaoExpedidor": null, "telefone": null}, "enderecoResponsavel": null, "cepResponsavel": null, "escolaridade": null, "profissao": null, "numeroDependentes": null, "numeroPessoasCasa": null}'::jsonb,'{"codigoAluno": null, "inscricao": null, "censo": null, "beneficio": null, "nis": null, "pisResponsavel": null, "cpfOriginalAluno": "108.075.811-94", "cpfPersistidoNoCampoCpf": "108.075.811-94", "cpfDuplicadoNaPlanilha": false, "serie2024": null, "origemLinhaPlanilha": 339}'::jsonb,'[]'::jsonb,'{"usaTransporteEscolar": null, "nomeTransporte": null}'::jsonb,'{"turmaPlanilha": "II PERÍODO", "professoraPlanilha": null, "fonte": "DADOS PARA PLATAFORMA PEDAGÓGICA (1) (1).xlsx / Planilha1", "linhaPlanilha": 339, "raw": {"NOME": "REBECA VITORIA DE OLIVEIRA MOREIRA", "SEXO": "F", "NASC": "2020-07-02T00:00:00", "NACIONALIDADE": "BRASIL", "NATURALIDADE": "Brasilia", "UF": "DF", "CPF": "10807581194", "RAÇA": "PARDA", "TURMA": "II PERÍODO"}}'::jsonb,TRUE,NOW(),NOW())
  ON CONFLICT (id) DO UPDATE SET "unitId"=v_unit_id, "firstName"=EXCLUDED."firstName", "lastName"=EXCLUDED."lastName", "dateOfBirth"=EXCLUDED."dateOfBirth", gender=EXCLUDED.gender, cpf=EXCLUDED.cpf, raca=EXCLUDED.raca, peso=EXCLUDED.peso, "bloodType"=EXCLUDED."bloodType", allergies=EXCLUDED.allergies, "medicalConditions"=EXCLUDED."medicalConditions", "usoImagem"=EXCLUDED."usoImagem", laudado=EXCLUDED.laudado, nis=EXCLUDED.nis, "codigoAluno"=EXCLUDED."codigoAluno", inscricao=EXCLUDED.inscricao, "nomeMae"=EXCLUDED."nomeMae", "nomePai"=EXCLUDED."nomePai", "celPai"=EXCLUDED."celPai", nacionalidade=EXCLUDED.nacionalidade, naturalidade=EXCLUDED.naturalidade, "ufNascimento"=EXCLUDED."ufNascimento", endereco=EXCLUDED.endereco, cep=EXCLUDED.cep, "dadosResponsaveis"=EXCLUDED."dadosResponsaveis", "documentosMatricula"=EXCLUDED."documentosMatricula", "autorizadosRetirada"=EXCLUDED."autorizadosRetirada", "transporteEscolar"=EXCLUDED."transporteEscolar", "fichaAdministrativa"=EXCLUDED."fichaAdministrativa", "isActive"=TRUE, "updatedAt"=NOW();
  INSERT INTO "Enrollment" (id,"childId","classroomId","enrollmentDate",status,"createdAt","updatedAt")
  VALUES ('seed_enr_' || 'seed_pelicano_child_row339_rebeca_vitoria_de_oliveira_moreira_seed_pelicano_class_pel_ii_periodo_sem', 'seed_pelicano_child_row339_rebeca_vitoria_de_oliveira_moreira', 'seed_pelicano_class_pel_ii_periodo_sem_professora', '2026-02-01 12:00:00', 'ATIVA'::"EnrollmentStatus", NOW(), NOW())
  ON CONFLICT ("childId","classroomId") DO UPDATE SET status=EXCLUDED.status, "updatedAt"=NOW();
  -- Aluno: RHAVI OLIVEIRA MACEDO
  INSERT INTO "Child" (id,"mantenedoraId","unitId","firstName","lastName","dateOfBirth",gender,cpf,raca,peso,"bloodType",allergies,"medicalConditions","usoImagem",laudado,nis,"codigoAluno",inscricao,"nomeMae","nomePai","celPai",nacionalidade,naturalidade,"ufNascimento",endereco,cep,"dadosResponsaveis","documentosMatricula","autorizadosRetirada","transporteEscolar","fichaAdministrativa","isActive","createdAt","updatedAt")
  VALUES ('seed_pelicano_child_row340_rhavi_oliveira_macedo',v_mantenedora_id,v_unit_id,'Rhavi','Oliveira Macedo','2020-04-19 12:00:00','MASCULINO'::"Gender",NULL,'PARDA',NULL,NULL,NULL,NULL,NULL,NULL,NULL,NULL,NULL,NULL,NULL,NULL,'BRASIL','Brasilia','DF',NULL,NULL,'{"mae": {"nome": null, "cpf": null, "telefone": null}, "pai": {"nome": null, "cpf": null, "telefone": null}, "responsavelPrincipal": {"nome": null, "cpf": null, "parentesco": null, "identidade": null, "orgaoExpedidor": null, "telefone": null}, "enderecoResponsavel": null, "cepResponsavel": null, "escolaridade": null, "profissao": null, "numeroDependentes": null, "numeroPessoasCasa": null}'::jsonb,'{"codigoAluno": null, "inscricao": null, "censo": null, "beneficio": null, "nis": null, "pisResponsavel": null, "cpfOriginalAluno": null, "cpfPersistidoNoCampoCpf": null, "cpfDuplicadoNaPlanilha": false, "serie2024": null, "origemLinhaPlanilha": 340}'::jsonb,'[]'::jsonb,'{"usaTransporteEscolar": null, "nomeTransporte": null}'::jsonb,'{"turmaPlanilha": "II PERÍODO", "professoraPlanilha": null, "fonte": "DADOS PARA PLATAFORMA PEDAGÓGICA (1) (1).xlsx / Planilha1", "linhaPlanilha": 340, "raw": {"NOME": "RHAVI OLIVEIRA MACEDO", "SEXO": "M", "NASC": "2020-04-19T00:00:00", "NACIONALIDADE": "BRASIL", "NATURALIDADE": "Brasilia", "UF": "DF", "RAÇA": "PARDA", "TURMA": "II PERÍODO"}}'::jsonb,TRUE,NOW(),NOW())
  ON CONFLICT (id) DO UPDATE SET "unitId"=v_unit_id, "firstName"=EXCLUDED."firstName", "lastName"=EXCLUDED."lastName", "dateOfBirth"=EXCLUDED."dateOfBirth", gender=EXCLUDED.gender, cpf=EXCLUDED.cpf, raca=EXCLUDED.raca, peso=EXCLUDED.peso, "bloodType"=EXCLUDED."bloodType", allergies=EXCLUDED.allergies, "medicalConditions"=EXCLUDED."medicalConditions", "usoImagem"=EXCLUDED."usoImagem", laudado=EXCLUDED.laudado, nis=EXCLUDED.nis, "codigoAluno"=EXCLUDED."codigoAluno", inscricao=EXCLUDED.inscricao, "nomeMae"=EXCLUDED."nomeMae", "nomePai"=EXCLUDED."nomePai", "celPai"=EXCLUDED."celPai", nacionalidade=EXCLUDED.nacionalidade, naturalidade=EXCLUDED.naturalidade, "ufNascimento"=EXCLUDED."ufNascimento", endereco=EXCLUDED.endereco, cep=EXCLUDED.cep, "dadosResponsaveis"=EXCLUDED."dadosResponsaveis", "documentosMatricula"=EXCLUDED."documentosMatricula", "autorizadosRetirada"=EXCLUDED."autorizadosRetirada", "transporteEscolar"=EXCLUDED."transporteEscolar", "fichaAdministrativa"=EXCLUDED."fichaAdministrativa", "isActive"=TRUE, "updatedAt"=NOW();
  INSERT INTO "Enrollment" (id,"childId","classroomId","enrollmentDate",status,"createdAt","updatedAt")
  VALUES ('seed_enr_' || 'seed_pelicano_child_row340_rhavi_oliveira_macedo_seed_pelicano_class_pel_ii_periodo_sem_professora', 'seed_pelicano_child_row340_rhavi_oliveira_macedo', 'seed_pelicano_class_pel_ii_periodo_sem_professora', '2026-02-01 12:00:00', 'ATIVA'::"EnrollmentStatus", NOW(), NOW())
  ON CONFLICT ("childId","classroomId") DO UPDATE SET status=EXCLUDED.status, "updatedAt"=NOW();
  -- Aluno: RHUAN JACINTO DE SOUZA
  INSERT INTO "Child" (id,"mantenedoraId","unitId","firstName","lastName","dateOfBirth",gender,cpf,raca,peso,"bloodType",allergies,"medicalConditions","usoImagem",laudado,nis,"codigoAluno",inscricao,"nomeMae","nomePai","celPai",nacionalidade,naturalidade,"ufNascimento",endereco,cep,"dadosResponsaveis","documentosMatricula","autorizadosRetirada","transporteEscolar","fichaAdministrativa","isActive","createdAt","updatedAt")
  VALUES ('seed_pelicano_child_row341_rhuan_jacinto_de_souza',v_mantenedora_id,v_unit_id,'Rhuan','Jacinto De Souza','2020-09-08 12:00:00','MASCULINO'::"Gender",'108.782.321-84','PARDA',NULL,NULL,NULL,NULL,NULL,NULL,NULL,NULL,NULL,NULL,NULL,NULL,'BRASIL','Brasilia','DF',NULL,NULL,'{"mae": {"nome": null, "cpf": null, "telefone": null}, "pai": {"nome": null, "cpf": null, "telefone": null}, "responsavelPrincipal": {"nome": null, "cpf": null, "parentesco": null, "identidade": null, "orgaoExpedidor": null, "telefone": null}, "enderecoResponsavel": null, "cepResponsavel": null, "escolaridade": null, "profissao": null, "numeroDependentes": null, "numeroPessoasCasa": null}'::jsonb,'{"codigoAluno": null, "inscricao": null, "censo": null, "beneficio": null, "nis": null, "pisResponsavel": null, "cpfOriginalAluno": "108.782.321-84", "cpfPersistidoNoCampoCpf": "108.782.321-84", "cpfDuplicadoNaPlanilha": false, "serie2024": null, "origemLinhaPlanilha": 341}'::jsonb,'[]'::jsonb,'{"usaTransporteEscolar": null, "nomeTransporte": null}'::jsonb,'{"turmaPlanilha": "II PERÍODO", "professoraPlanilha": null, "fonte": "DADOS PARA PLATAFORMA PEDAGÓGICA (1) (1).xlsx / Planilha1", "linhaPlanilha": 341, "raw": {"NOME": "RHUAN JACINTO DE SOUZA", "SEXO": "M", "NASC": "2020-09-08T00:00:00", "NACIONALIDADE": "BRASIL", "NATURALIDADE": "Brasilia", "UF": "DF", "CPF": "108.782.321-84", "RAÇA": "PARDA", "TURMA": "II PERÍODO"}}'::jsonb,TRUE,NOW(),NOW())
  ON CONFLICT (id) DO UPDATE SET "unitId"=v_unit_id, "firstName"=EXCLUDED."firstName", "lastName"=EXCLUDED."lastName", "dateOfBirth"=EXCLUDED."dateOfBirth", gender=EXCLUDED.gender, cpf=EXCLUDED.cpf, raca=EXCLUDED.raca, peso=EXCLUDED.peso, "bloodType"=EXCLUDED."bloodType", allergies=EXCLUDED.allergies, "medicalConditions"=EXCLUDED."medicalConditions", "usoImagem"=EXCLUDED."usoImagem", laudado=EXCLUDED.laudado, nis=EXCLUDED.nis, "codigoAluno"=EXCLUDED."codigoAluno", inscricao=EXCLUDED.inscricao, "nomeMae"=EXCLUDED."nomeMae", "nomePai"=EXCLUDED."nomePai", "celPai"=EXCLUDED."celPai", nacionalidade=EXCLUDED.nacionalidade, naturalidade=EXCLUDED.naturalidade, "ufNascimento"=EXCLUDED."ufNascimento", endereco=EXCLUDED.endereco, cep=EXCLUDED.cep, "dadosResponsaveis"=EXCLUDED."dadosResponsaveis", "documentosMatricula"=EXCLUDED."documentosMatricula", "autorizadosRetirada"=EXCLUDED."autorizadosRetirada", "transporteEscolar"=EXCLUDED."transporteEscolar", "fichaAdministrativa"=EXCLUDED."fichaAdministrativa", "isActive"=TRUE, "updatedAt"=NOW();
  INSERT INTO "Enrollment" (id,"childId","classroomId","enrollmentDate",status,"createdAt","updatedAt")
  VALUES ('seed_enr_' || 'seed_pelicano_child_row341_rhuan_jacinto_de_souza_seed_pelicano_class_pel_ii_periodo_sem_professora', 'seed_pelicano_child_row341_rhuan_jacinto_de_souza', 'seed_pelicano_class_pel_ii_periodo_sem_professora', '2026-02-01 12:00:00', 'ATIVA'::"EnrollmentStatus", NOW(), NOW())
  ON CONFLICT ("childId","classroomId") DO UPDATE SET status=EXCLUDED.status, "updatedAt"=NOW();
  -- Aluno: SAMUEL FERREIRA MOREIRA
  INSERT INTO "Child" (id,"mantenedoraId","unitId","firstName","lastName","dateOfBirth",gender,cpf,raca,peso,"bloodType",allergies,"medicalConditions","usoImagem",laudado,nis,"codigoAluno",inscricao,"nomeMae","nomePai","celPai",nacionalidade,naturalidade,"ufNascimento",endereco,cep,"dadosResponsaveis","documentosMatricula","autorizadosRetirada","transporteEscolar","fichaAdministrativa","isActive","createdAt","updatedAt")
  VALUES ('seed_pelicano_child_row342_samuel_ferreira_moreira',v_mantenedora_id,v_unit_id,'Samuel','Ferreira Moreira','2021-02-25 12:00:00','MASCULINO'::"Gender",'110.950.951-02','PARDA','A+',NULL,NULL,NULL,NULL,NULL,NULL,NULL,NULL,NULL,NULL,NULL,'BRASIL','Brasilia','DF','Cond Rocio DF 280 KM 7,5 CHACARA 45','72600000','{"mae": {"nome": null, "cpf": null, "telefone": null}, "pai": {"nome": null, "cpf": null, "telefone": null}, "responsavelPrincipal": {"nome": null, "cpf": null, "parentesco": null, "identidade": null, "orgaoExpedidor": null, "telefone": null}, "enderecoResponsavel": null, "cepResponsavel": null, "escolaridade": null, "profissao": null, "numeroDependentes": null, "numeroPessoasCasa": null}'::jsonb,'{"codigoAluno": null, "inscricao": null, "censo": null, "beneficio": null, "nis": null, "pisResponsavel": null, "cpfOriginalAluno": "110.950.951-02", "cpfPersistidoNoCampoCpf": "110.950.951-02", "cpfDuplicadoNaPlanilha": false, "serie2024": null, "origemLinhaPlanilha": 342}'::jsonb,'[]'::jsonb,'{"usaTransporteEscolar": null, "nomeTransporte": null}'::jsonb,'{"turmaPlanilha": "II PERÍODO", "professoraPlanilha": null, "fonte": "DADOS PARA PLATAFORMA PEDAGÓGICA (1) (1).xlsx / Planilha1", "linhaPlanilha": 342, "raw": {"NOME": "SAMUEL FERREIRA MOREIRA", "SEXO": "M", "NASC": "2021-02-25T00:00:00", "NACIONALIDADE": "BRASIL", "NATURALIDADE": "Brasilia", "UF": "DF", "CPF": "110.950.951-02", "RAÇA": "PARDA", "PESO": "A+", "ENDEREÇO": "Cond Rocio DF 280 KM 7,5 CHACARA 45", "CEP": "72600-000", "TURMA": "II PERÍODO"}}'::jsonb,TRUE,NOW(),NOW())
  ON CONFLICT (id) DO UPDATE SET "unitId"=v_unit_id, "firstName"=EXCLUDED."firstName", "lastName"=EXCLUDED."lastName", "dateOfBirth"=EXCLUDED."dateOfBirth", gender=EXCLUDED.gender, cpf=EXCLUDED.cpf, raca=EXCLUDED.raca, peso=EXCLUDED.peso, "bloodType"=EXCLUDED."bloodType", allergies=EXCLUDED.allergies, "medicalConditions"=EXCLUDED."medicalConditions", "usoImagem"=EXCLUDED."usoImagem", laudado=EXCLUDED.laudado, nis=EXCLUDED.nis, "codigoAluno"=EXCLUDED."codigoAluno", inscricao=EXCLUDED.inscricao, "nomeMae"=EXCLUDED."nomeMae", "nomePai"=EXCLUDED."nomePai", "celPai"=EXCLUDED."celPai", nacionalidade=EXCLUDED.nacionalidade, naturalidade=EXCLUDED.naturalidade, "ufNascimento"=EXCLUDED."ufNascimento", endereco=EXCLUDED.endereco, cep=EXCLUDED.cep, "dadosResponsaveis"=EXCLUDED."dadosResponsaveis", "documentosMatricula"=EXCLUDED."documentosMatricula", "autorizadosRetirada"=EXCLUDED."autorizadosRetirada", "transporteEscolar"=EXCLUDED."transporteEscolar", "fichaAdministrativa"=EXCLUDED."fichaAdministrativa", "isActive"=TRUE, "updatedAt"=NOW();
  INSERT INTO "Enrollment" (id,"childId","classroomId","enrollmentDate",status,"createdAt","updatedAt")
  VALUES ('seed_enr_' || 'seed_pelicano_child_row342_samuel_ferreira_moreira_seed_pelicano_class_pel_ii_periodo_sem_professora', 'seed_pelicano_child_row342_samuel_ferreira_moreira', 'seed_pelicano_class_pel_ii_periodo_sem_professora', '2026-02-01 12:00:00', 'ATIVA'::"EnrollmentStatus", NOW(), NOW())
  ON CONFLICT ("childId","classroomId") DO UPDATE SET status=EXCLUDED.status, "updatedAt"=NOW();
  -- Aluno: SARAH ADRIELY DOS SANTOS RODRIGUES
  INSERT INTO "Child" (id,"mantenedoraId","unitId","firstName","lastName","dateOfBirth",gender,cpf,raca,peso,"bloodType",allergies,"medicalConditions","usoImagem",laudado,nis,"codigoAluno",inscricao,"nomeMae","nomePai","celPai",nacionalidade,naturalidade,"ufNascimento",endereco,cep,"dadosResponsaveis","documentosMatricula","autorizadosRetirada","transporteEscolar","fichaAdministrativa","isActive","createdAt","updatedAt")
  VALUES ('seed_pelicano_child_row343_sarah_adriely_dos_santos_rodrigues',v_mantenedora_id,v_unit_id,'Sarah','Adriely Dos Santos Rodrigues','2020-04-24 12:00:00','FEMININO'::"Gender",NULL,'PARDA',NULL,NULL,NULL,NULL,NULL,NULL,NULL,NULL,NULL,NULL,NULL,NULL,'BRASIL','Brasilia','DF',NULL,NULL,'{"mae": {"nome": null, "cpf": null, "telefone": null}, "pai": {"nome": null, "cpf": null, "telefone": null}, "responsavelPrincipal": {"nome": null, "cpf": null, "parentesco": null, "identidade": null, "orgaoExpedidor": null, "telefone": null}, "enderecoResponsavel": null, "cepResponsavel": null, "escolaridade": null, "profissao": null, "numeroDependentes": null, "numeroPessoasCasa": null}'::jsonb,'{"codigoAluno": null, "inscricao": null, "censo": null, "beneficio": null, "nis": null, "pisResponsavel": null, "cpfOriginalAluno": null, "cpfPersistidoNoCampoCpf": null, "cpfDuplicadoNaPlanilha": false, "serie2024": null, "origemLinhaPlanilha": 343}'::jsonb,'[]'::jsonb,'{"usaTransporteEscolar": null, "nomeTransporte": null}'::jsonb,'{"turmaPlanilha": "II PERÍODO", "professoraPlanilha": null, "fonte": "DADOS PARA PLATAFORMA PEDAGÓGICA (1) (1).xlsx / Planilha1", "linhaPlanilha": 343, "raw": {"NOME": "SARAH ADRIELY DOS SANTOS RODRIGUES", "SEXO": "F", "NASC": "2020-04-24T00:00:00", "NACIONALIDADE": "BRASIL", "NATURALIDADE": "Brasilia", "UF": "DF", "RAÇA": "PARDA", "TURMA": "II PERÍODO"}}'::jsonb,TRUE,NOW(),NOW())
  ON CONFLICT (id) DO UPDATE SET "unitId"=v_unit_id, "firstName"=EXCLUDED."firstName", "lastName"=EXCLUDED."lastName", "dateOfBirth"=EXCLUDED."dateOfBirth", gender=EXCLUDED.gender, cpf=EXCLUDED.cpf, raca=EXCLUDED.raca, peso=EXCLUDED.peso, "bloodType"=EXCLUDED."bloodType", allergies=EXCLUDED.allergies, "medicalConditions"=EXCLUDED."medicalConditions", "usoImagem"=EXCLUDED."usoImagem", laudado=EXCLUDED.laudado, nis=EXCLUDED.nis, "codigoAluno"=EXCLUDED."codigoAluno", inscricao=EXCLUDED.inscricao, "nomeMae"=EXCLUDED."nomeMae", "nomePai"=EXCLUDED."nomePai", "celPai"=EXCLUDED."celPai", nacionalidade=EXCLUDED.nacionalidade, naturalidade=EXCLUDED.naturalidade, "ufNascimento"=EXCLUDED."ufNascimento", endereco=EXCLUDED.endereco, cep=EXCLUDED.cep, "dadosResponsaveis"=EXCLUDED."dadosResponsaveis", "documentosMatricula"=EXCLUDED."documentosMatricula", "autorizadosRetirada"=EXCLUDED."autorizadosRetirada", "transporteEscolar"=EXCLUDED."transporteEscolar", "fichaAdministrativa"=EXCLUDED."fichaAdministrativa", "isActive"=TRUE, "updatedAt"=NOW();
  INSERT INTO "Enrollment" (id,"childId","classroomId","enrollmentDate",status,"createdAt","updatedAt")
  VALUES ('seed_enr_' || 'seed_pelicano_child_row343_sarah_adriely_dos_santos_rodrigues_seed_pelicano_class_pel_ii_periodo_sem', 'seed_pelicano_child_row343_sarah_adriely_dos_santos_rodrigues', 'seed_pelicano_class_pel_ii_periodo_sem_professora', '2026-02-01 12:00:00', 'ATIVA'::"EnrollmentStatus", NOW(), NOW())
  ON CONFLICT ("childId","classroomId") DO UPDATE SET status=EXCLUDED.status, "updatedAt"=NOW();
  -- Aluno: SOFHYA ALBUQUERQUE ALVES
  INSERT INTO "Child" (id,"mantenedoraId","unitId","firstName","lastName","dateOfBirth",gender,cpf,raca,peso,"bloodType",allergies,"medicalConditions","usoImagem",laudado,nis,"codigoAluno",inscricao,"nomeMae","nomePai","celPai",nacionalidade,naturalidade,"ufNascimento",endereco,cep,"dadosResponsaveis","documentosMatricula","autorizadosRetirada","transporteEscolar","fichaAdministrativa","isActive","createdAt","updatedAt")
  VALUES ('seed_pelicano_child_row344_sofhya_albuquerque_alves',v_mantenedora_id,v_unit_id,'Sofhya','Albuquerque Alves','2021-01-24 12:00:00','FEMININO'::"Gender",'110.408.971-85','PARDA',NULL,NULL,NULL,NULL,NULL,NULL,NULL,NULL,NULL,NULL,NULL,NULL,'BRASIL','Brasilia','DF',NULL,NULL,'{"mae": {"nome": null, "cpf": null, "telefone": null}, "pai": {"nome": null, "cpf": null, "telefone": null}, "responsavelPrincipal": {"nome": null, "cpf": null, "parentesco": null, "identidade": null, "orgaoExpedidor": null, "telefone": null}, "enderecoResponsavel": null, "cepResponsavel": null, "escolaridade": null, "profissao": null, "numeroDependentes": null, "numeroPessoasCasa": null}'::jsonb,'{"codigoAluno": null, "inscricao": null, "censo": null, "beneficio": null, "nis": null, "pisResponsavel": null, "cpfOriginalAluno": "110.408.971-85", "cpfPersistidoNoCampoCpf": "110.408.971-85", "cpfDuplicadoNaPlanilha": false, "serie2024": null, "origemLinhaPlanilha": 344}'::jsonb,'[]'::jsonb,'{"usaTransporteEscolar": null, "nomeTransporte": null}'::jsonb,'{"turmaPlanilha": "II PERÍODO", "professoraPlanilha": null, "fonte": "DADOS PARA PLATAFORMA PEDAGÓGICA (1) (1).xlsx / Planilha1", "linhaPlanilha": 344, "raw": {"NOME": "SOFHYA ALBUQUERQUE ALVES", "SEXO": "F", "NASC": "2021-01-24T00:00:00", "NACIONALIDADE": "BRASIL", "NATURALIDADE": "Brasilia", "UF": "DF", "CPF": "110.408.971-85", "RAÇA": "PARDA", "TURMA": "II PERÍODO"}}'::jsonb,TRUE,NOW(),NOW())
  ON CONFLICT (id) DO UPDATE SET "unitId"=v_unit_id, "firstName"=EXCLUDED."firstName", "lastName"=EXCLUDED."lastName", "dateOfBirth"=EXCLUDED."dateOfBirth", gender=EXCLUDED.gender, cpf=EXCLUDED.cpf, raca=EXCLUDED.raca, peso=EXCLUDED.peso, "bloodType"=EXCLUDED."bloodType", allergies=EXCLUDED.allergies, "medicalConditions"=EXCLUDED."medicalConditions", "usoImagem"=EXCLUDED."usoImagem", laudado=EXCLUDED.laudado, nis=EXCLUDED.nis, "codigoAluno"=EXCLUDED."codigoAluno", inscricao=EXCLUDED.inscricao, "nomeMae"=EXCLUDED."nomeMae", "nomePai"=EXCLUDED."nomePai", "celPai"=EXCLUDED."celPai", nacionalidade=EXCLUDED.nacionalidade, naturalidade=EXCLUDED.naturalidade, "ufNascimento"=EXCLUDED."ufNascimento", endereco=EXCLUDED.endereco, cep=EXCLUDED.cep, "dadosResponsaveis"=EXCLUDED."dadosResponsaveis", "documentosMatricula"=EXCLUDED."documentosMatricula", "autorizadosRetirada"=EXCLUDED."autorizadosRetirada", "transporteEscolar"=EXCLUDED."transporteEscolar", "fichaAdministrativa"=EXCLUDED."fichaAdministrativa", "isActive"=TRUE, "updatedAt"=NOW();
  INSERT INTO "Enrollment" (id,"childId","classroomId","enrollmentDate",status,"createdAt","updatedAt")
  VALUES ('seed_enr_' || 'seed_pelicano_child_row344_sofhya_albuquerque_alves_seed_pelicano_class_pel_ii_periodo_sem_professor', 'seed_pelicano_child_row344_sofhya_albuquerque_alves', 'seed_pelicano_class_pel_ii_periodo_sem_professora', '2026-02-01 12:00:00', 'ATIVA'::"EnrollmentStatus", NOW(), NOW())
  ON CONFLICT ("childId","classroomId") DO UPDATE SET status=EXCLUDED.status, "updatedAt"=NOW();
  -- Aluno: THEO MACIEL FONSECA BARRETO
  INSERT INTO "Child" (id,"mantenedoraId","unitId","firstName","lastName","dateOfBirth",gender,cpf,raca,peso,"bloodType",allergies,"medicalConditions","usoImagem",laudado,nis,"codigoAluno",inscricao,"nomeMae","nomePai","celPai",nacionalidade,naturalidade,"ufNascimento",endereco,cep,"dadosResponsaveis","documentosMatricula","autorizadosRetirada","transporteEscolar","fichaAdministrativa","isActive","createdAt","updatedAt")
  VALUES ('seed_pelicano_child_row345_theo_maciel_fonseca_barreto',v_mantenedora_id,v_unit_id,'Theo','Maciel Fonseca Barreto','2020-04-07 12:00:00','MASCULINO'::"Gender",NULL,'PARDA',NULL,NULL,NULL,NULL,NULL,NULL,NULL,NULL,NULL,NULL,NULL,NULL,'BRASIL','Brasilia','DF',NULL,NULL,'{"mae": {"nome": null, "cpf": null, "telefone": null}, "pai": {"nome": null, "cpf": null, "telefone": null}, "responsavelPrincipal": {"nome": null, "cpf": null, "parentesco": null, "identidade": null, "orgaoExpedidor": null, "telefone": null}, "enderecoResponsavel": null, "cepResponsavel": null, "escolaridade": null, "profissao": null, "numeroDependentes": null, "numeroPessoasCasa": null}'::jsonb,'{"codigoAluno": null, "inscricao": null, "censo": null, "beneficio": null, "nis": null, "pisResponsavel": null, "cpfOriginalAluno": null, "cpfPersistidoNoCampoCpf": null, "cpfDuplicadoNaPlanilha": false, "serie2024": null, "origemLinhaPlanilha": 345}'::jsonb,'[]'::jsonb,'{"usaTransporteEscolar": null, "nomeTransporte": null}'::jsonb,'{"turmaPlanilha": "II PERÍODO", "professoraPlanilha": null, "fonte": "DADOS PARA PLATAFORMA PEDAGÓGICA (1) (1).xlsx / Planilha1", "linhaPlanilha": 345, "raw": {"NOME": "THEO MACIEL FONSECA BARRETO", "SEXO": "M", "NASC": "2020-04-07T00:00:00", "NACIONALIDADE": "BRASIL", "NATURALIDADE": "Brasilia", "UF": "DF", "RAÇA": "PARDA", "TURMA": "II PERÍODO"}}'::jsonb,TRUE,NOW(),NOW())
  ON CONFLICT (id) DO UPDATE SET "unitId"=v_unit_id, "firstName"=EXCLUDED."firstName", "lastName"=EXCLUDED."lastName", "dateOfBirth"=EXCLUDED."dateOfBirth", gender=EXCLUDED.gender, cpf=EXCLUDED.cpf, raca=EXCLUDED.raca, peso=EXCLUDED.peso, "bloodType"=EXCLUDED."bloodType", allergies=EXCLUDED.allergies, "medicalConditions"=EXCLUDED."medicalConditions", "usoImagem"=EXCLUDED."usoImagem", laudado=EXCLUDED.laudado, nis=EXCLUDED.nis, "codigoAluno"=EXCLUDED."codigoAluno", inscricao=EXCLUDED.inscricao, "nomeMae"=EXCLUDED."nomeMae", "nomePai"=EXCLUDED."nomePai", "celPai"=EXCLUDED."celPai", nacionalidade=EXCLUDED.nacionalidade, naturalidade=EXCLUDED.naturalidade, "ufNascimento"=EXCLUDED."ufNascimento", endereco=EXCLUDED.endereco, cep=EXCLUDED.cep, "dadosResponsaveis"=EXCLUDED."dadosResponsaveis", "documentosMatricula"=EXCLUDED."documentosMatricula", "autorizadosRetirada"=EXCLUDED."autorizadosRetirada", "transporteEscolar"=EXCLUDED."transporteEscolar", "fichaAdministrativa"=EXCLUDED."fichaAdministrativa", "isActive"=TRUE, "updatedAt"=NOW();
  INSERT INTO "Enrollment" (id,"childId","classroomId","enrollmentDate",status,"createdAt","updatedAt")
  VALUES ('seed_enr_' || 'seed_pelicano_child_row345_theo_maciel_fonseca_barreto_seed_pelicano_class_pel_ii_periodo_sem_profes', 'seed_pelicano_child_row345_theo_maciel_fonseca_barreto', 'seed_pelicano_class_pel_ii_periodo_sem_professora', '2026-02-01 12:00:00', 'ATIVA'::"EnrollmentStatus", NOW(), NOW())
  ON CONFLICT ("childId","classroomId") DO UPDATE SET status=EXCLUDED.status, "updatedAt"=NOW();
  -- Aluno: THEO SOUSA PRADO
  INSERT INTO "Child" (id,"mantenedoraId","unitId","firstName","lastName","dateOfBirth",gender,cpf,raca,peso,"bloodType",allergies,"medicalConditions","usoImagem",laudado,nis,"codigoAluno",inscricao,"nomeMae","nomePai","celPai",nacionalidade,naturalidade,"ufNascimento",endereco,cep,"dadosResponsaveis","documentosMatricula","autorizadosRetirada","transporteEscolar","fichaAdministrativa","isActive","createdAt","updatedAt")
  VALUES ('seed_pelicano_child_row346_theo_sousa_prado',v_mantenedora_id,v_unit_id,'Theo','Sousa Prado','2020-11-23 12:00:00','MASCULINO'::"Gender",'109.646.361-07','PARDA','20kg','A+',NULL,NULL,NULL,NULL,NULL,NULL,NULL,NULL,NULL,NULL,'BRASIL','Brasilia','DF',NULL,NULL,'{"mae": {"nome": null, "cpf": null, "telefone": null}, "pai": {"nome": null, "cpf": null, "telefone": null}, "responsavelPrincipal": {"nome": null, "cpf": null, "parentesco": null, "identidade": null, "orgaoExpedidor": null, "telefone": null}, "enderecoResponsavel": null, "cepResponsavel": null, "escolaridade": null, "profissao": null, "numeroDependentes": null, "numeroPessoasCasa": null}'::jsonb,'{"codigoAluno": null, "inscricao": null, "censo": null, "beneficio": null, "nis": null, "pisResponsavel": null, "cpfOriginalAluno": "109.646.361-07", "cpfPersistidoNoCampoCpf": "109.646.361-07", "cpfDuplicadoNaPlanilha": false, "serie2024": null, "origemLinhaPlanilha": 346}'::jsonb,'[]'::jsonb,'{"usaTransporteEscolar": null, "nomeTransporte": null}'::jsonb,'{"turmaPlanilha": "II PERÍODO", "professoraPlanilha": null, "fonte": "DADOS PARA PLATAFORMA PEDAGÓGICA (1) (1).xlsx / Planilha1", "linhaPlanilha": 346, "raw": {"NOME": "THEO SOUSA PRADO", "SEXO": "M", "NASC": "2020-11-23T00:00:00", "NACIONALIDADE": "BRASIL", "NATURALIDADE": "Brasilia", "UF": "DF", "CPF": "10964636107", "RAÇA": "PARDA", "PESO": "20kg", "TIPAGEM SANGUINEA": "A+", "TURMA": "II PERÍODO"}}'::jsonb,TRUE,NOW(),NOW())
  ON CONFLICT (id) DO UPDATE SET "unitId"=v_unit_id, "firstName"=EXCLUDED."firstName", "lastName"=EXCLUDED."lastName", "dateOfBirth"=EXCLUDED."dateOfBirth", gender=EXCLUDED.gender, cpf=EXCLUDED.cpf, raca=EXCLUDED.raca, peso=EXCLUDED.peso, "bloodType"=EXCLUDED."bloodType", allergies=EXCLUDED.allergies, "medicalConditions"=EXCLUDED."medicalConditions", "usoImagem"=EXCLUDED."usoImagem", laudado=EXCLUDED.laudado, nis=EXCLUDED.nis, "codigoAluno"=EXCLUDED."codigoAluno", inscricao=EXCLUDED.inscricao, "nomeMae"=EXCLUDED."nomeMae", "nomePai"=EXCLUDED."nomePai", "celPai"=EXCLUDED."celPai", nacionalidade=EXCLUDED.nacionalidade, naturalidade=EXCLUDED.naturalidade, "ufNascimento"=EXCLUDED."ufNascimento", endereco=EXCLUDED.endereco, cep=EXCLUDED.cep, "dadosResponsaveis"=EXCLUDED."dadosResponsaveis", "documentosMatricula"=EXCLUDED."documentosMatricula", "autorizadosRetirada"=EXCLUDED."autorizadosRetirada", "transporteEscolar"=EXCLUDED."transporteEscolar", "fichaAdministrativa"=EXCLUDED."fichaAdministrativa", "isActive"=TRUE, "updatedAt"=NOW();
  INSERT INTO "Enrollment" (id,"childId","classroomId","enrollmentDate",status,"createdAt","updatedAt")
  VALUES ('seed_enr_' || 'seed_pelicano_child_row346_theo_sousa_prado_seed_pelicano_class_pel_ii_periodo_sem_professora', 'seed_pelicano_child_row346_theo_sousa_prado', 'seed_pelicano_class_pel_ii_periodo_sem_professora', '2026-02-01 12:00:00', 'ATIVA'::"EnrollmentStatus", NOW(), NOW())
  ON CONFLICT ("childId","classroomId") DO UPDATE SET status=EXCLUDED.status, "updatedAt"=NOW();
  -- Aluno: VALENTINA COSTA FONTOURA
  INSERT INTO "Child" (id,"mantenedoraId","unitId","firstName","lastName","dateOfBirth",gender,cpf,raca,peso,"bloodType",allergies,"medicalConditions","usoImagem",laudado,nis,"codigoAluno",inscricao,"nomeMae","nomePai","celPai",nacionalidade,naturalidade,"ufNascimento",endereco,cep,"dadosResponsaveis","documentosMatricula","autorizadosRetirada","transporteEscolar","fichaAdministrativa","isActive","createdAt","updatedAt")
  VALUES ('seed_pelicano_child_row347_valentina_costa_fontoura',v_mantenedora_id,v_unit_id,'Valentina','Costa Fontoura','2021-02-14 12:00:00','FEMININO'::"Gender",'110.669.991-20','PARDA',NULL,NULL,NULL,NULL,NULL,NULL,NULL,NULL,NULL,NULL,NULL,NULL,'BRASIL','Brasilia','DF',NULL,NULL,'{"mae": {"nome": null, "cpf": null, "telefone": null}, "pai": {"nome": null, "cpf": null, "telefone": null}, "responsavelPrincipal": {"nome": null, "cpf": null, "parentesco": null, "identidade": null, "orgaoExpedidor": null, "telefone": null}, "enderecoResponsavel": null, "cepResponsavel": null, "escolaridade": null, "profissao": null, "numeroDependentes": null, "numeroPessoasCasa": null}'::jsonb,'{"codigoAluno": null, "inscricao": null, "censo": null, "beneficio": null, "nis": null, "pisResponsavel": null, "cpfOriginalAluno": "110.669.991-20", "cpfPersistidoNoCampoCpf": "110.669.991-20", "cpfDuplicadoNaPlanilha": false, "serie2024": null, "origemLinhaPlanilha": 347}'::jsonb,'[]'::jsonb,'{"usaTransporteEscolar": null, "nomeTransporte": null}'::jsonb,'{"turmaPlanilha": "II PERÍODO", "professoraPlanilha": null, "fonte": "DADOS PARA PLATAFORMA PEDAGÓGICA (1) (1).xlsx / Planilha1", "linhaPlanilha": 347, "raw": {"NOME": "VALENTINA COSTA FONTOURA", "SEXO": "F", "NASC": "2021-02-14T00:00:00", "NACIONALIDADE": "BRASIL", "NATURALIDADE": "Brasilia", "UF": "DF", "CPF": "11066999120", "RAÇA": "PARDA", "TURMA": "II PERÍODO"}}'::jsonb,TRUE,NOW(),NOW())
  ON CONFLICT (id) DO UPDATE SET "unitId"=v_unit_id, "firstName"=EXCLUDED."firstName", "lastName"=EXCLUDED."lastName", "dateOfBirth"=EXCLUDED."dateOfBirth", gender=EXCLUDED.gender, cpf=EXCLUDED.cpf, raca=EXCLUDED.raca, peso=EXCLUDED.peso, "bloodType"=EXCLUDED."bloodType", allergies=EXCLUDED.allergies, "medicalConditions"=EXCLUDED."medicalConditions", "usoImagem"=EXCLUDED."usoImagem", laudado=EXCLUDED.laudado, nis=EXCLUDED.nis, "codigoAluno"=EXCLUDED."codigoAluno", inscricao=EXCLUDED.inscricao, "nomeMae"=EXCLUDED."nomeMae", "nomePai"=EXCLUDED."nomePai", "celPai"=EXCLUDED."celPai", nacionalidade=EXCLUDED.nacionalidade, naturalidade=EXCLUDED.naturalidade, "ufNascimento"=EXCLUDED."ufNascimento", endereco=EXCLUDED.endereco, cep=EXCLUDED.cep, "dadosResponsaveis"=EXCLUDED."dadosResponsaveis", "documentosMatricula"=EXCLUDED."documentosMatricula", "autorizadosRetirada"=EXCLUDED."autorizadosRetirada", "transporteEscolar"=EXCLUDED."transporteEscolar", "fichaAdministrativa"=EXCLUDED."fichaAdministrativa", "isActive"=TRUE, "updatedAt"=NOW();
  INSERT INTO "Enrollment" (id,"childId","classroomId","enrollmentDate",status,"createdAt","updatedAt")
  VALUES ('seed_enr_' || 'seed_pelicano_child_row347_valentina_costa_fontoura_seed_pelicano_class_pel_ii_periodo_sem_professor', 'seed_pelicano_child_row347_valentina_costa_fontoura', 'seed_pelicano_class_pel_ii_periodo_sem_professora', '2026-02-01 12:00:00', 'ATIVA'::"EnrollmentStatus", NOW(), NOW())
  ON CONFLICT ("childId","classroomId") DO UPDATE SET status=EXCLUDED.status, "updatedAt"=NOW();
  -- Aluno: VICTORIA VALENTINA LEAO LIMA
  INSERT INTO "Child" (id,"mantenedoraId","unitId","firstName","lastName","dateOfBirth",gender,cpf,raca,peso,"bloodType",allergies,"medicalConditions","usoImagem",laudado,nis,"codigoAluno",inscricao,"nomeMae","nomePai","celPai",nacionalidade,naturalidade,"ufNascimento",endereco,cep,"dadosResponsaveis","documentosMatricula","autorizadosRetirada","transporteEscolar","fichaAdministrativa","isActive","createdAt","updatedAt")
  VALUES ('seed_pelicano_child_1149984_victoria_valentina_leao_lima',v_mantenedora_id,v_unit_id,'Victoria','Valentina Leao Lima','2020-08-16 12:00:00','FEMININO'::"Gender",'108.537.381-90','PARDA',NULL,NULL,NULL,NULL,NULL,NULL,NULL,'1149984','199808',NULL,NULL,NULL,'BRASIL','Brasilia','DF',NULL,NULL,'{"mae": {"nome": null, "cpf": null, "telefone": null}, "pai": {"nome": null, "cpf": null, "telefone": null}, "responsavelPrincipal": {"nome": null, "cpf": null, "parentesco": null, "identidade": null, "orgaoExpedidor": null, "telefone": null}, "enderecoResponsavel": null, "cepResponsavel": null, "escolaridade": null, "profissao": null, "numeroDependentes": null, "numeroPessoasCasa": null}'::jsonb,'{"codigoAluno": "1149984", "inscricao": "199808", "censo": null, "beneficio": null, "nis": null, "pisResponsavel": null, "cpfOriginalAluno": "108.537.381-90", "cpfPersistidoNoCampoCpf": "108.537.381-90", "cpfDuplicadoNaPlanilha": false, "serie2024": null, "origemLinhaPlanilha": 348}'::jsonb,'[]'::jsonb,'{"usaTransporteEscolar": null, "nomeTransporte": null}'::jsonb,'{"turmaPlanilha": "II PERÍODO", "professoraPlanilha": null, "fonte": "DADOS PARA PLATAFORMA PEDAGÓGICA (1) (1).xlsx / Planilha1", "linhaPlanilha": 348, "raw": {"COD. ALUNO": "1149984", "INSCRIÇÃO": "199808", "NOME": "VICTORIA VALENTINA LEAO LIMA", "SEXO": "F", "NASC": "2020-08-16T00:00:00", "NACIONALIDADE": "BRASIL", "NATURALIDADE": "Brasilia", "UF": "DF", "CPF": "10853738190", "RAÇA": "PARDA", "TURMA": "II PERÍODO"}}'::jsonb,TRUE,NOW(),NOW())
  ON CONFLICT (id) DO UPDATE SET "unitId"=v_unit_id, "firstName"=EXCLUDED."firstName", "lastName"=EXCLUDED."lastName", "dateOfBirth"=EXCLUDED."dateOfBirth", gender=EXCLUDED.gender, cpf=EXCLUDED.cpf, raca=EXCLUDED.raca, peso=EXCLUDED.peso, "bloodType"=EXCLUDED."bloodType", allergies=EXCLUDED.allergies, "medicalConditions"=EXCLUDED."medicalConditions", "usoImagem"=EXCLUDED."usoImagem", laudado=EXCLUDED.laudado, nis=EXCLUDED.nis, "codigoAluno"=EXCLUDED."codigoAluno", inscricao=EXCLUDED.inscricao, "nomeMae"=EXCLUDED."nomeMae", "nomePai"=EXCLUDED."nomePai", "celPai"=EXCLUDED."celPai", nacionalidade=EXCLUDED.nacionalidade, naturalidade=EXCLUDED.naturalidade, "ufNascimento"=EXCLUDED."ufNascimento", endereco=EXCLUDED.endereco, cep=EXCLUDED.cep, "dadosResponsaveis"=EXCLUDED."dadosResponsaveis", "documentosMatricula"=EXCLUDED."documentosMatricula", "autorizadosRetirada"=EXCLUDED."autorizadosRetirada", "transporteEscolar"=EXCLUDED."transporteEscolar", "fichaAdministrativa"=EXCLUDED."fichaAdministrativa", "isActive"=TRUE, "updatedAt"=NOW();
  INSERT INTO "Enrollment" (id,"childId","classroomId","enrollmentDate",status,"createdAt","updatedAt")
  VALUES ('seed_enr_' || 'seed_pelicano_child_1149984_victoria_valentina_leao_lima_seed_pelicano_class_pel_ii_periodo_sem_prof', 'seed_pelicano_child_1149984_victoria_valentina_leao_lima', 'seed_pelicano_class_pel_ii_periodo_sem_professora', '2026-02-01 12:00:00', 'ATIVA'::"EnrollmentStatus", NOW(), NOW())
  ON CONFLICT ("childId","classroomId") DO UPDATE SET status=EXCLUDED.status, "updatedAt"=NOW();
  -- Aluno: YASMIN DE SOUSA BATISTA
  INSERT INTO "Child" (id,"mantenedoraId","unitId","firstName","lastName","dateOfBirth",gender,cpf,raca,peso,"bloodType",allergies,"medicalConditions","usoImagem",laudado,nis,"codigoAluno",inscricao,"nomeMae","nomePai","celPai",nacionalidade,naturalidade,"ufNascimento",endereco,cep,"dadosResponsaveis","documentosMatricula","autorizadosRetirada","transporteEscolar","fichaAdministrativa","isActive","createdAt","updatedAt")
  VALUES ('seed_pelicano_child_1149127_yasmin_de_sousa_batista',v_mantenedora_id,v_unit_id,'Yasmin','De Sousa Batista','2020-06-16 12:00:00','FEMININO'::"Gender",'107.879.021-36','PARDA',NULL,NULL,NULL,NULL,NULL,NULL,NULL,'1149127','198991',NULL,NULL,NULL,'BRASIL','Brasilia','DF',NULL,NULL,'{"mae": {"nome": null, "cpf": null, "telefone": null}, "pai": {"nome": null, "cpf": null, "telefone": null}, "responsavelPrincipal": {"nome": null, "cpf": null, "parentesco": null, "identidade": null, "orgaoExpedidor": null, "telefone": null}, "enderecoResponsavel": null, "cepResponsavel": null, "escolaridade": null, "profissao": null, "numeroDependentes": null, "numeroPessoasCasa": null}'::jsonb,'{"codigoAluno": "1149127", "inscricao": "198991", "censo": null, "beneficio": null, "nis": null, "pisResponsavel": null, "cpfOriginalAluno": "107.879.021-36", "cpfPersistidoNoCampoCpf": "107.879.021-36", "cpfDuplicadoNaPlanilha": false, "serie2024": null, "origemLinhaPlanilha": 349}'::jsonb,'[]'::jsonb,'{"usaTransporteEscolar": null, "nomeTransporte": null}'::jsonb,'{"turmaPlanilha": "II PERÍODO", "professoraPlanilha": null, "fonte": "DADOS PARA PLATAFORMA PEDAGÓGICA (1) (1).xlsx / Planilha1", "linhaPlanilha": 349, "raw": {"COD. ALUNO": "1149127", "INSCRIÇÃO": "198991", "NOME": "YASMIN DE SOUSA BATISTA", "SEXO": "F", "NASC": "2020-06-16T00:00:00", "NACIONALIDADE": "BRASIL", "NATURALIDADE": "Brasilia", "UF": "DF", "CPF": "107.879.021-36", "RAÇA": "PARDA", "TURMA": "II PERÍODO"}}'::jsonb,TRUE,NOW(),NOW())
  ON CONFLICT (id) DO UPDATE SET "unitId"=v_unit_id, "firstName"=EXCLUDED."firstName", "lastName"=EXCLUDED."lastName", "dateOfBirth"=EXCLUDED."dateOfBirth", gender=EXCLUDED.gender, cpf=EXCLUDED.cpf, raca=EXCLUDED.raca, peso=EXCLUDED.peso, "bloodType"=EXCLUDED."bloodType", allergies=EXCLUDED.allergies, "medicalConditions"=EXCLUDED."medicalConditions", "usoImagem"=EXCLUDED."usoImagem", laudado=EXCLUDED.laudado, nis=EXCLUDED.nis, "codigoAluno"=EXCLUDED."codigoAluno", inscricao=EXCLUDED.inscricao, "nomeMae"=EXCLUDED."nomeMae", "nomePai"=EXCLUDED."nomePai", "celPai"=EXCLUDED."celPai", nacionalidade=EXCLUDED.nacionalidade, naturalidade=EXCLUDED.naturalidade, "ufNascimento"=EXCLUDED."ufNascimento", endereco=EXCLUDED.endereco, cep=EXCLUDED.cep, "dadosResponsaveis"=EXCLUDED."dadosResponsaveis", "documentosMatricula"=EXCLUDED."documentosMatricula", "autorizadosRetirada"=EXCLUDED."autorizadosRetirada", "transporteEscolar"=EXCLUDED."transporteEscolar", "fichaAdministrativa"=EXCLUDED."fichaAdministrativa", "isActive"=TRUE, "updatedAt"=NOW();
  INSERT INTO "Enrollment" (id,"childId","classroomId","enrollmentDate",status,"createdAt","updatedAt")
  VALUES ('seed_enr_' || 'seed_pelicano_child_1149127_yasmin_de_sousa_batista_seed_pelicano_class_pel_ii_periodo_sem_professor', 'seed_pelicano_child_1149127_yasmin_de_sousa_batista', 'seed_pelicano_class_pel_ii_periodo_sem_professora', '2026-02-01 12:00:00', 'ATIVA'::"EnrollmentStatus", NOW(), NOW())
  ON CONFLICT ("childId","classroomId") DO UPDATE SET status=EXCLUDED.status, "updatedAt"=NOW();

  RAISE NOTICE 'Seed CEPI Pelicano concluído: % alunos, % profissionais, % turmas.', 348, 23, 14;
END $$;
COMMIT;

-- Conferência rápida
SELECT 'Unidade Pelicano' AS item, COUNT(*) AS total FROM "Unit" WHERE code='PELICANO';
SELECT 'Profissionais Pelicano' AS item, COUNT(*) AS total FROM "User" WHERE "unitId"=(SELECT id FROM "Unit" WHERE code='PELICANO' LIMIT 1);
SELECT 'Alunos Pelicano' AS item, COUNT(*) AS total FROM "Child" WHERE "unitId"=(SELECT id FROM "Unit" WHERE code='PELICANO' LIMIT 1);
SELECT c.name AS turma, COUNT(e.id) AS matriculas FROM "Classroom" c LEFT JOIN "Enrollment" e ON e."classroomId"=c.id AND e.status='ATIVA' WHERE c."unitId"=(SELECT id FROM "Unit" WHERE code='PELICANO' LIMIT 1) GROUP BY c.name ORDER BY c.name;